bearing,file,h_rms,h_kurtosis,h_skewness,h_p2p,h_shape_factor,h_spectral_centroid,h_fft_band_energy_ratio_0,h_fft_band_energy_ratio_1,h_fft_band_energy_ratio_2,h_fft_band_energy_ratio_3,h_fft_band_energy_ratio_4,h_fft_band_energy_ratio_5,h_fft_band_energy_ratio_6,h_fft_band_energy_ratio_7,h_wpt_energy_ratio_0,h_wpt_energy_ratio_1,h_wpt_energy_ratio_2,h_wpt_energy_ratio_3,h_wpt_energy_ratio_4,h_wpt_energy_ratio_5,h_wpt_energy_ratio_6,h_wpt_energy_ratio_7,v_rms,v_kurtosis,v_skewness,v_p2p,v_shape_factor,v_spectral_centroid,v_fft_band_energy_ratio_0,v_fft_band_energy_ratio_1,v_fft_band_energy_ratio_2,v_fft_band_energy_ratio_3,v_fft_band_energy_ratio_4,v_fft_band_energy_ratio_5,v_fft_band_energy_ratio_6,v_fft_band_energy_ratio_7,v_wpt_energy_ratio_0,v_wpt_energy_ratio_1,v_wpt_energy_ratio_2,v_wpt_energy_ratio_3,v_wpt_energy_ratio_4,v_wpt_energy_ratio_5,v_wpt_energy_ratio_6,v_wpt_energy_ratio_7,temperature
Bearing2_1,acc_00001.csv,-0.04706587653853759,-0.2309425193500408,0.41318546087855546,-0.3178176098816844,-0.6504598638825462,-0.6412329255137162,-1.1523000916867538,-0.9972907425824405,4.661041782848275,-0.7991311028348712,-0.6299702753241109,-0.6527020927189571,-0.7183146625347981,-0.7276748062981401,-1.1298874853410699,-0.19395832814324512,4.7393037162353995,-0.5790904159737704,-0.8205364988125325,0.5906399973186379,-0.7076693669005704,-0.7185907390651673,-0.7656142100943252,-0.2049705016410469,-0.07301076625839949,-0.5358549694485538,-0.36823208159488413,-1.0461626289796557,-0.06278178345607979,0.6694082752366407,0.6885523565311723,3.328563415427977,-0.49077497616424465,-0.8393006617162326,-1.1352768212151934,-0.6684632993406072,-0.057389993508166474,0.7439430657773285,0.7794095528620956,2.68680712019419,0.944776939749234,-1.3621499924398222,-1.2930238968220253,-0.6737532785156759,-0.7611682538804797
Bearing2_1,acc_00002.csv,-0.16863879108186836,-0.2326213812188293,0.46829249751983826,-0.2826488365389495,-0.5998395560275247,-0.5662939866794747,-1.2060227543967321,-0.935490386776744,4.633407920227693,-0.6755410080241397,-0.6002198498867727,-0.639371181015366,-0.6890403258674193,-0.7255975788958633,-1.1574633245256267,-0.1675881133281891,4.6744351152645525,-0.4899577040368126,-0.7550630733052124,0.6877296951310544,-0.6565661514145436,-0.7156244596198548,-0.7103088804175041,-0.2021977360835175,0.08658989038185562,-0.5295382732539137,-0.2937826222469196,-1.0203050247919856,-0.25803313844622733,0.3992473519869066,0.5746746538449424,4.287189419833072,-0.7446974708907543,-1.0789095680753131,-1.1858109468767222,-0.6857595656645169,-0.2741787989826028,0.5147641432719431,0.6111475347905403,3.207967264071997,1.2204996331311924,-1.5004788752418003,-1.349736610969422,-0.6963732947423139,-0.7611682538804797
Bearing2_1,acc_00003.csv,-0.18542203978568358,-0.23337247428605282,0.3274147571904945,-0.27591439057970246,-0.6430217307476175,-0.5312514906208169,-1.1769511676417255,-0.6818366394402621,4.31957168009978,-0.6679008267657223,-0.572740360018235,-0.41494976524160654,-0.6176294385489433,-0.7221925662746064,-1.160071395718352,-0.05513363787620731,4.5188485016307585,-0.44937407121811296,-0.6639367763085953,0.5702630239400466,-0.5939858897575979,-0.7134533233742274,-0.708944631906891,-0.2121477877597719,0.02583332000840507,-0.5577323074885266,-0.3436187568752181,-0.9353763459102784,-0.4276507718313899,0.6691560767737641,0.5541003740928907,3.9151347382874166,-0.7619126868030793,-0.947253051579875,-1.0430195127171544,-0.6744875374366331,-0.35253816509841923,0.5237804408031626,0.4959529014020177,2.9450388963256477,1.2390035508323274,-1.4404865531030795,-1.1372316007271934,-0.6800211345956446,-0.7611682538804797
Bearing2_1,acc_00004.csv,-0.06150996746654272,-0.22784617341244967,0.5317009820095976,-0.2420550928401544,-0.5672579165131602,-0.5775914458473775,-1.1896358356777716,-0.9736860320387223,4.626067078249422,-0.7291204112595824,-0.6126917130545207,-0.2556201998135085,-0.6678984524612156,-0.7276664465253191,-1.1989267862572548,0.3199760243913543,4.321537500035455,-0.5216386600214399,-0.7416823560628709,0.7189159972635656,-0.6341470725010261,-0.7189627385768005,-0.6538458422846106,-0.204854582353275,0.14271321010885246,-0.5010361074976112,-0.29145619900461245,-0.9347610962310642,-0.43581792621931414,0.31574675678668174,0.6054563894270321,4.191014271732618,-0.8765232132034819,-0.7914669896839813,-1.1168615818713035,-0.6845141932064215,-0.42393089500269765,0.4730935959300033,0.5877027598912871,3.107775157668469,1.1181020780153368,-1.2308682517155147,-1.2537544494812316,-0.7002426209332883,-0.7611682538804797
Bearing2_1,acc_00005.csv,-0.1590958042813452,-0.23251173452901944,0.07155044512720882,-0.27292130348670357,-0.7294062963248874,-0.5433115420767405,-1.181082985936953,-0.7419978064368129,4.35006045387287,-0.6115819822236179,-0.5968354262459854,-0.07150104758420986,-0.632170231147247,-0.7265260121119802,-1.1889677406446717,0.31533757396134543,4.231638655531227,-0.46603464603547384,-0.6854968922159844,0.6717588457477629,-0.5701101836344077,-0.715187858535663,-0.6612100054064893,-0.20817405767929148,0.02838097004772717,-0.5375496928178475,-0.3080130061528589,-0.9366852192596533,-0.33289201116369316,0.14628725701766981,0.4775291239292298,4.446770665544056,-0.9286316187349294,-0.7148831266934959,-1.1374668560340817,-0.7051892925212508,-0.4014525665918341,0.10827874902467269,0.47635689342592213,3.265575829990673,1.251913717916618,-1.0799909856177903,-1.2664471146294527,-0.7055268267696424,-0.7611682538804797
Bearing2_1,acc_00006.csv,-0.10542399178543092,-0.26331260103138354,0.3765100808470593,-0.33989162719255,-0.8330849635728791,-0.5894749903240496,-1.1950835903003687,-0.9251346739425356,4.616772224923653,-0.7176944912297135,-0.6228378569393389,-0.6004000161481023,-0.6700464672516869,-0.7277717939540616,-1.1282908987450249,0.1622688921760987,4.396943532617232,-0.5166211063697507,-0.7934470594696541,0.42238367888227757,-0.6799035879047678,-0.7193250900273153,-0.7149273723477231,-0.2033235617759666,0.05819873885937567,-0.5329277199925011,-0.31082013464332914,-0.9910824093881739,-0.28702578584783195,0.37525357806966375,0.7351682657011872,4.106557055703327,-0.9224013485007924,-1.0069837715105108,-1.1017419124893746,-0.6824511921498373,-0.33339484488181736,0.37535232222556425,0.8323490028140935,2.7826024275689503,1.2592494396723306,-1.4415616717685529,-1.2212309370575778,-0.6978304815907481,-0.7611682538804797
Bearing2_1,acc_00007.csv,-0.08832943920062157,-0.22726902089503748,0.4137700224092928,-0.24691885936627733,-0.5640350583041561,-0.589052357315089,-1.2596650779094634,-0.7868609842658054,4.618740904513716,-0.6623258496482569,-0.6392984783370711,-0.6958882367794174,-0.6929121882142596,-0.7276830547065487,-1.257809321749997,0.4198438216240848,4.37187270571277,-0.3878854797288265,-0.6766806459019677,0.32292041141616257,-0.6640145917418169,-0.7175907536111809,-0.6893463160764087,-0.20260515431288795,0.07866015731298961,-0.5283057471671547,-0.2862817273223626,-0.9480461165685528,-0.493173508966111,0.24413583588709498,0.3599111446847864,4.825633486362017,-0.7553113565016811,-1.0805584081736177,-1.1998231090255667,-0.6991453988801747,-0.5340324778947098,0.2537282969265547,0.46383207115153674,3.2473924231170126,1.7955772719305438,-1.5041472796186701,-1.377366997208163,-0.7009680879802695,-0.7611682538804797
Bearing2_1,acc_00008.csv,-0.006948863075755017,-0.25598568369145314,0.3907020478670881,-0.2910668939880084,-0.7964285344228325,-0.5750392194045106,-1.2437351859816232,-0.9446170801302086,4.790024347616087,-0.8731147082056142,-0.623116630204238,-0.7085543247785031,-0.6952240075132384,-0.7247262724048943,-1.2610223087968564,0.31038000869177573,4.554678858455069,-0.6612975373285591,-0.8222084568816307,0.6088918434628043,-0.6518235001328178,-0.715007391160228,-0.673438201254014,0.0799896986148516,-1.2247257172482329,-0.18535536352645415,-0.14160159897385408,-1.1165314831271944,0.001600248526637625,0.6723402694655233,0.7076814939020671,3.543379606718365,-0.7763515885626326,-0.9141700743680389,-1.0962813474242907,-0.6669748297198667,0.12936129874702962,0.8228484130478664,0.7521897631466014,2.661727459687178,0.7472977709275296,-1.5021178565803388,-1.2058805330895128,-0.6580325517921657,-0.7611682538804797
Bearing2_1,acc_00009.csv,-0.10649862573083117,-0.21688312493353384,0.09687017658020014,-0.2072604553840443,-0.4452707699210998,-0.5757858774163128,-1.198585058068839,-0.6738916397556306,4.385659644644208,-0.6904685860374867,-0.6218970888745405,-0.38469549955811716,-0.642091341951821,-0.7270395447839096,-1.2280559223627288,0.42604522217494417,4.292917136086625,-0.4697839296146072,-0.7503983988434091,0.5080486513144483,-0.6158020577041765,-0.7186179903019644,-0.6729711187629565,-0.20728013728297837,-0.012640500487798023,-0.49641413467226475,-0.2877994555580344,-0.9264693723247777,-0.39700710099829856,0.33757019755479095,0.4502534436938946,4.40417609193519,-0.9228016576295096,-0.8604098562314231,-1.0734957068401363,-0.7006876872600234,-0.4615115162268229,0.35470932558229445,0.46819306365599284,3.2706185946752115,1.268002449018883,-1.3189776879926145,-1.2310073639402022,-0.7059754612063804,-0.7611682538804797
Bearing2_1,acc_00010.csv,-0.196776082382232,-0.24006249485843642,0.500534562597528,-0.3354019965530519,-0.5925978713734806,-0.4826379270846731,-1.2194973984327646,-0.8590523515929614,4.525243063157784,-0.6707967481874912,-0.5549617684099385,-0.1105762510564409,-0.642359123711211,-0.7224848047089751,-1.204261547999728,0.13255584611085422,4.443012800854801,-0.5290979415654886,-0.6506093758894556,0.7947989096454952,-0.6038374349672545,-0.7138555383238095,-0.6922326470841175,-0.2074165825925938,0.03315139054694686,-0.5349305748834845,-0.3082692764594322,-0.8629557637524322,-0.5234343286524782,0.2117085872030286,0.4346403825026657,4.324546258868017,-0.7040311359936878,-0.6810399548267242,-1.1633480660118756,-0.6882888054992032,-0.49379206498292244,0.29611763688667153,0.3691864991056353,3.211524117826759,1.3271917231773602,-1.0854174142909812,-1.2611337247830339,-0.6909231642487381,-0.7611682538804797
Bearing2_1,acc_00011.csv,0.1163819092369867,-0.2563044947039872,0.3735539505380135,-0.23681719042740662,-0.7839531405602432,-0.6520842758339573,-1.251055031414617,-0.7833542158073858,4.686783151804209,-0.8149528021673998,-0.6606130365843995,-0.6653901949183274,-0.7325613538903878,-0.7311169058952793,-1.257897454506606,0.6201319119443011,4.384524088017836,-0.6903769862174636,-0.8934256890757659,0.3091641076566629,-0.6935283206235701,-0.7228846250547916,-0.6496325999678084,-0.19679066016329344,0.03644322249046227,-0.5056580803229576,-0.2556311940864153,-0.9978380716866991,-0.3351166243916723,0.3330273163306982,0.36959790048396696,4.628884288165196,-0.7797894323682704,-0.9267721807029947,-1.211593913812324,-0.7147698522690134,-0.3395406151847036,0.36941196338388843,0.36808806969055613,3.5748846316685365,1.368167993098219,-1.549069637989296,-1.329842957777407,-0.7153902684392922,-0.7611682538804797
Bearing2_1,acc_00012.csv,-0.0676486819840648,-0.25760689087625577,0.4021974633348444,-0.3595337612403541,-0.8411857156523672,-0.5575881141136809,-1.155642909727522,-1.0723610391529064,4.638842207477707,-0.6856855945607243,-0.6308844274994116,-0.5412690148056075,-0.6491293455524099,-0.7272835862955638,-1.1859772344334412,0.058090974414833525,4.5595371339415856,-0.5241251620456041,-0.8092943782754064,0.5544593886738722,-0.6165603639404398,-0.7182478580379665,-0.696433343473899,-0.20355612263594794,0.08417672506665703,-0.548334296076989,-0.2923953875950806,-0.8694860846613213,-0.48846060198372276,0.12073698922046788,0.7695096505557004,3.9444974290668298,-0.824130948064838,-0.9444811539542293,-0.9282179848765106,-0.7017352001951132,-0.5465951143738131,0.18728637423012187,0.6999018506562881,3.0270455623719554,1.0989216279115408,-1.198496755416436,-1.0991187457056522,-0.7093001387945141,-0.7611682538804797
Bearing2_1,acc_00013.csv,-1.2100060710470002,-0.2356119555101158,0.38762359346314657,-0.8855688178348787,-0.6344429868451797,1.7674858426693651,-0.6833846131041147,-1.5976716635705261,-0.44207864867845775,-0.3423479107808686,2.9591753525827094,17.354680568165918,3.976089849594798,-0.4665439496979337,-1.0213251196410216,-1.9441289398030994,-0.5412928280521392,0.29468273568447256,2.874496529489624,10.71420616037149,4.463327034480907,-0.36479812200184675,-1.3395361137140596,-0.20509249970410537,-0.027098832684808963,-0.7587881253910936,-0.3062558978295404,1.0768469342742133,-0.3753641051566611,-1.4950339709995406,-0.8585721669200769,0.6214343441300185,-0.3957123563286372,1.0641539851092356,1.2507735069597228,-0.4538903339255123,-0.7121205365905164,-1.42263615081512,-0.9495169799920643,0.392078057311084,0.29487222148827963,1.5861430986243492,1.1467242008025007,-0.41306336805420774,-0.7611682538804797
Bearing2_1,acc_00014.csv,-0.03277560315491038,-0.2344769345539992,0.37268762495045626,-0.1999648055948599,-0.611931629207408,-0.6673538543878931,-1.0439969335722379,-0.7038627957578368,4.221407174755848,-0.805524522540319,-0.6190796795802208,-0.49430226792760446,-0.69008568653653,-0.7285640551400818,-1.0496371082680325,0.5148437233683193,3.9867931785583615,-0.6744667831340251,-0.814686790823393,0.20832230329719606,-0.6474710944552373,-0.7187615320206836,-0.7054789006820308,-0.20167268543696465,0.022919871965966544,-0.5031930281494394,-0.26758008524549853,-0.9826724744037182,-0.3553582575419565,0.7075456597729975,0.7901619478246781,3.7016569522489555,-0.8842466026102214,-0.7235763710492839,-1.13915640229332,-0.686183535561269,-0.3844746689241177,0.8185214691002296,0.738683316575254,2.4469745416871533,1.1611979961916203,-1.0194022212765363,-1.3041473622695487,-0.6785910425281791,-0.7611682538804797
Bearing2_1,acc_00015.csv,-0.10100852921327912,-0.2424005233654625,0.40294992305492394,-0.3107090280358124,-0.6303580670275188,-0.5858782647569305,-1.0552023825105785,-0.7421489431834698,4.199351329300145,-0.7217720048746914,-0.6247643124128913,-0.5835605097591489,-0.6106138043425662,-0.7260382472062038,-1.0716156010580424,0.1607961520319144,4.241903370460514,-0.5512561838188462,-0.7994231998743212,0.41339346704659513,-0.6041896981822698,-0.7174104719552059,-0.6534369293525261,-0.19801962937176262,0.08786364903457815,-0.4508106694621806,-0.27945798715761544,-0.9524621546918746,-0.1839057776827081,0.5377672034610278,0.429414321857011,3.9762885218230757,-0.8437299201324566,-1.0311985857134787,-0.9108651853519574,-0.6957948588653454,-0.21867482423651438,0.3850548534815462,0.48615379368714795,3.0275778407970693,1.0003151403462234,-1.3720202191935362,-1.0143292927940644,-0.7098491071911204,-0.7611682538804797
Bearing2_1,acc_00016.csv,-0.03575436152016617,-0.22027915138654425,0.24447955738005184,-0.18481230218655398,-0.6341699575964166,-0.6572876227401296,-1.0156860169946735,-0.7802695542184757,4.239269761815048,-0.8047978017122178,-0.6392263244612248,-0.6239766418441979,-0.6827302870065208,-0.7280415144692538,-1.065483167608568,0.575128559955639,3.9644151614694225,-0.6870826092322504,-0.832096738590209,0.36692689203166073,-0.6698559631995932,-0.7189520334018739,-0.6984443563347723,-0.19834185390915318,0.015481053208178788,-0.4899433727167799,-0.2078510743261966,-1.026163323566965,0.020468441649026992,0.3321331249576309,0.5183345069636287,4.202577672534741,-0.850353833132487,-0.9953010069476844,-1.147386622155001,-0.6838787973371524,-0.10298265054297315,0.5078593839660402,0.582282832900051,2.8028265356314104,1.351232474023099,-1.2177055075877246,-1.3646137967420453,-0.7030764272176263,-0.7611682538804797
Bearing2_1,acc_00017.csv,-0.0543548441992818,-0.18131914616240727,-0.06778979612755867,-0.05087165477486116,-0.645561734656586,-0.6715824540112335,-0.9718367298320535,-0.6156636095811399,3.9768069491809137,-0.7121407867960048,-0.6242256555357846,-0.5257013122152857,-0.6608235168461314,-0.7263362212156446,-1.0543395611711173,0.6523091873958942,3.7949082514006784,-0.6298949200007604,-0.7658087476678808,0.44008750246668354,-0.6247737391552916,-0.7187069958223749,-0.6452722723856956,-0.20598170459406145,0.09577304431434047,-0.5058121460838024,-0.29133367045767355,-1.00792040730722,-0.15720228795939423,0.701258035393006,0.436813102354327,4.261088644131582,-0.8301899950176508,-1.0075588140675011,-1.1896807158552312,-0.6888953139256105,-0.3196864428220495,0.7577379408818707,0.3818754248948003,3.1947040984136708,1.323701483089785,-1.3443777960391403,-1.380314332408579,-0.7054053678629922,-0.7611682538804797
Bearing2_1,acc_00018.csv,-0.04563010264415843,-0.24460139111143414,0.36781758133312653,-0.22802499709172286,-0.7837484959939647,-0.690409919097961,-0.9391104943254537,-0.8541292479344571,4.1415475035330935,-0.7495369716555609,-0.6320585403345805,-0.4931571366842665,-0.6882492303834244,-0.7298604459492055,-0.9804878182567647,0.39040625600309786,3.9761463141840685,-0.665267501473523,-0.788140111204971,-0.014427260909493167,-0.6475729152487723,-0.7190462115461925,-0.6883894471583509,-0.20530375972994186,0.07250694770146489,-0.5352387064051743,-0.30754153569806214,-0.9691034875085551,-0.1679656853338522,0.41328201037449236,0.4428927511764753,4.205279626344439,-0.8504283423953726,-0.8864480125513432,-1.087633401492832,-0.6988669604728933,-0.2550019027493418,0.5198964362978914,0.4927406887132707,3.180789282457128,0.9767258316232537,-1.3485631192282008,-1.1971334286012028,-0.685817547408126,-0.7611682538804797
Bearing2_1,acc_00019.csv,0.04445950386350972,-0.18169576867288095,-0.2857665846893717,-0.15637797480306614,-0.3433527201887355,-0.8603081002818803,-0.5858203431806799,-0.9551122360185726,3.633441069862816,-0.7567850386290454,-0.6558591086580617,-0.4818717807427878,-0.7178636217764351,-0.7276714011650592,-0.6337939231422687,0.25059627056960676,3.4286256006215985,-0.7505374915071729,-0.8869293252581202,0.0876591213764395,-0.698597996704914,-0.720698902501636,-0.6106146981079615,-0.19963092871896296,0.01941024455724471,-0.47176361293708413,-0.2819949269564585,-0.9648968827710731,-0.4040284949471372,0.2543090762230188,0.3392230502483104,4.669615654454021,-0.8349564566711748,-0.7938063647513294,-1.210361547770491,-0.7027003858654892,-0.44122960046757387,0.29526176422536254,0.4844596151170172,3.4585544043791456,1.2738048594464406,-1.4654277151252126,-1.266574851229245,-0.7084604032149724,-0.7611682538804797
Bearing2_1,acc_00020.csv,0.011077857765365316,-0.24454216989796226,0.27632619384317947,-0.2637549742643951,-0.49532064720063773,-0.7118487722161635,-0.954144966396425,-0.8943076128594751,4.17977676363542,-0.7494575727882771,-0.6366990339795485,-0.422684232745302,-0.661238056680027,-0.7290311867268552,-0.9430388096563431,0.04192635737779658,4.141678327886564,-0.6264766424662433,-0.8272191573645651,0.45717458243149006,-0.6641497974825884,-0.7202013219165988,-0.5919869888449062,-0.20098553738618563,0.04787797925634168,-0.4498862748971113,-0.2980524733518686,-0.9453489405614899,-0.2940405528782609,0.15435751282318025,0.23761645284644492,4.601850819077811,-0.8045461904283157,-0.7959091927318819,-1.1175768908602293,-0.7020158218754127,-0.4205842619814818,0.17695488311820082,0.41417185845102433,3.531693956606177,1.2482203896481463,-1.267155563619406,-1.2872364874381956,-0.7164963961556776,-0.7611682538804797
Bearing2_1,acc_00021.csv,-0.08504403695175945,-0.2566510346421713,0.27518397188390004,-0.32324258023774455,-0.921439688342274,-0.5530789377577183,-1.111112220347105,-0.9185001541724519,4.43526852979754,-0.774250002740496,-0.6016672440345213,-0.10385279038159653,-0.63150169962953,-0.7283148798687756,-1.10999758669043,0.26623445453232814,4.217516782615278,-0.6902114029646834,-0.7910874386015208,0.7742489265326511,-0.5993412491584095,-0.716427344848858,-0.657511598384921,-0.20653489512380863,0.10876501182569126,-0.517829275429703,-0.3042211358456524,-0.8909166733136837,-0.44600752801429056,0.515900514456634,0.4282251103735963,4.009784995089332,-0.9838202195963129,-0.6039973412222743,-0.9366041828100846,-0.7071498743325971,-0.4330621811097244,0.339120713294773,0.4738711637217732,2.81331220380409,1.1226662529083493,-1.2827002229578826,-0.9143637591132938,-0.6892653939989988,-0.7611682538804797
Bearing2_1,acc_00022.csv,-0.06933692750673984,-0.254067200779947,0.30838855777214425,-0.31819174576830916,-0.8052243935699374,-0.6680884322003855,-1.0629582574188872,-0.9403139005936764,4.41913726559551,-0.7808726682762736,-0.6149743670950444,-0.08801656506149491,-0.7143005472023785,-0.7291675895253403,-1.0606978931307935,0.3206378134181939,4.12031356302069,-0.6484618510340135,-0.8031563281606354,0.5403393889673537,-0.6415345517361025,-0.7204711939204893,-0.6664245139977512,-0.20487014723917826,0.03464664743010949,-0.4785425064142589,-0.3200154256185166,-0.9913494029029826,-0.4083230735682157,0.86401941622034,0.6589585814580093,3.7381876116089785,-0.730193106679506,-0.5007029575077631,-1.2956738687964962,-0.6945088717770703,-0.39216635667390953,0.8306512217713508,0.7323222682092204,2.5647011183253894,1.3492455376567576,-1.2700527066451517,-1.30808845538258,-0.7094510542587428,-0.7611682538804797
Bearing2_1,acc_00023.csv,-0.0793448649826075,-0.23966553700702198,0.31450493572121857,-0.2916280978179457,-0.5784296098392804,-0.6125640832358482,-1.156935503437495,-0.8587659957658375,4.4766174392750075,-0.6849630166876552,-0.593164965065036,-0.25463367514213436,-0.6981521113449706,-0.7283341692711226,-1.1398259513513858,0.3431326210631183,4.240102512744156,-0.5154120787924059,-0.7013446526649564,0.38049696585504394,-0.669739952967488,-0.7205244560825174,-0.6574759681939001,-0.20815247720147803,-0.04765988641451134,-0.516596749342944,-0.35057028157411657,-0.9776319557359762,-0.46695481311042886,0.4218921604098756,0.5710674758720864,4.359222049274123,-0.8996878607398434,-0.6493404912569409,-1.2613003949393566,-0.6966679365939199,-0.5036373706411063,0.18097351080088658,0.7930423888070609,2.998385202888155,1.3636343536205346,-1.0412732524336268,-1.4019004573393918,-0.7173304877656141,-0.7611682538804797
Bearing2_1,acc_00024.csv,-0.0398664074665813,-0.24262074504652653,0.28815043279142494,-0.30023322321031704,-0.6285572545827767,-0.5561344157583036,-1.2563367511311363,-0.8612177619135054,4.655299835645074,-0.7369880799126076,-0.5816764043687012,-0.16687712636704335,-0.6795346790342636,-0.7309506157418898,-1.2295440973316347,0.19982969167260933,4.53512495831309,-0.5737674313400193,-0.7534961431418769,0.6760609339675238,-0.6566165295392035,-0.7174346275059028,-0.646994896913689,-0.19773785345984538,-0.03640554173130024,-0.4753071254365164,-0.2320613791255416,-0.9564271652598964,-0.41959804962512676,0.8196836667594203,0.4913727567398205,4.0116704979984,-0.8079721655273236,-0.6902983402127677,-1.1577834554086466,-0.7127914237230841,-0.5215365008588616,0.5613542714397228,0.5755812375757039,3.121778922943414,0.9853230325326231,-1.174515099777483,-1.2426699119480593,-0.6729172266529282,-0.7611682538804797
Bearing2_1,acc_00025.csv,-0.04277880559094349,-0.24133425468808273,0.5394147683409695,-0.26207136277458326,-0.7374627085941431,-0.5604823294266253,-1.2009441886460008,-0.9043172784385829,4.5997376389868325,-0.7501244525373915,-0.5837913201689493,-0.2774273629178007,-0.676725961084564,-0.7275613097934803,-1.2101785884889422,-0.018582982855728583,4.7096657684861585,-0.6307195878493421,-0.7430101684603276,0.550225127564495,-0.6181847688723736,-0.7198654302613599,-0.6433294388508202,-0.1979022319344734,-0.0903545930259744,-0.5150560917344951,-0.18170559986982507,-0.8950968307397982,-0.49733008509082544,0.304565550984913,0.3070271293426781,4.554152222974667,-0.8786260929316663,-0.7183533100029582,-1.1126129628890777,-0.7004451437432965,-0.3403684920778806,0.14247009816285872,0.5443994861404255,3.0927015595281073,1.4602817717224799,-1.1866425683812662,-1.3065438419898194,-0.7181338736003,-0.7611682538804797
Bearing2_1,acc_00026.csv,-0.11666265088918831,-0.21915691975311288,0.39469475852008196,-0.1995906697082351,-0.551528659613146,-0.567803555241517,-1.0283397177541913,-0.937919982505108,4.260544916674482,-0.6712442118143793,-0.5842069040275285,0.003264904746845694,-0.6340149218061024,-0.7276752931103061,-0.976989132357011,-0.04595351890056507,4.12125537067256,-0.4697663669348038,-0.7022898504723557,0.775974423020931,-0.6146323797635543,-0.7176013063282968,-0.6321741037992372,-0.20710905081228634,-0.08730149621388981,-0.5099719216266141,-0.3622362911955244,-0.8940160538962467,-0.4015139238962608,0.2156661600201721,0.39171270007052517,4.396032336641378,-0.9070420551396257,-0.6553452894444837,-1.0804918638450525,-0.7090304599108821,-0.41777138391689256,0.14705059627456185,0.33521509919560577,3.1343924531568836,1.4120944627863776,-0.9638372055800278,-1.2466478628723263,-0.7046898356022416,-0.7611682538804797
Bearing2_1,acc_00027.csv,-0.06633371622866369,-0.18803161842316485,0.011081554500468311,-0.10231533918577668,-0.33307739890496496,-0.5972787730422628,-1.092194252071621,-0.6464428455936934,4.163307876128803,-0.6908365356601561,-0.5884646491904307,-0.09680800426388994,-0.6476496774945454,-0.7283756615534814,-1.0980487521207842,0.4863095372565227,3.996173947226111,-0.583004152716905,-0.7168671754541085,0.6190596637602258,-0.646652846793651,-0.7194191444518889,-0.6392938016539292,-0.2057781005000219,0.1528994894138791,-0.506120277605492,-0.31512967268336195,-0.9244948785761663,-0.43488956328464456,0.6828765407154104,0.3793405173614252,3.7850355549621497,-0.7318282509305882,-0.5520649848535465,-1.0078205840071195,-0.7048909778453724,-0.3536541866997567,0.4812845993920228,0.5684108128570369,2.7657240950392206,1.1203226338195567,-0.8045910722864456,-1.2341455434441588,-0.728567238250924,-0.7611682538804797
Bearing2_1,acc_00028.csv,-0.09739693895182551,-0.23656565031900506,0.34171998096832323,-0.23195342390128373,-0.7639386798792629,-0.5930635151982704,-1.0758060953429354,-0.793293533521523,4.257009816861018,-0.7155914172692243,-0.6176136918513603,0.0451966354369812,-0.6472062044442074,-0.728942446858617,-1.1313508256461788,0.5231296985879328,4.025369841278824,-0.6086066258566897,-0.7266703921175582,0.6594412298600578,-0.6293561373840116,-0.7172768072746497,-0.6507807721571184,-0.20132289852460705,0.03515998598032741,-0.507660935213941,-0.29091976427970034,-0.9321796449867651,-0.23056821225309032,0.29313421576098864,0.5254297808601655,4.0997828402427325,-0.937052023825374,-0.49720072178016694,-1.1448748450833008,-0.7063363812120693,-0.34730301857046686,0.24807323715242713,0.48116720840816185,3.2598606024031445,0.961242386200209,-0.7734591670027434,-1.3247498668360156,-0.7087326063863426,-0.7611682538804797
Bearing2_1,acc_00029.csv,-0.13130536706263904,-0.2189907950523038,0.567070948265029,-0.29200223370457046,-0.4198367605003159,-0.5506530829815811,-1.1742203472460044,-0.817292351033632,4.448450856105749,-0.764544557618583,-0.5710954867462245,0.20446579757485908,-0.6636691585416923,-0.724819656004756,-1.1947092266300674,0.1871471219238646,4.448568296180579,-0.6808252775972468,-0.7979102462293411,0.9399574195984759,-0.6079613901906805,-0.7166259519639585,-0.6788983017522113,-0.21365106573482412,0.09809854108621784,-0.5336980487967254,-0.39039857487199514,-0.874533549266312,-0.5377433059464753,0.5289532374602861,0.5495163189848723,4.1113191349857905,-0.9968408931928416,-0.45772859803044447,-1.159362754072152,-0.6814368923716404,-0.5016525525330991,0.6472772323217724,0.6097479141726626,2.9971889119858073,0.8821964111793054,-1.0016361944524876,-1.216381846803409,-0.7003779263969374,-0.7611682538804797
Bearing2_1,acc_00030.csv,-0.07099994296222019,-0.2523583468911879,0.31272771454498316,-0.3801112350047202,-0.7313296592913885,-0.5662227943377925,-1.2126735789850116,-0.8713093103661615,4.580181283068318,-0.709779650344253,-0.5748176436867519,-0.19027326162509547,-0.6891200989330244,-0.7287211531566976,-1.1669182961582905,0.07961193218263961,4.540723334115013,-0.6620785535948011,-0.7735943071950782,0.7393355649251698,-0.660025721022259,-0.7188327385307107,-0.6719902609357573,-0.20166509271612032,0.11669968616908107,-0.5135154341260463,-0.2888537920250962,-0.9315272829671194,-0.3399954130830672,0.1158024311254836,0.5792395762056115,4.155635860116608,-0.6534172236530579,-0.5304666953347109,-1.2844608360146923,-0.7000180742589753,-0.41765923064537935,0.2549101118128254,0.6845970618465986,3.086411103553043,1.3411005781383853,-1.0823505040093262,-1.4040956499989719,-0.7195862472289982,-0.7611682538804797
Bearing2_1,acc_00031.csv,-0.08467338404733984,-0.25409046141413716,0.4978497731576874,-0.3578501497505423,-0.7321309377899142,-0.5917047428161462,-1.0863106713427733,-0.8669348709913519,4.3438372670896,-0.7152402362564345,-0.5741707690695983,-0.2658864053456698,-0.6540171772168488,-0.7261000694682485,-1.1076178285935039,0.08784379452137754,4.325539125135727,-0.5149862840069366,-0.7219209168494454,0.7308189648417499,-0.6372978104774839,-0.7182526546712277,-0.6498477060908724,-0.20995942543517784,0.04724041775112999,-0.524145971624343,-0.3347906829656098,-0.904372162568968,-0.5590093202937322,0.48169387884951137,0.5437628783808663,4.11997508946131,-0.822024105665192,-0.7782284173943465,-1.0767197234781607,-0.688209358740107,-0.5126511081418023,0.3700758317873955,0.7218652313431794,2.872525358746355,1.3042550104117603,-1.2115125467655443,-1.2523395516274816,-0.7003881545685045,-0.7611682538804797
Bearing2_1,acc_00032.csv,-0.03554079138689128,-0.2613348047399215,0.34271697088832287,-0.3374597439294886,-0.8650264378180806,-0.5978073963998738,-1.0761392420845306,-0.9689340840598233,4.4261975173542165,-0.823942858834763,-0.597608131675398,-0.12894355495748544,-0.617560870542306,-0.7277385212000173,-1.0813003066274065,0.13220167658458376,4.340866397038807,-0.7069690953130069,-0.8224727889311466,0.4739416665452112,-0.5972340371205446,-0.71902272047262,-0.6487294516633589,-0.20826636634373738,0.08842924126882094,-0.5112044477133731,-0.3461101818515677,-0.8546291953478304,-0.38526781116181325,0.18124717345415053,0.5660963530712186,3.9378226661919564,-1.0344623267701694,-0.6447103973150461,-0.8624830607107953,-0.694640209179289,-0.4463738840390126,0.27094924901013534,0.5693811114150582,2.6420111123816046,1.1294902023485691,-0.9570733062072247,-0.9977353080950636,-0.7014408239564528,-0.7611682538804797
Bearing2_1,acc_00033.csv,0.24905252008715997,0.09887363423172507,-1.5399805934117181,0.1704297221637315,0.8510049646148371,-1.0293731531298027,0.11619597341489275,-0.9415952110651863,2.4813267064198112,-0.9272056234417748,-0.6603826422585691,-0.33177823057027517,-0.7276671442640055,-0.7291982983950764,0.21622641717906652,-0.24857538400588963,2.178132961072871,-0.8608151233287844,-0.9554763742261791,-0.205181265415908,-0.7311902393276506,-0.7241713714816267,-0.5754371036835334,-0.198592538040658,0.036668975260471894,-0.44495617055007525,-0.19823477450616675,-1.0109135854156424,0.10860817713815303,0.03942617039702352,0.2870045737667465,4.217579066394112,-0.8346566747040907,-0.5099813660031315,-1.1300920703146087,-0.709970980237589,0.012070719427400099,0.29052120077849697,0.15656885056989056,3.115175333775618,1.3233502247166498,-1.0816860948287959,-1.188848515962155,-0.7307194137573367,-0.7611682538804797
Bearing2_1,acc_00034.csv,1.1815094431842548,1.3157466165647456,-3.7574375475790127,1.7315117091058754,5.608132670194378,-1.4451794488469818,1.1974013218700539,-1.0096332651107132,0.8545782915226712,-1.1111894231559587,-0.7360989872487164,-0.881296164898932,-0.8211479915404749,-0.7357611991119646,1.0879934686859711,-0.4587583172521264,0.7745603320232044,-1.1291572874084481,-1.0988152654140666,-0.7205021832280935,-0.8304053084199876,-0.728646827369763,-0.5238147306209844,-0.14244126531012855,0.10954488751857054,-0.27425130753394933,0.03819357006125161,-1.1373613728889254,1.0578760068194997,0.321019906148779,0.13096323557438416,3.6972649487969975,-0.8067636566494741,-0.17901893623548215,-1.2987842065746265,-0.7204039221448579,0.9666184546694786,0.32829162456200633,0.382032604388126,2.065675985784833,1.3024565153534764,-0.5719947265637535,-1.4245895670088164,-0.7178178465445034,-0.7611682538804797
Bearing2_1,acc_00035.csv,0.02419938327161901,-0.11024210851208789,-0.33778763510612386,0.018904688080671327,-0.14663206798916642,-0.8279363297686403,-0.45222850004786264,-1.0161691687561376,3.431994907265654,-0.8281264789352736,-0.619889767598318,-0.06877235473035319,-0.6835805823638492,-0.7293628848343802,-0.463416163862707,-0.0508770415380662,3.2883449922262815,-0.8222336584977721,-0.8282143073695848,0.2761822336554749,-0.6502688094087673,-0.7214093023677345,-0.6839640794173413,-0.19496650392628445,-0.006498907847066303,-0.4258520162053102,-0.27910289479476674,-0.909057540371287,-0.136191342515724,0.7624238192477083,0.5089568338075803,3.153808353397642,-0.8310527800413129,-0.22703790011470731,-0.9564777292222262,-0.6953580106578717,-0.30901443683983526,0.6265437350107137,0.7450648840373059,1.9193822012984696,0.9298859032981893,-0.34438826153614305,-1.0800145163991037,-0.7107126238287239,-0.7611682538804797
Bearing2_1,acc_00036.csv,0.17340114147473618,0.003752681332038368,-0.9204891538369125,0.18315034230897598,0.08489143771334307,-0.9395528655783396,-0.28558760255906174,-1.1262405046823047,3.30965926839426,-0.9131837043836362,-0.6587804819531615,-0.22111003174257648,-0.7312391664033944,-0.7318172565854377,-0.3133395946484001,-0.2425319644837025,3.18447198487566,-0.7896300779216258,-0.8812109794270095,0.24874713701237303,-0.7098466075792992,-0.7243808601731005,-0.6435523393235605,-0.20909327066383665,0.030287490450079304,-0.5283057471671547,-0.34541300081254944,-1.0096932057233163,0.286455641839829,0.4139789131963942,0.33659975228384187,3.855634548190823,-0.8677675104770276,-0.3493295712389638,-1.1866711665192982,-0.7157424438824026,0.01371496897312875,0.5547908307103194,0.28953707501929266,2.752962843803685,1.2038732711886293,-0.6750303995839345,-1.3180528823210067,-0.7322059029938632,-0.7611682538804797
Bearing2_1,acc_00037.csv,0.11985347420324917,-0.2242264335740538,0.22539758579949212,-0.18668298161967806,-0.43063841819338794,-0.7597761470930164,-0.959736747676166,-1.07870607079548,4.394704913295636,-0.7953227527039491,-0.6158826716422084,-0.45907219160078777,-0.7394571289397032,-0.7307012332459479,-0.925209111443118,0.00559919475740826,4.1717793636661105,-0.662951758215656,-0.8505145324284509,0.5542993508541301,-0.7159053678464249,-0.7204685300567476,-0.6622170085041733,-0.20067795680186948,0.10421149646513408,-0.5207565248857556,-0.22644116053670688,-1.0160095652534429,-0.22242662804132374,0.4887268498619445,0.4714932811942359,4.019611208246346,-0.7134870464036863,-0.6676431761204008,-1.1831706763159253,-0.7050729925866103,-0.2570578828289482,0.46628465493966126,0.4819893503566231,3.03557485349636,1.265120610324666,-1.0546966132229447,-1.358751126572995,-0.7128355490986671,-0.7611682538804797
Bearing2_1,acc_00038.csv,-0.014226451398536436,-0.23827115151813222,0.22303148359242445,-0.2224129587923503,-0.7652018458689211,-0.6792823168189978,-1.005369880577298,-0.8926427188084328,4.258644494399508,-0.7879213835934696,-0.6101582835702368,-0.061490538661618306,-0.6668033337101038,-0.7298887846252657,-0.9679818644575152,-0.012382239423779137,4.238220880746568,-0.6972928535910453,-0.8174731889859133,0.5622599043114,-0.6405639547427611,-0.7207138397562234,-0.6840492358676481,-0.19106951053804025,0.17236808185758615,-0.4917921618469184,-0.15578718500779828,-0.8677438964130698,-0.41725199436759713,0.520936353520559,0.37998096081967037,3.6166456701385026,-0.8169656882558903,-0.22037972284364166,-0.9561707611827832,-0.7104003710567635,-0.3862798447573448,0.24544715140403714,0.5733731369609778,2.448105571852461,1.1216504014734279,-0.6716491004181686,-1.0336849129437804,-0.704301761629378,-0.7611682538804797
Bearing2_1,acc_00039.csv,-0.05374879866996526,-0.2392210524194974,0.298923610651503,-0.2888220786682593,-0.5928577436643285,-0.535148371705314,-1.178050917015982,-0.8896212827033815,4.457026024474373,-0.6430468412541894,-0.5584337195679693,0.009867599842158424,-0.6235240415983285,-0.7267489487582781,-1.1338318159360818,0.08096478501954534,4.346892957880184,-0.5525416463418936,-0.7096759756206245,0.9093755046806159,-0.6013525832375114,-0.7171166514409257,-0.6404855977700649,-0.2030606346132301,0.10326102911339397,-0.47900470369679343,-0.3058531292228804,-0.8954949575670212,-0.13293507157129825,-0.02947972516870804,0.5637595309603762,3.812486666821077,-0.843996306145026,-0.5448765325349999,-0.9560629358288286,-0.7019535404124588,-0.3357327652674485,0.22655034759936207,0.4817291169672755,2.703686004433476,1.2458740254022318,-0.9698921964344588,-1.0743252087215998,-0.6950470464623071,-0.7611682538804797
Bearing2_1,acc_00040.csv,-0.033974047600524124,-0.24926088655788078,0.21178283621319205,-0.20632511566748213,-0.7927479685884762,-0.5246720942498881,-1.1704660433362906,-1.0232939252762092,4.620634545683553,-0.7632532304882128,-0.6129536338295712,-9.932079947826302e-05,-0.6520477459987762,-0.7273524294887395,-1.1712782156109967,0.16728255953595214,4.404822957425391,-0.5978252764736435,-0.7730427220462928,0.7799375624543562,-0.6076009364202541,-0.7167908538322194,-0.6834211784759294,-0.2002401085107042,0.08793420701503454,-0.49733852923733407,-0.2572457070843094,-0.8741490954325715,-0.2134668654374116,0.5398002617579156,0.5126353418547639,3.3513608580558802,-0.9466685047970944,-0.2480829048531755,-0.8857581909955116,-0.7017181391503424,-0.26745459060352245,0.6071321542937353,0.4805279326181535,2.504547694847704,0.7089708675736717,-0.7475788597854007,-0.9211808257320294,-0.6997155182286644,-0.7611682538804797
Bearing2_1,acc_00041.csv,-0.0668344744784786,-0.2617819434998711,0.23506740917862828,-0.31482452278868567,-0.9523212184983085,-0.5658293641688565,-1.1621493094783326,-0.9984251116867682,4.560505946269576,-0.704923627284025,-0.5603026371797322,0.26374061479425875,-0.6938218716191028,-0.72623768075742,-1.2064965575979232,0.20771922256545391,4.450522323058814,-0.5160005697584601,-0.7470554535858697,0.6523369979576262,-0.6419346923381571,-0.7175665701616788,-0.694172834065364,-0.20635012739773365,0.0914724912129924,-0.5332358515141908,-0.2736333414452399,-0.9113176860994104,-0.27190277504583266,0.46533403169783044,0.44990642734652553,3.818736205674299,-0.8156226628782145,-0.18865927262398338,-1.2141937963287834,-0.6871281614496296,-0.40522380907043715,0.4966552257283436,0.41744107488019777,2.771067999255558,1.1498412515599183,-0.8340033907039963,-1.196477807140619,-0.6771452752972804,-0.7611682538804797
Bearing2_1,acc_00042.csv,-0.08840128098536294,-0.2441133876954743,0.4363234357729128,-0.30771594094281374,-0.68944736160207,-0.47737193180609805,-1.2468585070303906,-0.9994035260991291,4.712168982071902,-0.7376596901351455,-0.5847436110722524,-0.028751105418757465,-0.6357878132434962,-0.7277947927930427,-1.218745703352225,-0.016985881360801983,4.666751079040202,-0.5894229008767117,-0.7712583586771923,0.768882206060273,-0.60167064967851,-0.7165000232559625,-0.6430292179901547,-0.2053376817659262,-0.024929191159550654,-0.49086776728184917,-0.28992042518780303,-0.8729096430928104,-0.32704124459983636,0.04142370478629336,0.5375700268750138,4.241664318408006,-0.8523192962260917,-0.6015667208514404,-1.1247748951264633,-0.702879218147946,-0.4208726191491691,0.10557464077494084,0.6309504667310242,2.9332004145009685,1.4302780322780402,-1.2983520347034723,-1.1814546546747267,-0.6976948618182323,-0.7611682538804797
Bearing2_1,acc_00043.csv,-0.050837049213289486,-0.23728318754446545,0.38795788293713085,-0.21006647453373062,-0.6665331288868097,-0.5200211319736069,-1.1387003729296434,-0.7096927105137307,4.294029686633763,-0.778473584500204,-0.5746184708919588,-0.07591445841163375,-0.5968972501783613,-0.7275935030092088,-1.1885153131832118,0.2896977344106885,4.315661363457526,-0.50966171498478,-0.7956731502882844,0.6027674178765782,-0.5812117173630821,-0.7165801263918434,-0.6168537740537944,-0.201608477336,0.09683665633747132,-0.5173670781471683,-0.24658697423862735,-0.8864667791751258,-0.3003734943070912,0.39965564659315517,0.6184344306808005,3.6893537841823254,-0.96936419684085,-0.5267520220100951,-0.9420316158852484,-0.7011818398259837,-0.3238720312937322,0.5405117355727176,0.6866228402452178,2.2340841065037895,1.1197366066401273,-0.9537315648299263,-1.0055219074502422,-0.7007116305778525,-0.7611682538804797
Bearing2_1,acc_00044.csv,-0.14194413801250486,-0.24599774582985856,0.4193828691675491,-0.3578501497505423,-0.7096003924166371,-0.4790056258642095,-1.1842289591211987,-0.8441391497325826,4.444942747297992,-0.7159897849503434,-0.5303416730690409,0.3169204915858236,-0.6450700061777589,-0.7250160026319986,-1.1881231815692817,-0.004488931995480956,4.521892799372614,-0.4990592280168125,-0.7023679849383908,0.9144663044577331,-0.616562981615889,-0.7141796562393544,-0.625270762673511,-0.20437499464531939,0.22962260581244393,-0.46251966728639143,-0.3529253701511381,-0.895337553973127,-0.5596017361146955,0.42770937695102185,0.46808744754034526,4.109088436382823,-0.6221599556764524,-0.5758588392846901,-1.2098220296135058,-0.694474001760449,-0.5834769507648945,0.42675447576681813,0.5952978317407258,3.0428151608048863,1.4052776486443117,-1.2607632824663217,-1.296665756618781,-0.6971087743013367,-0.7611682538804797
Bearing2_1,acc_00045.csv,0.052008144113035046,-0.24471451259666677,0.34104993875679696,-0.19790705821842325,-0.7137151096668388,-0.5205242097070333,-1.2695728982316694,-1.0668647289881652,4.894587126378732,-0.8702162764396856,-0.6216852836087069,-0.24029671494721114,-0.6715223897593957,-0.7292019583659614,-1.2826377663185387,0.01900040926574373,4.823331937420793,-0.619006274587575,-0.8380747211002225,0.7394840977802383,-0.6249318988498904,-0.7197201906589474,-0.6613804110890907,-0.20518566792438817,0.15020196439850356,-0.49518160858550575,-0.29431663855286605,-0.8432030819817727,-0.5120147829274669,0.5426800438952677,0.6491978430812987,3.4929843494726183,-0.7504277505408588,-0.5181180813308224,-0.9622066001876103,-0.6968141441380239,-0.5134175798881229,0.5010928267732392,0.6425020226148662,2.7132269213897393,0.8832331031006531,-0.9540995496186214,-1.0062143542253603,-0.7088312029281172,-0.7611682538804797
Bearing2_1,acc_00046.csv,0.12900382275615824,-0.24013636452735276,0.35131135939263586,-0.13991599579157318,-0.7160377976549257,-0.5314638046636632,-1.303836397095409,-1.1064726228028063,5.006367654419588,-0.877799336032753,-0.6347621631160221,-0.24642152656629351,-0.7003134237399234,-0.7298699010177692,-1.311952296171612,0.15061779994277644,4.794590651197385,-0.6698815205869285,-0.8608879909151897,0.878058011142912,-0.6627077901361862,-0.7203257347948442,-0.6526544887158415,-0.19932312086717394,0.05942432346528942,-0.48578359717396813,-0.2171284188075855,-0.8545800623113516,-0.5059314055169889,0.2853300473269826,0.6342452723542075,3.6999611241786474,-0.7956541148285791,-0.4413296502643873,-1.0046610014856665,-0.6943322079113591,-0.5313063729946023,0.7555742243885585,0.6233715728189619,2.6307064939200977,0.9192481571963194,-0.695579218943054,-1.2143699338535245,-0.7010227681413418,-0.7611682538804797
Bearing2_1,acc_00047.csv,-0.07204294231269953,-0.24737894824756895,0.6462339058522057,-0.33989162719255,-0.7472869844838012,-0.5314071299398379,-1.1725436120498296,-0.8612124204100615,4.467714415825303,-0.7276608902263334,-0.5712989717970686,-0.11395079864807771,-0.6260158827542528,-0.726374270472631,-1.1527748345992879,-0.007491675166621236,4.422344509669274,-0.4817838010332051,-0.723034372229948,0.877622990004346,-0.556226578082283,-0.7175896986652717,-0.6430679656170335,-0.20183024831791674,0.040489064846069726,-0.48039129554439736,-0.2433468648848893,-0.9246582054942911,-0.24697808102141733,0.4948033225668959,0.43980898844471167,3.718634533373626,-0.7682822391761608,-0.5389830363805502,-1.0173781983298342,-0.6895705739208462,-0.3195445288813437,0.6750282723431648,0.3416687326342913,2.6297521411544524,1.1901216875084948,-0.9143822430607818,-1.095300740474979,-0.7088540958011075,-0.7611682538804797
Bearing2_1,acc_00048.csv,0.03762688164046474,-0.23937772433301618,0.3907361343614514,-0.22129055113247573,-0.6333357374538372,-0.6294401791912048,-1.1032000981630337,-0.9879851032878938,4.518995969961173,-0.848547652769048,-0.6092847349691085,-0.042437055689939274,-0.6592591266987505,-0.7298170978855826,-1.102140714443582,0.088786604965578,4.428968843538121,-0.779875699849471,-0.8205798701089133,0.6133056107776718,-0.5894622589826427,-0.7212556071574521,-0.6013393971077214,-0.20450708141138385,-0.03660188493939976,-0.4501944064188011,-0.33734228471006233,-0.9519316478811913,-0.0656431348500267,0.1465774859466882,0.4990834819732135,3.9993084356479125,-0.9143849573741036,-0.5712439672314904,-1.0365300955354928,-0.7151493457025024,-0.3497699353753924,0.4733558680806664,0.5636715182512724,2.7157027071062116,1.220361560149646,-1.1214365262031003,-1.0921001276205127,-0.7307061384537117,-0.7611682538804797
Bearing2_1,acc_00049.csv,0.013407271125336897,-0.2529359747007344,0.30498561132983787,-0.2830229724255743,-0.7576321686422848,-0.5286644636021152,-1.2139624730936713,-0.8809451318872131,4.605211999098998,-0.8283182682986486,-0.6002011768859893,0.01049674654571036,-0.6565057616947895,-0.7258279876270962,-1.1937445863421696,0.27253487141071536,4.390082969965463,-0.6422883539460323,-0.7412418495499079,0.5690022956834643,-0.5900668081755186,-0.716739426888784,-0.6479536856913009,-0.20574543843143386,-0.01766381482181913,-0.5022686335843702,-0.3153984494305359,-0.8217640473444525,-0.34533732692416136,0.29008713368420336,0.33649030814794806,3.868274610533115,-0.8525447225176715,-0.37613405862507115,-0.9644755643846176,-0.6837183781980432,-0.41965399031099915,0.09931718884400374,0.4570284151244356,2.8807652975174145,1.107058402158687,-0.9648089692747508,-1.008704633681669,-0.6831243002629112,-0.7611682538804797
Bearing2_1,acc_00050.csv,-0.11216944049149413,-0.2461426838894866,0.32969198608233174,-0.3133279792421863,-0.6917292052399348,-0.5119014719678959,-1.1992328642536294,-0.8294551392252969,4.458750124266533,-0.6768033282105702,-0.5586156567994855,0.09047939751090359,-0.6462480083589838,-0.721665700774021,-1.1899096133074976,0.40826434111728466,4.182981386771369,-0.5773204611619303,-0.7180981819718064,0.7965865079518594,-0.5835132930552881,-0.71290506047166,-0.626770336285508,-0.20398635480215724,0.08862403413409588,-0.5053499488012677,-0.26029429869856313,-0.9354183917273325,-0.3981172292266781,0.2538957042452633,0.35031644165120535,4.304192951897736,-0.693962465867648,-0.6016776062434862,-1.2009052419901363,-0.683654510342296,-0.44371356972334236,0.20056389210162176,0.567668916781437,3.217540043400963,1.3232504194966785,-1.2443951021481756,-1.289960880234425,-0.7047904901736024,-0.7611682538804797
Bearing2_1,acc_00051.csv,-0.003033599593942667,-0.23577640557123097,0.3511194635955113,-0.24748006319621454,-0.6900814974123632,-0.5257443799111926,-1.175953264079162,-0.7873495188402745,4.461120380882908,-0.8640783015470457,-0.6117621083148945,-0.05287605795056033,-0.6067228531406045,-0.7272760746749838,-1.196052400409836,0.13241136090064656,4.483410407051815,-0.6374027090929628,-0.8308394885516881,0.6991855382723088,-0.5329531061785394,-0.716211130641601,-0.6530275355138103,-0.20502656940001623,0.009144090259437953,-0.49425721402043643,-0.33810407502835305,-0.8287004824888055,-0.4894644088208902,0.8488602944730976,0.4686018717511082,3.0652502988914394,-0.7869763787427926,-0.349990765891241,-0.7419458186990812,-0.6954545254317595,-0.516384297098807,0.5790707564731218,0.4933690023470334,2.3209733262120813,0.8023973330690927,-0.7112801054959037,-0.7684884902686111,-0.7013345477098701,-0.7611682538804797
Bearing2_1,acc_00052.csv,-0.0657278849360853,-0.20863661685339283,0.2222415943301888,-0.23251462773122095,-0.4256732923399839,-0.5115794474742147,-1.200849152146554,-0.8946969966319561,4.5644583265252,-0.779539005229763,-0.6011400179424154,-0.022673598582914182,-0.6312893753317891,-0.7262785621951485,-1.2188621647107059,0.23279422587899645,4.519760019310303,-0.6568178859970731,-0.8213658161920696,0.524758045008621,-0.6196981621923885,-0.7120416341766473,-0.6130950826902885,-0.20066756940102995,0.01409852056736425,-0.5116666449959079,-0.2661867468461813,-0.9237060217444004,0.31778887409512946,0.12794451106517893,0.5268870231695926,3.6756207741923017,-0.7574178957313262,-0.6731772051750687,-1.050297824981471,-0.7029422449025178,-0.1044274514667091,0.1655465275868871,0.6311273428644042,2.9501616536673283,0.9639130888909435,-1.0077410094530945,-1.2196089897497504,-0.6974922007723615,-0.7611682538804797
Bearing2_1,acc_00053.csv,-0.07040511301770337,-0.20301338911616637,0.3241855456047094,-0.161241741329189,-0.5027579605816278,-0.4794802898386856,-1.2753335402177521,-1.0445737546029676,4.797598529697754,-0.7200116681267881,-0.6137860521623175,0.10733634565616691,-0.6575069680165506,-0.7273844751466619,-1.2518627186454887,-0.05031707304140332,4.760878184345162,-0.5875528570773308,-0.7338375915567401,0.7846309827598292,-0.6073390781620742,-0.7171239330416552,-0.6565587820247439,-0.2048195702389875,-0.003978453162572457,-0.47885063793594856,-0.33776028239066336,-0.8530604393641976,-0.5174622216583594,0.10169131044068958,0.4170055904060032,4.537334302725232,-1.0768057548478553,-0.40842644708410103,-1.1386003527228423,-0.6976900098943452,-0.4914422966822558,0.2511490154372288,0.4128902561618366,3.3344991869867755,1.0159327222020522,-1.0350227070095774,-1.1674829090334145,-0.7010960243002164,-0.7611682538804797
Bearing2_1,acc_00054.csv,-0.04556872099416683,-0.249591544329119,0.3944674658519982,-0.2450481799331531,-0.6918886199878514,-0.5238005899059034,-1.237292388590338,-0.9836233499545501,4.698249394241168,-0.7380633181528248,-0.6079727865172672,0.004510727349446665,-0.6564114300470271,-0.7290209432266441,-1.2211360876611888,0.23946035662513127,4.457262132342311,-0.6521291010118885,-0.7132027980391759,0.8118690584152847,-0.6281065501991749,-0.7148241919147049,-0.6424360940224065,-0.20799525170602187,0.039966034427042205,-0.5236837743418084,-0.3539116458204384,-0.8820897934194872,-0.4134507993784073,0.2748506878354747,0.530198523537375,4.099568117801918,-0.880576669905986,-0.5014800929482451,-1.1177278889413649,-0.7000447818874921,-0.5153922827812678,0.4103480285616438,0.4034702878874278,2.71361981911144,1.6011181328234705,-1.031317999802728,-1.230789372887218,-0.6833498971440626,-0.7611682538804797
Bearing2_1,acc_00055.csv,-0.08959371913414742,-0.22603019749591083,-0.006473280677974318,-0.2747919829198279,-0.5408929465506235,-0.5781341571539677,-1.104162515672432,-0.9865140898218652,4.436751105710275,-0.7036587800416462,-0.5641953499645863,0.07637485062858497,-0.6397254357181646,-0.7279824798184423,-1.1035191954012658,0.3234377979420192,4.129442790263801,-0.5628358573946416,-0.7556152506323376,0.5417891872711844,-0.5907779377597685,-0.7171248634751448,-0.6566214687466598,-0.20585654108453277,-0.02826405414688772,-0.5181374069513927,-0.30445663727076444,-0.9057505983406666,-0.08807764919187602,-0.05061505289582247,0.42620362060969114,3.8269607280417617,-0.6353038005941999,-0.450010634299533,-1.0529387456151305,-0.6990763200318094,-0.025121907548838314,0.4047166939023642,0.5486302105762886,2.672547940541862,1.0119925169069481,-0.9975434666381202,-1.1305473935225363,-0.7140490635895173,-0.7611682538804797
Bearing2_1,acc_00056.csv,-0.03752415532895864,-0.2038039884144678,0.17580096609570983,-0.16928566289162308,-0.4579386919775549,-0.6175695424068346,-1.0776694215340432,-0.9684079709640291,4.402394986730997,-0.7653285834686882,-0.6044993186355578,0.18118898976820344,-0.6463190675391798,-0.7266218105267582,-1.0056271526886942,0.12034876513745532,4.097133683500864,-0.5374688336174297,-0.8109488120543642,0.5141309750572388,-0.5702881614892799,-0.7173796009434222,-0.6677570994681052,-0.20286604204354872,0.08212235807983048,-0.5127451053218219,-0.2503148163054501,-0.8984633203898812,-0.0634228203751318,0.3114097631922745,0.4816952889702222,3.6102587824619436,-0.9721483303649757,-0.24261700928940463,-1.009040928426646,-0.6849506202060057,-0.20474878662307835,0.5130702028337523,0.4956962593671774,2.55901445916072,0.8857392668204099,-1.0491042510991642,-0.9388839283196364,-0.6811968361695698,-0.7611682538804797
Bearing2_1,acc_00057.csv,-0.028824412420881244,-0.17735890864093043,-0.032188104746728174,-0.10250240712908916,-0.4299700739430516,-0.7186090849673419,-0.8565444980100588,-0.9931933805433184,4.021301726173542,-0.6533594459497302,-0.6027161647197252,0.11703602432902624,-0.6706284351464211,-0.7298006653141488,-0.8655883413312172,-0.07608569293276111,3.935266259643573,-0.525880936959749,-0.7160362025275365,0.7892288416929568,-0.6117059529430096,-0.7209691289935097,-0.6308279959291431,-0.20830014388204654,0.033546511402888314,-0.5093556585832346,-0.309078983863766,-0.9670813056019191,0.028913944442903194,0.21466338339707475,0.705881969737453,3.613374049058427,-0.892338106249264,-0.3202926299968752,-1.1525515827133852,-0.7070843764809106,-0.21495457524014588,0.5400956655279538,0.59873734324477,2.5622835363232963,1.0982103771935057,-0.8227412976134724,-1.200916776480473,-0.7254815562757729,-0.7611682538804797
Bearing2_1,acc_00058.csv,-0.019991168889525505,-0.19733817699477657,-0.030776432037389632,-0.173775293531121,-0.4540708784774869,-0.7652507761441952,-0.7316213762938114,-0.7420393291714844,3.6564034485321306,-0.7677295834018677,-0.5387576047541347,-0.04082318139765191,-0.6851190986375941,-0.7280792302108554,-0.7214966424189938,0.2624733374405177,3.41399842202829,-0.5558891152071906,-0.8092846533504988,0.6492876024654484,-0.6782774741875228,-0.7198938792374076,-0.6690857771982828,-0.18419742245599469,-0.0955786271868516,-0.3691558162143948,-0.2605097747687209,-0.8917326476495013,-0.27258466722429486,0.21914137994867738,0.47277722209669565,3.428382548863245,-0.5002751002847851,-0.18084653509284143,-1.087087559898742,-0.6959261004832437,-0.33565105932848965,0.22908184346277569,0.4602007983192386,2.626710764424052,1.257234672942628,-0.4041558579622642,-1.296555080372627,-0.7033545793406304,-0.7611682538804797
Bearing2_1,acc_00059.csv,0.03357716323602682,-0.24554090955347055,0.10141549108614849,-0.2873255351217599,-0.612344026290027,-0.5654506315971699,-1.19564999628446,-1.054300506290861,4.7422444238294155,-0.8317164654617389,-0.6101321632883757,-0.05915202728090077,-0.6969468736028984,-0.7280639137631789,-1.1996385093102249,-0.013964909759831725,4.7344405320075476,-0.6958491951595058,-0.8869002036965955,0.7615830300330547,-0.667290181383566,-0.7186062292869864,-0.6714759301011838,-0.20459876459629642,0.04450962669424565,-0.505041817279578,-0.3174914177922711,-0.8822034956559851,-0.4547825735369036,0.3214441910728961,0.5696891063622186,3.769035069639103,-0.8391892247750408,-0.2737171637573184,-1.1122557836348341,-0.6767280964010866,-0.3780666473705981,0.3743918388212122,0.48916450103324843,2.3707589881212394,1.311955247192083,-0.5242023125203734,-1.2096537934678366,-0.6846538167474585,-0.7611682538804797
Bearing2_1,acc_00060.csv,-0.06542834579590824,-0.2419468834472521,0.41835524502389737,-0.2979884078905679,-0.6911581403566305,-0.5397291811354314,-1.2342709239700198,-0.9653189608306137,4.684115748602386,-0.7132393636293692,-0.5849446444861094,-0.048958378277901934,-0.6899263029746482,-0.7273553461618787,-1.2397950363226429,0.44387035243801287,4.313977724200177,-0.5681113685384555,-0.7676843825225621,0.7064500272001674,-0.6183347172571393,-0.7191875460061335,-0.6826215450894375,-0.20332035108444793,0.0901339899139593,-0.4959519373897301,-0.2967140751914419,-0.9108005470826709,-0.1605918634875661,0.5119997752977996,0.6334307241464474,3.454583787849769,-0.773297282456679,-0.2728205422409501,-1.1652144201242591,-0.6847297584185785,-0.23833730555095384,0.7164804530752016,0.7133969628717426,2.4119217519904055,0.863760013373314,-0.7520021515928356,-1.2038677797460557,-0.6971048384684879,-0.7611682538804797
Bearing2_1,acc_00061.csv,-0.05921751921836307,-0.24136853969570213,0.4848461145990309,-0.29911081555044244,-0.7256230744984726,-0.48881900021241004,-1.2658193601182381,-0.8822055159782217,4.635271372812323,-0.6613230651385662,-0.535543638889066,-0.07895178698375378,-0.6806493023179998,-0.7229594752065033,-1.1830481965984685,-0.04721759825834816,4.56714411436807,-0.4743700349881451,-0.6470569649850463,0.9007555107013844,-0.6640324211191335,-0.7185290706399622,-0.6544397085306228,-0.21045535865558657,0.19321956036788243,-0.5070446721705614,-0.37558610250996555,-0.9208217106670946,-0.23681224595712913,0.7312175353984018,0.3549935516566669,4.1016614680526065,-0.9045412003052317,-0.5065097272784784,-1.239825607065152,-0.6701395924436365,-0.31282664861259835,0.49227073664866144,0.46855051016133425,3.2420106787834317,0.9017396986498658,-0.83556995774275,-1.3905929890241748,-0.6898254209973002,-0.7611682538804797
Bearing2_1,acc_00062.csv,-0.16971180046244208,-0.20190679226724562,0.44749202468876015,-0.23924907369046805,-0.42598129865079976,-0.4470716321441074,-1.1894267674746173,-0.714586508226355,4.305434761817173,-0.6670894548022401,-0.4921230431982938,0.18153464421730067,-0.5959628202418287,-0.7226240415106502,-1.1768568748487103,0.12485595982893812,4.2854817239410945,-0.38125207915700465,-0.6590911469964176,1.0284054584539533,-0.5908486930819876,-0.7098244908769364,-0.6948404835436344,-0.19966031488068625,0.0018000912175651638,-0.5147479602128053,-0.29787077220293395,-0.8709919434352605,-0.3770036435861294,1.130322899998229,0.5869608703771685,3.018411576245899,-0.7836292937638715,-0.3628522158556228,-0.9592210503332145,-0.6773492926762497,-0.33360201018380264,0.968055778000039,0.5880817360928655,1.9936683452710495,0.9289466665530264,-0.648895299583716,-1.064291897694083,-0.6655877273011976,-0.7611682538804797
Bearing2_1,acc_00063.csv,-0.4763028999121571,-0.21996696375776467,0.07765841337094678,-0.48112792439342694,-0.5097818977078332,-0.2155368783343391,-1.0212902768593168,-0.46788276841726467,2.55029709616446,1.867360687335365,-0.12369359420660567,1.621989582474095,-0.4322633015540942,-0.6688101349273647,-0.9909076276663438,-0.37194818729897944,2.569232295592092,2.690434787850395,0.6487237350145545,1.8224947881107023,-0.39031589376425796,-0.671526143855202,-0.7249390553211419,-0.2064892525696208,0.031607384630230335,-0.5486424275986788,-0.3047617614026417,-0.8679832850708346,-0.23215057677429424,2.33028920555434,0.7097133109186641,1.2971380829900976,-0.13888548949672927,-0.28853020814250924,-1.0471743487990515,-0.5602933280108054,-0.3188098650916219,1.9000465981724453,0.9784809550931448,1.0829823643131755,0.4662274212060994,-0.43860498499295214,-1.1312126128598061,-0.6132190240778305,-0.7611682538804797
Bearing2_1,acc_00064.csv,-0.4729779837497465,-0.24612347392765124,0.11358597625819164,-0.4873011665227368,-0.7835599791855612,-0.15248325336513519,-0.9109416930142036,-0.6621779119607527,1.6154540239965551,4.041659816246218,0.22208417085218124,1.580034028248295,-0.4030365008232805,-0.6648958393278896,-0.9509302727026004,-0.05939035391400895,1.4802477144071726,4.044399233348813,2.027358240166355,0.8101821026967224,-0.3103097436010328,-0.6650634521488291,-0.7312571350118414,-0.20610724420323936,-0.1836870121478783,-0.5278435498846201,-0.3035506615437829,-0.754803430499578,-0.18203586420866144,1.6626304698541032,0.5494615429035095,1.3104292539209814,0.1360174494528316,0.197462453883444,-1.1289216946503047,-0.5620627615219123,-0.2820210967399501,1.4984466951386841,0.6799779254245368,1.3264756810095863,0.5460344852686553,-0.32939503939122505,-1.0233968198209236,-0.5974595443868119,-0.7611682538804797
Bearing2_1,acc_00065.csv,-0.45328593900298936,-0.2269077015514821,0.21889106680852108,-0.42800062849269976,-0.6324577928240951,-0.16124761562202677,-0.8995748623314044,-0.6492863771643315,1.5647891302483676,4.1126109354093,0.26731454647263275,1.6171774458822323,-0.39961480456854126,-0.677356131774926,-0.9234959921929821,-0.04324566566816423,1.5279680689483652,3.8215559451383996,2.0518945529080543,0.8855909608042009,-0.3839191582581882,-0.670785654473969,-0.6973881965728973,-0.2101249576617621,0.09807565844561951,-0.5638949379223218,-0.3470960960234822,-0.8434571127565581,-0.23527291677191153,1.7929106257305751,0.5768027354126921,1.4061320487448117,0.15317151541780755,0.141971665353474,-1.1697840955313434,-0.5973180552409745,-0.2980251420135996,1.155458455647392,0.9927357114784039,1.4716809909026425,0.6588654362495429,-0.4464739379139054,-1.1601223253046375,-0.6245441074530756,-0.7611682538804797
Bearing2_1,acc_00066.csv,-0.37346928449952826,-0.20204054037099967,-0.029979679815423734,-0.3773052158550339,-0.3181981538809162,-0.40973684295116136,-0.56173162401924,-0.7237228035045179,1.4888718472946783,3.3506530810199946,-0.09028251414459908,1.3882767996149412,-0.526280228566958,-0.6873601345865566,-0.5451458225375493,-0.3153616102882421,1.3835873257315816,3.258015189822469,1.3813514600380166,0.7861846620117048,-0.4518416326263314,-0.6729395094979103,-0.6983297567201051,-0.19748181300680187,0.17409076588382646,-0.5001117129325419,-0.26705500685790334,-0.8842704425223843,-0.28183350800166074,2.5182284209972687,0.7197815129777608,1.2007615012512294,-0.1495905943401585,0.05630945901776629,-1.14477803103262,-0.6038913778339781,-0.311745597783214,1.987675920269032,1.2045825636346787,0.9386660166646572,0.40071185772344337,-0.5214915651312716,-1.2009372347891263,-0.5982420996461046,-0.7611682538804797
Bearing2_1,acc_00067.csv,-0.5532447251215069,-0.24034901777287168,0.18289737721221805,-0.5639990232808288,-0.6387623268668616,-0.18494366638170037,-0.798149740402777,-0.27678000089621785,1.4213750126214724,2.9161042150199625,0.35510496106483846,1.8826802222034564,-0.22379486827051864,-0.6752894055553661,-0.8193319301286536,-0.008772918009708227,1.5670960576395934,2.819040425253982,1.5459127827368304,1.508317769307815,-0.2498138591096512,-0.6635666790192974,-0.7190062137904092,-0.20203804856879262,-0.05367397955015133,-0.5336980487967254,-0.30624960765230735,-0.8959599533673361,-0.1406444273218737,2.3680602940896787,0.5106921086359767,1.3296388700047668,-0.23721275230071495,-0.28029389764024465,-0.8414688129150438,-0.6114200831250792,-0.1779818236572821,2.331251022001853,0.7586445813922871,1.0680285177831526,0.2943336657712851,-0.7190751554524415,-0.9296333281099217,-0.6263211735393119,-0.7611682538804797
Bearing2_1,acc_00068.csv,-0.4775229162870201,-0.24419215274374834,0.29214729624383373,-0.5234052795820339,-0.6230854716638474,-0.16385340065324344,-1.0489143536672996,-0.2826099810960154,1.7938933126562648,3.4632022233097053,0.2990888165519398,1.8118111228305178,-0.4582651929040256,-0.6784892129065433,-1.0603687390468235,0.09649800940820474,1.843867202833541,3.5597394229458184,1.8488846095780924,1.093171163807379,-0.43631918061662067,-0.6727655538348614,-0.6853404924743651,-0.2015624302541565,0.1084106891399919,-0.5127451053218219,-0.3038865941036946,-0.8623251107623132,-0.11739198682244593,2.3954635689603667,0.5916340931861174,1.5451597320560908,-0.39083563710577807,-0.0359492601936364,-1.07602121077853,-0.6125505593782005,-0.284761597324389,2.010201441094936,0.8611669476296185,1.2516646536316605,0.402272369564354,-0.738632442837493,-0.9884162151108978,-0.6278335182823149,-0.7611682538804797
Bearing2_1,acc_00069.csv,-0.4576594831872617,-0.20147883181256182,0.1511893815580987,-0.4186472313270787,-0.40953315940990204,-0.17686747218843865,-1.0391541420688406,-0.18033618088823766,1.9357008923857908,2.7662286621353953,0.18727674802872638,1.9194293667851172,-0.3954143820517427,-0.676488398163941,-1.0280890321368006,0.4294977472037999,1.8277092478439336,2.882655667690574,1.1988526024338226,0.6757822247498512,-0.26467058918985203,-0.6682061681107161,-0.6906965599592155,-0.19219753561556127,-0.14461886273125435,-0.44942407761457676,-0.21806499048865818,-0.7826420473515268,-0.4196660901597505,1.5482599108394826,0.8734258579300284,1.3900072553498672,-0.06996468498699425,-0.026903471136000525,-0.978141882515362,-0.6139660494597925,-0.4696922321093401,1.591227711681892,1.0458051813757905,1.4961960407431492,0.3140341025479282,-0.8256732461205725,-0.9164438902145409,-0.6278422414806085,-0.7611682538804797
Bearing2_1,acc_00070.csv,-0.4636750242411101,-0.21844405024717106,0.10579305053826733,-0.47850897318705304,-0.5091284807314647,-0.19855622234897657,-0.931993845085431,-0.4904371596079365,1.6569332187128771,3.550327639231019,0.21953481623218707,2.0550565556379845,-0.33247713732921436,-0.6795826596239563,-0.936398415403031,0.051876693668890056,1.5232766588904292,3.5244930219227397,1.8581353781827077,1.1086477131444028,-0.2915736210669017,-0.6655972707924069,-0.703910787673459,-0.20026372529786182,0.228827107188269,-0.48609172869565787,-0.3155304755858124,-0.8029782365998178,-0.44293921412105736,2.2476792018985057,0.5187988429401429,0.9659871667897753,0.16494428446402584,0.15322630141512675,-0.9328888482368999,-0.6103940368057852,-0.33183387544747395,1.7456490788136096,1.0064571689022406,0.8164618299345159,0.43347432595559804,-0.21499482306233827,-0.9865867820978036,-0.6260316361573606,-0.7611682538804797
Bearing2_1,acc_00071.csv,-0.49173413545425826,-0.22631914370670014,0.15027143648695765,-0.4730840028309929,-0.508718263824743,-0.11032811682931397,-1.0167907311060174,-0.690608547557507,1.7576354865205546,4.0922433582130715,0.4136264220574745,1.778622411116222,-0.3921699149729609,-0.6703258240596898,-1.053873377716143,0.065791942939179,1.5340169094406608,4.040943443171149,2.3210284082770243,0.9091482302750161,-0.36730892333080406,-0.6608900864903462,-0.7049072839054616,-0.20482947876288693,0.07034890032333116,-0.5226053140158942,-0.2933462667144501,-0.785045761791428,-0.42081807350668704,1.552415152590088,0.5931693149636085,1.4433091022638431,0.21235199808796237,0.169101727536482,-1.104690712987576,-0.5957143559014619,-0.31542360015858056,1.6689028398869796,0.6539465421868752,1.2018511688881928,0.9564467311703427,-0.5138558405444537,-1.132523837032399,-0.6052807094628622,-0.7611682538804797
Bearing2_1,acc_00072.csv,-0.45615811462623823,-0.23207962924402287,0.4584702391193901,-0.49440974836860874,-0.5632590251371394,-0.14320942765393416,-0.9787095295227105,-0.6369596159963329,2.1778720665901945,2.9637279886478773,0.029870883412576352,1.4987624089333742,-0.43464943220022423,-0.6681162203303359,-1.005317832073013,0.2753526039313982,2.0180919788735836,2.4566523280431936,1.5895494285769074,0.909480253857501,-0.3908813960494824,-0.6641753770627017,-0.7262794265368633,-0.20735507362290478,0.038160703070036,-0.5275354183629303,-0.34088738986181333,-0.7652045233839259,-0.5468022858777738,1.8991941616452543,0.7318673387034252,1.2361973670314172,0.11169321077965387,-0.03869831214284044,-1.0563896708671456,-0.5471170921408346,-0.5787500379671149,1.6599023170751808,0.9391619423567702,1.2184461599710483,0.5901694630331769,-0.5701729085998977,-1.0630335244552103,-0.5609348913526394,-0.7611682538804797
Bearing2_1,acc_00073.csv,-0.4908104912703933,-0.2474692711078334,0.3385797828761838,-0.49328734070873426,-0.8235184647977577,-0.11456966186671244,-1.0235801674309921,-0.3668593383826059,1.6606001300788031,3.8462216883607665,0.1482646236099276,1.1492652500275145,-0.3476227077380544,-0.665820632228619,-1.03602182340745,0.04425508509741115,1.8552110085304645,3.3990563503788542,1.7784460978723151,1.2340106708674654,-0.42235836088826373,-0.6581016133430788,-0.7174490373501637,-0.20562580948049236,0.02804044324484675,-0.5284598129279996,-0.31795012508140985,-0.7966941977616036,-0.2615577671674208,1.633322565509186,0.8317582074277159,1.1762570281971327,0.31632997750063413,-0.41709841037965334,-0.9853219951363329,-0.586959699151256,-0.37112644268158,1.7861502503435507,0.9018505524638865,1.0560803196967328,0.7836798068250828,-0.42796271229737703,-1.2104650000718373,-0.5982368339090945,-0.7611682538804797
Bearing2_1,acc_00074.csv,-0.4987831980426971,-0.19754802867452856,0.28153750331873256,-0.4184601633837663,-0.436833957947697,-0.2816023935659023,-0.8258647434995103,-0.3503004853697428,1.8149395607969674,2.714199831368406,-0.06579306313793519,1.463620928567644,-0.464703656342078,-0.6653829436405276,-0.7933137619774935,0.04156776468513026,1.8938022105970054,2.4045385998132476,1.2571863917104091,0.9284135255582789,-0.43379996527311226,-0.6654262235506436,-0.7499326905328946,-0.20376593210696337,-0.09020295900283666,-0.5358549694485538,-0.26094780037062354,-0.8666820816588545,-0.4458430965597802,2.7721162012365816,0.6031982023580414,1.2893965879538205,-0.04135953473378012,-0.3133472507234392,-1.1022619168622143,-0.552204994750898,-0.4704168971373548,2.197891338456346,1.0286575301801892,1.1130152833777613,0.487027431604969,-0.7372990959451635,-1.1660944111960319,-0.5816437591645809,-0.7611682538804797
Bearing2_1,acc_00075.csv,-0.40735796342364733,-0.21550274899952981,0.4579738711706494,-0.430806647642386,-0.5199527063295976,-0.2195359855253233,-1.0707794043281156,-0.653911728830441,2.942450646471533,1.5795088477521775,-0.017972158121400444,1.040604281334493,-0.4381521723228765,-0.6907648003462491,-1.0741528231284792,-0.2810781496688603,2.8820800550271666,2.2655094996067398,0.3922986182018612,2.3791153581792415,-0.48408667267802324,-0.6865698349332169,-0.6814255138547877,-0.2016712848209199,0.08013971899473202,-0.5048877515187331,-0.2559001906167682,-0.8368011790329246,-0.4390585509395943,1.8252938534268468,0.6496038531682291,1.7955765019199565,-0.16589311532464068,-0.4034728441651759,-0.9234244943109774,-0.6071785977795613,-0.514108874723676,1.6171771639634034,0.8054852725571758,1.902275480237235,0.39363947724159143,-0.6585094603941953,-1.1163403711415878,-0.6243120422813114,-0.7611682538804797
Bearing2_1,acc_00076.csv,-0.3961011809778736,-0.2521903416937637,0.3637453457326582,-0.4663495568717458,-0.7634470762734785,-0.29557262562747993,-1.072687149343813,-0.766700411689311,2.7359567866949965,2.708985377829972,0.0010495339263464,0.8669467834012051,-0.6358318519761783,-0.7008321524049752,-1.049757351157225,0.4383562802065861,2.2408966643762507,2.5028903888087415,1.7037031089763173,0.0996724522040683,-0.6022442511135281,-0.6952944717310543,-0.6960475396180311,-0.20572502251483493,-0.039061705579375695,-0.4893271096734004,-0.366859802847081,-0.9656185907801013,-0.408043060395633,0.8433346445696257,0.6816154534594316,2.48907686175772,0.42877538619738004,-0.09120553394825696,-1.4654187860475325,-0.6786394088247637,-0.3595246254381335,0.8179864017479678,0.8615119183490612,2.649883990769782,1.0161233296783947,-0.6366480781916639,-1.5992387521951483,-0.7045506734484849,-0.7611682538804797
Bearing2_1,acc_00077.csv,-0.4532595301526043,-0.2497840417721246,0.31436377067475335,-0.5106846594367893,-0.741495414112695,-0.25585849256614823,-1.0461354685419384,-0.6115050250393366,2.3411162274471837,3.150569194194446,0.15956583577857983,0.9330395796875002,-0.5908184929227331,-0.6972275545520823,-1.0988889935932546,0.02004766613850553,2.3766948758527415,2.8241665198404466,2.384960667399436,0.30951608974492834,-0.5467824705663356,-0.6937081208297786,-0.7528615414623852,-0.20128452101073122,-0.019865864810876727,-0.5273813526020854,-0.24894977860883008,-0.9423842033334336,-0.4035067887822226,0.82450844036845,0.5544974687130604,2.6888264649962137,0.43820230538935173,-0.34618911675365033,-1.375142130971801,-0.6768390530199028,-0.5388802544664694,0.6259587061333608,0.8674176616430349,2.575033138306075,1.1877474103328884,-0.7373666863379164,-1.4453885443530332,-0.7058298775736394,-0.7611682538804797
Bearing2_1,acc_00078.csv,-0.4009976129225706,-0.25721613025219126,0.33796548468249576,-0.4345480065086344,-0.8614799577330906,-0.19689833821968866,-1.1769240907859921,-0.6529756212404625,2.6022797103211643,3.07221857055313,0.2154908108103554,1.2584824417432334,-0.619916711342259,-0.6891054818729578,-1.1713196017947956,0.18448039411802167,2.362967900507711,2.878886460356946,2.2506669971553435,0.35172913157943964,-0.5348101802473765,-0.6842427256514296,-0.66860811750663,-0.19146719554141006,0.07924956686575366,-0.4142970841419443,-0.31761662059067663,-0.9136329961066685,-0.4754811219790454,0.5688726134688453,0.4244777689807489,2.7891561021357774,0.39703766746703323,0.21310684510260378,-1.4737236005487546,-0.6794256560717333,-0.4093831103932205,0.4683916753838488,0.656152350117264,2.7664210023156754,1.1544497836145153,-0.532435322049484,-1.4847560906148722,-0.6994213660698113,-0.7611682538804797
Bearing2_1,acc_00079.csv,-0.44065054267497433,-0.22356638848992602,0.25502480477634154,-0.3892775642270288,-0.7204985793044304,-0.20746188604501525,-1.0269293958872852,-0.63740171651983,2.2241329431827372,3.2590726394285525,0.0736912183185193,1.5372491397728039,-0.507587472012548,-0.6993528855360314,-1.061858726795638,0.3160528511458825,1.9282439560154734,2.9589533166937136,2.031532090654077,0.7970492674493894,-0.4676455665646236,-0.6892862903064327,-0.7129229752270912,-0.20606289458410268,0.06974475544303647,-0.5390903504262963,-0.3187876673399938,-0.8993505065065939,-0.18825549794091195,0.8556698390808343,0.2960940467196918,2.646490039137479,0.06435748705571923,0.1616700462208078,-1.232900637057772,-0.7032355355742618,-0.3447087388777271,0.8565484368524138,0.339152288244535,2.261224624317345,1.1134618664887777,-0.10352681964456806,-1.3098151298658245,-0.7064060175027539,-0.7611682538804797
Bearing2_1,acc_00080.csv,-0.47156478931008455,-0.22838710332979092,0.26224907561565264,-0.4545642764430633,-0.6725746010810055,-0.17149392568974364,-1.0869351465128372,-0.6887590810917071,2.4546683556287596,2.838548028263118,0.237317256443333,1.881742477779271,-0.4873509541293037,-0.6911649775526565,-1.0760686090323477,0.23452156106608651,2.069526208163099,2.5434070993537645,2.135654907343461,0.9901537549885028,-0.3577248943881471,-0.6918161577017313,-0.7185267261648585,-0.19919296940760073,-0.012343391030924165,-0.5199861960815313,-0.28068652919154014,-0.7867327480235115,-0.4181449866983483,0.5980558405550784,0.2644884877353223,2.2695136025418066,0.6185841074005601,0.3010978402432941,-1.251579121378854,-0.674694577053619,-0.53187317849657,0.4499300380352324,0.29968380464592154,2.562093498504612,1.1896153316292026,-0.16690006181988667,-1.2065002322633656,-0.7131046629193651,-0.7611682538804797
Bearing2_1,acc_00081.csv,-0.4588371895370216,-0.24263577924413657,0.40239272893623845,-0.4876753024093617,-0.6132453500248098,-0.30663955781668095,-0.8266726843115677,-0.5152208900912445,2.0473001458422937,2.620385451162752,0.09829961591278918,1.6641811655123613,-0.564105946930706,-0.7018396533718864,-0.8561299094168916,0.322232638701884,1.773599833600082,2.4013988239322743,1.9502724108577487,0.7313611322564756,-0.545120261859236,-0.6945684768461639,-0.7250850384523446,-0.20663529336627107,0.10738541288400205,-0.564819332487391,-0.3003780503662708,-0.9165324402228531,-0.160539799203632,0.9419254269753096,0.4637212955068794,2.20632783762038,0.2557080812394993,0.22366454949967038,-1.286913353068662,-0.6901783551682391,-0.21736001031804808,0.8544731780584038,0.41271650174363345,1.7559107400720666,1.5974569852955045,-0.07212727062136594,-1.4186052845718187,-0.7105272764438575,-0.7611682538804797
Bearing2_1,acc_00082.csv,-0.3990993491238336,-0.2204294601270785,0.10971914729356456,-0.4487651702003783,-0.5705005169956263,-0.3315960178238074,-0.9508332077742737,-0.7310435656426687,2.93398837570319,1.4308007993097278,0.0022921049365413563,1.5240846750957484,-0.6184732822034652,-0.7025447394966889,-0.9304055877854763,0.5132657740107377,2.448811282268639,1.1527239704207168,1.186356778260519,0.7156859430997082,-0.6134512813592126,-0.6964557605616922,-0.745359339737925,-0.20743082833492382,0.04296198303549391,-0.5577323074885266,-0.30671531006235847,-0.9901303676238129,-0.02115575129048108,0.987834594869453,0.608525407535733,1.6896117013887442,0.4699789810556834,0.4122112778399743,-1.387298212059493,-0.6716625337538931,-0.15048517034392433,1.0463789721532977,0.7661012405814727,1.755363037080494,1.0124299029477022,-0.30862367151333925,-1.3564502572582566,-0.68965477829002,-0.7611682538804797
Bearing2_1,acc_00083.csv,-0.3704033577573028,-0.25722113251994466,0.3156337826713269,-0.4461462189940044,-0.8616390348937242,-0.29720749041224387,-1.020523463569779,-0.8523193657228724,2.4988785804539777,3.0267958940199984,0.22580647531704526,1.3854696239730422,-0.5740426282341483,-0.7063602154104129,-1.0156755334664986,-0.06554391696572266,2.223415222755081,2.6795270751696614,2.317447800211975,1.1337009222307248,-0.5507474753791256,-0.6973757544479422,-0.6870203841216228,-0.20195557510360515,0.02265695260871079,-0.48871084663002085,-0.3053664892193605,-0.9604576268072824,-0.060534359631081135,0.38030428349572265,0.4929591024314082,2.4558490379649456,0.3175127339767931,0.2709271781429423,-1.3658876426033435,-0.6885320952424375,-0.2096770249898876,0.6054325920981493,0.5482983749914103,2.281483328652993,1.3112230353907213,-0.22099112454188438,-1.4749433725635237,-0.7183506621412734,-0.7611682538804797
Bearing2_1,acc_00084.csv,-0.399012513692139,-0.23314779848131023,0.3288295175864017,-0.46952971190805687,-0.6714198844168875,-0.22492891786530914,-1.101858433678579,-0.7125376441096284,2.9036695134513817,1.986893928364258,0.10893527011780119,0.9965680990633948,-0.5592585633589247,-0.669883271619961,-1.0811690793310034,0.5573229457316841,2.325158662873104,1.7968255792698562,1.55035745755719,0.4963470359121088,-0.49530634078113916,-0.6717093530863778,-0.7502580726507656,-0.19819139489174242,-0.016473771844817763,-0.5181374069513927,-0.2537936192633658,-0.82395342823214,-0.21560925917219365,0.6354307432455264,0.6766480141008888,1.8953867274530354,0.34864469722579244,-0.007458284530646342,-1.2540921318414593,-0.5544960987760372,-0.27338139332607847,0.5732027959175111,0.8086328880412558,1.6520877153239617,1.2826416567076218,-0.7143934588291113,-1.1663245422334263,-0.6049428824624609,-0.7611682538804797
Bearing2_1,acc_00085.csv,-0.4356774414855769,-0.2499032585851686,0.17196417458235164,-0.5275207743349072,-0.7090346013044746,-0.1721541735500857,-1.0872189948336233,-0.5735958974301568,2.5172630677863603,2.4088290110842774,0.12148003420577153,1.3698043240607722,-0.483262276282931,-0.651092117892524,-1.0465783651706146,0.6065580913078799,1.980228870485486,2.1198409424096814,1.7004009850308985,0.23885369241029766,-0.38976704960992375,-0.6470017271930499,-0.7436792437820703,-0.20957726669365115,0.01306182311527351,-0.5500290194462826,-0.3642167622802319,-0.7500437321152077,-0.1282030466273954,0.6934289903963999,0.6135924796509156,1.4230018785205296,0.5298323748935534,-0.1346909739141342,-1.0357662728911539,-0.5389962297665386,-0.25988911713607077,0.6915972749579752,0.7462219701662117,1.3993583913545145,1.0342338042718269,-0.8775750880545451,-0.8715117233646749,-0.552205732183624,-0.7611682538804797
Bearing2_1,acc_00086.csv,-0.43034614494231593,-0.21890841835804523,0.6316061002202914,-0.44670742282394166,-0.5176418727107859,-0.2911246317830847,-0.8204898107760932,-0.5692243591909615,2.4149513154247044,1.5554568956646735,0.17356796872596342,0.6350138644184685,-0.440853368896054,-0.6675407750460883,-0.8066708396647478,0.5031681978992197,1.9321988626443687,1.481480563039153,1.231964063205801,0.37353789810594734,-0.4226756680199602,-0.6633064614014712,-0.7406770485302403,-0.2087199835097856,-0.09699664212943493,-0.55341846618487,-0.29803365450034625,-0.8049798580671614,-0.16857341793825367,0.646692955575784,0.7524718200977482,1.4986000566902162,0.5494185917900827,-0.46808413681923805,-0.9956600193621384,-0.5426934396039651,-0.27751387619084483,0.9206622197161287,0.806483946470264,1.6276606880723248,0.9053979287125776,-0.7871582618707506,-1.0793688991651855,-0.5757525209755833,-0.7611682538804797
Bearing2_1,acc_00087.csv,-0.3512397140051939,-0.22473697539101922,-0.021897473002057518,-0.38609740919071767,-0.3766108675926192,-0.24598918170573358,-0.9547097130141766,-0.61026523829759,2.6625709119602874,1.7232999883713707,-0.10474708107619442,0.8636542338982932,-0.47125721740847676,-0.6663772312003694,-0.930265895409386,0.32962163778104075,2.3509521445341854,1.5507797895114719,1.2071930473090453,0.4496573037537288,-0.4831012673876852,-0.6590124914314112,-0.7313073663348042,-0.17240530234272206,0.026297317765102336,-0.3716208683879128,-0.13762004707836212,-0.6439420783812081,-0.19949397727376392,0.6816771167314118,0.49325768103576717,1.2618775228897656,0.24989532660664948,0.21458599775423554,-0.7811327011228795,-0.5652605106036885,-0.21084958643544804,0.7027313722350752,0.6050383461139137,1.3239538740964623,0.6793385208935029,-0.10522532717964864,-0.8917484952931288,-0.5691178197707428,-0.7611682538804797
Bearing2_1,acc_00088.csv,-0.3595441024045632,-0.2498874048309795,0.23067271338183912,-0.4089196982748329,-0.8084227200727913,-0.22056442663605758,-1.1238601354669575,-0.7174219678377495,3.336032999905812,1.0590266383348321,-0.03594962255327376,0.6324672970429582,-0.5235766177077684,-0.6787518938274647,-1.0831874614263217,0.7826740130951559,2.6768348423832404,0.9280885506662336,0.7965607411342243,0.107597155722626,-0.4751690232932584,-0.6743564535960269,-0.7462805944993223,-0.2010559492118531,0.06722864276370662,-0.5352387064051742,-0.2551567585189096,-0.7811536322036382,-0.3234117608442217,0.8045999551235086,1.090152465845554,1.0162529485084484,0.3590292421069115,-0.11625119084453005,-0.9302037349192838,-0.5913263896103595,-0.4031630536739886,1.30055605143558,0.929495841364558,1.2776807606697873,0.6253310371134929,-0.41480701331481973,-1.0581462383368176,-0.5930410478879903,-0.7611682538804797
Bearing2_1,acc_00089.csv,-0.43108104572626266,-0.2596264886024012,0.2716262781840799,-0.5325716088043424,-0.8232179429122659,-0.16949519724953124,-1.0589826191940586,-0.7178410649319339,2.629456135170863,2.3673456878120307,0.22019174004713782,0.8265141266150838,-0.4626505172286004,-0.6692850657172063,-1.0280296745043789,0.13134567288634694,2.3519682525979353,2.1057049397950323,1.9679887615577334,0.3874110881085074,-0.44007136186411244,-0.664155539137125,-0.758052738876822,-0.1981354832934666,0.02829261274934369,-0.5243000373851878,-0.22488265793513068,-0.7276766666739379,-0.21333263573837097,0.5058247043475781,0.6341101006098433,1.5968636444051245,0.4233698870040743,-0.16529761705507404,-0.9236786880058615,-0.5807387686969893,-0.2564420606009098,0.7176261433171265,0.676235537813675,1.5961598385577394,0.7648409462753508,-0.3327626473558004,-0.9841851422469308,-0.6000946223144594,-0.7611682538804797
Bearing2_1,acc_00090.csv,-0.4649269135762257,-0.21959006976336157,0.4702398300671704,-0.45194532523668945,-0.5247432243856257,-0.1630571921797528,-1.045704211406563,-0.5952246614058111,2.529201810125552,2.084540774017971,0.47280685931390903,1.0474998434375353,-0.44734428785806696,-0.6535717818603858,-1.0818697655534733,0.4372492009438372,2.2281941199715973,1.850148221134473,1.9230130392003564,0.5001023200482091,-0.4071841112384511,-0.6477489890020136,-0.7703732874275657,-0.19815233038795918,0.008953523163454996,-0.531695193905742,-0.23733397072774115,-0.7236297663918443,-0.04696525395826131,0.8618387796726206,0.5577339183882445,1.3537054983587227,0.32276510504376826,-0.08129147922574399,-0.9797893758421053,-0.5102684677920206,-0.07571626257336221,0.8936033190439134,0.7694753848490309,1.2740633292851693,0.9272423207116891,-0.723138963381832,-1.0478188834765854,-0.5222433351312152,-0.7611682538804797
Bearing2_1,acc_00091.csv,-0.36899612855959174,-0.22604585881583297,0.27244909285735686,-0.41284812508439367,-0.5335775190079197,-0.1497061541298525,-1.1622066384458691,-0.6770039991625689,3.2010531683258923,1.4182393870127152,-0.04777538882133271,0.4922046489489156,-0.49892310269704343,-0.6576620551382046,-1.137206369173021,0.4168033554960747,2.8752227546690032,1.258906598732935,1.0501462860614141,0.1364370392335805,-0.4319438861202399,-0.6563529736104003,-0.748427547353249,-0.20361889285850424,-0.036186826300515285,-0.5206024591249108,-0.3065501674839581,-0.7376137683419731,-0.04442539701330269,0.9720147223437438,0.6807148625490603,1.210215293538072,0.3206004975044714,-0.4087611497258095,-0.8286973906952746,-0.5306849432569254,-0.09728179106633397,1.0145655742400221,0.8429150208778567,1.287088921419732,0.720287062388984,-0.8715704448565118,-0.882235556707941,-0.5620802713308088,-0.7611682538804797
Bearing2_1,acc_00092.csv,-0.3402676920556986,-0.22246415956137525,0.33470826542251536,-0.40199818437227336,-0.45220292033235304,-0.10262439688325262,-1.2535047726330095,-0.7472070754322299,3.5303414173086756,1.0284976691274574,0.05915362981618353,0.48831550742729535,-0.49439947699056724,-0.6511363828883414,-1.2157627087650313,0.6901391657503473,2.963858909802813,0.9084709899045194,0.8910491114929023,0.2626243030440088,-0.509593840296636,-0.6414424366743638,-0.7492571386605743,-0.17855811225035292,-0.13321853728141253,-0.4155296102287033,-0.18974645868837436,-0.6177402988702088,-0.37827913201130814,0.94165071151907,0.6541610761172328,1.302918610713639,0.2597911596818688,-0.310277136979794,-0.8104230065420642,-0.4847447641529835,-0.40748331356525735,0.8682235988088209,0.8153984253339162,1.1399636697672513,0.7947172991669328,-0.561933827745388,-0.9552070851061076,-0.4573473905808099,-0.7611682538804797
Bearing2_1,acc_00093.csv,-0.4074092918835413,-0.22480102568591148,0.30895756936100416,-0.4534418687831888,-0.5708054516758756,-0.15992349669823624,-1.1630692962565155,-0.43795290276909354,3.5364907773959167,-0.1700381615875797,0.36668293117598877,-0.1924969087066058,-0.4530962251067319,-0.6413556395774808,-1.12642609964991,0.8451501567588574,3.1013728425552896,-0.14216790694509387,0.3690652595076591,0.043730973096225874,-0.41162239387261534,-0.6334713322816731,-0.8033681892404776,-0.1858046688250791,-0.03723354149770632,-0.4692985607635661,-0.2480913446266636,-0.5705085366750247,-0.2213627690554568,1.2787663098377806,0.6396834953622258,0.21921848848885334,1.0571766375169263,-0.5618167807166508,-0.7431038292587345,-0.43080944683631894,-0.08812850260843705,1.2983592204616154,0.6937705385400892,0.7472718794256779,0.843433617871549,-1.0213313591137052,-0.7589040373544579,-0.44699881687020643,-0.7611682538804797
Bearing2_1,acc_00094.csv,-0.3980766878290968,-0.23216672561322513,0.21493745070897868,-0.41995670693026566,-0.6018953118869625,-0.0848828277961741,-1.2343068177359555,-0.5520290362709633,3.7093453818832787,-0.28170520688507433,0.38453376513271076,0.4280001726465703,-0.38302323385584053,-0.6393049141568828,-1.206514820223397,0.8175370556125103,3.269824269944785,-0.2653471244713218,0.20812342910596682,0.47840439018531966,-0.3865974155677761,-0.6191767220604607,-0.7961161632722311,-0.16481187763894845,0.13826890159751826,-0.44310738141993666,-0.06717278196853613,-0.43621911363129295,-0.20193668796699318,0.861000192168371,0.5508691785697915,0.19670723631957374,0.8212297651648183,-0.3034596457838605,-0.5680992890676544,-0.3876256317595239,-0.21750852709736593,0.9674969606194045,0.6233451662849215,0.37118066674773115,0.7356694640314653,-0.5016583149849866,-0.6114033686327872,-0.3648168914845447,-0.7611682538804797
Bearing2_1,acc_00095.csv,-0.34660001569264093,-0.22804761552958627,0.4819388208872929,-0.3965732140162132,-0.5539720680596963,-0.2404298802806168,-1.2002478121398996,-0.8346360313684075,4.156297446291034,-0.442974362103371,0.10967454072965632,-0.14255320112200542,-0.5549039995047785,-0.6727608957669203,-1.1772895774019674,0.9242713319188903,3.464116545669847,-0.39408664197579507,-0.08657585207650226,0.17806278637730133,-0.5478371312194206,-0.6664856548387931,-0.8207413734400111,-0.20163587587218784,-0.004937222268927415,-0.5580404390102164,-0.2717750415423848,-0.5324964779266843,-0.2154226357779991,0.9300520269625037,0.5688898368519634,0.5329622208060882,1.030230704507465,-0.39192682766665293,-0.8282570181496143,-0.43468236310740915,-0.25904734560353404,0.9756401787263681,0.5741596345493829,0.9786092259056692,1.0960168192700785,-0.7209253902274702,-0.8853301931487987,-0.45789685078570247,-0.7611682538804797
Bearing2_1,acc_00096.csv,-0.45474078203872925,-0.22302670112794204,0.2874794383067218,-0.5104975914934768,-0.39053728703844026,-0.22147095922866192,-1.1293473275862962,-0.45617693485599914,3.5075691357401033,-0.2548959109250198,0.6175254236317221,0.16980141828518416,-0.5054901005349625,-0.6547703910323671,-1.074352600197051,0.9579549194772602,2.9379657053039177,-0.20051009967375058,0.43739022696524077,0.02191366166000688,-0.46256184202712236,-0.6384280638672031,-0.8307685853449791,-0.19914867183684654,0.022360524395298047,-0.5461773754251608,-0.2844211690487468,-0.5782489011338015,-0.2224018331549466,1.2469729869736494,0.4278863150027014,0.38039717360509406,1.014098206098712,-0.18290765458030508,-0.8346508751642244,-0.4337945307175423,-0.22196841807366724,1.28388219588612,0.4977324817405033,0.79787358233365,0.9841433170519923,-0.7693269461581158,-0.8449701475861977,-0.4155998625681211,-0.7611682538804797
Bearing2_1,acc_00097.csv,-0.4052829666071759,-0.2311769198385958,0.018005106364893123,-0.46148579034562287,-0.5325541274125469,-0.2471570460656892,-1.0322898302060501,-0.5650049657953309,3.44660015461757,-0.14847905282055168,0.23324495075358334,0.09253209620501539,-0.5027152820747252,-0.6487363787345363,-1.0004207572347683,0.7495574814604203,3.0202722672344375,-0.25539718181849536,0.4435690826712246,-0.17493674879982868,-0.4662440482374042,-0.6393002389125615,-0.812024833622474,-0.2071589724673385,-0.05081374693172796,-0.5655896612916154,-0.33994183044225945,-0.5839158838634119,-0.1881994777056216,1.04599760307651,0.6055692069677941,0.3794751709453083,0.973294694279348,-0.47398489562305207,-0.7315675665696142,-0.4367161018169906,-0.24903750725753454,1.2165955660993317,0.5602544917073412,0.6558015755530543,1.3062857028223154,-0.8395530878382511,-0.9300039507124281,-0.4141279897872847,-0.7611682538804797
Bearing2_1,acc_00098.csv,-0.35438174990500404,-0.24631277722368686,0.3582021191256938,-0.39189651543340265,-0.8015958285561093,-0.2381668149735738,-1.1785455773742057,-0.7158040733142099,3.9870729922962247,-0.3784981960972127,0.009176405936690344,-0.1369201057732614,-0.5108347348457797,-0.6677595574827285,-1.2020195191985865,1.0973418839922207,3.317382962132606,-0.3869627718953215,-0.04536692941016948,0.05942541890289005,-0.4976220590671747,-0.6560985008427888,-0.8150437440354922,-0.20224202391761706,0.07663609877035041,-0.5794555797676545,-0.23865251217324843,-0.5966831543329597,-0.14745180135352157,1.1285544541535675,0.6790697107864602,0.3136334967532602,0.7597222081313703,-0.4402950763911344,-0.6421437984428805,-0.4585829649720977,-0.21584769324817285,1.1002874667824487,0.7744871833617729,0.8632486614078184,0.5964731482614878,-0.6922009026625829,-0.7407776321901002,-0.46170112889724446,-0.7611682538804797
Bearing2_1,acc_00099.csv,-0.4219347543162258,-0.1956798373889514,0.26160273023479197,-0.2910668939880084,-0.33935670815331914,-0.15929831589226226,-1.071022087672919,-0.30677231970107854,3.115447377818661,0.09111277495799085,-0.011865940072590031,0.4837014701921893,-0.29231212072319884,-0.6422297508179794,-0.9883943086192845,1.1087563593034235,2.4480140811295694,-0.007636283498904295,0.20358846852435958,0.6283561116081964,-0.3921743095885677,-0.631761382835382,-0.7738698387271712,-0.19441100152764848,0.005028671988477929,-0.4950275428246609,-0.23906058677494357,-0.49542136807449894,-0.34255882708085544,1.092438695997276,0.4447439938470352,0.6039364174392438,0.613991797976822,-0.4937915145212967,-0.46272092308384344,-0.45214089292304577,-0.275252430145222,0.9236311927944226,0.5841951490316334,0.7028435704426339,0.7437412263493983,-0.3765642802677279,-0.6931067553238466,-0.433468305472877,-0.7611682538804797
Bearing2_1,acc_00100.csv,-0.4250471429368612,-0.24961639049704307,0.18947582656201611,-0.4766382937539289,-0.8144535735148427,-0.14894781691021905,-1.199228655762148,-0.6603991008325023,3.7923744327206164,-0.4637734117300981,1.0157149816925588,-0.2211377751257471,-0.46498389134590107,-0.6499415510674603,-1.1853431418844735,0.9359120306149525,3.1783920543532815,-0.24218433844147147,0.5655994555730062,-0.010929227631812746,-0.476923794757029,-0.6290464801946415,-0.8275066147040451,-0.20515351852958458,-0.009684106445023554,-0.5665140558566847,-0.3432236971709996,-0.5882762556758698,-0.20309977930022297,1.1165861398697818,0.42911501720420075,0.5565482633255574,1.1917691730031645,-0.30841489464122784,-0.9588109611721038,-0.43131282478044397,-0.15277950058794726,1.0392376039779434,0.7007507644815009,0.9116708187365447,1.1383741265258946,-0.6837023450987276,-1.1527138419387772,-0.40586464318737897,-0.7611682538804797
Bearing2_1,acc_00101.csv,-0.4812294917511344,-0.24044954610088481,0.24084900108838211,-0.5211604642622848,-0.5736359967378837,-0.11666232690513048,-1.2041322388387257,-0.06438744820767027,3.1009677986190725,-0.0363585694628618,0.7998788663781841,0.2746107608686973,-0.3444012153361229,-0.6411986699016355,-1.1785347199830716,1.0365551498717216,2.7935438500627816,0.02858811046883841,0.7544157533409445,0.3035112283631916,-0.3216898424425724,-0.6336584123593592,-0.7972406575279365,-0.19495171981288426,0.05389414221580436,-0.517675209668858,-0.2428968961534806,-0.5266118611555375,-0.3771296670833838,1.2907685203477521,0.4894966552993975,0.33664230848964305,1.2734504501739394,-0.49060893058044636,-0.8414866560550982,-0.42028487129503656,-0.3175196166860924,0.9596400785627355,0.6834085457445258,0.9977119806308836,0.9970552322174866,-0.754308252298975,-0.9561132159300969,-0.4081712727477902,-0.7611682538804797
Bearing2_1,acc_00102.csv,-0.3649748731089001,-0.22977236010996446,0.19925792978646545,-0.4596151109124986,-0.6724320957986403,-0.04997373892487446,-1.2371358303518774,-0.4788778879800392,3.671261348212041,-0.40446476763120826,0.571189693469735,0.2511146876057101,-0.450611487667144,-0.6071869283125928,-1.1279633410898258,0.866235433644469,3.0554378750030495,-0.19298807710237864,0.2446573682481978,0.35545143694361353,-0.46457251588614756,-0.6018987960500313,-0.7613236458057949,-0.15080303176487386,0.14896109705115002,-0.36884768469270496,-0.008991960829910831,-0.34468265103658485,-0.24517602999446533,0.9689993045733287,0.42278023768287554,0.10031670706700431,0.7469497294317936,-0.2174439267658798,-0.722667632507569,-0.17941972715126858,-0.2689067469640991,0.7878440485901017,0.4684818609211955,0.48083673568843904,0.7394766337063446,-0.6950979894297952,-0.6836912663450945,-0.17748107774269992,-0.7611682538804797
Bearing2_1,acc_00103.csv,-0.4421183172640334,-0.21943902022652423,0.107874271262721,-0.46055045062906075,-0.5151320831622809,-0.19873951175351934,-1.1911696337748008,-0.4480052738597462,3.5677677514769015,-0.2569638756025432,0.956051238308255,-0.019022518626474146,-0.5100765916355899,-0.65755778590289,-1.1589957320860105,0.839785152986537,3.1291538699288077,0.019354525432590433,0.5738988407507245,0.1817229420442974,-0.5083689621426253,-0.6451126026403107,-0.8015453805516863,-0.20537673868601872,-0.1305642688676578,-0.548334296076989,-0.33445973620447755,-0.5957664401736195,-0.255960024567121,0.9392473133350174,0.4484594162710192,0.3618171064031393,1.4107353713278654,-0.08442760251949091,-0.9652905828466093,-0.46607975130950996,-0.36165650826731344,0.9503201834380813,0.6263808184784551,0.8871227012788564,1.4608286257194636,-0.5122229448557925,-1.0884322990629707,-0.4918968563320406,-0.7611682538804797
Bearing2_1,acc_00104.csv,-0.3991239327307968,-0.24669076623973735,0.3270133064302364,-0.46653662481505814,-0.7565090467419541,-0.11866320337166723,-1.2018328991012617,-0.691952025202877,3.8675220869254248,-0.4584784654860986,0.6581004589512768,0.07310590171433971,-0.48009922727085513,-0.6464458715801383,-1.1979617254634116,0.621560388502354,3.5352704049994967,-0.30426425612617086,0.3696115319780334,0.09993941044370801,-0.45903241389442606,-0.6327695545057319,-0.802847038270227,-0.18891939119439335,-0.0458504657241227,-0.4899433727167799,-0.1834637202176742,-0.4758145897585896,-0.2723330539201221,0.685278428410767,0.36716148877834154,0.44104417908322446,1.2087478607432944,-0.21194112974569332,-0.763308489122922,-0.4012445510474415,-0.29295369965025075,0.5364375118247526,0.4429570157541111,0.879552506300352,1.29188283626176,-0.5672667393630626,-0.8092420126376944,-0.40308471254172834,-0.7611682538804797
Bearing2_1,acc_00105.csv,-0.48747073063143154,-0.23319655364325442,0.38952005018492075,-0.48917184595586105,-0.7030767485119567,-0.22667973274038183,-1.1385328393307717,-0.31065933805187707,3.3934665534092203,-0.2928771366609373,0.6069099181807368,0.07125886982662734,-0.42715355383465325,-0.6578063234911689,-1.0754704583352759,0.8904506520250004,2.9792258662024103,0.006601222439404921,0.1850510948087961,0.025044324895205288,-0.425662688049051,-0.6487432236435813,-0.8478649684665484,-0.19956720654556817,-0.05546356490315379,-0.5594270308578202,-0.2821284566528428,-0.6395362802177038,-0.16261470298392033,1.4942477107169476,0.6324759098839062,0.2838701067537508,0.857460970482475,-0.4557362734361204,-0.7719718411585286,-0.45389072465430264,-0.053920029168276686,1.0345412043875286,0.8275601674125026,0.6840426657952429,0.8628572831087985,-0.7371693385119994,-0.8762314905299429,-0.4498380842930666,-0.7611682538804797
Bearing2_1,acc_00106.csv,-0.3940124047339857,-0.22951593814136087,0.4913621453601395,-0.4725227990010556,-0.5771933465592882,-0.16520937000756958,-1.1911978415686149,-0.6420296096062573,3.786352861090608,-0.4206963090155047,0.604387079832909,0.4054604853868865,-0.4660709248011788,-0.6527596899027366,-1.1861144460496713,0.8104840983622617,3.3084543402457407,-0.2991060195323427,0.4158231534116569,0.2518595367565265,-0.41737545249276026,-0.6486176210933506,-0.7885057507138176,-0.20284962300115858,-0.057392960673236286,-0.5455611123817812,-0.2735679456548842,-0.5319224745716974,-0.17030118416017667,0.7735442193112511,0.7809969850805658,0.060971585702705396,1.081555140335797,-0.09746035778576803,-0.7607911733589663,-0.48194265269969805,-0.2540896845115251,0.8749221406833407,0.7369884326632441,0.6367317788832205,1.060151473488071,-0.55190494124196,-0.7614322204037653,-0.4929509224156283,-0.7611682538804797
Bearing2_1,acc_00107.csv,-0.48288828056996724,-0.23272468871098612,0.1080762400215663,-0.4534418687831888,-0.6499540921350622,-0.20377972827161894,-1.0635579194991505,-0.39973757813313604,3.3242836145256924,-0.33329029286999184,0.6649964665965736,0.2190528749280287,-0.43542878169910776,-0.6504947489077787,-1.0467862022813461,0.975712941786881,2.8175800740349417,-0.09473555221711856,0.2554420983981203,-0.04001369732630843,-0.3692933077388666,-0.638214313853703,-0.8125383448147009,-0.20498570813099012,0.08839893053453958,-0.5517237428155763,-0.3159987544286919,-0.6127917852549182,0.13355122372740033,1.204370481869382,0.3326453582818363,0.4388698361762811,1.0856000220848654,-0.24189837691286628,-0.8848664046668845,-0.4676879714794829,-0.03236615837215953,1.1632422022978612,0.5658346159509043,0.7380006920768781,1.1177083832279995,-0.7294447109114743,-0.9429073111864653,-0.4457135967677142,-0.7611682538804797
Bearing2_1,acc_00108.csv,-0.44539109925516784,-0.23133717739935497,-0.005390361439614947,-0.46597542098512096,-0.5595556008399282,-0.18986475479970563,-1.047669680958436,-0.5790997276079856,3.4188984810078207,-0.26930305848029873,0.5454589547334089,0.20150277722784274,-0.4435245748175578,-0.6356986213522664,-1.041372484911982,0.9782515878437722,2.769825131783227,-0.068642470544575,0.25081124902252266,0.2197296029201348,-0.42287175632302726,-0.6293957477363623,-0.831272391481823,-0.20427012506641323,0.03480178032162978,-0.5866966705273639,-0.2477096919952068,-0.6071797316749766,0.13689693772747363,1.0413521361060145,0.5883620926812008,0.3165366490906182,0.7081668465124832,-0.2271475034704145,-0.8526452563795648,-0.36536926487851645,0.027993876969838873,1.2505195561660367,0.5894888787928447,0.4000936087962165,1.0313761665981669,-0.5678457782618003,-0.9482455176821146,-0.3869776537122792,-0.7611682538804797
Bearing2_1,acc_00109.csv,-0.4440835744552139,-0.19695330435489666,0.3454996855049121,-0.3761828081951594,-0.4389818365927817,-0.10113071360816916,-1.0481120251192935,-0.40080371182456304,3.1970532692739826,-0.3927333624573519,0.6020337331898792,0.5145076296620137,-0.28580053778903797,-0.6246467905924649,-0.984223905323493,0.6503244551722268,2.8476710859927574,-0.28070819543663134,0.39226603642772256,0.7158723726851041,-0.35639072483879575,-0.6183505286517099,-0.7902670027935111,-0.1160128513254439,0.40015787270488906,-0.35066792491300935,-0.07019983117563473,-0.34214370671032834,-0.2159073152088473,0.7237857652371411,0.30002429175925754,0.15075433454843448,0.7814726105044685,-0.15729976015547895,-0.428156720710471,-0.33169530769256617,-0.24541159620456585,0.48729655904825625,0.5195079150411053,0.6128746894515799,0.8739467108624508,-0.4439611410954819,-0.5643780681367375,-0.3694580271370576,-0.7611682538804797
Bearing2_1,acc_00110.csv,-0.3609521899999869,-0.25734910597955524,0.38402278962839,-0.43716695771500824,-0.8518885187890504,-0.22553263287185418,-1.0656063267483074,-0.6499268521032713,3.6398613103855393,-0.38241317611561193,0.40278510403445456,-0.13842163796520607,-0.495712944281905,-0.6488324514221052,-1.0318827106427373,1.0089669607154477,2.939088829717245,-0.36327332914702776,0.18881552989607017,-0.15086925469375703,-0.44748673653405746,-0.6398446841309157,-0.7557492311571132,-0.10030244945384267,0.1887379990584265,-0.19506150645968162,-0.14759987253543624,-0.5279308843289896,-0.05397242445402558,0.746837105940325,0.46093554866534364,0.2898931249560883,1.0146893895191929,0.10877714588472788,-0.8019265409872746,-0.45417256281900703,-0.12048366228015413,0.8262000763995353,0.4522058794197268,0.7675856461100812,0.9941263526732517,-0.18992853948730662,-0.877058942774642,-0.451868187152974,-0.7611682538804797
Bearing2_1,acc_00111.csv,-0.48552845092406005,-0.20800307705750207,0.10795685962459224,-0.46616248892843337,-0.4766156212681332,-0.20099203685355038,-1.0267771212194197,-0.3992526441366613,3.180467793462447,-0.1479325453647789,0.5661956161890225,0.22747785040476162,-0.42526408369557417,-0.6356217461045996,-0.9748125311396755,0.7609008616216735,2.7584194196565814,0.08686196391949257,0.26516478403505467,0.2555258010623514,-0.45574374823164426,-0.6205116096443754,-0.8347462130602363,-0.20414135401070949,-0.004760181862432879,-0.5768364618332916,-0.30201352455905933,-0.5360401712762087,0.05203642566090015,0.8841186037799881,0.4814479929363406,0.42599291735225037,0.7696610036676695,-0.12234835883738489,-0.7964130334340017,-0.40247167875258694,-0.015430762906775062,0.9547354940710652,0.44164882707902414,0.8833078137557052,0.7093374808287253,-0.41549114414893634,-0.8835811038384851,-0.3747822375978707,-0.7611682538804797
Bearing2_1,acc_00112.csv,-0.4676833472083524,-0.19239875043040697,0.295148883669255,-0.4003145728824616,-0.3508712687836962,-0.2087775543757223,-0.9348680581755177,-0.43783110914279505,3.0072447041464283,-0.07624649786517462,0.535222150677691,0.21119866490836983,-0.38392839507427057,-0.6334752591800324,-0.9099565547635216,0.6215309212647295,2.7342071822572263,0.05669747759060077,0.4326464994771171,-0.05417324730255346,-0.38431461305668624,-0.626846433413214,-0.7807545434834311,-0.19472973644072772,0.00010338985124432628,-0.5538806634674046,-0.2015046325574896,-0.5663794901825424,0.3852122377756876,0.29727181282480786,0.3792620285058825,0.5627569956268942,1.0254818354045363,-0.19376933121488338,-0.7688195787741362,-0.45552878502378524,0.18685272196485195,0.1916950170164845,0.5489056982337325,1.0664196468105118,1.1149272407020245,-0.4787591330142418,-0.9235937084771191,-0.44929098149036045,-0.7611682538804797
Bearing2_1,acc_00113.csv,-0.4786482437849102,-0.20628270530273854,0.4123439809466674,-0.4115386494812068,-0.5559076341279495,-0.179234104776567,-0.9347958530033236,-0.2961803035097454,2.9017787642485966,-0.3090547651395903,0.6129462532783722,0.2909699754396007,-0.3410038127849574,-0.6055489713928207,-0.9223782712109055,0.8778891219723284,2.4958956215240233,-0.06733545298176845,0.2807198335276872,0.2854389847822493,-0.37512677905689407,-0.5977487133139845,-0.7957854416146467,-0.19442624728782776,0.06871508999474288,-0.5058121460838024,-0.2396156982315,-0.5045771652859444,0.2934837057633456,0.8464514073630894,0.34060452958046517,0.3515108131943864,0.7725787847287391,-0.33301316419621485,-0.679482593228199,-0.3585467667992663,0.04483738095629193,0.9834587989763276,0.38350353247694774,0.5221657222996652,0.9725849058556911,-0.486704806450301,-0.7974805336359991,-0.36492455977578636,-0.7611682538804797
Bearing2_1,acc_00114.csv,-0.452241037042624,-0.23534146056764582,0.5262247161884571,-0.5164837656794743,-0.5469677845068197,-0.1697917497929895,-0.954977128794627,-0.6650662590652355,3.255603430306701,-0.1483347548052341,0.3090649534913525,0.25090766406586396,-0.3837827911599813,-0.6144127036460586,-0.9644880093400977,0.81713201889973,2.712580276795949,-0.19718078465835623,0.38229952638027415,0.276787659870476,-0.41496854089832375,-0.6085439548894908,-0.8035514858243125,-0.19356195475352034,0.011763923602051791,-0.49949544988916234,-0.22069896586162108,-0.4490928412498174,0.05900587383559396,0.49871494700294605,0.4807357026673161,0.44991379681937743,0.6328096795531941,-0.31472173200308134,-0.5992337796757894,-0.3308304197161932,0.10453605027642837,0.582444159968788,0.5034906105682917,0.5813205171877719,0.869638900870536,-0.6881268147239777,-0.6848855305856999,-0.3206225417514328,-0.7611682538804797
Bearing2_1,acc_00115.csv,-0.4501274279928874,-0.24072422116185452,0.09367673266583003,-0.5058208929106663,-0.6002235160333533,0.024264774210793254,-1.0721253488814964,-0.46536063661388033,3.108047024300181,-0.1137705349995573,0.22279568919797418,0.287379470354543,-0.3516633131883342,-0.49393258290178305,-1.0452252741787535,0.764852950618217,2.719205993338452,-0.08969217938866748,0.18788356711903603,0.15438652939042427,-0.3776440656355204,-0.49711041663186284,-0.7835078040137289,-0.2023102241233566,-0.048164001106350114,-0.5495668221637481,-0.32032483590969096,-0.24226312773648975,-0.28290244814937476,0.3964740328951493,0.42035928914412546,0.09597212174067163,0.986033363483678,-0.46727660348661104,-0.682421132630394,-0.06840446737985263,-0.26880212923437935,0.418770017661533,0.5542978031003485,0.6038134343426846,0.8246813648472628,-0.9101439089187412,-0.73660985679419,-0.10157021344470961,-0.7611682538804797
Bearing2_1,acc_00116.csv,-0.39770557295368275,-0.21859512823030447,0.577563549082917,-0.42051791076020295,-0.5852484361337896,0.0855325520253249,-1.0909922948060424,-0.5971069991420983,3.197112136888715,-0.22523056417849002,0.2848212262974408,0.12675785527717132,-0.36555101425484454,-0.42809615363844117,-1.0937224637594916,0.6070352183545307,2.88198904004908,-0.10739622218240277,0.07697738735190578,-0.01326295326723575,-0.37671568782063997,-0.42392170629775033,-0.7540792667727295,-0.17750902020862433,0.027991567559366125,-0.423541029792637,-0.20686452125473365,-0.1914903586563196,-0.32808803790369634,0.635211252773838,0.4115846099843997,-0.10916690255712792,0.4711373291089417,-0.39803582348653455,-0.5865298546485076,0.11394482985901472,-0.3991821710057771,0.6006232590088406,0.6122712392578957,0.3457868757135372,0.07379152325033382,-0.736195779801001,-0.6353360978686153,0.11137636498106034,-0.7611682538804797
Bearing2_1,acc_00117.csv,-0.47931223504351833,-0.25017320788923947,0.2864505710258706,-0.496280427801733,-0.7007654088289881,0.23982080011569784,-1.124890376095261,-0.3164718877696027,2.5932607220283295,-0.3360323643491298,0.6464072643881723,0.41595396296768744,-0.18915857484728155,-0.21585859738291477,-1.0398120140679554,0.6012348391343482,2.1072262609660557,-0.1674878562437547,0.4045460999061972,0.4498537797023127,-0.15841555797139215,-0.2149124745259007,-0.7542010302403034,-0.16428459166779608,0.01653662124520725,-0.44125859228979813,-0.08163821125993045,-0.056819551985875405,-0.2787982034427452,0.29817621962091356,0.17734338332341573,-0.2764572135401288,0.6844419663186854,-0.6010085711421458,-0.7329014126756043,0.4622613110088252,-0.2964826036358622,0.39986904855489497,0.07696020408906215,0.29076764058707033,0.4339330204496855,-1.2189635283242743,-0.7206534077781503,0.46021735193997404,-0.7611682538804797
Bearing2_1,acc_00118.csv,-0.4026796332461327,-0.2436028530985059,0.33415615131404314,-0.43772816154494554,-0.6808179413786133,0.1364226740280539,-1.2035973838885043,-0.5134699594736675,3.353532314219365,-0.33041392495972133,0.3227151565483698,0.28617706764474504,-0.32004766217580927,-0.4519377142335583,-1.1949504626102534,0.48622541326502816,3.214702085850513,-0.31126565509983994,0.22336333840749756,0.13640562408014306,-0.25890931559755365,-0.454950216191325,-0.7456229177267468,-0.1817049092602421,0.01396760593994567,-0.4811616243486218,-0.1535110383161853,-0.1410634568838763,-0.34442533160019506,0.5768998569845043,0.4026572607700028,0.20797847143650602,0.2577937805363648,-0.5834174439967018,-0.5460089028445415,0.11726163749546188,-0.376690621788619,0.6607539833132626,0.42056947816348067,0.30905494681686757,0.37817098485404854,-0.8297210292544986,-0.6277702740554674,0.10353955115454963,-0.7611682538804797
Bearing2_1,acc_00119.csv,-0.334234768375161,0.8153761035620909,-1.6090310603939681,0.41305684463994,0.6196422825897279,0.42205476192986124,-1.2229229151409104,-0.6526575161045569,2.829753193531897,-0.38418127506906996,0.5147790390266453,0.9575440447005916,0.6039900082223647,-0.36703362216915214,-1.1745588338205906,0.2591231454233866,2.395930574138078,-0.08730131474710882,0.10982994988588783,2.8534144186858517,0.2950756084951043,-0.3749667880818662,-0.5143254323963413,2.1705218138381257,-0.5719254197054113,0.775244655341366,1.7965007667535606,0.46464080431375737,-0.5683301925248592,-0.363698616785229,-0.23491375205242904,-0.5604653110706579,0.018839735882237203,-0.41912714587781885,0.6769346058956865,0.266303718889735,-0.6283365695128219,-0.3649539854739424,-0.3307803593972931,-0.6852886460288611,0.160657737858013,0.6267479792503781,0.20887008130584392,0.28233593591668493,-0.7611682538804797
Bearing2_1,acc_00120.csv,-0.34856647729533424,-0.20496354193679955,0.018899694954423334,-0.3183788137116217,-0.5330407534792048,0.27931002851329817,-1.1651414197501988,-0.9242261665266942,3.384404414914217,-0.3061533080175014,0.47850410926199666,0.5580302926929637,-0.13293035581461204,-0.39761993848670907,-1.1814201058531435,0.41000872480925443,2.9298342615747868,-0.16398783583871543,0.17659144013534217,0.7465027835332931,-0.16295085787431451,-0.3900517206115472,-0.7003608157606086,-0.16298908942650014,0.1535475075362452,-0.44033419772472887,-0.08722997602782546,0.07602526465855475,-0.3802547921379004,-0.21225188758155392,0.23710125296104653,0.06598886176878087,-0.1378046808838815,-0.13487090851353295,-0.19768313996846054,0.2507012628068438,-0.3381012873381628,0.13191217193864319,0.08003490154012972,0.2701792544346981,-0.17233629569056666,-0.6146023364580849,-0.1650436651034079,0.2612841545869043,-0.7611682538804797
Bearing2_1,acc_00121.csv,-0.42018766400604435,-0.22351637887782172,0.32730277548087566,-0.49646749574504534,-0.3356910742335774,0.28652956866803003,-1.1508412517135609,-0.6686563949808874,3.0667299958070755,-0.09752143647144965,0.3308721734228847,0.4010329408909068,-0.12762517972151702,-0.3674722613135037,-1.106637724934445,0.4890436884926672,2.5439357771906854,0.002500686466445484,0.33057400584095736,0.49853501289440644,-0.07820867376549975,-0.3673710579969202,-0.7038659596609913,-0.14985318760971392,-0.03261835523638639,-0.3600659363245469,-0.008821965277678622,0.06800704238519927,-0.38637312139641317,-0.06376435487736039,0.20789896948675626,0.05384688956829525,0.25388520760568517,-0.4096089431039319,-0.1975639761369711,0.15799714570644605,-0.3705405776218166,0.07483551792725064,0.07787945104883043,0.3157799024916089,0.25055939000669786,-0.7679145352312906,-0.028520265451820563,0.08372237712593752,-0.7611682538804797
Bearing2_1,acc_00122.csv,-0.4576026008549802,-0.2254472675450441,0.607580467640716,-0.4843080794297381,-0.45673770743332354,0.27925035635491713,-1.0666185391771486,-0.4817207957668181,2.5728518858441487,0.08792374843439525,0.38539974819050665,0.8202587672013802,-0.06638134164524478,-0.32211083486187175,-1.0601102855510132,0.39540309783518496,2.3367570272304343,0.07618114282046018,0.6775699953937494,0.5270014727740088,-0.07174568724655,-0.32827808795498725,-0.6872936982849795,-0.15694501045128686,-0.0702289997853388,-0.4126023607726506,0.017674242801844174,0.08371380831968975,-0.271370848118218,0.1409806016953245,-0.010229437460649337,-0.10340341675482091,0.3532745740113806,-0.5295437220266274,-0.1997974356082278,0.26069130718826916,-0.2851738923655499,-0.08961814199335569,0.11377850704084758,0.1788458193630961,0.18049013460634758,-0.917087286894054,-0.13341578916150357,0.2673679691260545,-0.7611682538804797
Bearing2_1,acc_00123.csv,-0.5015363128354671,-0.21637238481688936,0.4691322023880591,-0.4227627260799519,-0.5737909255952872,0.30260983208622994,-1.0984378427854486,-0.2496271078138364,2.22694594619829,0.2953561864569746,0.47528494852821573,0.5193177269480477,-0.05819391895800837,-0.22696155967681977,-1.0903287186116655,0.6773118327379216,1.850306160582569,0.32421253369481695,0.6959778788228979,0.7868578966002596,-0.1194350062783163,-0.23011193126107354,-0.6971585243722109,-0.15433036542273967,-0.06212045795008619,-0.3710046053445333,-0.04858393489980866,0.08082876496209333,-0.46558767161624676,-0.02022259661728544,0.10952038503734177,-0.09864056282068537,0.675069653501728,-0.7881124338768626,-0.2603783778684819,0.28063613499861717,-0.5126803802722246,-0.12403191942205857,0.1056682957787314,0.5379634291981811,0.31629352028853314,-0.8514211310493957,-0.33226194436434864,0.25559013497841243,-0.7611682538804797
Bearing2_1,acc_00124.csv,-0.364201027986018,-0.19538215950425047,0.038716620308521424,-0.31445038690206084,-0.5025664437825129,0.4126875572463325,-1.194109525593473,-0.638413515087902,2.9561404171305714,-0.2094537950370221,0.026896528904809543,0.9270022093045197,0.033381157029378376,-0.27584954501386627,-1.147431286032917,0.32395412848617755,2.6606814217233827,-0.24361246097262304,0.14246079017178379,0.4746220677367021,0.05340095510659759,-0.2756328416433325,-0.6355136505193393,-0.12691856444595548,0.08464208317630167,-0.3571386868684942,0.15955166097381102,0.2299830676333503,-0.5372756533611764,0.17775025262760344,0.07734040168200773,-0.28072078501999564,-0.21006382120486158,-0.7622894262466979,0.10265375025633441,0.46851917707100066,-0.48297355904168965,0.07664188532370063,0.07114094661048659,-0.22430138229886112,-0.2937702487067844,-0.8143035556194402,0.059159575056970774,0.46783106511941297,-0.7611682538804797
Bearing2_1,acc_00125.csv,-0.520626501555414,-0.21871222752901603,0.1935243256774554,-0.4916037292189225,-0.5311442954590144,0.35426810550158633,-1.0294240737737361,-0.5429495990864366,2.5057907996296906,-0.17467046423440485,0.44187259617895813,0.7545708800242336,0.16510440275561486,-0.3073369047468503,-1.036264918483655,0.2581103865003927,2.2976493419740764,-0.09672545370352675,0.39683493171949097,0.768257544911259,0.2132664221094871,-0.3140099633907207,-0.7412383996281531,-0.14289313648949598,0.07082261584901302,-0.3763969069741041,-0.04424782533523082,0.14549963537966384,-0.27810763342643735,0.08701108486526409,0.07848443152926735,-0.262282522570347,-0.03601979381577015,-0.44968237685806617,0.001460855460191907,0.3010860709797828,-0.39395654059458257,0.14874110206080207,-0.0029986008862124213,-0.19808807582007468,-0.09007743138862542,-0.3489104508788145,0.09398762874892895,0.21783474932245447,-0.7611682538804797
Bearing2_1,acc_00126.csv,-0.43605557443439596,-0.2397593525099515,0.2807558161394691,-0.48599169091954986,-0.7091231886174533,0.23597533443158408,-1.206272145734892,-0.6045380102173168,3.3218246450631774,-0.530867651510325,0.6205253739528591,0.11855600078554397,-0.20867159025421314,-0.393259188974046,-1.1825388287199194,0.8045300901785043,2.7301594279505434,-0.4224961048558948,0.2828029454259981,0.4594168273414463,-0.1995450999395066,-0.3971327140799226,-0.7424608059323737,-0.18173225991299502,0.13809330959365246,-0.44464803902838546,-0.15010851461304878,0.06861106285181513,-0.4105081886491559,0.23756667259126646,0.11620498462342929,-0.19376424755804436,0.5320780417962054,-0.46939941929408757,-0.41099827783386766,0.2964936543575282,-0.48700498092023586,0.32229382572465987,0.05798881788171424,0.0181660883122252,0.5346868214395059,-0.6129566478325511,-0.41888159811144104,0.24324065720617624,-0.7611682538804797
Bearing2_1,acc_00127.csv,-0.39430494901679164,-0.2197350547908285,0.2166235604981172,-0.41378346480095574,-0.60895233619857,0.3455757887255963,-1.0991830081014087,-0.5384091219604853,2.833857603669512,-0.535509627068793,0.5800948724709308,0.6580655057681069,0.004081053909377182,-0.3135811583157645,-1.037253321891662,0.7271369761211713,2.1084124187728257,-0.39657135292187856,0.3008285087079738,0.7474390246290388,0.056803403565764035,-0.3130377002656033,-0.6779238418227679,-0.13016883164482307,0.049410018162313565,-0.32231982491755157,0.12260189474148853,0.2614858595828818,-0.33223886532584934,-0.034741898672284936,0.010904582377416448,-0.38253124471986505,0.2569269277812038,-0.660013574525107,-0.19708970517415492,0.5216821498706307,-0.33617085894165344,0.016933916026450002,-0.18114138008627273,-0.09073880589045044,0.0878380483166125,-0.5300541795529624,-0.3356569760059612,0.5165196628873971,-0.7611682538804797
Bearing2_1,acc_00128.csv,-0.46287005547457855,-0.23586499362176472,0.25844049921285495,-0.47738656552717856,-0.720360321005603,0.2785423552400386,-1.1351948023566183,-0.6276906186440389,3.0216560895880527,-0.47598802282664543,0.66145771868331,-0.13440475841808178,-0.19023188851874098,-0.2784953462699685,-1.1213483226505712,0.5655886228701295,2.5920751971365705,-0.26558060592276794,0.10834051574024414,-0.015799106523850904,-0.11950567523335003,-0.2785781759923476,-0.7358088863049885,-0.16948371648127603,-0.058879420514629605,-0.46683350859004796,-0.05040841912521172,0.07208798610414499,-0.35263636351188105,0.3415275968545984,0.0709577996853826,-0.012731239277278181,0.19862829106313987,-0.7429057669187681,-0.7945208752238264,0.7135673857309459,-0.361549306348376,0.24357309963443774,0.15956496243131435,0.25713048851710846,0.06239926250019257,-1.566950910231024,-0.5710260921455489,0.6430453169792922,-0.7611682538804797
Bearing2_1,acc_00129.csv,-0.4805285644484164,-0.251466040752183,0.20794956490971594,-0.4796313808469276,-0.8733611153234757,0.29734396245114575,-1.1293549181858178,-0.42824314095683014,2.783525314718498,-0.4648079415080334,0.8004190107515649,-0.285369325133128,-0.13432574491270322,-0.257510846654653,-1.1240891930642276,0.6389194080831331,2.394987219054774,-0.4267400233405293,0.6135927124007095,0.033015360037150436,-0.1619018646609099,-0.2275307717884399,-0.7427337324311187,-0.17630572108351905,0.06487700597129849,-0.4919462276077633,-0.12238051006004518,0.08285887979729849,-0.3028918002100602,0.6027924682854393,0.16064052492851325,-0.16843263946358167,0.20560793914191755,-0.9054269508447665,-0.611695786559987,0.5860393790933258,-0.3959846789149264,0.6584053714008526,0.10024529333843912,-0.030909939123648252,0.20675560404204119,-1.2695020988849008,-0.8633486244306234,0.7039926662910352,-0.7611682538804797
Bearing2_1,acc_00130.csv,-0.40955643775112216,-0.23154728006379907,0.048757612857162444,-0.42238859019332714,-0.7213837546432298,0.42250625021169824,-1.1831996151383217,-0.5035344293088992,2.828324260025997,-0.5371082361704392,0.5286486962276622,0.22473045314773976,0.1753397501002636,-0.26872377709414147,-1.137182509435988,0.4498243531584989,2.4676081917778734,-0.45548168403409717,0.3069060906718406,0.40593398468981423,0.23383715094397367,-0.2762042705852375,-0.6703099744478226,-0.15124482495805444,0.15242766703713576,-0.3793241564301568,0.0665390694006822,0.2579190728581096,-0.4281211299347865,0.0057828826472086665,-0.012401500692977855,-0.4623737606667662,0.22350810673675234,-0.9479962590003046,-0.0651353072816157,0.604104127596655,-0.4841638783521817,0.03112118014778974,-0.11420053419170756,-0.1311841480565271,0.03432965664246805,-1.150391891806346,0.026429293677668643,0.5309079198362225,-0.7611682538804797
Bearing2_1,acc_00131.csv,-0.3608031484627724,-0.22510761089662204,0.42009558570791256,-0.4029335240888354,-0.6481995285715679,0.37003432671349706,-1.105676318288463,-0.8916532605574097,3.071326038246773,-0.3782039425401964,0.4799825183116761,-0.43550910570871515,-0.18026214466447216,-0.1924013159000147,-1.1192965126162797,0.22202032198018704,2.7147533338684693,-0.4136721140207192,0.4829519298666182,-0.03713320468797399,-0.18746171059801686,-0.17741595061908272,-0.6780953718272015,-0.1326690195039729,-0.022419038468151107,-0.3938063379495754,0.09528426264878392,0.23280743925864925,-0.3373092781253892,-0.026734140701380374,0.05871904899647201,-0.2868295820697472,0.10315705528660327,-0.8777619263427523,-0.48574611215870134,0.8066608912527001,-0.4009636275146844,0.24086199260067265,-0.13022041068554896,-0.2179894301864828,0.13969805206255492,-1.4822176203826585,-0.4907926709684249,0.8547248311929898,-0.7611682538804797
Bearing2_1,acc_00132.csv,-0.3461618876037185,-0.2298754758760932,0.44389677974132663,-0.39750855373277527,-0.6976999101857876,0.5229967980346841,-1.2444799399440931,-0.7533524493369355,2.989182499864621,-0.42771365250070353,0.14483747762806104,-0.4390318597129916,-0.1265823790774758,-0.015071798189153041,-1.2342724312230888,0.39916392332485995,2.5657316197576097,-0.3577599827327181,-0.038342140135524894,0.021752425725969714,-0.13402846789981215,-0.025172121778160132,-0.6298598688284692,-0.1360376664984442,-0.030155308999365082,-0.36484197491073816,0.1719831116924863,0.4566283836021429,-0.2907290628459958,-0.24093937755250527,-0.09941420111846715,-0.3280258472478854,-0.37402190435902366,-0.9696399927385106,-0.42675680244014774,1.1479274933671855,-0.4720534523260778,-0.16139197317462164,-0.16783135351775844,-0.3934098690238791,-0.3974392085331181,-1.424618080155862,-0.46142790084698904,1.2143292118487474,-0.7611682538804797
Bearing2_1,acc_00133.csv,-0.40634205948975266,-0.1678224264922044,0.19817235103153852,-0.28938328249819656,-0.2639117012811608,0.5622040906806239,-1.100041425368423,-0.4658182674158755,2.1405417644376974,-0.5735630720129086,0.3059012861707097,-0.186184520169121,0.21016824091572614,0.12462029500734416,-1.0794298621019012,0.15523666332182712,1.9143630909882656,-0.45525261205734047,-0.0012446262608727038,0.3793660218838803,0.20463641158023804,0.1307560294713107,-0.5816281532285182,-0.10287860613282752,-0.008240245209365768,-0.312921813506014,0.3495725991257446,0.5905579539772707,-0.4493938378220343,-0.4874524511394931,-0.23938846847777562,-0.5468151669586007,-0.3511324632698421,-1.0557482739867596,0.05002985739256792,1.0969466276023856,-0.44816788056571194,-0.4113437770959605,-0.35289559637859746,-0.5986675025470495,-0.40365618828293576,-1.334506604517771,0.04613295910904993,1.1105619702095662,-0.7611682538804797
Bearing2_1,acc_00134.csv,-0.34399061561173877,-0.20002666271489888,0.4902108763112718,-0.29967201938037974,-0.44712787498063883,0.479027270861506,-1.1671673399776028,-0.8924280806161926,3.1422011565645014,-0.6119699225954737,0.2200033452235268,-0.3649578833409996,-0.05601070240024304,-0.12770897285516422,-1.1633473774810537,0.1553955921827461,2.833209686263069,-0.6024281624886115,0.01643875152914429,-0.0012717205977226997,-0.020302646450974217,-0.12272162383456481,-0.6302179611183548,-0.09272090260463509,-0.08578543531447307,-0.3235523510043106,0.2833823158912278,0.346068068438662,0.015391816807846714,-0.10710007035273252,0.014813639718430367,-0.6239581525104873,-0.25789964512740654,-1.001350170885129,-0.13600564764936623,0.8605039780672293,-0.18499821484412893,-0.13430967783003678,-0.016529299531064228,-0.6782756101809351,-0.31901699688238366,-1.4323082615740064,0.003715898394084882,0.8736643637771905,-0.7611682538804797
Bearing2_1,acc_00135.csv,-0.4361533563337386,-0.1732295616478056,0.45770490928587626,-0.3477484808116716,-0.37392601399093683,0.5861016470332148,-1.0771639357466185,-0.726251468855255,2.104781653230712,-0.3854111597495769,0.4778540171046631,-0.1784466812528684,0.31067807856418983,0.12779689751970014,-1.077818969451891,0.17944430478099976,1.700811650680368,-0.17172539282395194,0.08171615590040172,0.4659418964189966,0.16496107142859168,0.16935254450540618,-0.5838508888678493,-0.10908265194187228,-0.006551749995291344,-0.28118426677196884,0.3805861961560025,0.5075916536047823,-0.48160158419643956,-0.2700204529818409,-0.20437578923327837,-0.6610183444449135,-0.07518200558776736,-1.1571300675485259,0.0890893264283249,0.937914331511183,-0.5690488392566335,-0.18423866265378852,-0.3385519524479228,-0.49629459621498667,-0.28053746719273465,-1.3780567761250397,0.012583155902169327,1.0285236139709872,-0.7611682538804797
Bearing2_1,acc_00136.csv,-0.38867766948198545,-0.2035213049968382,0.2724140297492997,-0.421453250476765,-0.312376138530545,0.6260633293020655,-1.1466636513706578,-0.4213868206792131,1.9480735537193044,-0.4341943398031529,0.47650994861230195,0.4346839485797553,0.36283519789352514,0.14486548072684863,-1.1187650438411874,0.1264788442473158,1.754580528593025,-0.3814323120521614,0.2712243443662789,0.5403914467251205,0.44645162431862934,0.13422853481468072,-0.5579741007841045,-0.12416416301657701,-0.19695962303132938,-0.3505138591521644,0.37545135485380293,0.5340518528165953,-0.5062966134409217,-0.33483893313929075,-0.147590032526172,-0.6796048614864052,-0.49783345329856243,-1.034605197231397,-0.05399543417034851,1.2111602158187766,-0.5143322971156782,-0.2738133374329226,-0.34983238932376354,-0.6232679104710127,-0.6858030380009734,-1.2458637121595886,0.08576939333111556,1.1518378210352391,-0.7611682538804797
Bearing2_1,acc_00137.csv,-0.34399166396619274,-0.21772761795446424,-0.06352445653182749,-0.40162404848564853,-0.4381181670073645,0.6746918185432299,-1.0323451420371428,-0.8231923610932135,1.9844337781976287,-0.4122911458380815,0.2198677128500786,0.07699140374680384,0.7969268751627184,0.08957171656411812,-1.0597965597543952,0.007804910731677167,1.661127614995921,-0.42541555411758164,0.17102785600106019,0.41035044889181244,0.8215222389119992,0.08437414180821622,-0.5092810050238846,-0.11557203410505293,-0.12271300118639107,-0.24867639123369942,0.32934378636112593,0.6095462223348842,-0.4490175536555397,-0.5494008734404605,-0.26865462129559564,-0.7485970391388543,-0.4743507510023712,-1.1840766307119193,0.4913264628776888,1.006066929208293,-0.5221424023449642,-0.5376591428656958,-0.35591285800329453,-0.8960964621105578,-0.569549571831417,-1.429783842912615,0.7624531699035595,0.9440343958508783,-0.7611682538804797
Bearing2_1,acc_00138.csv,-0.3515688550318862,-0.17379493226459408,0.16162558611411187,-0.26076188717139637,-0.3575862462935541,0.7597830534841762,-1.0611719459446185,-0.8630472590300082,1.8524212957633106,-0.2812055132640013,0.053531937102025945,0.8202057222659138,0.9364696612855846,0.1401920081058484,-1.0660192458446938,-0.2460723257325407,1.5688471645084705,-0.37723467367939023,0.3026645902989327,1.403705726893144,0.741298656510703,0.176603897394066,-0.43001581528273153,-0.06404907223441073,-0.08749652193296006,-0.13050795266567727,0.5765724766146115,0.7888943450513365,-0.5091673502562528,-0.7355459566835428,-0.3723818096806321,-0.9410244618937396,-0.7489164278802003,-1.1494034652729357,1.069961322329497,0.90276449742856,-0.6085793872132511,-0.6501508651123441,-0.5403232749806901,-1.1527047990640216,-0.8621727882409695,-1.1969390630221033,1.1500419555842105,0.9811450289765766,-0.7611682538804797
Bearing2_1,acc_00139.csv,-0.34300806975971854,-0.20087089615296788,0.2787855629463433,-0.37580867230853465,-0.36088718313228857,0.7178899386297405,-1.0499189422545556,-0.9230037803781973,2.1043532155648523,-0.6189348081196523,0.27175658561085897,0.8154667378589928,0.770143801626533,0.10942368194127418,-1.0421275391414673,0.16032823629951887,1.4899436439938576,-0.6281224471323983,0.1165110736479011,0.8457173553398486,0.9085750815982728,0.06461174141056211,-0.4265700807109962,-0.09843962938419328,0.1266196980931225,-0.22803157928048565,0.5377785334874695,0.8521684450568587,-0.5988303177807499,-0.8441469309914331,-0.4182396157200288,-0.8612994104560564,-0.7556712248777666,-0.9539948699639952,1.0768987910449828,0.8702041430456523,-0.6233016936599667,-0.7721661615155049,-0.5629710266463341,-1.0789717563697445,-0.8362951395508591,-0.9080337777378529,1.4353795394680071,0.7390911864056378,-0.7611682538804797
Bearing2_1,acc_00140.csv,-0.2594812990474925,-0.20920478932681988,0.5553394564734101,-0.3159469304485602,-0.47008457449812185,0.8092634681418509,-1.1958919098628906,-0.7735856869197322,2.0618795132066943,-0.6412097709227179,0.05283757652074855,-0.13011965518026883,0.7363887557504574,0.31169476028357385,-1.14598510798933,-0.12659738872540655,1.7351228879232203,-0.588528993098984,-0.2207123873551231,0.8322811218676989,0.728720801083345,0.2774816881304792,-0.35749435040663075,-0.11360441767016613,0.10204096667147562,-0.22803157928048565,0.4506370512349371,0.8496093001862729,-0.6461040974934409,-0.7128699949208586,-0.4031542326062279,-0.984863703977705,-0.7463517003900827,-1.2288104928168198,0.8542508824393941,1.148565393709825,-0.7043946677290752,-0.7323818155813119,-0.5106801783262648,-1.0938918329226077,-0.9404983205177537,-1.266628651643888,0.9371965233168138,1.1643032545984804,-0.7611682538804797
Bearing2_1,acc_00141.csv,-0.38674144621537476,-0.1765331768898809,0.28376007120924984,-0.30397458207656536,-0.2056253220543007,0.8496640730986398,-1.087469197364501,-0.8439426226389544,1.6487497108403022,-0.48879441896258075,0.4556396991353275,0.5717074067213914,1.0955685775215538,0.2547979179962927,-1.0774954531801262,-0.2532137435672752,1.291109572060765,-0.4286097077963718,0.2677324304251444,1.0469387142282565,0.997161501283958,0.2984312267837442,-0.4506237828704065,-0.13256670402840404,-0.03757170022964245,-0.3078376433981329,0.3740421059318932,0.756250210246765,-0.5137819193431384,-0.5946594574755358,-0.3835921441347624,-0.8991474698464899,-0.6132793861589072,-0.8464568190230156,0.5991337444254614,1.018513600507015,-0.5230407839451254,-0.6053942698951924,-0.5047392829764134,-1.0130801536036187,-0.7390709539919724,-0.997897273839992,0.4405300433082474,1.1879964322596697,-0.7611682538804797
Bearing2_1,acc_00142.csv,-0.24805544717431008,-0.2242733652203816,0.5786218726824108,-0.3621527124467279,-0.6324168214728144,0.8512015611585269,-1.209238330214264,-1.0333462751069573,2.4839181273952433,-0.7326463183358399,0.08537606469849073,0.11485762116451163,0.6259290112444227,0.2266730563922475,-1.2048480052624442,-0.1376241646569943,2.1185684984579773,-0.637732598308353,-0.32076875937097227,0.5363696179336753,0.4856276438306907,0.27227062324063006,-0.3920179518246525,-0.1332738303047014,-0.15032688487146012,-0.24405441840835307,0.23364306059762208,0.8860267333346786,-0.6336475523946165,-0.7307770335528728,-0.3432676414214134,-1.0106038763347396,-0.7007284758537168,-0.9346545694473207,0.47471255980368504,1.2784876491928308,-0.6015691295261206,-0.6096815885664894,-0.4452452592455805,-1.1941626972041033,-0.8584505140738468,-1.2565689221694298,0.18565280314748334,1.515170812958332,-0.7611682538804797
Bearing2_1,acc_00143.csv,-0.23959982711540173,-0.19462922140726704,0.31045440347943687,-0.3331571812333028,-0.19348032236612495,0.8961293012713216,-1.0969595414738436,-0.9970870925044071,1.7558194077009006,-0.6783739459538145,-0.0029731203443300537,0.315211268457729,0.7662615448216052,0.5145611165533852,-1.069683929159955,-0.10307245572389623,1.1620643015367678,-0.6399193657456603,-0.2764840588134958,0.8917425132182811,0.7265017741301348,0.49034306910493175,-0.3265727571525054,-0.1487261739275866,-0.02631344255577217,-0.275946030903243,0.21976528472078552,0.9873610861576695,-0.639480743610506,-0.8458265789105537,-0.4609390358154151,-0.9981933548690025,-0.7169657312474661,-1.2492796774804893,0.39129044349001163,1.5420943464798047,-0.6936077114829131,-0.7695531773662607,-0.586576209193105,-1.0865967077663619,-1.018473938388904,-1.5175207083223938,0.5343097178064252,1.5383576840133748,-0.7611682538804797
Bearing2_1,acc_00144.csv,-0.3426082185080678,-0.18416363354489698,0.17341162306976637,-0.3052840576797523,-0.2506550021203074,0.9940799258995412,-1.1685116587999607,-0.8353922011335145,1.3626717225281404,-0.4940574618221058,0.3314027783312641,0.33194175308232376,0.9322009718303159,0.6292230274446972,-1.1676205440673137,-0.27802321702263705,0.833566864444964,-0.40691139089086714,-0.05279771990525588,0.984432082690794,0.898329122145602,0.7172841064706574,-0.36308299477972783,-0.13371778998226072,-0.0849564438968385,-0.2757919651423981,0.328279473640083,1.0217455038516718,-0.5358502302933694,-0.8054928245693376,-0.5054852302648623,-1.0121898571376553,-0.727883166487646,-1.1263743698860225,0.5212031991677993,1.4010762039496127,-0.6914816315978112,-0.7629007098539476,-0.6854023536440329,-1.096310398105937,-1.117864842537688,-1.5016061028855667,0.4900324363057049,1.640431051313249,-0.7611682538804797
Bearing2_1,acc_00145.csv,-0.21542238391086546,-0.16063387544950136,0.30174076114294535,-0.22727672531847318,-0.15924171002070595,1.1065315494512515,-1.2571356707987549,-1.1156264137150531,1.8196387813516364,-0.6272545498699276,-0.042243445404747726,0.38231435091797505,0.8271880179057616,0.6914740426268928,-1.2938696189084335,-0.3025803519271282,1.3551885622999118,-0.6786775973475225,-0.1425416455295835,0.9029281423754851,0.7119195189764416,0.7279485066745003,-0.22071615319180796,-0.11200011340310628,-0.023025218040168674,-0.1511527646188911,0.44546964286233504,1.1582754441253555,-0.7145255465295921,-0.9715964094571816,-0.4505191460129475,-1.1160457755321176,-0.9442458601699769,-1.1735187901175756,0.8508438077456819,1.386814669091609,-0.7757953577040949,-0.9652770594865506,-0.5921428013009148,-1.261886324009155,-1.16920881190059,-1.0487686572143082,0.6316395900289395,1.5324792263148155,-0.7611682538804797
Bearing2_1,acc_00146.csv,-0.3237282942015203,-0.19689458042807303,0.3411743672066313,-0.3847879335875307,-0.3474262117444216,1.0204418627133012,-1.2137616409376508,-0.8726945588690291,1.522169379594871,-0.5469996639436442,0.2925256860463897,0.45030190725090097,0.825886723200703,0.648105395460971,-1.1860079891919333,-0.5186005338954133,1.2541077296215124,-0.5206144892475184,0.05307215957429804,0.8437723521731472,0.6381087927176462,0.7352517125521308,-0.34980304410473995,-0.15257911473363742,-0.041702042519406624,-0.29058227818350646,0.25163189259847196,1.043776941407821,-0.6842150785340088,-0.7356571988949829,-0.5153514390346204,-1.169099145411513,-0.7429442452258418,-0.9873642188300639,0.6431262993269664,1.3657851910213137,-0.7491096127819377,-0.7784212723398628,-0.6563978811191012,-1.3058293971060362,-0.9619194197618602,-1.1410338885449656,0.37543909279579313,1.623666603289157,-0.7611682538804797
Bearing2_1,acc_00147.csv,-0.25445436583428693,-0.17638678966124668,0.10158750131721074,-0.2553369168153362,-0.2245622167136612,1.1511122832279077,-1.2632000768116096,-1.033359461058105,1.3361945944113025,-0.5841915749376254,0.15249795378605224,0.8983828531293424,1.0869524066459646,0.7898366260027775,-1.2577738765971125,-0.4537560643077233,0.9037586472631919,-0.5952649592153817,-0.027580923349554982,1.3064942170335452,1.0698888733757372,0.8156237438173992,-0.20255337816585525,-0.1420566040730531,-0.07878842798220781,-0.17041098472450097,0.2511444927140238,1.170490663457869,-0.7919751150068948,-0.9243083980989678,-0.5369278608129837,-1.1236603154303724,-0.8377421165624737,-1.108510329162877,0.7863353819518558,1.3832707475062715,-0.8396864996085887,-0.9062089578534123,-0.7282403130129111,-1.224970556791582,-1.1410831254917615,-1.0914550692412213,0.812513834754129,1.4796094430178304,-0.7611682538804797
Bearing2_1,acc_00148.csv,-0.18059144686179485,-0.1832515517273686,0.43816497686231426,-0.1685373911183735,-0.2908883339766044,1.252670523053293,-1.291241298358681,-1.0083706316708143,1.2398753826746398,-0.7267807604919272,0.043784718246074925,1.1277588246105623,1.590688110111416,0.7761755677736568,-1.2803010410502935,-0.45502676669419406,0.9222644428722951,-0.7592671193531083,-0.217874469336277,1.136196717629073,1.455646704530449,0.7776022245365815,-0.05760203161476892,-0.16654003581979934,-0.03517540810785234,-0.18242811407040144,0.1122698865367994,1.3030811329689371,-0.7988615566703292,-1.0538722364210305,-0.5790528450561041,-1.2567737285521912,-0.9454976223683118,-1.0879787013785869,1.2756855532555824,1.2241309068424877,-0.8840864505135614,-0.9621070055691384,-0.7591981335178057,-1.4131819905000753,-1.2197904863773703,-0.879100879649225,1.1295434894826308,1.3682193703514782,-0.7611682538804797
Bearing2_1,acc_00149.csv,-0.2092798761816028,-0.2139623739981115,0.25118715212370035,-0.30322631030331565,-0.3479467110699953,1.2505256397973894,-1.2576446037920774,-1.0661905718430542,1.3169770122603035,-0.7573708904902656,-0.0176170188313389,0.24315133779751708,1.482955427574352,0.7768698942945995,-1.2475923164025355,-0.7411606289080217,1.1551176461570118,-0.7024544186014123,-0.3721169559968919,1.4029021217891038,1.335882578499329,0.7775388445729722,-0.0869359300175042,-0.1520412356933126,0.0976755456545029,-0.17333823418055355,0.2958035833443253,1.325898356484043,-0.824265083374183,-1.0676390777655618,-0.6060185544474953,-1.2413965590291511,-1.0268691680071562,-1.3019742917924844,1.3835734221381875,1.2524891740290278,-0.8526129424192066,-1.056739336818195,-0.6192479781614905,-1.5147467199187108,-1.2617572847168979,-0.615339926497883,1.0719164403905759,1.3275534119168144,-0.7611682538804797
Bearing2_1,acc_00150.csv,-0.13680075760005242,-0.2291527164942538,0.29405065299293237,-0.3204365610880583,-0.5622784234230901,1.3490770727448582,-1.3108365041010799,-1.1456588760069875,1.255151529637935,-0.7790768915609065,-0.1134876012439069,0.31583528297496133,1.0236126519631021,1.1190773949002926,-1.3184148577275632,-0.7439094314184753,0.9867720192676813,-0.8067472510044088,-0.2868861447732446,0.835953091160489,1.0466715600314616,1.0923476108754018,-0.0222434616735507,-0.17765175752364687,-0.016890561677922643,-0.1939830461337674,0.08066889695958447,1.4127456679028536,-0.7831186583319394,-1.1332064293916821,-0.5848114525831889,-1.1863036023408204,-1.2128329874240962,-1.2561881553510765,0.41668218506260407,1.9934436026542088,-0.827638568496629,-1.0412895237379978,-0.7991985344782676,-1.4885158622480814,-1.379037257951769,-1.3169185421781207,0.5211925682516877,1.9587772345424146,-0.7611682538804797
Bearing2_1,acc_00151.csv,-0.12528573906130172,-0.2218272893391533,0.22734858020965557,-0.3178176098816844,-0.4519574830763032,1.404205898784176,-1.3056959277942262,-1.1471202364194393,1.121787416698067,-0.8377292780030422,-0.11438982179090149,0.1503635722972586,1.1847286979024514,1.1880945934401967,-1.3001822760270945,-0.8752149411541921,0.8465486157199293,-0.809077725867383,-0.4608912315574271,0.9457164584546469,1.2356859668520463,1.1580389898731582,-0.022296288644428678,-0.1713173536199068,-0.028944153849571535,-0.11001720647330838,0.04433688863435953,1.4554196858117274,-0.7865224434859632,-1.1040575705911275,-0.6289644297744327,-1.257684749629882,-1.2126336220644944,-1.3209682989472913,0.61387136426473,1.935621113339571,-0.8635273873242251,-1.0759133883914718,-0.8116527069247762,-1.5039350160682396,-1.43817870513498,-1.5592854610619191,0.8683999209715878,1.8810341880850165,-0.7611682538804797
Bearing2_1,acc_00152.csv,-0.10796589210981931,-0.2078748325629811,0.27679529511374545,-0.23176635595797127,-0.31014501211609913,1.43334496096698,-1.344972880483433,-1.1509637438668285,0.965280059754916,-0.8224718987041608,-0.08113456146111109,0.7519339496950619,1.3448106636134614,1.239197126301664,-1.3005169748648167,-0.9833018486388447,0.738117798852968,-0.7360421954119803,-0.48478187137448886,0.9970422597494175,1.3923961160654383,1.199799815865862,0.02044639892096016,-0.16916951986347112,0.006437618192895859,-0.1724138396154844,0.0749784383673668,1.4554571774065719,-0.817421528415046,-1.0272900214794003,-0.6312270697761531,-1.3246540661731265,-1.2413847738024864,-1.3207944923390456,0.7452306084866692,1.864118588636945,-0.8640390418075868,-1.0572333373532974,-0.7637649600539798,-1.569266484291663,-1.5539746375905084,-1.5431747186048375,0.9517956539793567,1.8669993669531866,-0.7611682538804797
Bearing2_1,acc_00153.csv,-0.11703771929560244,-0.16400360557500213,0.031113499313565034,-0.13411688954888804,-0.34078273035962703,1.439105333823174,-1.351795125132116,-1.123771229868484,0.9855467957109705,-0.772187261293456,0.005196937345053258,0.5306666601714541,1.475650011045417,1.1689019849208104,-1.3451491553571313,-0.9190806668017738,0.7417393358245669,-0.6831630668364452,-0.43762824323048716,0.9962479128207152,1.4696117746427115,1.1775712504760196,0.06568655444412867,-0.16528784940175406,0.009775511329404477,-0.05778891354689449,0.01689554041278707,1.5135346164052668,-0.8430288079595246,-1.1554389547091466,-0.6548856378321053,-1.2410839378387328,-1.259816214179106,-1.2182689386787957,0.8810846116540946,1.7620902844286195,-0.8905329413372558,-1.1171605449674546,-0.8470124263792906,-1.4740582406698328,-1.5621640063638935,-1.121619648209334,0.8770685994688544,1.8122002291745176,-0.7611682538804797
Bearing2_1,acc_00154.csv,-0.07219591964669794,-0.20619153758726055,0.2851086711869413,-0.13336861777563844,-0.4402827994151584,1.4623419734552432,-1.3490213625022993,-1.233141922956099,1.2008958223511712,-0.8329165669428251,0.007189752571866636,0.3670848883879957,1.5308158971133887,1.0658722376548675,-1.3322413641593098,-0.8364323923058871,0.7821189895621398,-0.7640266529080533,-0.3619261637405772,1.087546276791297,1.5328951218781564,1.0828954377263136,0.07858926866120194,-0.1640878434479598,-0.05476802208932776,-0.038684759202129416,0.07360230086504074,1.5610878381975761,-0.8015815754610875,-1.180422886758793,-0.6393699017364272,-1.347646946591469,-1.2434955610836778,-1.3144079958606463,1.000506897638104,1.727416210864447,-0.8512386803639854,-1.1506983660423515,-0.8156399990131495,-1.6007326212810977,-1.5207101388779556,-1.3694846775548573,1.1032571944617993,1.7706597582224457,-0.7611682538804797
Bearing2_1,acc_00155.csv,-0.09631062566064397,-0.19958052700425105,0.3753646696919666,-0.2487895387994015,-0.28721253674783725,1.5147766977734314,-1.2872499259704175,-1.112932568142782,0.4143898508558449,-0.8235205902344781,-0.01703997973090896,0.6163007398614802,2.252856393216825,1.1264777975686713,-1.2803437403759403,-1.0913318661690734,0.20615374346702683,-0.8182376534446661,-0.3193781472944608,1.2753540525978466,2.252099597168064,1.2039013832791603,0.17139105331077756,-0.17276574818592705,0.043144391953938335,-0.06949791137110524,0.06375839880137664,1.5982173438089302,-0.8301806255755829,-1.1704168208059311,-0.7059979698450651,-1.3720580497024208,-1.3058509155386948,-1.1981164284713615,1.4381881635207052,1.4107982894921243,-0.8563030639547006,-1.174158572500573,-0.8629809797448756,-1.643576793009044,-1.5540103512103058,-1.2007627623889567,1.428837193612354,1.5878572399493012,-0.7611682538804797
Bearing2_1,acc_00156.csv,-0.029825876522174447,-0.22274928883362977,0.4537982971578256,-0.19697171850186118,-0.5353588806652174,1.4044168763460019,-1.30449027709529,-1.2354318863155118,1.1371197900695504,-0.7447311424363156,0.00459245045754296,0.7131886418056526,1.5198430904381988,1.0365750259674422,-1.30027109112675,-0.8522971382685919,0.8096521309401427,-0.7337762748917691,-0.24800274528393845,1.1554334076722428,1.495644956480343,1.0273444681662884,0.11386026608307188,-0.18654916970929775,0.11529405879781061,-0.19613996678559573,-0.03606531895168166,1.4798917365521185,-0.7666596819815461,-1.1604646991954481,-0.6610586847843393,-1.2684472559644513,-1.1517172931613229,-1.2327218622161424,1.0500026670589817,1.5945183381834618,-0.8498883418166346,-1.1621126919763942,-0.8100443778735104,-1.4049829714135436,-1.4705001991401974,-0.9938291980927155,1.0310279582437598,1.6117432041300024,-0.7611682538804797
Bearing2_1,acc_00157.csv,-0.040255891833251116,-0.23630074889509892,0.4530172464676352,-0.2038932324044207,-0.6905062167590803,1.4533675070114502,-1.2929190708153455,-1.209059438780129,0.8994783760269419,-0.7590888963166063,-0.21249000435654733,0.7883915013982971,1.473619711043085,1.202399952581238,-1.2831377036531972,-0.9483364841786547,0.5150922808315143,-0.8366479575482784,-0.41036187261160806,1.6093791957213002,1.5397796256947722,1.1933779862430245,0.14646568879468344,-0.1865157507157943,0.07237966594197291,-0.11525544234203423,-0.07270710842559024,1.5348613317784165,-0.8286170941018166,-1.1773176357578528,-0.6622168019274226,-1.2858619883006663,-1.3234683599123729,-1.2621227239956199,1.0436146699985362,1.7068775497099975,-0.8950308712969823,-1.1716142990367402,-0.835961135629714,-1.6704896950018788,-1.4968322448654554,-1.1408065382692112,1.1278600473808071,1.730139270842284,-0.7611682538804797
Bearing2_1,acc_00158.csv,-0.04668294609901781,-0.18172479459751426,0.5200260444709809,-0.10923685308833621,-0.267029813754835,1.4682987309645419,-1.2678791454045024,-1.2921870975765652,0.680449618989373,-0.6991037452726241,-0.017273857036360953,1.140109391876828,1.7446102700513169,1.2265034054606798,-1.2844202806255494,-1.0141051812030808,0.2981537298276848,-0.6915126606755277,-0.2417766133854237,1.710374067348696,1.723049945780562,1.2234006959849844,0.23142857114650175,-0.17213049924641044,-0.038461526306580264,-0.08952646028093948,0.05709905654643011,1.5461894953013577,-0.7099005699974624,-1.3046856790342651,-0.6878516263776585,-1.322833545865261,-1.1852215924453045,-1.171518652748509,1.1912137086167398,1.5461099644262581,-0.8179714791960283,-1.218586277826467,-0.9293374380339225,-1.5707643098295911,-1.4519970111672762,-1.2715389116723255,1.2832094811940993,1.6616453198638685,-0.7611682538804797
Bearing2_1,acc_00159.csv,0.013104356963184564,-0.21292113444145974,0.41679525398104705,-0.24654472347965245,-0.2769761838081358,1.6545007648271375,-1.3317733523112447,-1.2500590194781747,0.387466595925112,-0.8143197608248353,-0.25341175806269556,1.1601068651006536,1.9341002316047795,1.4724386472505357,-1.3043160753905936,-1.155632493484941,0.07200420371425721,-0.846221352800522,-0.5110181088506907,1.1306035824832734,1.7453255936283982,1.5303146105764407,0.32920455159689493,-0.1927422499020333,0.006446528355294462,-0.14329541081580227,-0.09196630114916449,1.6864854712806236,-0.8348375426181894,-1.2288325434050689,-0.722961678214587,-1.3549054375542697,-1.395561341875737,-1.2557150706796243,1.1311212756457985,1.7581746265653861,-0.8964130273679368,-1.1816307673621806,-0.9297104136314879,-1.6763876635672705,-1.6495681763735408,-1.2513433326857986,0.9632165620543761,1.9602974444091696,-0.7611682538804797
Bearing2_1,acc_00160.csv,-0.0038752794368388196,-0.22075923460889138,0.4636586505554347,-0.2341982392210327,-0.5353370485569608,1.578163903331817,-1.2749149098315513,-1.2335739893323983,0.5441996019752787,-0.886569912053674,-0.03542953103339522,0.7115920764978156,1.7753805286538502,1.3538605295815447,-1.278727808295038,-1.1102263882973389,0.2612322579979777,-0.8556835877766088,-0.41601728294981866,1.669323411869087,1.668612338636408,1.353716950595565,0.25510070775928956,-0.18898856471610043,-0.07162119202013627,-0.1345136624476441,-0.07479267777644642,1.6531580592551254,-0.8238703095130908,-1.238760854682715,-0.7172542535472196,-1.3214817524882927,-1.305843129844609,-1.2749116486079604,1.094630238995305,1.7264187661973824,-0.8842857494113052,-1.2308681873104503,-0.8937238410435331,-1.616884705589588,-1.5727103302811891,-1.2309934425525038,1.0136667903818932,1.869405989301027,-0.7611682538804797
Bearing2_1,acc_00161.csv,-0.04102571514554925,-0.21042007396150533,0.38929039405076804,-0.12139626940364356,-0.49355400724527865,1.4904984200207214,-1.3088081181608135,-1.1931398245204867,0.8451567173899893,-0.8597091602796063,-0.0902249296591483,1.0466582766470438,1.9257288831680712,1.0773622347793517,-1.3258831917227585,-0.773383090366039,0.43226933759980113,-0.8635891204779776,-0.37035229429181077,1.2627824046828642,1.8364174870219492,1.1371346033798186,0.18505239037984417,-0.16961082802764677,-0.06673504847058288,-0.11356071897274068,0.0579565400523038,1.5502907730920048,-0.8113777587420788,-1.1916998655177247,-0.6648482970389484,-1.3536587737491084,-1.263572329134954,-1.183692603247705,1.1361575741491894,1.6111555492201817,-0.8456492414475708,-1.1193889588953834,-0.8666973815936307,-1.673374071301301,-1.5027756759072308,-1.188809103485877,1.0301679828191865,1.7919230717797465,-0.7611682538804797
Bearing2_1,acc_00162.csv,0.03254421195162342,-0.20733597853184788,0.3157937868600005,-0.12046092968708148,-0.38071396851111844,1.5934129592879143,-1.2841775497756562,-1.28636999329448,0.6940389718708592,-0.8588707807746503,-0.21601687056800067,0.796227848276724,2.1073344586958282,1.1693043916234325,-1.2780435778382322,-1.0794571878362669,0.38715965247529904,-0.8925863773973451,-0.49076465324852525,1.4318866016875105,2.0182126082239895,1.1981775643793235,0.2787183518148108,-0.1762256601494652,-0.040028918473468206,-0.015728960836242454,0.035195445017220314,1.7031894855653942,-0.8611379986352825,-1.2409261648230272,-0.7110742037218696,-1.3368484302471244,-1.393782388760401,-1.2418556788629689,1.2663282469372708,1.643908417462116,-0.9201254450736867,-1.2172770249581328,-0.8911682906366024,-1.658390835142015,-1.6732539661618484,-1.2095016211881118,1.2452483208559646,1.7847390878002096,-0.7611682538804797
Bearing2_1,acc_00163.csv,0.07759769788841601,-0.20942619501531484,0.27961583789667227,-0.11035926074821077,-0.37289096006185596,1.642580325228019,-1.3333636899384393,-1.2811318488356405,0.5311611316905619,-0.8665150325282902,-0.13196699059479466,1.114510772960672,2.2834269171026027,1.238138166926911,-1.3433177530707336,-1.1262308740196012,0.30582178240724,-0.8849132130091731,-0.48245992004910704,2.3311518681498846,2.157529173419514,1.214740196856189,0.3944294719314945,-0.18441483362528582,-0.00961999798570179,-0.06626253039336279,-0.06381524513753405,1.711397784385657,-0.7687338585470543,-1.3055587361714924,-0.7284169796446058,-1.4028159182594493,-1.2521908489209281,-1.1496569898083078,1.0348546040175362,1.73278025698107,-0.8681090032418675,-1.2590365767429101,-0.9158538059251519,-1.6186809064076804,-1.587154432022262,-0.817100688850076,1.0159216061235796,1.763062923123169,-0.7611682538804797
Bearing2_1,acc_00164.csv,0.06759755539429392,-0.2295278022579365,0.17506221594022084,-0.14908232501388166,-0.5851446822125168,1.5805078460416102,-1.3120956300534339,-1.2788286367078014,0.8025215745107787,-0.9208307403337271,-0.15112533427927177,1.6427124881775588,1.7070820490026883,1.2547200526992892,-1.3078325758507996,-1.017447783565896,0.4727562340936553,-0.922056538967639,-0.522326729865065,1.6475902849492259,1.6802655348860223,1.2570350723300474,0.30170589964654265,-0.194176128874358,0.020284292166316158,-0.11248225864682644,-0.12420003572884285,1.6585413949852825,-0.8333971882198696,-1.2542060028449284,-0.7052256577707228,-1.3927318250679728,-1.3164774188496249,-1.126375652058706,0.9825365965242085,1.7961875033237322,-0.8960861412860772,-1.1972366396282275,-0.911415503694172,-1.6775628553579827,-1.61686794408491,-1.1329104162040171,1.0623807600082773,1.8519224148271172,-0.7611682538804797
Bearing2_1,acc_00165.csv,0.044107713925436484,-0.21086399579773743,0.19581221865211806,-0.16423482842218773,-0.4670233708496405,1.419019910040509,-1.0776180739520407,-1.2027196541849796,0.2038915158327566,-0.7712451422658225,-0.14691584853854228,1.843857267670278,1.8832359773821055,1.238291757272366,-1.0942578048638274,-1.1015797020634028,-0.12622231131230385,-0.782953795894941,-0.4118436055193791,1.960036305973974,2.00824230761715,1.199097281603637,0.35068949345423067,-0.19706585739794225,-0.00797858262487016,-0.15592880320508232,-0.15921057001840144,1.6072270983734491,-0.789699080458219,-1.266023429705871,-0.7186074749378796,-1.3309690369822584,-1.2195410504296844,-1.198178672396624,1.1964637758866743,1.598185160729341,-0.8831702396231433,-1.225287221043209,-0.9388949103906898,-1.5859832457058507,-1.520422027138265,-0.8211448455071728,1.3257570628087785,1.5550433975597828,-0.7611682538804797
Bearing2_1,acc_00166.csv,0.07335106970961604,-0.22622769979229546,0.08688840211616024,-0.1685373911183735,-0.6734191645046387,1.4214935568431435,-1.280116804041076,-1.05988188484857,0.7394218481617995,-0.8907027791871804,-0.24944336397260536,1.3137507317096742,1.7767973235401118,1.1370006470313494,-1.3093881074146974,-0.8403495075946948,0.5739912403492295,-0.9152713861472421,-0.5448426170926473,1.641913658608565,1.6965785358171743,1.1207010518846214,0.27407189859587816,-0.19569342692600109,0.023710515618613655,-0.11371478473358548,-0.16042404858050566,1.4892136710209496,-0.8403553159122229,-0.8920022540337434,-0.6937051544570584,-1.354352334679006,-1.232446835254526,-1.0993847225302817,1.1307406380662244,1.5328191794849844,-0.8815882833893067,-1.0170018765895539,-0.7757559695722084,-1.6290427769661613,-1.5245590820694135,-0.978988550227787,1.1808070847332541,1.5763161899695721,-0.7611682538804797
Bearing2_1,acc_00167.csv,0.05693279927475684,-0.25101971555215385,0.2045581630782745,-0.2515955579490877,-0.7433085239001412,1.3320979902928063,-1.0344974216145666,-1.2308219976654076,0.5349675850951789,-0.8566899500089913,-0.29089869557521336,1.1079347806767035,1.7290078496562482,1.102531504556859,-1.0429462874319027,-0.8494742201848016,0.11149930770625614,-0.8803664523945424,-0.5661162116571185,1.745283909918544,1.6720090280949547,1.062809548698003,0.2931916132114421,-0.21143408052150434,0.016841700214984354,-0.21755510754303387,-0.30263827126650533,1.5657346124452407,-0.83624756744082,-1.2015253985492564,-0.700795498875368,-1.3999455772209268,-1.2830541741153882,-1.0391080719762125,1.3489915725628931,1.477973427169063,-0.8479528057751016,-1.1597220395478496,-0.879605296353114,-1.6312953187564139,-1.5860458201268186,-0.4194579207481634,1.3328682112744057,1.4182782583027636,-0.7611682538804797
Bearing2_1,acc_00168.csv,0.0579922613704685,-0.21323689522144973,0.04880817320917602,-0.12251867706351813,-0.5845732289123684,1.3606616534792202,-1.053431216797357,-1.2270547265090817,0.3925978213995326,-0.852233702444564,-0.33311447739296535,1.8453187847766932,1.7161851445856213,1.1943279526731718,-1.0780970958053213,-1.0466042373939954,0.07494825567901912,-0.8623530675332495,-0.6368123206269852,1.8971367605033815,1.7620185795837202,1.1766201301970396,0.30757280793833286,-0.1875673240473853,0.09206710317600558,-0.11433104777696493,-0.06061701542459963,1.6173020331770718,-0.8061102074281467,-1.2567761122542096,-0.7203045255365524,-1.3576362467498018,-1.2835535596258612,-1.003396033129116,1.1250497648964417,1.6206638005435794,-0.8913035518027835,-1.1824211216884981,-0.9089807926371197,-1.6361478204918984,-1.563212143778506,-1.0480900682979934,1.3847815855774603,1.599960872617587,-0.7611682538804797
Bearing2_1,acc_00169.csv,0.012074801005676828,-0.24578634129696303,0.2342631554485955,-0.2946211849109444,-0.7414447494325676,1.3976524564725366,-1.131909009688937,-1.0575382359517105,0.1909142295192328,-0.7470408370435999,-0.053406900559889,1.3043955499076707,2.04206516820469,1.1797679402376866,-1.1133060543040783,-0.9954823745191811,-0.03759180818593377,-0.7891622088056075,-0.2960637945869986,1.4747672433597014,2.212872441632873,1.0872845080872664,0.2856830117768032,-0.20038855670835115,0.03042910384585138,-0.17210570809379452,-0.21664638510360074,1.564412149752808,-0.8512027540907514,-1.1842246114273807,-0.7197865543963392,-1.313029069809334,-1.1394803229071062,-0.9632866987827782,1.056919142761884,1.5669044239414252,-0.8669326165227232,-1.2042365350206223,-0.8396930715093065,-1.3988291445138943,-1.480565887025669,-0.7651101309685938,1.2388364651121606,1.453019237654023,-0.7611682538804797
Bearing2_1,acc_00170.csv,0.01946589256021042,-0.21445336299873183,0.1938219033329431,-0.20913113481716847,-0.46380280779267863,1.5857641745757642,-1.2588337975591275,-1.2536756706040686,0.28940191268277643,-0.8016761053961576,-0.13063834233780836,1.5029129484974888,2.263906804004747,1.2853425030753316,-1.2572745646164154,-1.1559229456527735,-0.07053204500596588,-0.797690281428694,-0.4200411845875921,1.817522054396795,2.125703717797042,1.3552211647075187,0.3297992694666433,-0.19391905340506077,0.0023561918388101677,-0.1568531977701515,-0.09348359672025104,1.7296769529978309,-0.8622972700347975,-1.2731051013748542,-0.7423092903035091,-1.3719602729137277,-1.3147506607231707,-1.0781394571209204,1.330195883037806,1.5342592196113474,-0.9030338431720074,-1.237735591870415,-0.9114762086235455,-1.6924144422758223,-1.5871804288137825,-0.8721488334185036,1.1437357799683057,1.7336895427341663,-0.7611682538804797
Bearing2_1,acc_00171.csv,-0.011423363365483318,-0.23628746545109763,0.39823412946876585,-0.25066021823252566,-0.5864600937767965,1.5578853238992378,-1.261158729956456,-1.1752494098281792,0.2302375082067464,-0.7394467792655041,-0.1644105081560091,1.8719221267116875,2.5848454624920487,1.1555700688060044,-1.2459401511090653,-1.1669296917673921,-0.1016731578428162,-0.7919934313167905,-0.4171134894163542,2.6202837751262718,2.2935045954084163,1.2438050025347938,0.3173063342507634,-0.1924133595350938,-0.018677757418791064,-0.13281893907835055,-0.16881387115694715,1.6146612090461439,-0.8109700871327962,-1.2561973422317783,-0.7445701664244833,-1.3758830735160579,-1.3067006806136068,-1.0402063680743765,1.509646055111219,1.3918934452973375,-0.803443296541438,-1.2260368136696378,-0.8961696544955373,-1.666686749182797,-1.5866977431902318,-0.8400580502756995,1.200100286169131,1.6467510823216285,-0.7611682538804797
Bearing2_1,acc_00172.csv,0.10301777283165182,-0.21412222406701445,0.15887839021904837,-0.10007052386602773,-0.5361914865066431,1.6556565883137304,-1.2708196049908667,-1.2686709978802297,0.1586610601233564,-0.8445361333769619,-0.1413659156654968,1.28147765467737,2.096023980077153,1.4976414866809162,-1.2746030536920445,-1.2527907241502885,-0.1532360165798683,-0.7806250635019396,-0.4258782193180184,1.7633147592943375,1.9256497006667224,1.527518693898843,0.4660224565857414,-0.19304472446418577,0.005323824914229585,0.01955209839723484,-0.20453181135633536,1.7333197162233906,-0.8423103423695173,-1.2844912866887914,-0.7423047769752601,-1.397467082342811,-1.3670858176564737,-1.18878613064168,1.1601541847140848,1.7468610065368897,-0.8899878539861787,-1.2354318920435958,-0.9173192743582952,-1.6971150423584624,-1.610768620478753,-1.217164687815214,1.110542300650686,1.8649595933945173,-0.7611682538804797
Bearing2_1,acc_00173.csv,0.01068487887514396,-0.22219625164000378,0.2286385558780583,-0.22802499709172294,-0.3709383052919361,1.6662299968738803,-1.334373349023079,-1.315990526120576,0.31987711322513984,-0.8207170303902785,-0.0026788600711795093,1.5411696879316554,2.317809410404604,1.361652730909989,-1.3359904285417035,-1.2499316098617472,0.004830198744464808,-0.7201912157357537,-0.49026211281203713,1.8661663357715357,2.3974331801474316,1.3510720293515979,0.37299572217172594,-0.19616601025716504,-0.004493050049970409,-0.12480751951441678,-0.19585682104614596,1.7026030247892185,-0.8274118907158903,-1.29578330149088,-0.7440592328025433,-1.3732496874031255,-1.3129279214134668,-1.1228329248875262,1.107133133477679,1.7213153968602877,-0.8881592340341129,-1.2721001406500472,-0.9419463803585808,-1.6195871615315134,-1.6139686295223659,-1.0976101474455389,1.3057570907128802,1.7096089968950563,-0.7611682538804797
Bearing2_1,acc_00174.csv,0.09086315738584326,-0.21647701423116922,0.23490364667859193,-0.12233160912020564,-0.463974732556897,1.564572836672469,-1.3012704726162658,-1.3109001046641517,0.7936490259927221,-0.88958029159843,-0.21911149748241032,0.9100177981838622,2.3538408880525914,1.0392693110894957,-1.3242205310864759,-1.0748407595960134,0.48726349401958036,-0.9228004734451496,-0.4659907427031097,1.4846546480753786,2.4837049918008773,1.0468133741975754,0.3144773343223135,-0.1944426012708134,-0.03488424295432892,-0.1000029320183912,-0.17865318221181584,1.712608820872915,-0.855030496540004,-1.2607759728793573,-0.692894932467049,-1.36510209238683,-1.410158689101914,-1.0140961443680778,1.200105910970922,1.6152602485435668,-0.9194587337236678,-1.208339140399467,-0.9047126730627029,-1.726532011010681,-1.6202549115710196,-1.29460857510253,1.549966876081063,1.6431219283072058,-0.7611682538804797
Bearing2_1,acc_00175.csv,0.1447618451495295,-0.2035635549845004,-0.00934493384012152,-0.11728077465077029,-0.4958837259097505,1.6152137978034569,-1.3320564897503886,-1.2726251310805508,0.6639130893876223,-0.8982353520699591,-0.21921471997679426,1.0456767464662253,2.0581900694988624,1.248178730727799,-1.3343091612808298,-1.1240154792965582,0.342127823508677,-0.9400362555811341,-0.5594913853203111,1.8499380934744374,1.8647244077947593,1.3366056504049963,0.42621038192537875,-0.19566622400627334,0.03180284926801236,0.011386613072456265,-0.1883248183419268,1.6965307984260958,-0.8688865405372811,-1.2107330926269688,-0.7267312127674214,-1.4229540635137659,-1.3000280689113466,-1.1983978298684972,1.0388410017022283,1.7839301466016986,-0.9218028651397914,-1.1843171131525676,-0.9151755495651059,-1.7147132051775766,-1.6208853071164697,-1.2049418715073354,0.8964141526817362,1.9891478619449847,-0.7611682538804797
Bearing2_1,acc_00176.csv,0.068682220866161,-0.24603531034472742,0.07740864290348455,-0.29181516576125804,-0.6055290904451007,1.6694881967775197,-1.3238554975412256,-1.273054136644874,0.27531986144259896,-0.8864688275607496,-0.18485340351115945,1.4259375780098196,2.40839696441414,1.377234177703492,-1.326999201512939,-1.2854729261100974,0.03380460861774844,-0.8673854810493514,-0.5707050082979749,2.290380488349898,2.3366837462889976,1.365086299932949,0.4302636985294202,-0.19191161590905698,0.04046144846178518,-0.054861664090841776,-0.17695743082560098,1.768281395960301,-0.8602067460843756,-1.2887157928721036,-0.7476585240507962,-1.423754539602097,-1.3498863997461068,-1.1508103196067312,1.107497554689201,1.784194407103989,-0.9166372733557623,-1.261043060123259,-0.9544349450423398,-1.7436977426231524,-1.6084326564783178,-0.9241134609172021,1.0540130500178138,1.8558237802673572,-0.7611682538804797
Bearing2_1,acc_00177.csv,0.06109551700161644,-0.208670932622592,0.11072860976617213,-0.12214454117689316,-0.47483885034073725,1.7380966241106008,-1.3270942568071193,-1.3195150914190839,0.1121703088821689,-0.8190548166630437,-0.139039144120243,1.9150219152911234,2.3330878648681836,1.50332255153543,-1.3076630363501425,-1.4052358830217875,-0.13553054772699405,-0.852640501580308,-0.37577184321129664,1.5700480659178984,2.2345494891342725,1.551882824737753,0.4265631435217221,-0.1975455760414436,0.050206707277608946,-0.05193441463478905,-0.24229646970477509,1.799151116127931,-0.8706844341815851,-1.3174016670046746,-0.7621009132250569,-1.3954117014232055,-1.3060606805683397,-1.141272365385183,1.188885486547318,1.7073558199973684,-0.9340981322470926,-1.2617491907647578,-0.9618411167586497,-1.7081857280138424,-1.5781972915614197,-1.3364116006674371,1.168230798009416,1.897528662359031,-0.7611682538804797
Bearing2_1,acc_00178.csv,0.08549483972037293,-0.23120275993971282,0.358517738329187,-0.184438166299929,-0.4757568256164746,1.580141118294203,-1.3133245163793899,-1.2919460790014359,0.7387686399231548,-0.8586378353905912,-0.161731869244323,1.3371692903647596,2.154391301176117,1.1438375319066012,-1.3091057319281736,-1.0626319517083407,0.43309443371973566,-0.8240560234752055,-0.45831965918995615,2.159630067206315,2.0916009105938054,1.101568881621392,0.35490631391539,-0.18779258406720353,0.06175657145999768,0.01585452013695774,-0.13083159796675473,1.6929040819906773,-0.8427436757637246,-1.256990685468276,-0.7168816632195624,-1.3784979895310536,-1.3694363508579697,-0.9628943717310045,1.1281726574783764,1.6626642333945492,-0.902687906503408,-1.2283705936785654,-0.8962292961056509,-1.7226020643181443,-1.5841691531623356,-1.1350608908120463,1.5463412965481835,1.5801162096050976,-0.7611682538804797
Bearing2_1,acc_00179.csv,0.12005546361465794,-0.24496914602080183,0.3163005115137441,-0.23083101624140917,-0.7376077480994357,1.7297245828893277,-1.338726828950074,-1.312475195143652,0.3002904755064813,-0.8332583145843966,-0.27097770076515715,1.9358862107550492,2.399923227118487,1.3779599898281545,-1.3318285034607942,-1.2490380106689407,0.00014303151280888182,-0.9238091977133991,-0.4045274147191742,2.0837009242886992,2.2809355221677783,1.3964560389233733,0.4382900882774666,-0.206403735754782,-0.015539731983728098,-0.16162923635634283,-0.27176267135806365,1.7851894290658026,-0.8700890286735261,-1.2578431956221998,-0.7512173193431592,-1.397517720750391,-1.4002615981527737,-1.115994136950104,1.2527205642533557,1.6745117982161046,-0.9232455470459184,-1.2344222403779606,-0.9529842607967862,-1.7794331492202609,-1.5683502902404352,-1.1189090592459807,1.2705026242417434,1.7816569884729754,-0.7611682538804797
Bearing2_1,acc_00180.csv,0.17507252343313326,-0.23849363740796406,0.21818031983818303,-0.15394609154000452,-0.7403841095360812,1.7360934376652477,-1.2999666954788132,-1.3629697996919872,0.20525364573557695,-0.920019869794351,-0.23040679358537783,1.1664199801522823,2.40829355937321,1.4667699575472448,-1.299506455647482,-1.3074855775096348,-0.17378016292478668,-0.9131909900371429,-0.5816715379878693,2.4993553017835106,2.305085075667671,1.45514487701353,0.46786315517793203,-0.19662698081515353,0.08411602770400525,-0.07827965973926326,-0.22828155785633084,1.808859153465612,-0.8771452581307164,-1.2868999908887881,-0.7612098755262319,-1.404350259270063,-1.4165018851412337,-1.1025709984653398,0.8493166918795745,1.9780962855574533,-0.9130018687617666,-1.2851583206150334,-0.9314625603135495,-1.7540899147405378,-1.6808855671033005,-0.8288501846851307,0.7422296801013123,2.0322212288866197,-0.7611682538804797
Bearing2_1,acc_00181.csv,0.14304738393989752,-0.2541769211523078,0.2284592449863193,-0.20501564006429526,-0.7400753759343844,1.7314465125031973,-1.3004397591193984,-1.3523015881147018,0.05753779162062224,-0.878523874599998,-0.24747801604561054,1.6905891634254158,3.104121775149657,1.2791391806859131,-1.309613679995162,-1.3584530018656114,-0.29324478321444175,-0.9050655543147732,-0.5051982696682843,2.8245040428289228,2.908742076286717,1.3235804058708307,0.5387063516100975,-0.2045007881928317,0.02036281712490876,-0.09045085484600879,-0.27936386137373004,1.754306788062742,-0.8725076686042053,-1.2700341595603861,-0.7629429718842184,-1.4332313339616636,-1.4262955634211887,-1.0052050298631927,1.507859830699376,1.4863979057623078,-0.8566232979610039,-1.2452814170251971,-0.9357372710952758,-1.791486774897825,-1.6867829776063537,-0.616569393196511,1.55746416415726,1.4903850408561876,-0.7611682538804797
Bearing2_1,acc_00182.csv,0.22420688377348552,-0.23307072814172453,0.27940248076313223,-0.09876104826284068,-0.561674468301071,1.7432028110875255,-1.3041227317849435,-1.3294295362725206,0.1495276900196298,-0.8758386695067532,-0.30213871576348406,1.3057894449712937,2.322543288014669,1.5197448728697647,-1.2999336651285713,-1.3358241156134574,-0.13533624869553892,-0.9351874683323836,-0.5610784490150695,2.1794766322188495,2.3109974305591514,1.4749027553325489,0.6520177826655701,-0.2046856085147215,0.043961509102089506,-0.06302714941562021,-0.26566304329299745,1.885963568100798,-0.861410163520744,-1.3523543283411745,-0.7698304282408567,-1.4219647129346662,-1.4623987994731467,-1.2442742862869305,1.243615456490207,1.7963116005081807,-0.9420208398791203,-1.3241267530259888,-0.9675357332150869,-1.8258321995641995,-1.6904917631384797,-1.1501348626244359,1.496723041784727,1.7550493778456757,-0.7611682538804797
Bearing2_1,acc_00183.csv,0.1974063839524968,-0.2314572382267744,0.2576538184845012,-0.11896438614058213,-0.6416406702200994,1.6781726252827718,-1.2499194797885749,-1.3256380971996655,0.3283556940311305,-0.9344178626295734,-0.3377713648478266,1.5713710654877615,1.954755323109313,1.4734976395278017,-1.2374337677572926,-1.216990742470263,-0.00617238590320559,-0.9792326249491584,-0.6235102716710604,2.3183249811693805,1.842394212499217,1.436201512925987,0.6024832158168119,-0.20495293957600094,0.016685651425080494,-0.05932957115534325,-0.27776303869129804,1.9010597450370075,-0.8792457559718829,-1.35656877286467,-0.7593363848380658,-1.4201761220179485,-1.4898796739736702,-1.101327307969356,1.1239631854138932,1.8425298435296389,-0.9349143982470304,-1.3137659857044461,-0.9324617203444727,-1.7827701664563746,-1.7337650332926513,-1.1640771411929418,1.2549613221501341,1.8788612780581915,-0.7611682538804797
Bearing2_1,acc_00184.csv,0.20936633259970683,-0.24599624345848992,0.3587240162353963,-0.11915145408389445,-0.6894282713859963,1.8171635997376756,-1.3384682275920157,-1.3421338196396304,0.14267731006608234,-0.9155032048807769,-0.32516937508118804,1.8492276912653103,2.810212282459378,1.3603173259449823,-1.3375088303910887,-1.3939881094193978,-0.0375030784180469,-0.8936272383012147,-0.6152236948829749,2.440381215471741,2.727940388729716,1.3383732506559818,0.7015044347260161,-0.20534647577777043,0.040155709525270054,-0.016345223879622037,-0.2914494253536075,1.8708269088190899,-0.8761159389951343,-1.3316002495333958,-0.7661935952081158,-1.4686348772133895,-1.5199508994735595,-1.23871412061942,1.722096183322127,1.4790661149255717,-0.9396123586173311,-1.312833438699745,-0.9495921532023661,-1.8184940733009105,-1.8082439068515477,-1.223200645791021,1.875369811213177,1.586226089478335,-0.7611682538804797
Bearing2_1,acc_00185.csv,0.136634268852964,-0.24429536144221584,0.2923991491697265,-0.17901319594386886,-0.6611699915202546,1.8233174636035665,-1.365119626122297,-1.3487659297782024,0.03701085811670415,-0.8732448566466136,-0.24368445523533283,2.1051646360953384,2.900919314518098,1.4253696783344172,-1.3706929054531838,-1.4435207060069977,-0.2625096661359592,-0.8890377502722352,-0.5073996483531457,4.021538258006567,2.7328580879903206,1.3704938972656722,0.5884582446461452,-0.20273410611809425,0.02342657948662279,-0.1083224831040147,-0.2435164736895509,1.8615250233458847,-0.8923219878502365,-1.3400005689194243,-0.7825465930177502,-1.4275335920438006,-1.400254901604292,-1.0991647587602251,1.5765784938183685,1.4916780937493819,-0.9519225197590594,-1.3076594480890416,-0.9768230599873979,-1.7646704094360586,-1.6575961823361494,-0.6247954804080491,1.522508150637382,1.551671849159647,-0.7611682538804797
Bearing2_1,acc_00186.csv,0.13962239580339936,-0.22012479593648654,0.4171521692586372,-0.17414942941774597,-0.4072512999976837,1.739112659669259,-1.3255678361889955,-1.3167718043891088,0.19648686601266205,-0.8630253307471116,-0.24108736491301275,2.181000874926134,2.4241810222412763,1.4195342382965188,-1.321599308085945,-1.3555669978783746,-0.07659614608223868,-0.8892985451670785,-0.4974625518217455,2.3619147729211196,2.3710783998406044,1.4275383617296056,0.5293029851359852,-0.20087423752728936,0.0357318272505239,-0.09923260321416695,-0.21159108380333297,1.7893664112814471,-0.8683049514371812,-1.3373174702366113,-0.7368132067323773,-1.4103600473107876,-1.3652590105539046,-1.1685559992386958,1.3167747606727156,1.6483448041609399,-0.916629721511485,-1.3231515648021832,-0.8651612798274892,-1.7306626259381477,-1.6443299044228148,-0.9994271717109456,1.254343175186507,1.7466617032527898,-0.7611682538804797
Bearing2_1,acc_00187.csv,0.2420027599423381,-0.2536378734248814,0.38182604243768886,-0.1962234467286115,-0.75497313865889,1.8099888684462804,-1.3559925045368315,-1.3761274316987473,0.08443655601341261,-0.8786165773518326,-0.22222119863825684,1.251378307791422,2.102707683997022,1.7164228796876426,-1.3311469272423535,-1.427423276739707,-0.2182775478982413,-0.8409227509712508,-0.6550241895796788,1.592241540189862,2.1380710069032522,1.690879001509021,0.670633808637582,-0.21142052047413018,0.03584714893446257,-0.07997438310855708,-0.3321412894403761,1.855633855652184,-0.8746425194099163,-1.3356142325503972,-0.7743804205992397,-1.4124532530765228,-1.4487792225929965,-1.1651349214510553,1.007623848041942,1.9245544634122411,-0.928460927702156,-1.2981888866188274,-0.9518211278949481,-1.7863412609887936,-1.68103014085541,-1.2339347963780267,1.1378438584662511,1.9528207626177407,-0.7611682538804797
Bearing2_1,acc_00188.csv,0.1880069732627341,-0.22013558964572782,0.4359218293378732,-0.13318154983232597,-0.4963136658386124,1.7918472040915334,-1.332706203444585,-1.3897743444184454,0.24748357020793313,-0.8525822306788761,-0.24416916018346926,1.3301005608082084,1.8000978361693398,1.69539057263617,-1.3354809073137563,-1.3713868674608136,-0.04446050573451714,-0.8940752064347395,-0.5529746935826999,1.7324683376133454,1.996633029989935,1.6111342848455876,0.5000997862131082,-0.20004324824596356,0.010146972884927549,-0.040533548332268035,-0.25623027284650773,1.8903201824689992,-0.8460579058938777,-1.3081283778847839,-0.7634012548572726,-1.4341470300909798,-1.458319943191949,-1.1841383531815242,0.7623010083147056,2.102749978717015,-0.9118793566692699,-1.2586578890420634,-0.9551853719019665,-1.7754519927562575,-1.7518960717991907,-1.1011872101907707,1.074119385760439,1.958660997208126,-0.7611682538804797
Bearing2_1,acc_00189.csv,0.18226062105367513,-0.23425523988792396,0.170354845519481,-0.17078220643812228,-0.6057340209111111,1.8254180946909317,-1.3670105924875238,-1.3519066247008775,0.23206620835085054,-0.9206016329096713,-0.24223984467613577,1.439644534674435,2.3938510229623935,1.5211768881775702,-1.3723625322195332,-1.334388870906537,-0.04522818090692573,-0.9299306566666016,-0.5674181312499058,2.368447617813496,2.1297956576814383,1.5499423867358908,0.5424188040345171,-0.20614438153268425,0.0561702461461373,-0.1009273265834605,-0.2948223319080689,1.8950090928271537,-0.8851876689289279,-1.331198952829756,-0.7657961770395884,-1.44638508403258,-1.411227421904231,-1.164463057716255,1.0684415802250307,1.8808110141701495,-0.9462294689373778,-1.2970966515237978,-0.9552459544668085,-1.7467541576174954,-1.7418382814724354,-1.1326135454911348,1.0804559188575653,1.9691228926783648,-0.7611682538804797
Bearing2_1,acc_00190.csv,0.16093089431423308,-0.24866481635627785,0.22444313799778132,-0.21418196928660382,-0.7095976794374976,1.7086470711703619,-1.3392416164445762,-1.2912207443690467,0.30895333761603583,-0.9229113479928645,-0.23112370618877645,1.452491146596152,1.9605408530355326,1.5610518234321196,-1.3433857242424119,-1.2836378584119181,0.021797955208655177,-0.9218586478677745,-0.6312325485863932,2.1988438976710536,1.7367024194936975,1.6037621198623402,0.5823612803101944,-0.2044822181229,0.047506556125735996,-0.041920140179872,-0.2743205328451686,1.8871522900899766,-0.8903903035675084,-1.3471346912928917,-0.7617598260520414,-1.4457048673030457,-1.4485027621692173,-1.1892982221029207,1.1923498823920213,1.8200568096140826,-0.9639912226731805,-1.3003878992600337,-0.9813116263910074,-1.7596585889745369,-1.7561959502482654,-1.2047644979954026,1.1214548582422528,1.9938767467855485,-0.7611682538804797
Bearing2_1,acc_00191.csv,0.18194359970595889,-0.2247553491650847,0.31495456279395917,-0.10961098897496101,-0.6011483005613727,1.7593058377111286,-1.3263893411720296,-1.2886912122590795,0.10458624650018009,-0.9408704869551046,-0.2856594845812459,1.8368144574331173,1.7698961799170414,1.7488330597445958,-1.334254444010499,-1.3032788346374127,-0.19783193078378558,-0.985882217280525,-0.5470506071681922,1.5296571719390084,1.8425464976276638,1.7396343949681219,0.5581585523076712,-0.20208434463620334,0.04392994362386689,-0.054861664090841776,-0.21013462758465387,1.8707040012287188,-0.8659880384308942,-1.3247846724796553,-0.7636706068918196,-1.443583681694298,-1.3296239725212746,-1.0544525361534964,0.6355109914622089,2.1044405958566554,-0.9150517279378917,-1.2870276580995454,-0.9781934949607951,-1.675947999385403,-1.6355088783205927,-1.2560671146848188,0.7261579300643575,2.1469111793414037,-0.7611682538804797
Bearing2_1,acc_00192.csv,0.224938168051986,-0.24033818632249818,0.3588293341375312,-0.12008679380045668,-0.7545112391824657,1.8264512415757728,-1.3702485239862978,-1.3516225083841173,0.13634473613079223,-0.913850047631333,-0.27173073498418415,1.930186717492214,2.3363989627922153,1.5911816539054102,-1.3446418426591666,-1.4216084987819513,-0.1729845333965571,-0.9453489150081367,-0.6411932602243979,3.3059539049559548,2.1532479020075455,1.553613691853243,0.6347637189707402,-0.20556308399951437,0.10650881256620494,-0.020042802139899,-0.2423722164533929,1.8736664489439543,-0.8872317163193575,-1.33706513318561,-0.758870269625667,-1.4614922383376536,-1.4544415546904883,-1.2864757499555295,1.2354523098035732,1.8245400732485975,-0.8629043338020144,-1.3143744268136976,-0.8521401816295352,-1.8353726691695444,-1.7452559517921054,-0.8592555510893698,1.0057918244638429,1.9004043920723699,-0.7611682538804797
Bearing2_1,acc_00193.csv,0.1385465065168555,-0.20641635532577263,0.37202343588399067,-0.11915145408389445,-0.4119886712707557,1.7815790118653951,-1.2835799487473054,-1.399374231588493,-0.017344113354512813,-0.9000364606585023,-0.1982477480388831,2.2047624394014185,2.081621864636152,1.6883612923131943,-1.2556352908156927,-1.4834210598764377,-0.3063061484278261,-0.9086272284099424,-0.5695847464024769,2.0558787628946362,1.8570790376759174,1.732397659239975,0.5716566703387134,-0.1972417094831282,0.07242902356775406,-0.06780318800181155,-0.22700836535657182,1.907507652542732,-0.8738689623765145,-1.3460032191050637,-0.7792939694317008,-1.4438350295878306,-1.4403359340965582,-1.1274606409038332,1.1831601109291274,1.8016632645708341,-0.9227290162093343,-1.31160548380963,-0.9802830272366846,-1.7730738771738428,-1.7216357810450023,-1.158467745993962,1.1454079262448267,1.950410047081652,-0.7611682538804797
Bearing2_1,acc_00194.csv,0.2849436972439994,-0.23171423370466593,0.3295149576876545,-0.059663848110545,-0.6291325151632716,1.866053163669875,-1.3602842212051032,-1.3550498766691517,0.10886047022457888,-0.9587276122185577,-0.3460817721627895,1.047547359078527,1.974202095068759,1.7878136845132238,-1.3651114393512953,-1.4776532568373613,-0.12032916486709537,-0.9993079075784916,-0.6904115235797553,2.071796825883604,1.7376555820405974,1.8236677117402904,0.711895394622104,-0.21076709096852214,0.019818016725615333,-0.05809704506858408,-0.3736734464715154,1.956376474249738,-0.8887487878994474,-1.3263140935052213,-0.7658444658600255,-1.4705829600476756,-1.5318880082860156,-1.3859244864007205,0.9762441689561264,2.08735849053227,-0.8860154081086491,-1.284397943101307,-0.9230605913685214,-1.8221396955412703,-1.8360222246641134,-1.450585938703281,0.828019266798684,2.2379913603889485,-0.7611682538804797
Bearing2_1,acc_00195.csv,0.2299298333588763,-0.23670972752275657,0.12304771141904676,-0.14870818912725686,-0.5703289107341378,1.7960513608814304,-1.3427930176712646,-1.3335123262050166,0.1765142628530221,-0.9293590244765341,-0.327420731853148,1.3927044212248965,2.462723418216848,1.4941099488269216,-1.3552118614479705,-1.2966697150575193,-0.05239176505334183,-0.9334856095790075,-0.7025007348164928,2.0420405846690075,2.4894658527404436,1.4465272323919534,0.6077736845119099,-0.2039208656783569,0.00046284366163033244,-0.019734670618209414,-0.22882027620441728,1.9464207492613514,-0.8776389825778634,-1.3631607623807995,-0.7844554562188435,-1.4530093931041537,-1.4564608970222968,-1.2711654392883833,1.1145078341486048,1.912246391359219,-0.9310780565542881,-1.303937042566822,-0.9476481874158841,-1.789563026383932,-1.7406510932140047,-1.24991010047598,1.2409229189647348,1.920882143423886,-0.7611682538804797
Bearing2_1,acc_00196.csv,0.2026090559099835,-0.23665223274483768,0.2875009477562311,-0.05480008158442212,-0.7033515819638932,1.68231087911299,-1.2978900919292593,-1.3283311945252145,0.2660870634147928,-0.8803863646269814,-0.2094529699196186,1.647804869607812,2.264379574638824,1.428508398895909,-1.295631590090992,-1.2668928520525444,-0.04175556380792105,-0.9308630294094107,-0.49829250965494304,2.666590494028837,2.2177763112193962,1.371138088333908,0.6032719327222144,-0.19968202341441163,0.09007700782196558,0.10752364783966067,-0.2875632528097623,1.8922095151758838,-0.8885542211592732,-1.3586316162883612,-0.7622550833830384,-1.4268721862518308,-1.4275251308906285,-1.2417571250239612,1.4263231187794725,1.655302319340015,-0.9499220527016141,-1.3269793871328877,-0.9624223177836626,-1.7793968997673455,-1.6991144359194348,-1.102066785828803,1.6692074944482032,1.6278704300989546,-0.7611682538804797
Bearing2_1,acc_00197.csv,0.18037383499057447,-0.24277612789502842,0.22479728595894416,-0.1629253528190007,-0.7736419037428304,1.7941423093406692,-1.3080166467617826,-1.3421093697414515,0.0015462998575894503,-0.9653988944459188,-0.1839886765760077,2.213317177930498,2.4077248945621137,1.5540369074059206,-1.3154393941921532,-1.4024400004811393,-0.2784036194225056,-0.9269939103350087,-0.5953862773939342,2.847899428024932,2.2419427810877544,1.567007923816259,0.6406246506573519,-0.2062822202074449,0.034689218435982445,-0.10293018147444391,-0.29612168342590045,1.9176831720240466,-0.8994783945114573,-1.3305898818616533,-0.7788884376425301,-1.4562045252529248,-1.408214002804887,-1.2434357736988697,1.3041742105108194,1.7438015007732544,-0.9642336573137377,-1.3074927455202319,-0.9758785276368288,-1.7939430307814297,-1.6913105486729694,-1.211743833580696,1.4561554808831423,1.790954591574602,-0.7611682538804797
Bearing2_1,acc_00198.csv,0.22328299705923738,-0.23439612407989455,0.28212187620128365,-0.09595502911315444,-0.6237588960956236,1.9078955896481347,-1.3594673943828226,-1.3797889422273564,0.05032396611363929,-0.9529682735723409,-0.3291268109290445,1.4310533785556678,2.5880220249130677,1.5972309673663878,-1.3661654772054372,-1.411911012687606,-0.2656482690433115,-0.995230951889612,-0.6498630067195782,3.0611287896473125,2.3903517545353474,1.5764742435811405,0.6979465319930309,-0.20389869801154517,0.051693391718603876,0.02355780817920166,-0.3303367268930029,1.9833775756010503,-0.8729647852802885,-1.3966991298114582,-0.794158141813353,-1.4488508701483458,-1.4960803276117234,-1.0914982777642814,1.3442908658046997,1.7211102124587772,-0.9241028088323717,-1.3341951625538389,-0.9883460613569088,-1.8063042412114425,-1.7796831054344624,-0.7973308284615762,1.3719537105729604,1.753950713933077,-0.7611682538804797
Bearing2_1,acc_00199.csv,0.26179213118577527,-0.2540207255539949,0.3670606598336926,-0.13280741394570117,-0.7074150362501412,1.9116464356691636,-1.374575541617052,-1.3689750254113318,-0.01951418153706451,-0.8831736802536047,-0.26021302307666083,1.149362177454501,2.647723171154218,1.6242893564284837,-1.3854716765306623,-1.4788317523993435,-0.3219443688405035,-0.9196365170184571,-0.5732708176080693,1.8145262634955583,2.5330360393236897,1.6910519012441094,0.7733999988358904,-0.20401759853168466,0.0636483954269223,-0.08228536952123021,-0.24782715095187377,2.003844728538502,-0.9140584346049685,-1.3572426631008272,-0.7878042439517051,-1.4682979915172178,-1.5230228069394456,-1.256778988534669,1.269487032391623,1.8523260709000273,-0.978773284296374,-1.3489800197264048,-0.9995000885731409,-1.833841664440621,-1.823031544795819,-1.1233775303228772,1.2724616835531344,1.9572488597010411,-0.7611682538804797
Bearing2_1,acc_00200.csv,0.2109796719249678,-0.2415574459020045,0.2559826492253802,-0.12177040529026836,-0.6485490500360077,1.8298180086908784,-1.354684334982129,-1.3424856915775412,0.21105323571607715,-0.97195317699361,-0.3535821519003494,1.5717529885093091,2.897676511946411,1.3510341586501797,-1.3536784046487338,-1.336101655277723,-0.09125780694519124,-1.0102290860448913,-0.6682598703698401,1.9818390801652834,3.099640811007732,1.3056359171368044,0.6578284077251524,-0.19972459253788177,0.047326446452709656,-0.03544937822438698,-0.19417818008453958,1.9395515362078783,-0.8647188850587237,-1.3501696197314288,-0.7673176423371634,-1.4877415969473562,-1.516705658571787,-1.1883014620621475,1.6747598533156807,1.5187716241385123,-0.9371283248899188,-1.298004365130899,-0.9548685606739535,-1.850942801901199,-1.7861142275975266,-1.062532486207511,2.0346325865199772,1.4477444096796102,-0.7611682538804797
Bearing2_1,acc_00201.csv,0.2360548938733266,-0.22397314156650355,0.29755848958708003,-0.1423478790546346,-0.43988562707079104,1.8651805825122094,-1.3592590333893828,-1.3341684750171492,-0.0795609726651645,-0.9904693790618733,-0.3036117172073233,1.2745829143929295,3.022580033069379,1.5186472668940112,-1.3560291026612654,-1.5106221684567465,-0.35733675666000597,-0.998106289919972,-0.7301616152634,2.2552446076117745,2.6826926452126223,1.6418056188229373,0.7120152348317504,-0.19631805432381613,0.04900708719376551,0.11106716033909284,-0.10328261966701706,1.897091872504239,-0.866463527830201,-1.3174113400283902,-0.795631083399638,-1.4783437612423536,-1.4782451005774102,-1.301597668390875,1.7203820609011446,1.5121702763713143,-0.9366830031475977,-1.308038629400963,-0.9767238767492221,-1.8234172003950067,-1.764266873780406,-1.1097547448417981,1.4780768657242547,1.7780363931404266,-0.7611682538804797
Bearing2_1,acc_00202.csv,0.23758950452096386,-0.24562488547857314,0.37745025921391623,-0.11466182344439653,-0.7884229446990929,1.7310925306575697,-1.2731983219809608,-1.3542378336193088,0.13050472547281755,-0.9033255534816572,-0.2959035487618755,1.779379440964858,2.47621082914872,1.4216881717394858,-1.2921416453120864,-1.4127594639198686,-0.1990825587445503,-0.9449325501723858,-0.6257751666771375,2.4602130560552977,2.3089601495807672,1.5223187049962796,0.6137915540080692,-0.21035799187177104,0.002255856645699782,-0.04330673202747583,-0.30795965860884605,1.8879127203113106,-0.8871436273622973,-1.3090375765721227,-0.779475452156307,-1.433208745793912,-1.4294893270875229,-1.2473929888932618,1.2749835370891796,1.7532951692395553,-0.9388193077536259,-1.2830830906023571,-0.9717013143751249,-1.7904964355255015,-1.7004916668435326,-1.2854182031127535,1.1810996035643067,1.9594154044265373,-0.7611682538804797
Bearing2_1,acc_00203.csv,0.1873219040647715,-0.22697310735693996,0.4850815312554317,-0.050497518888236524,-0.6513774903474443,1.814094194318296,-1.3222739194310256,-1.37427437395815,0.08577169148918617,-0.901132587832423,-0.17214966565956658,1.7321391102248838,2.3997431621050733,1.5538633967781894,-1.3329544530030015,-1.4101159812658954,-0.1902553356764992,-0.8654084878327979,-0.590935627598192,2.405311035368544,2.2556728265445454,1.563878920182384,0.6089387260333095,-0.2088926945128609,0.06067279017272658,-0.032368063007489324,-0.3528537191585046,1.8726639604044892,-0.8086068460318374,-1.321107030525052,-0.7806116927943932,-1.4524457611066357,-1.4368104819762975,-1.1580549682903858,1.2387036175872572,1.7550491630638676,-0.9039879309150627,-1.286427392407985,-0.984315427294388,-1.7609226101926996,-1.7279468609779376,-0.9652274442047497,1.2379510569531296,1.82759045636988,-0.7611682538804797
Bearing2_1,acc_00204.csv,0.2207673560977046,-0.22785471894761328,0.09029837073525289,0.03817268624185053,-0.6562297147200382,1.8645139222553304,-1.3510555330817076,-1.376145616138806,0.010460237049936589,-0.9026522245116064,-0.28757898532402554,1.2678463543985583,3.2428654265199146,1.3637573206883913,-1.367985288589591,-1.4333790799295019,-0.25740813521662037,-0.9859071807407537,-0.5392593260930718,2.6533445820641326,3.142594636926001,1.3643482550750041,0.6668721336187805,-0.20016695386145444,0.085760090694923,0.06392303752056001,-0.25930794814840125,1.9240521533439736,-0.8956544069228889,-1.3488659130325718,-0.7933022524832678,-1.4578078479183842,-1.4791891827405144,-1.1646597672532801,1.6313426366419466,1.5331140307197315,-0.925848032740666,-1.3173224750630934,-0.9744434210604159,-1.836786936071284,-1.7453651015083071,-0.919519226117428,1.7264675503778124,1.5741398928213957,-0.7611682538804797
Bearing2_1,acc_00205.csv,0.27144104660569063,-0.2486492831035984,0.2511803914502125,-0.0938972817367178,-0.6969075359853331,1.8791845887504668,-1.3854883900913533,-1.399846888325405,0.16048398548096135,-1.0002392765548582,-0.22749945202842023,1.2936951612072156,3.305969932249302,1.302537711495417,-1.3858682217000564,-1.482059886535732,-0.1259117088933139,-1.0031005110555806,-0.6001270059113718,3.029119877160278,3.016863435386794,1.358607581656769,0.7455642463216918,-0.21127497543521145,0.10650970900665885,-0.07704713365250436,-0.3386636742286751,1.9685984022716014,-0.9080275173348656,-1.3615649497764322,-0.7829410189323242,-1.4870369657424616,-1.4547806133788292,-1.255293874686846,1.7731270904172305,1.4646972003084706,-0.9677413383595309,-1.3244715415490582,-1.0069304475167742,-1.8155212352620225,-1.7280984029258175,-1.0145602194412089,1.8828798407933827,1.5254479624208899,-0.7611682538804797
Bearing2_1,acc_00206.csv,0.2458871501426399,-0.2444147238470027,0.06098753395457057,-0.1928562237489879,-0.7019322602727337,1.6866949408814613,-1.2652033584507196,-1.3397418969286286,0.13142765659824754,-0.966001130010705,-0.23712940564941004,1.577213104979569,3.061095802344484,1.216924750767864,-1.2076220426341076,-1.419356316007557,-0.09558033684937431,-0.9610361280988442,-0.5993607911793365,2.8460700000966948,2.888622385437129,1.1627623200799315,0.7096407385790803,-0.20647381078575217,0.07313220918244623,-0.020967196704968306,-0.296644192107657,1.8782577820975106,-0.8876350362710043,-1.3302607974024132,-0.780287291474392,-1.4598179291242754,-1.4610189132526394,-1.295213484138933,1.7424234776729395,1.4733328420363563,-0.9305246137969588,-1.29852179698119,-0.9856072777363977,-1.8005634532092762,-1.737965151218686,-0.8379577816758171,1.9733286105057812,1.3927988671408444,-0.7611682538804797
Bearing2_1,acc_00207.csv,0.2338429232531159,-0.24650919380091668,0.3766294979702134,-0.12345401678008021,-0.6867728606239404,1.8413543474605216,-1.3682264103234045,-1.3997782626000244,0.19907424373448043,-0.9119463822562069,-0.3360757366570276,1.524725459407677,2.4290196210032198,1.564518116705788,-1.3698477906151436,-1.308572948991804,-0.1643400682281981,-0.9228407259146524,-0.6403837240386951,2.561592677882162,2.1773477767239373,1.5732576896296473,0.6461677231950519,-0.20921951298623248,0.008186287308909137,0.010924415789921474,-0.32499922828256445,1.9242631972243964,-0.9020376431668063,-1.3475364296654329,-0.781624514345173,-1.4482451528872728,-1.392422095928883,-1.4048879595963968,1.3671113042738219,1.7605220189379076,-0.9642234526195747,-1.2893151496458857,-0.9880823364840191,-1.7428059196288037,-1.7053070069646308,-0.9294028781449534,1.1708228622782344,1.8588781541197938,-0.7611682538804797
Bearing2_1,acc_00208.csv,0.25802374464592953,-0.22815832821643148,0.273105280246938,-0.026365754200934278,-0.5487062869972782,1.3322583438858726,-0.9631646623277583,-1.2904483503979671,0.2789949822471128,-0.8188826618045483,-0.31243844000073007,1.569134324016971,1.5656561347881843,1.2470383600988424,-0.9687880340346083,-1.1575694151437408,-0.0791446512137832,-0.8774718268415153,-0.5256689632439332,1.939577721330244,1.5477113685187327,1.2403456707514464,0.6668428329439089,-0.1894145161921653,-0.04036468985583515,0.1617547956570581,-0.22177368108207415,1.6133393108629677,-0.882618551230652,-1.3236986378353166,-0.7648013466297162,-1.2157824883309187,-0.7367029095006565,-0.9756671464321645,0.700505334982058,1.6665941518366039,-0.9366981795125443,-1.2795287790537662,-0.9650982639166922,-1.105363284407627,-1.2282570566063893,-0.8319033839740891,0.7002438827687637,1.6815086872112175,-0.7611682538804797
Bearing2_1,acc_00209.csv,0.3849067348855321,-0.22811776877201018,0.2922424569699782,0.040791637448224616,-0.4699253581379115,1.142737838982627,-0.6309051957215157,-1.2136543102895219,0.08748763261931498,-0.9219039355603234,-0.3422919311761136,1.4884832147494642,1.4902039117470864,1.017501068258336,-0.6398463905473512,-1.165142533652849,-0.15915767064021788,-0.9212139129287309,-0.5975610325998112,1.168968242628186,1.4696577793802834,1.0237049264992042,0.7065888770196944,-0.16402703928659368,0.04253521616746032,0.47158104071610957,-0.13261655796538696,1.5740071472284296,-0.873605126359376,-1.2683983329876058,-0.7485874458959683,-1.310898884796042,-1.0367853660542727,-0.5942568258225861,0.9946655353480248,1.4778109844075649,-0.9057936702094033,-1.2703548041078878,-0.8882092257635323,-1.2083026749865213,-1.3607761712131028,-0.37016985663708646,0.8822124388948192,1.4780708148356794,-0.7611682538804797
Bearing2_1,acc_00210.csv,0.29849088778964916,-0.25170016367374076,0.34521856720800687,-0.06490175052329285,-0.7023321131630937,1.8311710167911046,-1.3588907500648288,-1.4005289974210904,0.15078266896904663,-0.9213928905970509,-0.3497111443193535,1.5074681047151852,1.9847648433162153,1.7458345360920802,-1.3755270869510883,-1.381608669678074,-0.17524621345903232,-0.9527982556116513,-0.6684821832930559,1.7755642098846978,1.8943823552529686,1.781974593055393,0.7167725455780334,-0.2034087553141115,0.045863817725926515,0.06253644567295605,-0.22781230569834682,1.9511174861649705,-0.9009972292293619,-1.3489858792630065,-0.7834509050057956,-1.430256130130096,-1.4271430961051288,-1.2414370650055777,0.8714427572661774,2.0586401063807447,-0.9627988601096845,-1.3238671201895615,-1.0023491730053673,-1.7358634751487314,-1.7135490352677683,-1.265701637653003,0.8617863233170805,2.153426286158499,-0.7611682538804797
Bearing2_1,acc_00211.csv,0.2424700722469063,-0.22786636537232752,0.14282848392609376,-0.10867564925839909,-0.5251958825019537,1.9115173295740218,-1.353734857757896,-1.3391188435642842,-0.12965934153873762,-0.9561037457749535,-0.32253222581950725,1.6093572666995297,2.9408925013342118,1.5524929090710857,-1.3774315662407122,-1.5701803220210082,-0.3193554233294786,-0.9001619319127907,-0.6121888017386834,2.3220238648776443,2.7287028393521773,1.620829076687616,0.7728685326398923,-0.19921133090316712,0.05955400112861958,0.030798898938910926,-0.2623784475153403,1.9434474570952651,-0.8898369628298857,-1.3339844649993338,-0.8065264425422397,-1.4711175632854605,-1.5134457325730941,-1.2275940473644735,1.4216149864596193,1.7253554683471004,-0.9450314725336845,-1.301900043408805,-0.9843963277737635,-1.7783547669919881,-1.7562625382971795,-1.172460312409482,1.2286916849463423,1.9258824176787412,-0.7611682538804797
Bearing2_1,acc_00212.csv,0.19945302893042338,-0.21754007635665334,0.5090271128316276,-0.052555266264672995,-0.48901055792930226,1.906716237165074,-1.3604788193239798,-1.3821958466763247,0.023572102569581758,-0.9264227034394716,-0.2787586672908777,1.3102487731872747,2.6435490259619594,1.5720789290036519,-1.3580052493851682,-1.4298680211975938,-0.298480111982525,-0.9677998186102373,-0.594675965264568,1.8708562680978666,2.610147466464238,1.6083581155870754,0.7051465195513931,-0.19974052770940928,0.027379714373841936,-0.056556387460135325,-0.2564040657471758,1.9146906524031793,-0.8840692748973472,-1.346146767381888,-0.7943208657991763,-1.4501447565971721,-1.4497083426418496,-1.0457721881407553,1.4413244931262617,1.5946842302623678,-0.9384146969679329,-1.307015211440816,-0.9983221421585875,-1.791884862301568,-1.730748159213663,-0.9468304977651281,1.4189740784874565,1.7499363614282757,-0.7611682538804797
Bearing2_1,acc_00213.csv,0.3418120068501274,-0.23975752606661188,0.1365375389403133,0.032186512055853087,-0.7255593871436747,1.9440020043245496,-1.3775345920599977,-1.4077810189052458,-6.386508554584455e-05,-0.9560052656962386,-0.3326254169326832,1.45703430045782,2.8691926451813194,1.5508446441541728,-1.3784999920223542,-1.4693958194915222,-0.33006094032525696,-0.9267321986470607,-0.7373903086435755,2.5438177654099254,2.7539725223704075,1.5745924678243817,0.84097777453837,-0.20277828559612796,0.09865474599833479,0.03819405545946526,-0.32423912976177854,2.025531585943414,-0.9041822083502387,-1.388621759406749,-0.7923123184899137,-1.483839653330405,-1.5027777835637326,-1.3422333515199267,1.545356457679571,1.6843414546131248,-0.9623929515534837,-1.368130967543395,-1.0039668283472472,-1.8397207101698796,-1.7858267173280282,-0.8399004215425311,1.395837492980251,1.7925590790208616,-0.7611682538804797
Bearing2_1,acc_00214.csv,0.3743938230984566,-0.23498953921619375,0.1341547989558078,-0.04507254853217636,-0.6257095520670922,1.8195522854330177,-1.303641763330514,-1.4178352658265856,0.16897084321446565,-1.0136814703690307,-0.22870516233874089,1.651757661331626,3.194908696993654,1.238569363872773,-1.3216446702522462,-1.3483671447706758,-0.1613788770289158,-0.9774583848320872,-0.6637663022127864,2.2144825819993454,3.3582697949312657,1.2042795683215273,0.8638321314249604,-0.19926428794828355,0.0875326988070114,0.1543596391365039,-0.22278598094307836,1.982632485593178,-0.9060541804435222,-1.3605935590078537,-0.7832969433939232,-1.4692083728133407,-1.5223327973721428,-1.1852467503785782,1.601327200468439,1.5790983790051436,-0.9495551708369836,-1.346343159472681,-0.9690563667203201,-1.8316893903496645,-1.8199137677756854,-0.9780777365483989,1.8484192560944468,1.557213677007428,-0.7611682538804797
Bearing2_1,acc_00215.csv,0.3124431940129582,-0.2627319945031023,0.2886933008294648,-0.1730270217578714,-0.8499465554464593,1.9787367073683197,-1.3744609450335659,-1.4261629508620435,-0.14368077474150753,-0.9728569732318584,-0.30739770530402544,1.3332848272387305,2.9262698477191234,1.6315135157206977,-1.3814691848295926,-1.568792738375412,-0.40321029636259764,-0.9496221995285928,-0.7106373934996671,3.5925943141796215,2.830057288763303,1.5535639373621861,0.8591007915359138,-0.2083317783580254,0.0543447693465127,0.03495867448172268,-0.3612940668317362,2.062471265918116,-0.8958214561860198,-1.3897391812305784,-0.7978369870229763,-1.4826265428066103,-1.5207833960417843,-1.1407587530653154,1.3615544750629929,1.7466627076521484,-0.9434444078404218,-1.355434944587822,-0.9759163627818382,-1.8157472594262078,-1.8062067019314743,-0.9083319793024697,1.4493348837871531,1.7601729955908048,-0.7611682538804797
Bearing2_1,acc_00216.csv,0.2874477735888444,-0.17814800195841207,-0.1630979592113704,0.06005963560940381,-0.2587900935381964,1.1693805361722112,-0.7306104312659684,-1.0560929687958243,-0.08014897748611652,-0.8478602173596343,-0.30692269406815714,2.0488332928706177,1.35635693585197,1.1615056966491808,-0.7267900364890271,-1.0869183871389336,-0.3443403710872164,-0.8837418524076386,-0.5699957777497351,1.3570061970342389,1.3048569295776704,1.2062022394444383,0.6058322412708463,-0.18310815225158625,0.04680175525582827,0.1261656049018911,-0.1391363717860139,1.7132265259252994,-0.8879765172781194,-1.2756408173505747,-0.7719441731910089,-1.3531881601874507,-1.104091123248294,-0.9739683108923678,1.027159954336052,1.6509587055969608,-0.9425678914776954,-1.249005289245947,-0.9757772163440931,-1.4027723681902375,-1.565692978580475,-0.8788561297889366,0.9394915817625838,1.7838412650221587,-0.7611682538804797
Bearing2_1,acc_00217.csv,0.21527002848850607,-0.24912679479716196,0.3191305205478931,-0.13355568571895077,-0.751734252710085,1.8127168095484547,-1.3345713645713688,-1.3500316973162407,0.005354957037075068,-0.9234980511291343,-0.3721565470308288,2.2544131487285766,1.681585593569245,1.8818513730248512,-1.3356923170594917,-1.4090167109453036,-0.30850489693430416,-0.983966933793955,-0.6604926623285977,2.112851717404273,1.5524768132283793,1.9050873934541697,0.6312762604970146,-0.20262622754818652,0.06917118689822295,-0.01742368420553614,-0.25852581660176405,1.9065997096472918,-0.8851308298296796,-1.3642519659125516,-0.7750844329181925,-1.4455491842419195,-1.4706790644983028,-1.1730437043392674,0.8269289088135316,2.0958203597124525,-0.9610427839724002,-1.3152859698290917,-0.9940021484794413,-1.8078010563957154,-1.7221153570651888,-0.9778866561200042,0.6709831981229478,2.2001081718468494,-0.7611682538804797
Bearing2_1,acc_00218.csv,0.17774381304576253,-0.22677612279076786,0.25993432556742263,-0.1462763058641954,-0.512880158277825,1.8090550901964784,-1.344793759908054,-1.2889879639138249,0.02788828558465219,-0.986557637244204,-0.2969832729786209,2.4307590559246415,3.140820044287651,1.2898198488780321,-1.358451089024203,-1.3239775773339377,-0.25311226420811667,-1.0170045863380324,-0.6818284747743724,3.36227365028164,3.103109120969209,1.2782633184168253,0.6351297661356546,-0.19219124135498314,0.010876563433956606,0.028025715243703137,-0.17100518976130336,1.918247081795623,-0.8922681066401429,-1.3635095659593364,-0.7968671017640032,-1.4700231139716806,-1.4201433074396859,-1.1740966782849953,1.7175266201373098,1.4430722684091775,-0.9477489764278053,-1.3556555189434236,-0.9912059889119689,-1.7889177649995194,-1.7343348949364046,-0.5387967465567908,1.7515711365532527,1.4474723303847374,-0.7611682538804797
Bearing2_1,acc_00219.csv,0.2944260293115521,-0.22750556326080495,0.09649995550946115,0.09616374866870078,-0.6550731160168319,1.9591096610570329,-1.3698330300221158,-1.450013579091505,-0.06798147604720879,-0.961735974547504,-0.18946439326792555,1.5403109882686812,2.503731790978264,1.670670843020741,-1.3731196411471878,-1.5703893088911314,-0.3457846303618318,-1.0030995428724054,-0.5209467749095371,2.159457292951736,2.5459642867910883,1.7097938034255225,0.7617620785671261,-0.199354732426225,0.059464112043196335,0.16314138750466206,-0.2507571143263782,2.005831674235637,-0.8972130667619884,-1.3795118006295382,-0.7958377489665791,-1.4513241887620845,-1.4875160067322741,-1.1912821320611862,1.1245444920235839,1.8671283415351758,-0.9485910610773273,-1.3659254429019068,-1.0041405459583457,-1.8332180118758905,-1.7328015147654516,-1.0232125464841402,1.1849340015156926,1.9438837470500505,-0.7611682538804797
Bearing2_1,acc_00220.csv,0.2504079619086579,-0.25029407144273624,0.2837946979294345,-0.07837064244178692,-0.7425368694769976,1.917710497144768,-1.3905313232288055,-1.3541355134002548,0.019353988404422786,-0.9657622790132,-0.2035858643014378,2.230881012988387,3.493020729091399,1.2639978475216527,-1.3957633862690813,-1.4293797011571256,-0.23342280552833522,-0.9536569026221744,-0.6058743921279587,3.1102849347783454,3.3128417378308925,1.2915794982304742,0.6798036553736277,-0.20592125959007862,0.0314432058372555,-0.057942979307739284,-0.2707562225000301,1.9740698717458551,-0.8888169030046226,-1.377854597906911,-0.7802597429941591,-1.4753408259094654,-1.4961258878419652,-1.0654553269637927,1.4492888165040432,1.6409012075832952,-0.9437486850586205,-1.3159238831804547,-0.9540806978183187,-1.8465515657147213,-1.783178044402943,-0.8512407606832705,1.5016847786176526,1.695824152864678,-0.7611682538804797
Bearing2_1,acc_00221.csv,0.3309026900189778,-0.19939527674553914,0.1646277404469473,0.06716821745527565,-0.3718356109294617,1.9796003892092622,-1.4074556595988787,-1.4002992826261749,-0.13496557287174044,-0.9798883833088001,-0.1846062250258096,2.377809665129013,2.9701459726584516,1.6060217389056513,-1.3985931943382819,-1.5952489400261556,-0.3665122190037061,-0.9799440896950603,-0.578515615543456,2.7133862595090217,2.8801537467996274,1.611863113312878,0.7693254604987159,-0.1983451412178112,0.01067731909167281,-0.021429393987502963,-0.15393357035976826,2.0122881844384595,-0.8724708682322501,-1.3885971534026873,-0.8011257352689679,-1.4788778799965874,-1.4786863354950897,-1.086506921827975,1.153080624281645,1.8664829969496908,-0.9192508459254113,-1.355537413622211,-0.9945847031341245,-1.8200230095998904,-1.7748626947914499,-1.1724601764390243,1.359746032670486,1.88344185553214,-0.7611682538804797
Bearing2_1,acc_00222.csv,0.3692361601981298,-0.24852998493977893,0.4156657687015678,-0.04843977151179971,-0.6643339362061003,1.890152232191648,-1.3432569241406933,-1.392746237416769,-0.1377393299175012,-0.9619974221953339,-0.2602549667040678,1.6462668896046446,3.623307067323507,1.2924128831626351,-1.3534776230956649,-1.5637083442849455,-0.37142632621254873,-0.9953666738648057,-0.5888026654716448,3.3749006698807733,3.628797674538228,1.2627428904006581,0.8654619100252259,-0.2092928204877289,-0.001562301922623847,-0.0115691852934307,-0.31180466883119473,1.9367855741276692,-0.8899467398469948,-1.3381834329050322,-0.801740340847679,-1.489199210941866,-1.5149972921765056,-1.1562234900392974,1.6536268857683516,1.5291245431371594,-0.9482282250169054,-1.317512975141399,-1.0000550018250813,-1.8568831023742243,-1.7893499568776676,-0.9168859237122657,2.00799606748066,1.450923960433081,-0.7611682538804797
Bearing2_1,acc_00223.csv,0.2695165594409758,-0.2509151296392042,0.17999350450501447,-0.21605264871972807,-0.6243019129122872,1.9579026185958834,-1.3911148089979244,-1.4270343441693976,0.018486620954006508,-0.8967682592234409,-0.3041780260785419,2.050090454285277,2.8743094513303253,1.5181688092520573,-1.3887609883077225,-1.5428402669759842,-0.24509143017057863,-0.935642164937802,-0.5967770429190722,3.470535132772897,2.707050401256937,1.5004875379850924,0.7751013023863231,-0.20728274376481115,0.03707824428657072,0.10105288588417578,-0.3315406887301859,2.0212817757177373,-0.906104159219689,-1.3756039884488624,-0.8155812590061048,-1.49447479654062,-1.4285786999252597,-1.122758177107175,1.3661651197490126,1.706968295756083,-0.9751223980732993,-1.366812577318344,-1.0012283201949574,-1.8197051264294801,-1.7258899005126773,-1.0095480906445755,1.5209624120610485,1.7439709029503152,-0.7611682538804797
Bearing2_1,acc_00224.csv,0.26377064963819474,-0.23103858237366676,0.0980974331316008,0.012544378008049088,-0.6988897546517516,1.9357263731943206,-1.3725877985782875,-1.3819676690191032,-0.08446753639283319,-0.9258522253621468,-0.23292465509919552,2.149523623532917,3.5952436954745464,1.2861316051406857,-1.373675735526003,-1.5259238904705057,-0.32103740070759745,-0.9834843383158226,-0.4210168047418035,2.3092828052010526,3.4615239382415592,1.359171605964291,0.8051949625638632,-0.20949827097414533,0.10586433099611575,-0.017269618444691347,-0.3617930954528375,2.0122062512533683,-0.9089190622929854,-1.3765962157584382,-0.7952489503704926,-1.462746560515595,-1.5189248179951063,-1.1623996130143013,1.8033355046757473,1.436545448867812,-0.9630488791820132,-1.337495128784461,-0.9960558395708193,-1.843298314258565,-1.800242170262561,-1.219424465738139,1.8985656185875797,1.6108347255034932,-0.7611682538804797
Bearing2_1,acc_00225.csv,0.39172373573290253,-0.2601605110616512,0.36458820724445795,-0.09258780613353093,-0.7167313768188994,2.057957841925585,-1.4101244783755753,-1.4698151086338467,-0.0020435295309824183,-1.0168282936224489,-0.34819717760044955,0.6683323588496621,2.741064332145287,1.7394118244467125,-1.4133818559100693,-1.5589151270186674,-0.3088851625911652,-1.0430170697568406,-0.6864161411399017,1.9482070678351144,2.628154011251594,1.7487500972918573,0.9468007670118723,-0.21579493906424724,0.028019802047274844,0.03973471306791401,-0.4243794149949566,2.093422177168666,-0.9045127563377886,-1.3828387998161524,-0.807497130724272,-1.5154784111350839,-1.5244357321226483,-1.3696212692105407,1.251385493779436,1.94229713930886,-0.972779841850699,-1.3589925138539114,-1.0234072191769652,-1.853898730812063,-1.815636569830662,-1.3406894109647796,1.2023041011641686,2.0790922860991903,-0.7611682538804797
Bearing2_1,acc_00226.csv,0.3706280479511196,-0.22821386001714417,0.3669827719975462,0.007493543538613726,-0.5859694223245052,2.0369365475325654,-1.4166876400521013,-1.427521956384969,-0.08178080526797193,-0.9772640478694917,-0.26574384520573213,1.340297937780028,3.2196788668305483,1.50446931165523,-1.427423848207225,-1.5984828505778244,-0.3049269547764669,-0.970693530256465,-0.5832474449998162,3.1396965846181133,3.0382862572114573,1.527561954871472,0.9500460684791926,-0.20705769657051784,0.05259077384428226,0.054525026109022406,-0.3143669555666728,2.0726034883484914,-0.8998145508939409,-1.3918277972974116,-0.8046531841678098,-1.4940627387078678,-1.5317459519300716,-1.2812366933225372,1.507772501735355,1.6835568053388072,-0.9604447995126564,-1.344442531930196,-1.010731751677116,-1.8863605692607197,-1.7959126841760833,-0.938281893902298,1.4912833270761203,1.783686352265444,-0.7611682538804797
Bearing2_1,acc_00227.csv,0.45842449634973254,-0.22438480920800916,0.22085073155229124,0.04247524893803613,-0.4611557661942981,2.026488505364052,-1.3954507850189861,-1.4450084882664551,-0.05375606779673812,-1.0000885709072214,-0.2719636818678065,0.9026991743811499,3.209680770720375,1.529826492093459,-1.4045551136515937,-1.5956690519499668,-0.34081238893039784,-0.9869618178290571,-0.646468455574119,2.9711707649127512,3.073141195044916,1.5327210689038475,1.005677161374623,-0.20054871378471723,0.057783798517589885,0.03233955654735982,-0.25169519724065004,2.0945407434123093,-0.9032808971947395,-1.4063458709350036,-0.803936752296604,-1.4893681365811589,-1.556367571181391,-1.2956341132186924,1.4160182542238213,1.790927461203649,-0.9771044779178495,-1.3678848138799888,-1.0132624222800009,-1.8645798735837154,-1.848446102511452,-0.9164713290563751,1.56186972840542,1.7588147160170244,-0.7611682538804797
Bearing2_1,acc_00228.csv,0.30634431836209347,-0.24865427049770025,0.2252118750555131,-0.07313274002903924,-0.7163416336121026,2.0190455673373076,-1.3739449752497106,-1.4141390481304184,-0.1681207375800999,-0.8748316367899425,-0.2477777997839696,1.1399160167165485,2.33048944785143,1.8609845492747452,-1.384615793175295,-1.5305425919920186,-0.4554582744957777,-0.9107970367496587,-0.46335570343415683,1.9495059130198444,2.6933107455773273,1.7066639287289807,0.8533092416410168,-0.20596890562901754,0.05409126176350721,-0.034524983659317665,-0.29637609824181554,2.0788417400812933,-0.8809369449088106,-1.3937185668105776,-0.8013157550561144,-1.5016821573715262,-1.5052392698453143,-1.2726952160908278,1.1014685434180063,1.991928567825378,-0.9501813704110738,-1.3485864747289669,-1.0248978218814349,-1.8395461924493437,-1.771858049744632,-1.247146702815401,1.481247226706395,1.8612245771315403,-0.7611682538804797
Bearing2_1,acc_00229.csv,0.3282786246963157,-0.23611056402421843,0.24885232119694953,-0.03010711306718276,-0.6473311719851427,1.97647278451815,-1.3935666455710838,-1.4253560780985526,-0.0170080975666509,-0.9053285961800994,-0.23323051836553835,1.297725730094565,2.361210843567405,1.7771355927812653,-1.385171662965658,-1.5137389710350126,-0.31981524055840305,-0.9316962131185008,-0.539201136108477,2.25917610728961,2.4104751171572105,1.7066585171095097,0.8599146677018861,-0.2013032481653918,0.09101471481330912,0.03742372665524074,-0.2563833734330113,2.0385478112484994,-0.8765939351240566,-1.377613056791244,-0.8008143763874714,-1.486610731006534,-1.5213435380549156,-1.2424071597182278,1.0539733262234454,2.012441550998609,-0.9479167758936452,-1.347247505058551,-1.0193409887858753,-1.8505111140437671,-1.791019993388447,-1.3105185316997314,1.4050846508391772,1.931616363239108,-0.7611682538804797
Bearing2_1,acc_00230.csv,0.39226446439503765,-0.25726485006564676,0.40922873327849285,-0.063218139033481,-0.8593747568252518,1.9557848615866718,-1.388777543271982,-1.4416086582618304,0.29782472272591815,-0.968524601685593,-0.32178079772837126,1.473443394137784,1.8585970529539422,1.7532037035147492,-1.3967055838713633,-1.3739218397013073,-0.014700520887917456,-1.0118234781722473,-0.6582456505128187,1.5301559514808702,2.103522724433283,1.682843438150666,0.8599836791430774,-0.21233971945779717,0.08668465574862036,-0.07350362115307206,-0.35792828591634324,2.070715850998713,-0.9028656642144509,-1.4034514863393177,-0.7835587511722303,-1.4937909845212636,-1.4615872862533685,-1.3122032470575435,0.9462996846800101,2.084550345980352,-0.9591803864951054,-1.3646727728699284,-0.9916687949348028,-1.8427464847552695,-1.7657541175108156,-1.3497151532627105,1.2635605898594264,2.0082043324111027,-0.7611682538804797
Bearing2_1,acc_00231.csv,0.3669374537061897,-0.21308326423934573,0.34222645566003673,0.03031583262272893,-0.4739567107196775,1.998330607153575,-1.365729812787965,-1.4172365065503105,-0.15578423315573614,-0.9494504495469873,-0.41753718122016686,0.8271804509983209,2.0483274750593825,2.0000269931958936,-1.3570586848694461,-1.6101299850237933,-0.42722125777563047,-0.9910640306182411,-0.6751387311786781,3.2196734413847357,1.8036697503493968,1.917143239273542,0.8919474582393595,-0.20019461472389086,0.0018711696535088278,0.08641663860391219,-0.27500684656905594,2.1313633809686303,-0.8990175384144838,-1.408480537027035,-0.8063354698248008,-1.5176989177678115,-1.4916606343286354,-1.3887132891935567,0.7404612740576498,2.305299761015262,-0.9146344804273092,-1.379916129145171,-0.9816993262472482,-1.8532261920905635,-1.789452598342956,-0.8450663774422352,0.524646938227364,2.284557174457291,-0.7611682538804797
Bearing2_1,acc_00232.csv,0.3628584932676194,-0.2385825976287719,0.2853730678361441,-0.02767522980412132,-0.6878607884138093,2.0333159142460406,-1.3856457060527332,-1.4423694175850423,-0.23039464777777327,-0.9282058387041104,-0.46342058352065507,1.4439120417166456,2.4337271163877094,1.9252328069881746,-1.3918886604404195,-1.6623528321667793,-0.5040330136083622,-0.9543935183914076,-0.7937497921254385,1.9995744863700584,2.36595059206213,1.9484786151871234,0.8908127374402272,-0.20541654349375035,0.05573008639024351,0.07116412828026927,-0.3081388961143431,2.0817289719161685,-0.8937673618467734,-1.3840544755767734,-0.8152767097899288,-1.4824539573818167,-1.5162945129753322,-1.3461996745535991,0.9417407409883206,2.140272023039749,-0.967923994950511,-1.383543944495855,-1.0320101173005334,-1.8285922220685265,-1.8025791606900075,-1.4854555312683841,0.887085533215306,2.2996866588471625,-0.7611682538804797
Bearing2_1,acc_00233.csv,0.45015967926646067,-0.24615684384103323,0.1849048702791297,-0.023746802994560355,-0.7125552792068154,2.0254221912765384,-1.3937945210502851,-1.437087110242941,-0.08660629779634495,-0.9862994341853801,-0.308937732884489,1.5159479147998656,2.603467376081053,1.7473768859470498,-1.3989114654979067,-1.5682931445735717,-0.3993187724939877,-0.976038177565656,-0.7595198051386938,2.3878162353989802,2.6150610375316705,1.7479304982514172,0.9512804118787956,-0.21046871424129676,0.04190895173403439,0.0873410331689815,-0.3383825625676591,2.0989727822927278,-0.9076161670230124,-1.3967096445611682,-0.8085709109154694,-1.5028262268148591,-1.5277604710078005,-1.3685256995481057,1.180596247860162,1.9827702454757974,-0.9736484472509285,-1.378550311697579,-1.0349577019880412,-1.871406698732743,-1.8123276880391106,-1.3326334955564718,1.199800728605396,2.0936156696604864,-0.7611682538804797
Bearing2_1,acc_00234.csv,0.29532643783948653,-0.25245339885221796,0.28682068812219896,-0.12869191919282788,-0.755762668092339,1.9376922065074644,-1.3298658812117734,-1.4018923056060217,-0.1883098764600288,-0.9098644499367343,-0.2764845753304745,1.7307685962769181,2.152537268050458,1.8729830200944162,-1.323017245006806,-1.5448303753942627,-0.4636637496282299,-0.9037699102816854,-0.6274083881558542,1.6485456176440483,2.0519864684080553,1.8947877178032941,0.8517824213256694,-0.21059909871772658,0.03792862022774193,-0.02065906518327872,-0.31978271295280747,2.072928054932622,-0.9045744587855336,-1.3986640336064,-0.805795477248274,-1.499260773613382,-1.4715218109741914,-1.240018351219097,0.998860254854959,2.0493881681519928,-0.9274143934165412,-1.3784914417145908,-0.9587916141528721,-1.8358351498863696,-1.7713028707966905,-1.4171701233484322,0.9144149343246505,2.210350254745075,-0.7611682538804797
Bearing2_1,acc_00235.csv,0.26372016125006953,-0.2515194968088296,0.24597082668194054,-0.12532469621320436,-0.7783308538614089,1.869533585834493,-1.3229821862915563,-1.38626960897598,-0.036879976723376666,-0.8966394646052057,-0.4196046101573322,1.9975318030878755,2.4512184978009723,1.6338819652694925,-1.3448865875470024,-1.458066367564236,-0.3491617877699789,-0.9903992525398166,-0.6448832217041016,2.960052233297583,2.4689950572067363,1.5992787311242642,0.7459355336872424,-0.20627108529369556,0.07346108042788606,0.02633099187440945,-0.31966368894615177,2.0132623819117414,-0.8931259531148321,-1.3780818625723834,-0.7869446019092533,-1.4774768288106253,-1.5194093062041873,-1.141553855242688,1.0455022451506888,1.9653407463420594,-0.9649727315350589,-1.3467901467654706,-0.9907942918284031,-1.8639740422714621,-1.8091181156736629,-0.9063950213732064,1.188601309596308,1.9386152089666953,-0.7611682538804797
Bearing2_1,acc_00236.csv,0.3639422626622679,-0.20243648910660653,0.1314674151382688,0.19568389451090815,-0.5383514021782954,1.417434198945528,-0.7934318471924448,-1.2588528088986628,-0.07616236725497945,-0.9931252557922724,-0.44236839410140333,1.5259125163258045,1.110520402114604,1.5120592807294835,-0.7979041080389504,-1.2571736717595505,-0.3242364201471515,-1.040634450888316,-0.7859057538428655,1.2944644937815157,1.097609700073153,1.4806870793698388,0.5957465015563991,-0.20152509678276756,0.10234396882808348,0.03187735926482516,-0.2858987781867445,1.920487930736424,-0.8410669866751319,-1.3579019508804968,-0.7839521286913733,-1.4448428512126117,-1.453443167119473,-1.158617318678487,0.6096653079932459,2.2269281678311534,-0.90907503468783,-1.3457508869506825,-0.9929337119858608,-1.784244463837066,-1.7008035932438061,-1.2521179965454003,0.6492589672683033,2.272588456575211,-0.7611682538804797
Bearing2_1,acc_00237.csv,0.2928071326095568,-0.24747671675264638,0.12367661738825349,-0.12607296798645412,-0.7298027108571937,1.5670425524814113,-1.0030275024367434,-1.3663633952947987,-0.03224995963166727,-1.0026449718173,-0.4106490645361039,0.9948453166419925,1.5247442593250071,1.6588997818664295,-1.0181218337130566,-1.4087777484371877,-0.31121055390105,-1.028573864944141,-0.758343389295847,1.920806923569883,1.40117822289667,1.6367570308347315,0.616942151234621,-0.21380657454260776,0.024500668025829526,-0.1055492994088069,-0.3822458947069604,1.9917714020051782,-0.9026845239199631,-1.361924522112139,-0.7765173585817923,-1.4697422503927349,-1.4439175810667928,-1.196410982168508,0.7845166658059531,2.136052815997279,-0.9484576227137125,-1.3274771324664878,-0.9854430307089739,-1.7738120619616293,-1.7379385419544608,-1.035751903629546,0.7665932712248292,2.151704680185016,-0.7611682538804797
Bearing2_1,acc_00238.csv,0.30088388803001037,-0.2581967380977588,0.3057253099856297,-0.077435302725225,-0.8353813254533438,1.8690270417836854,-1.2501333998263175,-1.4138374475963562,-0.0901035302477028,-0.9694285869169245,-0.35404397995540615,1.5815134310871475,1.8650242619743687,1.8530652091174986,-1.2679120799060615,-1.4588937077918676,-0.3405471851951417,-0.9916437819640009,-0.6674049120780088,1.7614626066354415,1.9399796943050664,1.777698491735528,0.7705184781971959,-0.21275232628967813,0.027657437313122923,-0.046542113005218266,-0.35465550831892995,2.0400662282451183,-0.9055474616095085,-1.350505780164059,-0.7963504520181377,-1.4831195678069848,-1.492865183266111,-1.3187062398494687,0.9196083828615038,2.117981773891473,-0.9116330589922673,-1.3284752781128137,-0.9485976612427396,-1.8340253891231006,-1.76528124683768,-1.3082966804058234,1.0142581829835613,2.0958773116877167,-0.7611682538804797
Bearing2_1,acc_00239.csv,0.2383126331719928,-0.2388343725967754,0.1824271333846126,-0.11784197848070757,-0.6687358066237071,1.8630705731768606,-1.342185486462712,-1.3840924244867014,0.03479653034013328,-0.9674536732927911,-0.33970714556245973,2.240077423485561,2.6748220238774296,1.53236811166966,-1.3507052859962856,-1.4901161105376561,-0.20929239259943025,-0.9518578495344397,-0.7389073891335758,3.234765180549797,2.559705183118322,1.5010136354735066,0.7165225976662464,-0.2042469565323947,-0.01007842525588548,0.054833157630712,-0.27828115845519275,1.944873658545732,-0.8863539915163176,-1.3871580440700697,-0.7893057254680274,-1.4689325538253004,-1.4772363683324352,-1.2816304283566575,1.553071740951756,1.6401218006510396,-0.9488434619118715,-1.3533624451149726,-0.9998721919086728,-1.8092220837748323,-1.7456559212635694,-0.8827533020272412,1.5037842017240843,1.7085300521401556,-0.7611682538804797
Bearing2_1,acc_00240.csv,0.209866901182183,-0.23174576130259922,0.33612094962122047,-0.077435302725225,-0.6627426771562213,1.868206684787673,-1.3241623445765451,-1.4114625747455463,0.017736909857298568,-0.9167986056311302,-0.2148704644151223,1.6553612109836549,2.743615717327571,1.4974629731790339,-1.318530742647405,-1.5029848625069482,-0.2750438383008019,-0.9758010771726923,-0.5202982529877052,2.708976730409758,2.521579562028333,1.5387010501678964,0.6806219402719322,-0.20504047383347357,0.07423586773090433,-0.06703285919758717,-0.29726288296516684,1.976111287076338,-0.8791514232407686,-1.372082373657147,-0.7925709770400682,-1.4857807038226871,-1.4544579342084016,-1.300640230396944,1.4399268059896144,1.7097367175128293,-0.9381518263997571,-1.3537055468516264,-0.9901698192080013,-1.847881945231819,-1.718497068457323,-1.0915266939229067,1.4957874803445201,1.772738063523155,-0.7611682538804797
Bearing2_1,acc_00241.csv,0.3357308324967649,-0.2032239926382965,0.21141777156490194,0.05182864610365725,-0.48446354680408926,1.9670786943636904,-1.3769616311899466,-1.4188405234498151,-0.00686907503982778,-0.9617218057803705,-0.3118761679631502,0.8052986342259448,2.0826939101723947,1.8924031909470658,-1.381900921385968,-1.5581657000865907,-0.24846513940156265,-0.9852588563493467,-0.6020765877147056,1.1475416427086333,2.072730196772255,1.9021339441891645,0.7513438000834365,-0.19734630523841706,0.04842812752270429,0.06161205110788674,-0.19226630502516162,2.022914582886896,-0.8924208146529967,-1.3862631172099185,-0.792350220470172,-1.459149031260417,-1.5085555960449109,-1.2632484082252935,0.7659144262353237,2.2114835121041145,-0.9670983902274545,-1.3504493096783834,-0.9918541355284238,-1.8452717777214909,-1.76247762830369,-1.4527673547844286,0.7982646685368792,2.306161647965212,-0.7611682538804797
Bearing2_1,acc_00242.csv,0.25361643678998674,-0.24392157779509463,0.2008604228254033,-0.16423482842218773,-0.6065282038405774,1.9922059908831236,-1.3780955120084095,-1.411512134946007,-0.14160054877196296,-0.9102098174843504,-0.27429568946663224,1.6698523634191704,1.9626171955100566,1.9630470187645677,-1.3921579390140182,-1.555499418299996,-0.37898126913709906,-0.9613419982935802,-0.6117757421053118,1.9907097803302893,1.8534834350677558,1.9770305934495527,0.7197980109765719,-0.19477784578228016,0.08361490333371291,0.10983463425233395,-0.1662330324787166,2.0300328567134023,-0.8880383024766886,-1.380975341934855,-0.7999044359399616,-1.46099174535433,-1.4800640014236086,-1.2226297870208447,0.6976413929266437,2.2243856627158722,-0.9438591167199644,-1.3566698729186988,-1.0069043265900728,-1.8286197012818417,-1.7454704025717276,-1.356185904818808,0.7203460749035017,2.3125839664529884,-0.7611682538804797
Bearing2_1,acc_00243.csv,0.2898114199615352,-0.23755323707277418,0.4244677170016932,-0.1664796437419367,-0.5880129088417041,2.0198801216760147,-1.418528697679437,-1.4074490801779904,-0.07770070675991293,-0.9284226015942441,-0.32839438089980577,1.0337195339851366,2.3330746806026466,1.877869722436933,-1.430090344523548,-1.4903335074692892,-0.3669750724395434,-0.9599940518474568,-0.5917728916755589,2.255677705023011,2.141737644500456,1.8672058830486087,0.8314341766903046,-0.20603495057071206,0.05051293932400927,-0.04946936246127099,-0.32680713688531576,2.0297024063918574,-0.882014858631664,-1.3599547893025414,-0.8026025426150499,-1.4950439378197842,-1.5110581225891615,-1.3461969382429013,1.086991251594229,2.0232092857201955,-0.9560202403890742,-1.3415263473758536,-1.0095133607407356,-1.8344050430975263,-1.7909283050531088,-1.0732372785077686,1.0437608287907838,2.0598413637994195,-0.7611682538804797
Bearing2_1,acc_00244.csv,0.3857589583304589,-0.23310570113193427,0.2016166805640891,-0.07163619648253988,-0.5129823831765854,2.0914078631324395,-1.4213783118046543,-1.421618197633694,-0.1405015066666183,-0.9752697122091758,-0.28205843464881925,0.793931536474379,2.674279658687268,1.799897502733364,-1.426707441161754,-1.5535084780285726,-0.4140281139003546,-0.9908420497865094,-0.6530018825403636,2.1241488686762846,2.277131775699059,1.8982356928347235,0.9369938521821162,-0.20735524749786188,0.0334372596225986,0.21198023369248858,-0.3207192884270686,2.120347165799383,-0.9052584678306003,-1.411662241070812,-0.8085632390586244,-1.5135164583645784,-1.500904772416082,-1.4290633971794688,1.255710068101516,1.9468236760929238,-0.9493361155654113,-1.3778794010294064,-0.974373446088943,-1.8814205697554747,-1.7967972130997523,-1.317589696065865,1.0283558706777036,2.152671927532107,-0.7611682538804797
Bearing2_1,acc_00245.csv,0.4574424470505427,-0.2378286480977011,0.2977236247289917,-0.03291313221686883,-0.6243547839322771,2.142932968605524,-1.4213145489916383,-1.447158321406317,-0.3128282837176091,-0.9751608753947344,-0.3299217174170584,1.0241712197453068,2.650542989125485,1.960789586344821,-1.4227988613328915,-1.7076870606110375,-0.5710396642140243,-1.0060779376706384,-0.599310241589112,1.711673421131631,2.530093529867617,1.996884371036995,1.0088796717133623,-0.21149843783200975,0.03133307395119667,0.024020005461736316,-0.3728386040545349,2.1894642279131493,-0.9121597700665011,-1.4417558697725044,-0.8163012197811723,-1.4978305854437395,-1.5519350695239635,-1.374063921010305,0.8989298309739446,2.2233607722342903,-0.9830075525877163,-1.3953322506756523,-1.0403301034375498,-1.887973402127047,-1.820463171602201,-1.5649398147036564,0.8375958163790374,2.390418350519975,-0.7611682538804797
Bearing2_1,acc_00246.csv,0.38755057161319745,-0.25014247558155084,0.3088050038569672,-0.09595502911315444,-0.8011725841627199,2.1464317249072518,-1.4069624276765738,-1.4438690082952796,-0.30225777414123994,-0.9699024632772931,-0.30329349792372196,0.8232920898740855,3.440610641595779,1.6088354052226899,-1.3963076650964192,-1.6881277348077302,-0.5833905101435393,-1.0321024287156342,-0.6210130556427306,2.6926184519321663,3.320331047804872,1.6420874165831405,1.0012512287669781,-0.2105432513910244,0.03191735420417602,0.02910417556961724,-0.3099526563722165,2.1392969147378404,-0.905078547843572,-1.4188759339507326,-0.8193482241704511,-1.5135290004620916,-1.5386075249666757,-1.3411660441443924,1.5300622759598768,1.7329930418825545,-0.9565752851741638,-1.3895900692764738,-1.0235634190436307,-1.8917254115271447,-1.8244322257223273,-1.2887907059690118,1.5663496253363438,1.8736394836699115,-0.7611682538804797
Bearing2_1,acc_00247.csv,0.49090447828816847,-0.2551333019589212,0.35873292143959906,-0.08828524343734533,-0.707407726084009,2.1457530949762864,-1.4227644018576495,-1.4687148093285318,-0.29540877708160157,-1.0073297272881205,-0.361840785835182,1.1731327259439688,2.6823580431827647,1.9393088111814403,-1.396438460606506,-1.718931216383515,-0.5572217438768373,-1.0621654136475713,-0.6872294433545536,2.1225723722983862,2.5529552581720845,1.9461261489685286,1.0988338929972608,-0.21562324268410285,0.022181171717527644,0.006918706007954652,-0.3873340440884151,2.203189443332945,-0.9195722372226409,-1.429429730960493,-0.8188111689945147,-1.521419977813629,-1.5563305583435625,-1.3519627621572219,1.085481262062217,2.0834923517960005,-0.9870776736094017,-1.3839388711595684,-1.0221138640043388,-1.8835067331791062,-1.8607862987976957,-1.4043375696393654,1.1562974976550304,2.1610356758032014,-0.7611682538804797
Bearing2_1,acc_00248.csv,0.4277611644804894,-0.22613022816695755,0.2886762135529197,-0.056109557187609,-0.558934537138685,2.1206663606973724,-1.4240220476973624,-1.4316308948589562,-0.13432025392102803,-1.0415742702744508,-0.37259751008412245,2.178532716215636,3.4040789802116738,1.5285675250642534,-1.4270758202930611,-1.6234947560084891,-0.39868087499441063,-1.083400346381474,-0.7318073478770977,2.595387132956476,3.4096320048515274,1.553431219906449,0.985511429103154,-0.19884157491732088,0.04351974949750003,0.14465349620327644,-0.2051445507072207,2.146854253803718,-0.8829123478761371,-1.424149117244114,-0.8080097850760846,-1.4838079349541022,-1.5611688243557242,-1.2539947929691617,1.5439889715711073,1.6987884245489626,-0.9456102684426373,-1.3578362975312772,-1.0146991343874743,-1.8732468156253042,-1.8396224647592887,-1.1688049887049548,1.6364504401529374,1.781163376719699,-0.7611682538804797
Bearing2_1,acc_00249.csv,0.5340323488974051,-0.2320141316651571,0.308829555208835,0.11487054299994269,-0.6201358033032021,2.2548913837384394,-1.4349776888984478,-1.4673335538169467,-0.3725558433678569,-1.0291483317528287,-0.47252530271464965,0.847181640192529,2.8153988663362757,2.0044112124018563,-1.4232876513175503,-1.7577282461483512,-0.5931838286715425,-1.0941261081321298,-0.8289097085510072,2.0404425902937504,2.627842068961675,2.018646610775999,1.2224409825453086,-0.20457725603988267,0.029721256721319148,0.07578610110561569,-0.26620771850787894,2.302075460193317,-0.8950617434173636,-1.4524342385029276,-0.8320296102497885,-1.5476074690720583,-1.6036260787189562,-1.3574151529513263,1.1978219387179272,2.0537601715820513,-0.9274179520627941,-1.4163409291971585,-0.9925170347994604,-1.950012407892562,-1.886154724384108,-1.3964057597601163,1.2303100099294784,2.128615315812354,-0.7611682538804797
Bearing2_1,acc_00250.csv,0.5201411620681836,-0.24589489887965482,0.29829253886455526,0.00356511672905276,-0.6606531890911294,2.2019781687161153,-1.422028123496689,-1.4627272897168506,-0.27893046620572626,-1.0426225861363851,-0.4464073681359209,0.7754338236027185,2.8710248198306636,1.9049604192148417,-1.418790667063574,-1.6983246305837645,-0.5674291873750346,-1.1083557111916678,-0.7881890363879803,2.361988666121064,2.744255755562543,1.9074909597796488,1.1117768043300735,-0.21407240357514845,0.00831753256968355,0.009691889703162577,-0.35443710376652016,2.2680487747999067,-0.9224600371931667,-1.418470264385217,-0.8239063551128135,-1.5521729825539643,-1.5717632265193688,-1.4631586663552196,1.0244590789377375,2.1974111319374687,-0.9902477506985614,-1.3996640000621234,-1.0555697192272908,-1.9213582448454203,-1.8822735259165249,-1.417640563766913,1.0151359293522426,2.2877276230993377,-0.7611682538804797
Bearing2_1,acc_00251.csv,0.4227627226491051,-0.2392650837187436,0.36580270495797634,-0.06116039165704436,-0.5555916868314111,2.0833075622677155,-1.4056866253730484,-1.4460195049508857,-0.1584293709126988,-1.0084915160898866,-0.2390320245991886,2.084690916162396,3.5087624409661955,1.4718523984927487,-1.410846824503335,-1.595934318899264,-0.5118281944439276,-1.063132566535399,-0.6123081316728786,3.1006436829351136,3.1822843738673883,1.593721223382932,1.002080653099205,-0.20617301601502255,0.0636465051863216,0.04404855437157056,-0.29052079979411893,2.11525111580019,-0.8901574734021023,-1.416729409652605,-0.8133163845701563,-1.4959459957478882,-1.545148829354226,-1.2605856341534867,1.4917407767885758,1.7393021989424093,-0.9216911629753471,-1.37313639668696,-1.0070646991893772,-1.8912770786616317,-1.8268897457567144,-0.8598900336516918,1.2646396813523386,1.89987568458553,-0.7611682538804797
Bearing2_1,acc_00252.csv,0.3794904981100283,-0.23300810567258787,0.22522141064218992,0.06810355717183773,-0.6751509621093077,2.0159571179480262,-1.3890623387218572,-1.426620867053587,-0.16936472456270615,-1.0323981858775897,-0.27879173164801807,1.4654890313012514,3.4162753428171118,1.5128729643162753,-1.3815146301472363,-1.5762144041040802,-0.45019798080455337,-1.0655996894611612,-0.6775097549286728,2.7407363082813023,3.4661070809938628,1.4677608785039689,0.9602989416131313,-0.20272344990995758,0.030384691892784466,0.05005711904452093,-0.2452049602826994,2.1060379525885753,-0.9061644197162007,-1.409065385493943,-0.8121378366392746,-1.5207442952233678,-1.5300867036778032,-1.228240185741441,1.542770550496012,1.6955569556469494,-0.9608283959824437,-1.3505565631836367,-1.022217219718325,-1.8951097984441125,-1.8139328381123374,-1.2266059925851314,1.7940751273983269,1.7113818287677245,-0.7611682538804797
Bearing2_1,acc_00253.csv,0.4857680606839962,-0.2192749617315338,0.2756159578768926,0.003939252615677725,-0.47693691134321237,2.1492505994364834,-1.406843190038638,-1.472729974550869,-0.32318625460438033,-1.0349893475676695,-0.40515199064220436,1.3533956837835384,3.4055051123940054,1.6960920132200312,-1.3990271853103393,-1.69064675600042,-0.5979128536242219,-1.0694331151288656,-0.7535282214185994,2.324189641674535,3.2544606672284235,1.7276406678473866,1.085549031286034,-0.19864510533804175,0.03317301945168592,0.13248230109653106,-0.22984077232499645,2.2250143279250056,-0.9214716423850351,-1.4357358697312357,-0.828147511941161,-1.5134365641836918,-1.6048749605374584,-1.3234064762267899,1.4259792041931298,1.8636931124815463,-0.9856062121528897,-1.4227216615201381,-1.035375843283391,-1.8796323981265903,-1.9044437020615477,-1.1461324057155358,1.304119066589836,2.0281142739274776,-0.7611682538804797
Bearing2_1,acc_00254.csv,0.4133613238605866,-0.237299010345965,0.3848790446366704,-0.014580473772251879,-0.6390535034575482,2.075137367368351,-1.3744739403365287,-1.482107800866212,-0.22569446747221314,-1.006854619951105,-0.36743543452438554,1.255279952834041,2.607886008011465,1.827717866340097,-1.3742814472743865,-1.7333478134673355,-0.4853296612141478,-1.0329106120986686,-0.7214863423826691,2.2512142630503735,2.5814447169161365,1.8699543366478766,1.001722189483919,-0.2008376535406127,0.04522997106106708,0.18686751467477342,-0.24360324589226076,2.1469622568450246,-0.9089302262596438,-1.417967978607242,-0.8139881084163028,-1.518719182591178,-1.574861988953264,-1.3133266562266543,1.095554520981831,2.0411548410882303,-0.977223435256865,-1.3812920745857835,-1.0152100810760898,-1.9117814995427436,-1.8380191854867494,-1.2510588714934456,1.1580499945688894,2.1098353666972884,-0.7611682538804797
Bearing2_1,acc_00255.csv,0.4764487573418988,-0.2325945173867611,0.33892983800684323,0.028819289076229566,-0.6468083838824213,2.0882173777313393,-1.3703830972892816,-1.4293934125405194,-0.28681498183325216,-1.0450607455622734,-0.2420337861495493,1.5049090896584374,2.776219862609633,1.8006881726703583,-1.376905003232128,-1.6132851076948842,-0.5587848545600606,-1.0452907937516338,-0.6654655777236641,2.320784234845818,2.71242302812452,1.8035671367875588,1.0587312007066874,-0.21007920512997205,0.06240920992252511,0.0546790918698672,-0.38828915892518584,2.16736862540461,-0.9048256582241795,-1.3917258538001456,-0.8251748476393884,-1.510211078661307,-1.5590885327633348,-1.2634882408536818,1.212244406572916,1.9504078254264654,-0.970246910073961,-1.3640113781035261,-1.0154542000654856,-1.91048382549657,-1.835591881766567,-1.250350166669569,1.3014078113896475,2.0193425954998103,-0.7611682538804797
Bearing2_1,acc_00256.csv,0.47477883241385394,-0.24276738017753416,0.27067779220799143,-0.04151825760924036,-0.6931510264784135,2.130949457093504,-1.4182553543576968,-1.4440366799409945,-0.35010248000762184,-0.9764645693427051,-0.1572143857822751,1.363632665525913,2.6962942157172405,1.9287379716024307,-1.4229263445427165,-1.71157325686459,-0.6031784550326199,-0.9798746494209198,-0.554073352121291,2.312833397645787,2.5218480717121414,1.958628771298888,1.0468500410020678,-0.20877488723772017,0.06574343525484455,0.015084191332733362,-0.322256549952538,2.1558110278349374,-0.9073449309951053,-1.4235955088377783,-0.8191562429680646,-1.506177830887279,-1.4943779205247567,-1.3824895396693955,1.053644143678071,2.0890380228233942,-0.9826187169147751,-1.4044175096421923,-1.0272740359100496,-1.8836480195917777,-1.7785018005109685,-1.5238290992140462,1.1328344742283192,2.1872214554288987,-0.7611682538804797
Bearing2_1,acc_00257.csv,0.5701085418897379,-0.2436886955777751,0.24167743307311618,-0.05199406243473572,-0.6990143971769331,2.211013657195698,-1.4321507442355466,-1.4603586124453212,-0.25683635694358226,-1.0114197819394501,-0.382124208282753,0.6232682687153249,2.0790660373991297,2.1799522161429876,-1.4353514122482463,-1.7244307574045914,-0.5031919822010135,-1.064459087558621,-0.7474447918607501,1.9521061234052566,1.9046550358221497,2.1908153170302125,1.1422823409668599,-0.2077806761594024,0.04711484645980025,0.04959492176198628,-0.3326422336160409,2.296628677996357,-0.9247103761967337,-1.424666330965961,-0.8185920409991141,-1.5327791257709804,-1.528402035252617,-1.3738706175482236,0.727281613596316,2.349718240604109,-0.9867355935237047,-1.413064824875799,-1.0347031751634068,-1.8962714568011834,-1.8347062144038508,-1.5499767430087983,0.7868566804230499,2.4263256728443654,-0.7611682538804797
Bearing2_1,acc_00258.csv,0.48202589381845634,-0.2534324447700556,0.35751300865488433,-0.06134745960035684,-0.6982284335940705,2.084148256134972,-1.3844150272286375,-1.4252891159040697,-0.20411901668643692,-1.030002097137591,-0.31299325881331685,1.1551111386503239,2.5423412354592814,1.8441319890209527,-1.3919505948905644,-1.6259715469744063,-0.48633704314229476,-1.0033323688981133,-0.6387409229714004,2.2304815809614533,2.3363103659472912,1.903954734033946,1.0142085897336353,-0.2106285251293864,0.09154958501272877,-0.011877316815120562,-0.31219433708973454,2.189502678314473,-0.9138712839633757,-1.4230532439660115,-0.8083680204429076,-1.5153591763868925,-1.5193675275158665,-1.3448892254802591,0.801046583202927,2.25386270928779,-0.962927505119433,-1.391942235416775,-1.0280700414207395,-1.8357365752669716,-1.7886905152902595,-1.4103414729193333,0.9832642076937199,2.2182981139294062,-0.7611682538804797
Bearing2_1,acc_00259.csv,0.5015004893267052,-0.2453881307173925,0.28527063833716093,-0.02692695803087156,-0.5692038938729185,2.077972396284145,-1.3884397202395662,-1.4576420846408422,-0.1780860861338806,-0.996497454347661,-0.31371255250249835,1.154363894757898,2.6429568065914393,1.8358176902662116,-1.4113753045112925,-1.6306378134937136,-0.4871428249695556,-1.0357011623050247,-0.6392238374643284,2.0743643177907654,2.4205472465032076,1.920487327419733,1.1036028528448272,-0.20700298333336675,0.04249838032596887,0.100898820123331,-0.2342467808491161,2.195691413683122,-0.9127812694878928,-1.4314246734747302,-0.81601043649782,-1.5238091134816796,-1.519015332774761,-1.4238590291166833,1.1683897703681683,2.041390991750339,-0.970554265004932,-1.4063933353447418,-1.0365505838359046,-1.8754257271794328,-1.7937382557151236,-1.4583930445687636,1.146631569171282,2.1637639064939522,-0.7611682538804797
Bearing2_1,acc_00260.csv,0.4348123784591319,-0.25362348329687884,0.28771378980816487,0.026948609643105408,-0.907089280607659,2.1336910261567508,-1.3969602659975133,-1.4987099284191683,-0.2979288321759076,-1.0254590118038032,-0.22788387083369624,1.7410258661379123,3.30762035341349,1.643961944733238,-1.3957984652346687,-1.6721329250430075,-0.5845805179579691,-1.041661179297317,-0.559096215149288,3.3341574731905097,2.9823200590927645,1.683858726271541,0.9798510191121464,-0.2002866409401976,0.05048900231892847,0.1403396548996199,-0.24821053830827491,2.153232781634599,-0.9027175310064849,-1.4110309332047462,-0.8224493079514846,-1.5175411849048837,-1.5211375723516691,-1.2434882959063476,1.2350546657705523,1.8960371729392815,-0.949745617744219,-1.371638896279426,-0.994157121708826,-1.8799610738080752,-1.7989719085620106,-1.0360068325508682,1.158067284810922,2.0010867435195028,-0.7611682538804797
Bearing2_1,acc_00261.csv,0.29450455787773683,-0.17991036930182178,0.4653636748691106,0.14667209336305406,-0.35637534955760813,1.3339618941142595,-0.7221244972688248,-1.213741312377364,-0.2153667326372349,-0.7669619016661304,-0.28462818333355444,1.2030873291956257,0.8233083086299553,1.528715187181974,-0.7734310985002755,-1.2198344451294438,-0.44444080014822795,-0.7380472893610801,-0.5522142506462349,1.0096907018868904,0.7603177193918236,1.542356993499522,0.61688703474429,-0.18966089499751745,0.11409358041355469,0.16699303152578382,-0.2510381156381894,1.6543135068332557,-0.8654635446510339,-1.2237846384357425,-0.7816739689955968,-1.2067044069659854,-0.9868908661185075,-1.1499330952873918,0.2984804567957583,2.0945215248513995,-0.9178316508367325,-1.198594843468404,-0.9411382646718399,-1.4810275855571837,-1.1275502179253176,-0.9372583812542084,0.06037937815439719,2.1452750780615646,-0.7611682538804797
Bearing2_1,acc_00262.csv,0.24098469311691978,-0.19613055581401811,0.18074505599699237,0.06436219830558941,-0.4374742223091231,1.3664447539328106,-0.7978360966393019,-1.1680385531418296,-0.279499987381326,-0.8951731280614017,0.12360942091348003,2.062645219638335,0.8517926960244426,1.5816591963512587,-0.8363739275543194,-1.188410777870688,-0.5017935274104899,-0.7814990065983523,-0.45467421110868367,0.9503486984375831,0.9765927386281126,1.5605261841120195,0.738747872580163,-0.09600676705139201,0.43429384390365755,0.7569108298008254,0.025844497443303818,1.477045880583768,-0.8770425938434516,-1.2232300296956782,-0.7721812502081354,-0.9935825827357566,-0.07894242749298054,-0.8709826200981405,0.021432433605848105,1.6985123531460613,-0.9300149705897941,-1.2268034859949004,-0.9253990000529041,-0.48362280487114795,-0.8002549972415066,-0.9574319325649947,0.020670914399000356,1.7018109915442081,-0.7611682538804797
Bearing2_1,acc_00263.csv,0.12345869717685964,-0.22058726376034346,0.14214390409605174,-0.15862279012281508,-0.4626378928931479,1.845743194233538,-1.2736974589997838,-1.344047507318285,-0.23636748378617128,-0.8952424314296126,-0.35301597016209396,3.174956254583411,1.758325956349832,1.8775502896429233,-1.277972301293844,-1.5496630986270081,-0.45925013225317335,-0.8714259967678333,-0.638619699973237,2.205742396349053,1.736370926320576,1.8942468891047888,0.5666426500867311,-0.2029570930903436,0.013710479879997638,-0.0813609749561609,-0.2642703861485814,1.9500749753812123,-0.8839593365822593,-1.3368749420359414,-0.7944501644175468,-1.4555863226965329,-1.4599755608303502,-1.0679662984510814,0.7162909726605753,2.12683402774781,-0.9418623482070037,-1.3121779006815841,-0.9895602338273737,-1.7304815535234888,-1.766290602871317,-1.0728977606225147,0.7476382469341769,2.164658096135066,-0.7611682538804797
Bearing2_1,acc_00264.csv,0.38249518793439574,-0.21244067931124308,0.11811837976050948,0.07053544043489918,-0.5919222475706566,1.6276854004962633,-1.053982599047057,-1.2722520765228598,-0.1682563338148443,-1.017078291726447,-0.48578171384838403,0.99689552928191,1.7884822475212458,1.6702224596813022,-1.0811586034749783,-1.3450688618979294,-0.42581140845280596,-1.064184103275995,-0.8335068763355201,1.2816906920579534,1.814441060271679,1.6735908438219649,0.8689294030475114,-0.20620659850664888,0.052493092624143145,0.060687656542817436,-0.33538263221689996,2.1531281375620295,-0.9032834273188309,-1.4030661684377417,-0.81474327373409,-1.5020994998005928,-1.5581378300293682,-1.4000523605054231,1.2935827763698304,1.9349498036982604,-0.9694396315465119,-1.3956026721860635,-1.0280493076109019,-1.8995533836429057,-1.8387077697490248,-1.1422107969228628,1.2850252396710342,2.0071525193173834,-0.7611682538804797
Bearing2_1,acc_00265.csv,0.24168707319234897,-0.21939033334208444,0.5753278171702266,0.004687524388927322,-0.4892605508476995,1.683548598003869,-1.2616693314097094,-1.3505580727187372,0.08414662368339612,-0.894542263747463,-0.38555814949133277,1.575546778970704,0.9567081294708153,2.0247552778381968,-1.2395960396551238,-1.4295868004950487,-0.1507552847280342,-0.9717873791746745,-0.6801513852177423,1.2864658747576443,1.10540605523292,1.9350763889816887,0.5902342971216783,-0.19480667388252734,0.06485297059781762,0.019089901114700186,-0.1888720580899102,1.9210964307752876,-0.8851478316468511,-1.3114320288795016,-0.7828804892148724,-1.4480049101920247,-1.4357535033078865,-1.0651153624338487,0.262772825580911,2.4346203060616047,-0.9463485721524542,-1.2902737602552434,-0.9664888502689363,-1.8231625490189372,-1.6970428972233202,-1.13724081686032,0.37590313020197563,2.3923547779583543,-0.7611682538804797
Bearing2_1,acc_00266.csv,0.36138193975073696,-0.1782279149194848,0.599829529137548,0.2589128593505059,-0.3405642282609318,1.6204962884749956,-1.1142485663297736,-1.1184672917250857,-0.22692119676590744,-0.9924739878216843,-0.46031019808656787,0.8117271449141847,1.8261809009767305,1.6858992116700628,-1.2234712708958466,-1.03577332198142,-0.4595573612601468,-1.0280938578912286,-0.7764821544687558,2.011551891617379,1.8035255730657738,1.6357427243266092,0.8479583491285443,-0.18686463485865792,0.07822975316568466,0.1344851559875146,-0.14740643878244497,1.902033215449223,-0.8669674104694851,-1.271274784580523,-0.7989031273520979,-1.4904700768224266,-1.4228577245204732,-1.1963520564971095,1.0923817811416148,1.8940629306460919,-0.9436405537531463,-1.252136717185693,-0.9962787385848318,-1.774066129892607,-1.7651947441656919,-1.0512464159661594,1.24035497018938,1.8768060285018906,-0.7611682538804797
Bearing2_1,acc_00267.csv,0.38655769949003294,-0.18337985249930513,0.2983152432297939,0.1904459920981603,-0.2696538918491698,1.4684177530455202,-0.9417151081545622,-1.323707768924423,-0.12484385473682084,-0.9327632598798583,-0.2074473931557927,1.0084907545477315,0.9100440428371681,1.8058359586948665,-0.8863570861542439,-1.4180533242323043,-0.40123817453767513,-0.9829730722711807,-0.5359156644294522,0.8863595142095878,0.8635408527300675,1.7603290845607145,0.9732423637900081,0.07362399501311254,-0.1442019941457947,1.3027658204742318,0.45222733104062135,1.7706329075964597,-0.8986094308517922,-1.3391656340543527,-0.7866029047656333,-1.2030534463361995,-1.117826700610683,-0.8305906680654483,0.5300121244873017,1.9198842010318597,-0.9690973973832108,-1.3023148604911055,-0.9755961493042923,-1.5270706005589245,-1.2712714234111204,-0.5477793835582012,0.5419332243003422,1.8736677417554957,-0.7611682538804797
Bearing2_1,acc_00268.csv,0.4057638944878385,-0.18255752525597788,-0.2965261513128024,0.17791243989622815,-0.3878686776104033,1.1557646508199257,-0.6592016494304128,-1.1368903575601315,-0.12024508593637517,-0.8832541219336865,0.49686288825227054,0.845436923761984,1.2166627272154844,1.1692614371299497,-0.7234981087643501,-1.0629793113623704,-0.30950928499773683,-0.7719312594272975,-0.08577155528887466,1.0313524388078743,1.1444786814768813,1.1715901543869491,0.7590543143405163,-0.20378018464830688,0.0004240057007571131,0.05128964513127983,-0.3255262799777588,1.647872949194707,-0.8785073747368107,-1.1834045374707982,-0.7790315177931738,-1.3600399406052555,-0.4869242180108677,-1.201007654719685,0.7228423577989939,1.6589977521306907,-0.9235094948075835,-1.2218904302723876,-0.9565679362897681,-1.2610722155681777,-0.9152100774660095,-0.9798034429790363,0.623468775791175,1.6915955672500764,-0.7611682538804797
Bearing2_1,acc_00269.csv,0.40651747058028254,-0.23351394377986698,0.21442653109330737,-0.02524334654105988,-0.5888230909530168,1.768899608698474,-1.190989953098355,-1.3346072672814322,-0.10896214850545698,-1.0356879103338053,-0.44377110278846776,0.6297835143009383,1.7656508926511922,1.8582430288572473,-1.2109508734820271,-1.438474277457884,-0.354468278334193,-1.1110795190331217,-0.7949390367920859,1.2456214805383088,1.8606408621177142,1.817303001585905,0.8948523463025545,-0.2039073712717341,0.06565805589879305,0.01893583535385539,-0.293633604656832,2.0076849195001536,-0.8791893810168857,-1.2610090788833346,-0.8044799080384925,-1.5059110589804656,-1.5390445483995006,-1.3543766149906715,0.9812295906718447,2.094573901830395,-0.9444607097923867,-1.2559358984448243,-1.0086396307335739,-1.8762379399408293,-1.8427181779560646,-1.2921301356757584,1.1473897507317747,2.0738728586375292,-0.7611682538804797
Bearing2_1,acc_00270.csv,0.47077604070055606,-0.2556338322686441,0.42735664376970817,-0.026365754200934278,-0.8347268389341528,2.180156395382707,-1.381541125837708,-1.5134948730092463,-0.31633168323419975,-1.0348212211680679,-0.4259044020156211,0.6999023308745401,2.1419003031177577,2.1487411552780755,-1.3997310024840717,-1.7804607707655393,-0.5638133825438588,-1.0993336552077426,-0.799105480224409,2.304647548670771,1.997330069233011,2.1633497011001976,1.0731928388781322,-0.21509356612512437,0.058278221214215324,0.02586879459187493,-0.40172333044246983,2.2015355929726326,-0.899042920431482,-1.418636441141683,-0.8255968073694137,-1.5231996019642626,-1.5849166453154615,-1.3887082159775606,0.9377457729494775,2.2030844763193724,-0.9210607143370105,-1.3947615332987968,-0.9401448990271158,-1.9200586491115565,-1.8818002938409284,-1.339961434046814,0.854760952127137,2.2858527488812372,-0.7611682538804797
Bearing2_1,acc_00271.csv,0.5227579226208079,-0.24384916738893048,0.44631760210405647,-0.0753775553487882,-0.6009360057415587,2.163951823742314,-1.4014057789868595,-1.4884830026681364,-0.26162382905986387,-1.022918949059674,-0.38292498541879627,0.7764175938589053,3.100911760755301,1.7690697777860274,-1.4065722043568032,-1.6969932025698318,-0.5484660120795096,-1.0749857546960397,-0.7281043487007525,1.7300654607241117,2.8367175952733694,1.8921624403276796,1.2183890488799018,-0.20989352502744224,0.012324513521283846,0.175774779893942,-0.36694545570665454,2.1683039745051955,-0.8965256601241816,-1.4292454625475923,-0.8299185944457036,-1.5030760888127297,-1.551240802410818,-1.3524831933383286,1.6250035749058584,1.6831360807062177,-0.9730019284904176,-1.404013304542879,-1.0437238495511287,-1.8853126455321934,-1.8308490334386456,-1.1081358283421723,1.3129711817468555,1.9829507405033098,-0.7611682538804797
Bearing2_1,acc_00272.csv,0.38739884374016936,-0.2414818758834616,0.4200798633365704,0.017782280420796766,-0.7359265750155362,1.867682174552382,-1.305885437774265,-1.3628921568195123,-0.13164840417860527,-0.9950390911585614,-0.44262152980701475,0.673923024026128,2.4021481559433444,1.7335456388264447,-1.3015359964401578,-1.4723203363998254,-0.42697009297449184,-1.0084180496266282,-0.7686644077957149,2.6611594632844873,2.4446907192499467,1.6481758671965985,0.958539496267068,-0.20499218673218045,0.067169287784887,0.14927546902862285,-0.2811000736038482,2.1061193127579076,-0.913029705491949,-1.4099812584213058,-0.8105481910491881,-1.5095161111322957,-1.5630205342773853,-1.1181880417790555,1.182343864994954,1.894631457214296,-0.9434686339853648,-1.370162123622953,-0.9912327685674863,-1.84436145560057,-1.8569943042682004,-0.8118015170455933,1.3978264155461695,1.8002156810375596,-0.7611682538804797
Bearing2_1,acc_00273.csv,0.44034366727027396,-0.2465701665881451,0.182521262016344,-0.07556462329210069,-0.7339196950204377,2.195857321134562,-1.4057749409970572,-1.4603626965011447,-0.32600644522163874,-0.9970700588187337,-0.46216520360471675,0.784110446659958,2.155942890937647,2.140684802876664,-1.4083365167989632,-1.6866039606059178,-0.5803062069306022,-1.0293478501159088,-0.7775353827304778,1.2776368663122655,2.2369782057864818,2.1296628848994783,1.089232773679853,-0.20810556562619067,0.07295669990431322,0.0725507201278731,-0.32265598106895477,2.2469987214865697,-0.9210979591246391,-1.4084334017719848,-0.8302857515282078,-1.5285764941792792,-1.5932279269907295,-1.2557335750376004,1.0673142790976429,2.0667971437310917,-0.9747044278511484,-1.3853197230884535,-1.0359391792507144,-1.8704204829277449,-1.8832057132997007,-1.181866955659854,1.1403402442663313,2.1104310339090193,-0.7611682538804797
Bearing2_1,acc_00274.csv,0.3771983804510737,-0.2516279549551495,0.17880527362550885,-0.07481635151885109,-0.7768504789731934,2.1573348600375915,-1.3930907581900593,-1.4826417378398318,-0.3732742928379149,-0.9823225296109583,-0.3961120906666853,0.8972497921302438,2.6288038656784094,1.9887026489509863,-1.40783229643804,-1.7676327271186505,-0.6144596273600993,-1.0117961730236866,-0.7380614744895012,2.2779480160607166,2.4964415202128842,2.0126744728760326,1.02416850374579,-0.20822656758346744,0.03895036046620036,0.11907857990302649,-0.3345836959884541,2.172876926876839,-0.919245538534825,-1.4168464330029045,-0.829590580304191,-1.5158301654486737,-1.5835808209476612,-1.039786257032039,1.1882294827780573,1.9099246859595405,-0.9721732953937827,-1.412605142130283,-1.031669946372811,-1.9157124412798419,-1.8385181266919026,-0.5775403448239971,1.1383722428492284,1.9353521278224344,-0.7611682538804797
Bearing2_1,acc_00275.csv,0.397112538745977,-0.2474668913360901,0.2744643390084567,-0.004665872776693472,-0.7426839616736599,2.1458755156697973,-1.4009047912177688,-1.4691392733749498,-0.25971750770237795,-0.9657136231074817,-0.3776788477961973,0.6410280694608983,2.499716545533707,1.9704694750398557,-1.4050663344023182,-1.7010493359091001,-0.49633481149807024,-0.991360069090521,-0.7009233250476977,1.4952579443819218,2.5751470324482586,1.94809145543221,1.0365935672045015,-0.2033828525790984,0.06700379000172668,0.12154363207654455,-0.27006735038462304,2.169885287471747,-0.913970656367291,-1.4086669348058534,-0.8151079079389315,-1.4966390117179669,-1.5711731726220082,-1.1995056194282296,1.2438128750914381,1.9062056062962578,-0.977146916359598,-1.390417567515201,-1.017393380188814,-1.8912121110634037,-1.8319162197583112,-1.0911681848921069,1.4752415531874874,1.8723860557777807,-0.7611682538804797
Bearing2_1,acc_00276.csv,0.5180575414543724,-0.2386642481566408,0.32250868229871993,0.03723734652528845,-0.7759282362979828,2.214663952571707,-1.4109964447872576,-1.4897233105956547,-0.36494258526464324,-1.031129817974451,-0.413040639668906,0.566408730958866,2.4256561837949864,2.1106392863319208,-1.414193136824407,-1.7564483101260173,-0.6318249568970846,-1.128222449361342,-0.7083539832631319,1.7759048515015723,2.244289682772684,2.1631043834843156,1.1513125436121316,-0.2072155087693621,0.08869599134228781,0.0919630059943279,-0.3722349300569485,2.249296481095172,-0.8973958603667893,-1.4263496614172961,-0.8282993500081209,-1.5151593356150768,-1.6041550261663036,-1.409565275331308,1.0238707750094875,2.1601957744759854,-0.9570427191531762,-1.3939977353754045,-1.039687764741771,-1.9341568302965448,-1.8690575871489237,-1.3041988009597867,0.894308589434672,2.3063943726916043,-0.7611682538804797
Bearing2_1,acc_00277.csv,0.4605970921499158,-0.2321002513665513,0.2057121424853175,0.15078758811592735,-0.7346301526713295,2.1746783374175296,-1.4073432986850047,-1.4772351595297395,-0.3212438209443093,-1.024083850368626,-0.41080314920661587,0.8026868698100964,2.334028515368624,2.110987984140954,-1.4047919838097847,-1.7093622879915207,-0.5967110114576596,-1.0553030037449294,-0.7769461039926788,1.6400703707209836,2.223385388000491,2.1244500893474174,1.0321539656523562,-0.20035766091106338,0.11425830949440169,0.1807048842409781,-0.2782123922997902,2.2425249937829173,-0.911040357759783,-1.4240693404522022,-0.8206547761742476,-1.5378932975260238,-1.6125813751664264,-1.287807790621384,0.9644706032800155,2.1839351750303417,-0.9767379316163596,-1.3891700989844573,-1.037567231867499,-1.9356652254493851,-1.8716077351728242,-1.3684629130557056,0.9213274930505808,2.3143270635013047,-0.7611682538804797
Bearing2_1,acc_00278.csv,0.5255649932920808,-0.23372023305164583,0.28312858837108823,-0.03478381164999316,-0.4514901134072893,2.14653657613696,-1.4033057685964376,-1.4424419797777017,-0.22910301579461834,-0.995955479498093,-0.3972371639702098,1.3023223315905057,3.0647647493829373,1.7054904893382221,-1.401514970436318,-1.6677453986623447,-0.4465886311180796,-1.0333892840660444,-0.7702152215341161,1.9090716452924883,3.0323407143594423,1.7407436154224003,1.1337886790872802,-0.20338639331528593,0.0629647412207959,0.10629112175290165,-0.2576608435191981,2.212166458434711,-0.9003966341095023,-1.42945768401003,-0.8243786783358618,-1.5229413527691675,-1.570184971774555,-1.3109526400495817,1.4005627921669865,1.844464651226459,-0.9696015274982485,-1.4124565820276158,-1.0320677925590378,-1.9087587542459539,-1.8482605596428925,-1.4735363354181634,1.6154217416391057,1.9282206555167754,-0.7611682538804797
Bearing2_1,acc_00279.csv,0.4760628104480568,-0.23539281362279674,0.3224739665871865,0.247314646865136,-0.7365874528199697,2.1536375169727617,-1.4001590518951128,-1.488377181268795,-0.2741162975856161,-1.0124948289216056,-0.3995635268599051,1.142962480129338,2.803022028309597,1.8858634897469546,-1.4047150605587333,-1.7212438517800812,-0.5370129423596445,-1.0778928198518343,-0.7183586459042809,1.89750488142214,2.838434947472825,1.8806546103037103,1.0497413454142739,-0.19777863342562824,0.057659355284845296,0.3347706450858571,-0.30001124257464573,2.188387257063595,-0.9002511334013267,-1.436275730762214,-0.8137874150538809,-1.5165853336889532,-1.5908326042065863,-1.2503246695012955,1.2004432383717798,1.9816027606879085,-0.9647767216585958,-1.3957307277501945,-1.0169261564790115,-1.9238611089939015,-1.851072349299048,-1.184048297127944,1.215124138863406,2.0670957063663353,-0.7611682538804797
Bearing2_1,acc_00280.csv,0.503539838384153,-0.2379736693233459,0.36307032683027285,0.016846940704234852,-0.6309145391520342,2.1494776700493468,-1.3918033023047889,-1.4528863032036612,-0.3476333533525419,-1.037151744432822,-0.3215124416281618,1.1350749898490726,2.4126102511383856,2.0094104236889447,-1.4086968420910884,-1.6977339491033394,-0.5993855069835033,-1.0672675687388034,-0.7350526559534549,1.9247037009158863,2.253296833918756,2.0893949990065077,1.06991298964031,-0.20765571846886305,0.03011492837791786,0.13695020816103254,-0.32066139118919906,2.197476963954329,-0.8983529528235399,-1.4166254995461443,-0.8222304964357932,-1.5294801792118615,-1.5400665364653499,-1.2647640235027169,0.8329661102829143,2.2122554275259243,-0.9725788411961739,-1.3984400273674495,-1.0406494591096453,-1.905453995759376,-1.822391800517743,-1.4355567430048315,0.906457166309904,2.317142396819468,-0.7611682538804797
Bearing2_1,acc_00281.csv,0.6396723483459703,-0.22323534004253542,0.19409168591103435,0.12740409520187485,-0.5117787804920174,2.221631194768786,-1.4140855599322057,-1.5040692889469611,-0.3350069398590874,-1.0481782294247586,-0.3983850984048779,1.1051106404719295,2.99266283309426,1.8795555186765152,-1.4172516902653423,-1.7654914382562488,-0.5879998454593913,-1.0933156444504222,-0.7552296874192825,2.4596455530056067,2.894825913807933,1.885217004940857,1.2764843596604833,-0.20751145710176422,0.06261194753807549,0.2620516059670743,-0.3573045425917462,2.2688242628978714,-0.9066670427725118,-1.4549003629293609,-0.8290921205169318,-1.5419374459860622,-1.6187787892958039,-1.3189778112768764,1.202649034440574,2.037740641130763,-0.9807426216644286,-1.40270097522593,-1.0509397073131377,-1.9332088767940139,-1.9146073436138964,-1.1201793634863781,1.1145698972603868,2.1534008565012726,-0.7611682538804797
Bearing2_1,acc_00282.csv,0.521752156960093,-0.23239755984150803,0.3215012603704802,0.1187989698095035,-0.5320802189546611,2.2036144938829185,-1.4158803903092076,-1.497949135551907,-0.3799154200972389,-1.0283835740616722,-0.4682848697436237,1.1742890655186227,3.3705747048610175,1.7728902976854708,-1.4182019436701272,-1.7583648896776307,-0.6301290305179199,-1.0486890821602377,-0.8061232794822537,2.5618799519268043,2.8906655236794716,1.895225055783209,1.2449970811746318,-0.2025113663388022,0.05387338800542267,0.14449943044243166,-0.2292147158762084,2.235976355139242,-0.9228432771026948,-1.4541903242628362,-0.8278306427760561,-1.5342120921300708,-1.5985187448717213,-1.2900503977517792,1.4664554009077926,1.8281905594479348,-0.9621439878619465,-1.418638346802062,-1.002354440040601,-1.8951119802898357,-1.870388154075979,-1.080476799198608,1.0616826833544948,2.120054780905138,-0.7611682538804797
Bearing2_1,acc_00283.csv,0.6029607480777729,-0.2471266391516877,0.23794125718612816,0.06810355717183773,-0.799353918700551,2.2370102497395608,-1.3969000561343785,-1.5010425331936155,-0.31882369994343657,-1.086923636633784,-0.4255305000429333,0.8957888624812389,3.1614585004515114,1.7972824586263136,-1.4096333890873087,-1.7327589810701074,-0.5861122340405305,-1.1368251399952551,-0.8018429930397806,3.1294679098392226,3.1038347722807127,1.753643737683545,1.3441545361965548,-0.20757088040670085,0.055224881172268155,0.1933382766302583,-0.28400923016783575,2.334392732691886,-0.9223900842610825,-1.4492797374770554,-0.8380685007579476,-1.5554092557364922,-1.6051985910636397,-1.4759235740273502,1.347129461649059,1.9835991591451234,-0.9752173291923725,-1.4247391709965984,-1.0466034095398444,-1.934255154923775,-1.8834650511079791,-1.2646675833912948,1.6256192679413368,1.8927257541040763,-0.7611682538804797
Bearing2_1,acc_00284.csv,0.5321649600311066,-0.2491947760646366,0.2993411681484881,0.10252405874132285,-0.7394023188174972,2.2606553004532937,-1.4179792290785038,-1.4738536417542127,-0.44255250377031957,-1.0677085391071415,-0.40408289883558135,0.7585124345090737,2.8680058960815225,2.015859165665793,-1.4219197357961113,-1.7900728963415298,-0.6613359722035697,-1.1098132110574062,-0.8063123236893788,2.1408241151231975,2.8386703151848174,1.9927999639610818,1.2143701681986827,-0.20835730116934714,0.06725554812824389,0.25835402770679705,-0.3771311390032762,2.2610527245901575,-0.9148181502413903,-1.4317562846944167,-0.8387453632716102,-1.5490441465798666,-1.5669566306063396,-1.3568818938906566,1.2793621025923023,1.9752321864231892,-0.9779005178497485,-1.4121905727483266,-1.0510346304307685,-1.926829458698724,-1.8579600245165873,-1.0308586086518479,1.2093622189296132,2.050976475085207,-0.7611682538804797
Bearing2_1,acc_00285.csv,0.5994049390891802,-0.2098018914473131,0.3746226303677216,0.14742036513630366,-0.38910526647587845,2.226683563733104,-1.3978839969169181,-1.5245418594951918,-0.4108941005731023,-1.06662341359564,-0.3465349857440388,1.5140180151728657,4.168671649652964,1.4870363726126667,-1.4061162417942827,-1.776247811036808,-0.6688746572971558,-1.1381727103287862,-0.6834765796611401,3.465362512384911,3.870286935283224,1.5288678738108,1.3989826773706378,-0.1967343507770243,0.013483937576489791,0.3128933070458843,-0.15696876899250747,2.260357937203726,-0.9227639899289779,-1.4477745018045034,-0.8387220957998274,-1.5617888921663567,-1.610494438322711,-1.174449957591943,1.8249262166768745,1.5573254772823313,-0.9908366886494756,-1.4160976936545324,-1.0602818503102214,-1.9659145842502943,-1.8669054894462447,-0.9305058195972008,1.9123611302216468,1.6403569940672955,-0.7611682538804797
Bearing2_1,acc_00286.csv,0.5190002273366853,-0.23689866690023145,0.400369451065322,0.01946589191060861,-0.5784336869813864,2.145379165221765,-1.3936505820572245,-1.4675976262869157,-0.3221523187298747,-1.0735050065567138,-0.3394598055820422,1.30703975007101,3.1673587987512555,1.7700033086934206,-1.400743309996575,-1.706659388550104,-0.5841656976967775,-1.0647225203366764,-0.8271273421470922,2.4710845585818335,3.19382485252745,1.7449723221570972,1.2387737435444603,-0.20960186751131768,0.06647213850576651,0.13017131468385792,-0.3258496065538408,2.2309539145311454,-0.9056280531469183,-1.4443128562782492,-0.8269734197562832,-1.5582639497066555,-1.5997703500933107,-1.217705878230196,1.537724176850558,1.7618119646352224,-0.9734812620866905,-1.4129937299418214,-1.0336922780380913,-1.9200582070822014,-1.92006411066264,-0.9280088538358034,1.6879907610150209,1.7547780204057013,-0.7611682538804797
Bearing2_1,acc_00287.csv,0.5217956830186911,-0.22178245896865298,0.37560891504191307,0.14947811251274046,-0.6657800337042513,2.230569273499353,-1.4051954691566402,-1.5142844104892133,-0.38179613215775965,-1.072027855699283,-0.3599474348584843,0.7159069669438731,3.3382987700155398,1.7773651001337145,-1.4047749880842955,-1.7721029916949995,-0.6584498312097804,-1.1149966915147866,-0.7222671176225011,2.7495479039902992,3.2177157529899554,1.7852072558582923,1.2769272726040886,-0.20748241740260093,0.05140223936189726,0.2743768668346646,-0.38685004735111406,2.25584172350907,-0.9042517652266188,-1.4533623007223453,-0.8346104323202506,-1.5610610906531426,-1.5888563606525017,-1.3342301765391993,1.808261883597989,1.5894081572746792,-0.9806460122934152,-1.4162219411140125,-1.063510317173864,-1.9571155071584896,-1.8743289944758927,-0.8735448283257604,1.8919470578441613,1.6334895222523924,-0.7611682538804797
Bearing2_1,acc_00288.csv,0.6564289302461045,-0.2437659463332849,0.3257074750917861,0.09429306923557662,-0.695494089337126,2.241502961381657,-1.407636305433179,-1.49424315308429,-0.39204054313843717,-1.0785874962632471,-0.47519348361089,0.7666908540182651,3.002581115543443,1.9490743914143038,-1.4211474597639204,-1.7874341847448707,-0.6504951416724767,-1.1461103286493897,-0.8392357686970006,1.8975006206759235,2.8471233042364217,2.013158279221996,1.4019096271453302,-0.20906423066398014,0.00898898813911325,0.2156778119527657,-0.39270855173896885,2.32039860410112,-0.922727189287001,-1.4569955586695764,-0.8363276071117278,-1.5436797718178124,-1.6108266137902183,-1.4274202730644876,1.2716241270049025,2.0368590121915706,-0.9889451444840675,-1.429147351035908,-1.0588039300575784,-1.9395672778995194,-1.910272058257539,-1.354442830667062,1.3416938237271032,2.1053303803573806,-0.7611682538804797
Bearing2_1,acc_00289.csv,0.5700897117985334,-0.2524961548074834,0.2561842817498095,-0.02150198767481123,-0.708209370901196,2.211031992048113,-1.4098423273421494,-1.4964118491026985,-0.2901076084172088,-1.0846333107267674,-0.42371591568766453,0.7653756405500184,2.4235008137012866,2.0882545847211893,-1.381853841526404,-1.777631057219116,-0.5283955776419726,-1.1464545736530074,-0.7565026283215883,1.7002155651813646,2.58979014200567,1.9895005912701693,1.2338385642391303,-0.21533706026995342,0.012236193219995879,0.08795729621236108,-0.39995589714666546,2.316700091202453,-0.916600073743072,-1.4460353520052638,-0.8325933080558479,-1.5382983009867035,-1.6015400055588425,-1.4533474113545797,0.9417316566790113,2.2682420716855862,-0.9550154731168875,-1.4254476709333057,-1.0039702787374876,-1.9350586842449402,-1.8684060724981195,-1.682604691929083,1.2686327495113379,2.194876375634881,-0.7611682538804797
Bearing2_1,acc_00290.csv,0.4997985290541463,-0.2482182839871816,0.320113048561428,0.02058829957048317,-0.7323427369487608,2.220331933191724,-1.400557844827515,-1.4933816239183535,-0.38240383684442425,-1.050796143549612,-0.4320528683407726,0.6512973216803183,2.759912204369463,2.011544244784094,-1.40171158437381,-1.754463978732574,-0.6428009295084794,-1.0989329587597887,-0.7943062204650031,1.8260774761373322,2.722078241981701,2.0032221978041713,1.2065725307508772,-0.2154601825107279,0.05552049724141167,0.11214562066500708,-0.427087135799098,2.300945169060255,-0.9200379898585727,-1.4509651954725895,-0.8321650241651994,-1.5349621199179049,-1.5857949855935938,-1.5050878369305596,1.189123131757835,2.1024378424466685,-0.9682489770878374,-1.4129904754380576,-1.037902403139429,-1.9147865551377423,-1.8867238054307505,-1.3802570380671841,1.1935528963774844,2.162520580893347,-0.7611682538804797
Bearing2_1,acc_00291.csv,0.5013969549038686,-0.2570133246397735,0.5332062750324469,0.04808728723740893,-0.8368589883287351,2.212260089480517,-1.3968287424652268,-1.4847096450436341,-0.3669155592681737,-1.0388612670775805,-0.29858827252885206,0.90226005048147,1.9916797502591586,2.2479917235899753,-1.3899485856975113,-1.742726347663651,-0.6190798278234689,-1.0487343276393017,-0.757024485720378,1.9494766386603217,2.167154167471993,2.123961932521897,1.167691307405252,-0.213147990685699,0.013403311353877624,0.13017131468385792,-0.3883963967087787,2.2801370511865056,-0.9092298641332545,-1.4410168160798729,-0.8370846212940846,-1.543252539330906,-1.573582999339905,-1.379607671286425,0.6769590341722769,2.422631011755864,-0.9647440216298506,-1.4162587869659948,-1.0370967701201097,-1.9311643975961648,-1.8656724007492065,-1.4159724154944473,0.9523198630563826,2.310514962126418,-0.7611682538804797
Bearing2_1,acc_00292.csv,0.5364745389756421,-0.23485143371604145,0.36112027214319775,0.14536261775986717,-0.6513978663827928,2.2137233493514517,-1.408284036171856,-1.50362750939459,-0.34852534590255013,-1.0593540428887098,-0.3718104840989944,0.5496032251490472,2.7575387829239504,1.9133073453229226,-1.392775620793518,-1.7628945024880354,-0.6092322193891931,-1.104876154720298,-0.7500095690968002,2.13239732625834,2.506171162927174,2.019084359470607,1.1647062500956118,-0.2057934619587291,0.06328154768757364,0.20658793206291795,-0.3156132576821977,2.2344594682067234,-0.9030664496287961,-1.4549630427378901,-0.8350875315210196,-1.5149515706274634,-1.5728575626913537,-1.3570099848808943,1.1495291016625901,2.0100282346047744,-0.9500868957312565,-1.4187472715155287,-1.0482227421197103,-1.8918756196443047,-1.862023736367615,-1.1967770833968499,0.960279832414441,2.226779096099661,-0.7611682538804797
Bearing2_1,acc_00293.csv,0.4837838810730662,-0.22660844763953056,0.23848792999725735,0.08755862327632942,-0.5950312385767829,2.1405059373388684,-1.3876684031790347,-1.4594067358204756,-0.30258762552553536,-1.0301758109938464,-0.36481336532351294,1.3211182857771913,2.2217016250921935,2.0602051686208926,-1.3975425655251132,-1.6627135075993005,-0.5802609891426593,-1.0310036789013097,-0.7157115784024027,2.0525725691164354,2.2602662264672557,2.0289042272483084,1.10857121985885,-0.20235930583578532,0.0560224881356526,0.20443101141108946,-0.2686984380785661,2.178797309486211,-0.8768639183964572,-1.423447471074045,-0.8271827905210463,-1.5459451811255642,-1.559182574613834,-1.2721940526381277,0.8834059356531059,2.19922688726331,-0.9453524671275938,-1.3930900685490135,-1.0248936430423736,-1.9191770047746985,-1.851976526000756,-1.2225747665603495,0.9288320183641167,2.24064782855438,-0.7611682538804797
Bearing2_1,acc_00294.csv,0.46732033277112506,-0.25665217313340855,0.3867020646157303,-0.10549549422208788,-0.7819232770476364,2.2481198845497476,-1.4162336318765374,-1.5170689569631624,-0.3532593981241737,-1.0233456114356676,-0.4109605875141741,0.7280370370641648,2.231430622047515,2.185765297105198,-1.4182842901323214,-1.7979184518579263,-0.6041257760249985,-1.098772427880835,-0.723790255374736,1.7615406864865517,2.0516319245203483,2.230980684100503,1.15033304461802,-0.2069474668413112,0.06575277522804776,0.13017131468385792,-0.3247072952312651,2.2707079890066715,-0.9065352271113858,-1.4365430832869195,-0.8378748724233486,-1.5315668742070905,-1.5870070374188194,-1.4098193160853838,0.9498241084758029,2.2200290515433037,-0.9679370324170622,-1.4023646202043507,-1.0472340148904178,-1.9305650955479732,-1.8653816565670194,-1.3437975453524031,0.8619613716046479,2.342634065242858,-0.7611682538804797
Bearing2_1,acc_00295.csv,0.574202846374145,-0.2441371514439185,0.40685963290343463,-0.05031045094492404,-0.5541319947384542,2.2757247174288553,-1.4069049127325346,-1.4972426393057534,-0.5277044560076117,-1.0702470636592623,-0.4574934970947479,0.6575339377712204,1.6070100150149293,2.5589754740180504,-1.4156764334662169,-1.8262434084867578,-0.7394756133661,-1.139562539424353,-0.8346332236658097,0.9736053599168097,1.7288827438248107,2.4987166255777855,1.2039764609862773,-0.20659718514071662,0.06478285688264254,0.08980608534249956,-0.2618639276995721,2.3357191035578353,-0.9181854573771747,-1.4550308847232527,-0.8424045788157967,-1.5455103619640025,-1.606685437626527,-1.4594488437204776,0.4976209704413971,2.606017286538044,-0.9415786246344282,-1.4302520333287665,-1.0377833616646541,-1.932598097398358,-1.9038042914832791,-1.4260151020350593,0.44443760596053317,2.6192156779458506,-0.7611682538804797
Bearing2_1,acc_00296.csv,0.5735126587710074,-0.2317462623417571,0.1801607858059426,0.004687524388927488,-0.6927340778511798,2.2481964116131503,-1.416182676798615,-1.5038013571531146,-0.2660556108240333,-1.0537309048924905,-0.44145959191636225,0.6641539512670633,1.8542683210153588,2.257098096196131,-1.424834048080291,-1.731950978667839,-0.5649214028321338,-1.1035945139263699,-0.7925728325290823,1.3012526819555934,1.643374413005999,2.3632139898601228,1.2020751231232543,-0.2103508958390527,0.08827305174714437,0.15682469131002197,-0.4004848447362959,2.3375849734593213,-0.9094080139177647,-1.4650746735435058,-0.8249480943359078,-1.5553670733137668,-1.595484698776339,-1.4351336074102208,0.8969305036511155,2.2778562220629013,-0.9743261804337294,-1.4324022370537197,-1.0482831937845818,-1.9322804242786813,-1.8853618936762635,-1.5323958626385819,0.8222042728116552,2.4396148785546603,-0.7611682538804797
Bearing2_1,acc_00297.csv,0.5404271072020994,-0.23025326848268468,0.2264804248679702,0.03405719148897725,-0.6196894333298972,2.265679936816056,-1.3898225098558448,-1.5077371349377908,-0.4203377438916184,-1.058359134949508,-0.5194290552267827,0.3868400443890174,1.7583806886261353,2.4291323816460135,-1.397365753839791,-1.7883940003232124,-0.6909952259242327,-1.1132564277959551,-0.9012074166621662,1.0217159543007146,1.8541321965402826,2.3949640770478093,1.2084517886250086,-0.20515869684533616,0.03906055765390667,0.21829692988712868,-0.3656642962594182,2.2954906047660315,-0.9185707326979343,-1.4351294446688745,-0.8300037989050756,-1.530600801776942,-1.6290403890388263,-1.4890093488692344,0.763604831473511,2.4164167682641646,-0.9828557490330154,-1.4090447630258456,-1.0550553957862137,-1.9371658272893482,-1.9144588950016652,-1.5457920314728528,0.8848681412802737,2.4188744438090715,-0.7611682538804797
Bearing2_1,acc_00298.csv,0.5225579447183791,-0.2462744467359096,0.4536715050063618,0.021523639287045083,-0.7578203132118677,2.189705769424092,-1.3784757287507827,-1.4924788883663216,-0.3576845301803937,-1.0665577025086097,-0.45376917102523917,0.6028743505716255,2.1480701960686757,2.1902082471250157,-1.4070746845218978,-1.7522671678176802,-0.5429636473071381,-1.1319336701438694,-0.8333812223249788,1.7694348148450432,2.1197913504508454,2.1628319434652274,1.2036727623467451,-0.2120124164258986,0.03246408752333616,0.09750937338474362,-0.3359244802698627,2.304491219669812,-0.9139085703962061,-1.4485450961691122,-0.8320479054383637,-1.5401625306943176,-1.5934753632445942,-1.4674739918661348,0.9458167303298668,2.253217408492339,-0.9794120447765748,-1.4215783213147697,-1.018161074533455,-1.929426005621497,-1.8974086073041871,-1.4253593234788426,0.9669317759781308,2.312293396200988,-0.7611682538804797
Bearing2_1,acc_00299.csv,0.5132538306323015,-0.257725737936377,0.22958258146401408,-0.05236819832136068,-0.7860704768956002,2.1967481201592447,-1.3995164849960346,-1.4898846698710082,-0.3486995745600368,-1.0599630770224957,-0.44530346412224747,0.45631761933387843,2.4335892042937872,2.122252716639459,-1.401072996699968,-1.7587930806398082,-0.6170368634649749,-1.095325234289528,-0.8434196715593323,1.4897494828023121,2.360478254894831,2.138269622566314,1.1943503539962486,-0.21790680708032384,0.06919928121228881,0.05776040708676471,-0.4760367704741611,2.232438991908821,-0.874500238442539,-1.4361931582017304,-0.8305528654235266,-1.5550262496316323,-1.5841240032130903,-1.483943194090104,1.115474098361825,2.142733428475227,-0.9577500396370846,-1.405481657346026,-1.0533392675572089,-1.9297861139561896,-1.8911041707965848,-1.36646767056717,1.1274461037541426,2.205870033517591,-0.7611682538804797
Bearing2_1,acc_00300.csv,0.5920222130238849,-0.25781945042555515,0.36278967941774665,0.009551290915050368,-0.8489994404368889,2.2325542088977537,-1.4096247655236211,-1.4978573803720379,-0.3335426551423853,-1.05077520611557,-0.43343796646450594,0.7643433800993719,1.778801115003527,2.2946589005840385,-1.4124734009967346,-1.770523551012111,-0.5806866022776626,-1.0922977165022845,-0.7955993534900638,0.9252140934881028,1.971688747757573,2.300465570880575,1.2728472548382612,-0.21303197582134756,0.05363103814447126,0.26405446085805767,-0.3530190836163603,2.3038924541713257,-0.914235358114631,-1.4496801882988832,-0.8273227102075843,-1.53452529136585,-1.555298743505875,-1.4937459023545359,0.734411788163277,2.372182682511043,-0.9804338471196249,-1.425155297816161,-1.055166684498506,-1.9028524275139542,-1.8431805328590083,-1.8747658107025205,0.9947074586781812,2.4194287689937095,-0.7611682538804797
Bearing2_1,acc_00301.csv,0.5211368278707447,-0.22685680135935493,0.1542505318566633,0.023768454606794207,-0.5349581424936456,2.2326429754094748,-1.3982377840129148,-1.479152792763708,-0.4389204456405153,-1.0240381560396807,-0.43266440725151606,0.4867170992619699,1.9779783795689052,2.318932041258352,-1.4157108122101834,-1.738505976559745,-0.7045616596004811,-1.0754332076201565,-0.7892286840081602,1.6708451793222256,1.8373772012539211,2.330963099527733,1.2144091583903076,-0.20164056273271713,0.06441914485033147,0.1746963195680279,-0.25948987418844743,2.2875366645122273,-0.9081482237913996,-1.4392276103702202,-0.8332197753438987,-1.526649436814759,-1.5749335859888183,-1.457827501784741,0.828912454218868,2.3260599738790737,-0.96486750542602,-1.397936861789537,-1.0523222328881001,-1.915952099598078,-1.859983209774305,-1.3809129460616036,0.866831640763393,2.344100879040706,-0.7611682538804797
Bearing2_1,acc_00302.csv,0.50748573757658,-0.2619046359687613,0.4368082278560541,-0.028610569520683235,-0.8171436896133851,2.1803704052156294,-1.360747892099436,-1.4990766810705431,-0.35077136237604883,-1.0675944926874017,-0.4405605661198201,0.7823157427453092,1.925966373460099,2.251414880284799,-1.350350102739703,-1.765010738775771,-0.6113368876439427,-1.081560260440513,-0.8504510678027745,1.278879666065395,1.7686624344793263,2.2845339968569465,1.122305499663063,-0.20903197908345975,0.09095198426664387,0.15204865272383064,-0.3144813567837515,2.2955686089372893,-0.9075767542249712,-1.454726970288515,-0.8207001986032274,-1.5382236937049791,-1.5982840189551477,-1.4779777529094096,0.9561362847417996,2.2556716878428444,-0.9747193939148799,-1.4170601809340895,-1.0505761207085762,-1.918864356913795,-1.8895673106256632,-1.4813940850094556,0.6956960700282492,2.4913753121680275,-0.7611682538804797
Bearing2_1,acc_00303.csv,0.43973884087563003,-0.2439661966470361,0.17441253252627525,-0.06677242995641701,-0.7689248116791262,2.0936975788783148,-1.3350513094030134,-1.4623763492583546,-0.39510017024727434,-1.00474216488389,-0.3895284951719274,1.1894558016227048,2.049314468301951,2.132067402791965,-1.3443540759877832,-1.7306845081518554,-0.5898166153431367,-1.0873183764602359,-0.7153334449056107,2.983962593165865,1.8616031841699148,2.0673119490522907,0.9905682016393652,-0.20612733684493215,0.05485514511533195,0.05113557937043503,-0.30838400262586463,2.182157640942532,-0.893647515919027,-1.4295535896897684,-0.821009487064597,-1.524814304916207,-1.5487973081135715,-1.2278077508544487,0.6738372016581647,2.323584847330666,-0.9237197797784908,-1.407726972722325,-0.983123221003587,-1.911112215481556,-1.837852557746484,-1.0644169860897625,0.6930269853750448,2.30111859064684,-0.7611682538804797
Bearing2_1,acc_00304.csv,0.503459411989223,-0.24876423756771918,0.2711194564527081,0.04528126808772253,-0.6931282353339399,2.2193106991335196,-1.3807485752640298,-1.4991964208589235,-0.4520442007927794,-1.0410341213859595,-0.3632942859994103,0.7744775165842974,2.389024892686271,2.1637544179743062,-1.3945719337184797,-1.8300604462091472,-0.6892852901071249,-1.0970504274700188,-0.7397444740644008,1.965792916336979,2.4521375109010717,2.1216978868201686,1.1472557916020716,-0.21483059008299885,0.04251059345785879,-0.018039947248915587,-0.38812660169031865,2.255533573151665,-0.9074491880100448,-1.447076075381331,-0.8346014574896821,-1.5391462224339978,-1.5690270217212434,-1.3062352334630238,0.9440901765014641,2.202581755249409,-0.9757315948021308,-1.4279312768505312,-1.0528980420475058,-1.9203863188352435,-1.8868541220876105,-1.0812028808707173,0.8664132573272193,2.276616141555496,-0.7611682538804797
Bearing2_1,acc_00305.csv,0.48218551636303386,-0.2495323956028945,0.32961783432846453,-0.03310020016018148,-0.7095929532125995,2.209594429021225,-1.3956641227407782,-1.4823852899254897,-0.3899231068084623,-1.062183121473744,-0.3921799850724421,0.9021712751260924,2.058874199468217,2.2561578428670552,-1.3804341857996973,-1.7731410708349866,-0.6415206704677646,-1.0769345706072706,-0.74533393358761,1.9738523554189218,1.9028390599613818,2.2248445321307,1.0928276414419738,-0.2078190700045557,0.11828504295883088,0.15066206087622683,-0.32408958821174083,2.2515352212177975,-0.8749746413329496,-1.4527843942828644,-0.8276474280623651,-1.5310844578710439,-1.5846350686393147,-1.3527998706627835,0.8122802615015979,2.30650226674167,-0.9602645404174031,-1.4261011423959584,-1.0408346070494239,-1.9266536872234334,-1.8546020315210705,-1.3819449071849295,0.8879910198155637,2.334953898469975,-0.7611682538804797
Bearing2_1,acc_00306.csv,0.4839101948885459,-0.25490683242217793,0.2625994224007354,0.04266231688134861,-0.8190341595921021,2.2022886007969955,-1.4002616712272993,-1.4939426317989302,-0.35425814120635085,-1.0592816892388406,-0.43630204162900454,0.5489122759814076,1.8608416463837867,2.3300055302374614,-1.4018559547425473,-1.7627301658658014,-0.5895537010729458,-1.1092342702021678,-0.8311988912060613,1.6230836711049226,1.810725392140547,2.2911567189391806,1.0279214447239589,-0.214053381008876,0.08034739747212073,-0.018348078770605448,-0.4029606448018132,2.216443426892027,-0.8920011646369825,-1.4276336220723271,-0.8210630256012246,-1.53023326308013,-1.5848423949853272,-1.3844433168730839,0.5568951710298983,2.4901110948314136,-0.9295257957217137,-1.3942854102639084,-0.9903729843195538,-1.9176687617213835,-1.8909403242372418,-1.4280673763528449,0.5410261771451869,2.5205127001039442,-0.7611682538804797
Bearing2_1,acc_00307.csv,0.5329853206972149,-0.241990825157979,0.32590317985340955,0.07577334284764702,-0.7445185097347531,2.2828707066638105,-1.4133945108617334,-1.5039458936062255,-0.42412814402040244,-1.0718786402252631,-0.400843199386519,0.5032177386470269,1.8691199129527458,2.3868258618397045,-1.418670881213624,-1.7906388495340784,-0.6657804006703889,-1.0792634007157815,-0.7783120961089074,1.3746061566384615,1.8622432356606866,2.3541726976453456,1.1050209706748726,-0.2067511501989124,0.017067225317858977,0.1793182923933743,-0.3162706244109089,2.3002904792938312,-0.9049643168362143,-1.4418395197287195,-0.8334849869196269,-1.5446345972419815,-1.599575698576393,-1.4472447845143113,0.532300260375031,2.552399936648837,-0.978810587766999,-1.408337446102543,-1.03490341624338,-1.926093440525383,-1.9046785752444064,-1.4564037150941773,0.6147384424564314,2.530512979752127,-0.7611682538804797
Bearing2_1,acc_00308.csv,0.5300384558681417,-0.2396853096085061,0.3707900980721624,0.1376928320840579,-0.8414352855237606,2.2420416328810253,-1.4166991414750083,-1.4880037971238884,-0.4401399563933508,-1.0569279322301086,-0.4643980164079322,0.14860344524824814,2.147159607217255,2.3245835979329836,-1.4161786289585994,-1.8104271556964016,-0.6956088545004468,-1.1432738788141432,-0.805700450743279,1.8236537413966618,1.902099135482327,2.342341133945857,1.2169866782070986,-0.2057298536924122,0.07740094840117735,0.3358491054117713,-0.3489616324670216,2.3251809419523153,-0.9211283098512006,-1.456737053415992,-0.8334104217635231,-1.5509057994549342,-1.5944541591728407,-1.521045954120843,0.8465695327764478,2.370511397826565,-0.9907173021972524,-1.4243579689490713,-1.0594404375502717,-1.9295154964805517,-1.901261526368313,-1.4627253452763993,0.8431080243281789,2.4185528219708887,-0.7611682538804797
Bearing2_1,acc_00309.csv,0.47611330694138554,-0.25854641439008746,0.20403981738965335,-0.06995258499272804,-0.9122761975172621,2.157967936923892,-1.3768193132811124,-1.501510894878866,-0.4069098876607563,-0.9804322696950095,-0.4223575044419093,0.7248880252593101,1.7642485134975974,2.353080279368647,-1.3962425662986462,-1.7555794537053768,-0.5975296881623988,-1.0583086130878194,-0.7113635580694114,1.938655825286264,1.7244937803445701,2.2632315603023754,1.0267007761102003,-0.2102002902754683,0.09004277403961379,0.1113752918607827,-0.3511385900573155,2.2300862347201855,-0.9152760993645738,-1.4301288519446818,-0.8268903195619547,-1.517688070660684,-1.5600323779678011,-1.4806276643737581,0.492419256177965,2.5679682835413056,-0.9499607168441712,-1.407367803203826,-0.958923554679635,-1.907232958361703,-1.8448803058621626,-1.0663211753751258,0.4253658210428016,2.4533020334566866,-0.7611682538804797
Bearing2_1,acc_00310.csv,0.5104844384028354,-0.21821959890510145,0.29516089791177713,0.15471601492548814,-0.5623450967224433,2.248106683830177,-1.4185336906772046,-1.4934649256559065,-0.34467684157147843,-1.0706647386243093,-0.46960218232375767,0.5560758370641437,1.6392019277456875,2.421027203109271,-1.4344240070685599,-1.754193307337678,-0.5877348974157367,-1.1119936574408926,-0.8739291521514579,1.1263685773648806,1.739271628041676,2.391231898935402,1.0916563536756572,-0.20383449154808994,0.048462884046745015,0.17485038532887281,-0.35754231398625996,2.3091141766974315,-0.9204143513026015,-1.4469009296198883,-0.8272203247012178,-1.5440265642429238,-1.5593048516312347,-1.4146414523281308,0.5101837906636215,2.5363620941920533,-0.9788819373029694,-1.40295599554133,-1.0348959372843571,-1.9033077673736174,-1.8851716359279755,-1.415411124602138,0.4843652745884341,2.5770450825874174,-0.7611682538804797
Bearing2_1,acc_00311.csv,0.3974257099109859,-0.2819141497635499,0.39194796802810955,-0.18238041892349255,-1.1126190039510995,2.1195557491995567,-1.3533429689178968,-1.502289714885736,-0.30775043362307836,-1.0575268280967998,-0.36281812135803254,0.5297139574385782,2.1496272328890527,2.1369943049751763,-1.3741150101456214,-1.7014699148596537,-0.5858320460887292,-1.106347643925003,-0.7513399786957309,1.551090792186897,1.9466096961151251,2.1826450151636405,0.9784661066565181,-0.2153653689932657,0.014897289420365393,0.04065910763298319,-0.4240580855718003,2.1893415075136593,-0.8831447199193088,-1.4256143993892931,-0.8254952546008487,-1.5328485456439713,-1.5322088248694863,-1.4618223331349078,0.846294851242565,2.292248641803336,-0.9218914499638339,-1.3837537952705856,-0.981819102933512,-1.878857299245828,-1.8627256662560667,-1.4412737848438573,0.719942334931646,2.3885089341129415,-0.7611682538804797
Bearing2_1,acc_00312.csv,0.46700122387987525,-0.2556591962809997,0.24304312350106447,-0.05349060598123524,-0.8164302467268036,2.159554926796281,-1.3943064699186993,-1.479758698415311,-0.3271067874175517,-1.019818075825151,-0.42628988964648223,0.45998800816380797,1.5483556939733643,2.4094617361146433,-1.4047874539526397,-1.699138089995586,-0.6132014554573992,-1.0938138804132402,-0.7201246981897252,1.0422993846989403,1.5552096448723334,2.389132097823992,1.0771973084327975,-0.20827993255985686,0.0518035365931687,0.11399440979514557,-0.37839760448440163,2.3091310574526727,-0.9222788882673165,-1.452418569857396,-0.8304720055775292,-1.5311002897620387,-1.5831826054327245,-1.3885507398172738,0.6103111247237889,2.476921159851312,-0.9945462547610369,-1.4187456810244456,-1.0575519744487913,-1.9328582226350428,-1.8571552970160958,-1.4426857375692164,0.5436803944000668,2.569657232411724,-0.7611682538804797
Bearing2_1,acc_00313.csv,0.5388635382557991,-0.2632457926490833,0.30155880072741864,-0.10605669805202517,-0.8223406659237321,2.196138006243653,-1.4038663871501462,-1.4916114511798209,-0.2895039948838654,-1.0441184921141768,-0.391945219828322,0.5553928736817618,1.7626733315173624,2.3115404863683775,-1.416055775848606,-1.7140691151483374,-0.5408628755381999,-1.0791124509884353,-0.7587144251634655,1.4362491470706777,1.5535827793322001,2.3413746555257284,1.1525497565063272,-0.21169789425228905,0.07147596589993828,0.07239665436702832,-0.3500970250501849,2.2820417188022284,-0.9164538052255147,-1.444848669209207,-0.8216958024675622,-1.5367981434441647,-1.5439367039306893,-1.34941401591501,0.6221081474031039,2.424418163849613,-0.9776892599243417,-1.4174399497964971,-1.0321705987695005,-1.8907756162610814,-1.8499344229014454,-1.4287422527757356,0.5689419551212197,2.5171599836232503,-0.7611682538804797
Bearing2_1,acc_00314.csv,0.5444024719608322,-0.25174679367686853,0.2251750384433263,-0.02599161831430948,-0.7705317850157732,2.2853999222224166,-1.4136203952241215,-1.515384260142311,-0.44648538026477397,-1.0663839916136744,-0.48325153431519513,0.7273004772856564,1.8574987579572573,2.418369504156988,-1.4190515812858098,-1.815260769793226,-0.6904273124808145,-1.1000787965994687,-0.8637513349683626,1.214208157289699,1.674687545302329,2.4654287038150557,1.1690655314979688,-0.20435739292537974,0.04835170273398664,0.19780618369475977,-0.3095581332765513,2.3270125807967923,-0.9211022109724741,-1.466060132547495,-0.836034962779094,-1.52784259781768,-1.5815009581291006,-1.4709729181410758,0.7691751871906041,2.3908170947518053,-0.9626771174969677,-1.4235544320774063,-1.0513580668413045,-1.874081576005803,-1.8901499045414132,-1.6048022163907008,0.5665455142549742,2.5859980975518924,-0.7611682538804797
Bearing2_1,acc_00315.csv,0.4230777906515631,-0.22683994636741137,0.28968111824103066,-0.057419032790795875,-0.46343290661459385,2.1952670679604958,-1.3984068597975319,-1.5062533794282877,-0.3127064992187878,-1.0629845639112905,-0.38773033943486496,0.8728880471530055,2.554218183685905,2.008631018807834,-1.3965362216380333,-1.7032755742560477,-0.6052919111498446,-1.0959232574628655,-0.7142940903330919,1.9143492102497295,2.4319685643857576,2.0287969472225336,1.0544334070580368,-0.19957351316889302,0.10187344590686646,0.20335255108517536,-0.30324070170390244,2.268995132691859,-0.9108912630555281,-1.4512935645602794,-0.8248238536651609,-1.5362724674748012,-1.5620798841239494,-1.3716460549122464,1.0284130606322073,2.139877946583743,-0.9747500350751269,-1.4023845310498024,-1.0223191496310837,-1.890323375887483,-1.8571849032515486,-1.3241568867793923,0.9806148209056125,2.241376719603423,-0.7611682538804797
Bearing2_1,acc_00316.csv,0.5554671688701014,-0.24894882831575166,0.22103927922587074,0.022646046946919643,-0.7350455289554813,2.126166149281201,-1.395039911343426,-1.4910591676742897,-0.16642736062247848,-1.0279797490189146,-0.4025951710396409,0.48023152443306166,1.6711458618556922,2.251567960081147,-1.3960434767131606,-1.6607135911254514,-0.45307474358034705,-1.11492681880083,-0.6808064714240287,0.8455610323134548,1.60151407244742,2.279467328876889,1.1302835399970972,-0.20033575875740073,0.09655784952231723,0.2001171701074329,-0.23756665162355933,2.241698124064608,-0.9121327360528317,-1.4351632988114629,-0.8140576256434161,-1.518615381331863,-1.5574776143310882,-1.4480848410089453,0.513516893918345,2.5284258291691115,-0.9661007115706578,-1.391868378729471,-1.0301741235792832,-1.9058230579651045,-1.8406661885799915,-1.6582766756931793,0.4610417605404922,2.6398781325220493,-0.7611682538804797
Bearing2_1,acc_00317.csv,0.44796171162799825,-0.23287210015640142,0.38721802989164267,-0.056109557187609,-0.5730793591988299,2.161155167324614,-1.382829443584313,-1.4777865099824479,-0.3151805207441693,-1.071012197121689,-0.4397001176008856,0.8297256924681837,2.4620002367390565,2.044716556595183,-1.3924548644403982,-1.713201794249474,-0.5929995744733234,-1.0973690295559968,-0.8463191351552877,1.4306908741851891,2.4835629563013963,2.0616223099432025,1.0428206359280257,-0.19685419397215,0.09844953682850055,0.14311283859482768,-0.20435396762919827,2.198324500271037,-0.894067315858869,-1.4363724447726411,-0.8232208366167922,-1.5299057302122696,-1.5698241777848878,-1.4320711491137563,1.0899580168117793,2.1258140251453157,-0.953084171605486,-1.4051455897291485,-1.0430613288894506,-1.9034904976402518,-1.8604914933547865,-1.6199165092805479,1.2527386855725107,2.1829625609746484,-0.7611682538804797
Bearing2_1,acc_00318.csv,0.5265294855038187,-0.24991503773911755,0.15949651302990336,-0.09109126258703157,-0.7181941656116079,2.2792881179915696,-1.4149196716844155,-1.5176314241247182,-0.4039873682234747,-1.078932291593646,-0.5177482173968878,0.693369476399194,2.325599899088197,2.2297986189231893,-1.427067284639148,-1.8246050030276215,-0.5982930159423381,-1.1449131898979288,-0.8972115171453823,2.1549137849256605,2.225531713558775,2.192528465016084,1.1206270117555666,-0.2063133707889763,0.08801819077342017,0.08749509892982643,-0.33756121766170444,2.266741941269559,-0.8979803386291763,-1.4533882252561021,-0.8317273235796921,-1.5446543760905174,-1.5959412615293953,-1.4063978780146593,0.8996944216055484,2.276011748187546,-0.9480392551613012,-1.4349418663836562,-0.9698468575703816,-1.936402736179265,-1.8880730620750645,-1.1223501964488343,0.8052365396523833,2.287961902805137,-0.7611682538804797
Bearing2_1,acc_00319.csv,0.45086082183629816,-0.23339747095326716,0.4915350706290659,0.032186512055853087,-0.740432285072375,2.2519207690148555,-1.4077503672467506,-1.469995522513716,-0.4408786142241878,-1.0583052033495006,-0.4178808688670481,0.6399802023031297,2.237199491608363,2.2447360103032468,-1.4113705312981195,-1.7880712397110574,-0.6468961967710903,-1.1149292585710562,-0.7830868590724318,1.7103600966497003,2.3336246407545294,2.165879932447506,1.0824636997189847,-0.19902996991225358,0.05362299655039112,0.19734398641222511,-0.23054439234159818,2.314717897048599,-0.9087106829641735,-1.4573967070829943,-0.8410081755513482,-1.5185767306665288,-1.5948550722799144,-1.4237754171573556,0.9536484292189983,2.2454370287712284,-0.9617752322175805,-1.438297688515876,-1.0275274567354935,-1.9180799403950162,-1.8757574610750067,-1.5903110198012926,1.0755627077745018,2.2909580958258617,-0.7611682538804797
Bearing2_1,acc_00320.csv,0.5505951176538523,-0.26075067201085733,0.26209145545342877,0.001507369352616285,-0.8025376502842235,2.2594724979728116,-1.4147033880649378,-1.4995193981541923,-0.3472286529271762,-1.0587253465320465,-0.49771058437172117,0.40807865229948687,1.993155088354475,2.2987608750712547,-1.4250238601393046,-1.7637805030238827,-0.569637180417688,-1.1003237448818042,-0.8542577274446982,1.5381135582140342,1.9887164177780536,2.258738973992397,1.1868658388493765,-0.21268227336566609,0.05866155886687727,0.1702284125035264,-0.35355306291422983,2.3078201350600667,-0.9120969812333763,-1.4548909693199912,-0.8283741747002928,-1.532353389120436,-1.599663281390512,-1.4728724761011647,0.7437887441489879,2.40167179856802,-0.9083984948274435,-1.4083359172665397,-0.9810727795332526,-1.9052158684380076,-1.8872575060120567,-1.3179975248891385,0.6590737266647743,2.4075693281432295,-0.7611682538804797
Bearing2_1,acc_00321.csv,0.45331542642032757,-0.2518785737965834,0.26824745150102836,-0.09314900996346821,-0.7557699895750405,2.2561526714346947,-1.4005185175502377,-1.4916264427088384,-0.43256613919387166,-1.069032429928255,-0.40844646055705663,0.30875418819574124,2.283739141670872,2.2403841060726295,-1.4118840478853276,-1.771680240174208,-0.6845946573470802,-1.105542824244216,-0.764849149425847,1.1789469747363526,2.244413497420661,2.2459259325602776,1.1274466487629846,-0.21695417006988174,0.0423223619033679,0.05699007828254047,-0.44051137567880444,2.3245507400564054,-0.9170562393997144,-1.453420772072974,-0.8364804791894199,-1.5572575672332731,-1.5848429084508668,-1.3737406611931386,1.0714966618126045,2.1532906118578454,-0.9743996867501309,-1.4199947221217801,-1.0511098847115254,-1.9334846562617443,-1.885729332650592,-1.3417811027146207,0.985060824671474,2.287141121368003,-0.7611682538804797
Bearing2_1,acc_00322.csv,0.6540267459246,-0.24327111698271583,0.32774167746366856,0.149291044569428,-0.7946634018865503,2.2601366735077373,-1.4136860485130778,-1.4826343798920019,-0.3883146621111198,-1.0929763088885052,-0.4768721853267592,0.09323580804138579,1.494114560358473,2.5127319615531527,-1.4172418916925225,-1.7478208040006422,-0.6357448439855078,-1.1452617306586217,-0.8543556753172097,0.5850947960667674,1.689828874459569,2.4578185453558428,1.2682701812014106,-0.20567361304321427,0.041259798254675725,0.28146389183352893,-0.3200899776670722,2.375772916864612,-0.9064783913663448,-1.4570877673379958,-0.8374677029264996,-1.547131136959327,-1.6103779915440095,-1.446542253950489,0.4012668565470546,2.646554964495837,-0.9809420152043598,-1.426375574640025,-1.0514041197291166,-1.9522994803282172,-1.89726579433028,-1.606161209627136,0.5377287374864648,2.6391166806796535,-0.7611682538804797
Bearing2_1,acc_00323.csv,0.5758935206702256,-0.24259998196844137,0.3323565269967639,0.06080790738265341,-0.681410824623665,2.288651247485421,-1.4170892413058969,-1.5043604692594095,-0.4462425974250567,-1.0658095147744169,-0.5324531949472959,0.2036281002886262,1.597080524592373,2.5476577835401284,-1.4262353951555828,-1.8475838791093524,-0.6363375205217761,-1.145905414598537,-0.843361782946004,0.6995148546077848,1.7650973226505118,2.480198122496883,1.261564744589677,-0.21125959461268626,0.04501521810353185,0.19564926304293143,-0.38599709135957394,2.3805665124526363,-0.9037105924325436,-1.4582467788149085,-0.8367565183260015,-1.5432665660155687,-1.6285175548895996,-1.5344344943358843,0.5005375670046494,2.632216231664122,-0.9807268513141459,-1.4330283887844857,-1.0589286016550754,-1.9532468531873435,-1.9058060023400818,-1.7499631368442379,0.6481443257313706,2.6267538058511706,-0.7611682538804797
Bearing2_1,acc_00324.csv,0.5556433605704211,-0.24687997420130203,0.14251778265116413,-0.03515794753661796,-0.7562507929197303,2.340981642952313,-1.421533828127638,-1.524553860103025,-0.5013040942911221,-1.0710632728894496,-0.5696712268174088,0.2511241330744451,1.9915349046339346,2.3412181159729473,-1.428603465621046,-1.8663112742160586,-0.7386412594792612,-1.149923124704045,-0.906978520904341,1.3397596141358914,2.0838533411099425,2.399672204050398,1.1709049013369237,-0.2136940895004503,0.08529430465354815,-0.007255343989774155,-0.3708925442414657,2.353934685952549,-0.9161161719382829,-1.4412780252419757,-0.8361425079441366,-1.5387712684315298,-1.6103289083354735,-1.477116170549052,0.570147369319705,2.473046189184916,-0.9849806167309095,-1.4195074304280009,-1.0633920193635742,-1.925976839322301,-1.9128093457036417,-1.5774300069500997,0.727487432338288,2.5216386739093766,-0.7611682538804797
Bearing2_1,acc_00325.csv,0.5053522608294333,-0.25286828654281407,0.35007630653531263,-0.044137208815614115,-0.7523583505464513,2.2556984980178907,-1.4113412135663694,-1.5088388120050942,-0.3936685249759969,-1.0386588563866768,-0.4833677343833857,0.22363470293276294,1.8713342986452044,2.3695776030688505,-1.4087649083251925,-1.7752865533648752,-0.6371446923625155,-1.11936338332919,-0.7928345950912924,1.257973305076967,1.8424673462735854,2.346394628758249,1.156447469178682,-0.20262592603656412,0.06330134435785359,0.11291594946923146,-0.2566662293817499,2.3552454217633683,-0.9185697929763851,-1.454469516065201,-0.8343564997307359,-1.549518360119464,-1.6021371290993753,-1.4236839672061996,0.7321631475279224,2.4070309879262033,-0.9913779071065011,-1.4304570788704567,-1.058682155207077,-1.9512802560200755,-1.8841819509609394,-1.5369019067218965,0.8101989703346383,2.4628279499471537,-0.7611682538804797
Bearing2_1,acc_00326.csv,0.47667428089987207,-0.2289007510619479,0.19367573025571114,-0.03085538484043236,-0.5178896665662794,2.108704150403734,-1.3711694184928649,-1.473005652992938,-0.3374260267574286,-1.0490379372094414,-0.47839827699399146,0.8076947378827263,2.3958155479848857,2.040299482054533,-1.37943439888464,-1.7268053287385645,-0.5881237052911819,-1.123487026873655,-0.7990726094793145,1.6060284083817526,2.583606650778732,2.00435248082384,1.1080335669038783,-0.19725599845197436,0.06203133447002466,0.32306164726164643,-0.23100202330252143,2.2808695035819144,-0.9159604559558681,-1.453233613323085,-0.8343007931923299,-1.532999988249452,-1.6068080557851705,-1.2832941773168467,1.1215074174868638,2.0603100330548347,-0.9789920937402973,-1.4180061919318678,-1.043914774680744,-1.951047632859087,-1.85714699619414,-1.3586085177336764,1.2966353907632582,2.1055798389833114,-0.7611682538804797
Bearing2_1,acc_00327.csv,0.5582881670644376,-0.25650265332500993,0.23818933911575588,0.0035651167290529262,-0.7694042462170201,2.2220161913493293,-1.3700857450850419,-1.5052377792215965,-0.30527721652717754,-1.0569916742093122,-0.47894612948068627,0.49311751574101026,2.2166145621882936,2.1427007980072617,-1.3711206673522973,-1.7564726650160967,-0.5421975286865748,-1.1111428326288162,-0.8102974704267789,1.6135362795426689,2.255356000311624,2.0874347390117545,1.1199989620078743,-0.2100757858704967,0.09607100806100655,0.1207733032723203,-0.3085746724478759,2.2919190311647437,-0.9101331390018925,-1.4486155404216843,-0.8322121519386075,-1.536165963080052,-1.5768195445733124,-1.3040440569090976,0.833494649706248,2.2826224491059497,-0.9576725118409779,-1.42257560721146,-1.037723756683713,-1.9090374986317244,-1.8561584949061314,-1.1669595020682255,0.9561992392283006,2.222485353518121,-0.7611682538804797
Bearing2_1,acc_00328.csv,0.41997144596630864,-0.2297415475402233,0.0737196633668805,0.007119407651988761,-0.5662021162851525,2.1245426459323093,-1.364234715096693,-1.4726608145930147,-0.34896023707792473,-1.0302833061893095,-0.47930624747937656,0.6878062414387244,2.5333179257382885,2.0036067632677126,-1.3794481813444825,-1.6747508095938057,-0.6474103352070469,-1.0600029981908634,-0.7947657542518635,1.7150094350753844,2.2750307434894723,2.086926739502082,0.9834966345837474,-0.19037414230411498,0.08592434358233066,0.22322703423416482,-0.17368079265777628,2.1811610149478846,-0.8971819378363468,-1.4340070123863984,-0.8245021480014498,-1.5074041678538783,-1.5739317789105518,-1.299973750665309,1.0584919273639943,2.0829440071442664,-0.968438181047233,-1.3861994227185985,-1.0308152872571261,-1.8803610785517046,-1.8559122939562172,-1.1896513584066477,0.9412683856605113,2.2178950406523517,-0.7611682538804797
Bearing2_1,acc_00329.csv,0.44366045381695396,-0.26380064806538245,0.19945520651116042,-0.02599161831430948,-1.0031683548417478,2.1905202050292383,-1.3762339506560115,-1.4782633093311448,-0.45648874781988497,-1.02185258569013,-0.4089798307847993,0.7769019964508302,2.302217291507797,2.180927032965274,-1.3625923835359353,-1.8233968211547287,-0.6773743785591955,-1.106694617452848,-0.739652798624511,3.538631706478028,2.0715898249024347,2.0709217602649126,1.0362798618193172,-0.20787686286779225,0.06926296423006464,0.15836534891847073,-0.3187676673007188,2.206535337099184,-0.891643325505563,-1.4401081891276217,-0.8287882478759949,-1.5252032026414486,-1.5717684124197042,-1.3194692293316677,1.0070870057545016,2.145562761007384,-0.8856476424116038,-1.43295481690197,-0.9396547341997938,-1.9352801823578094,-1.869488908578215,-0.5368916028409129,0.779681061712959,2.0904612537782694,-0.7611682538804797
Bearing2_1,acc_00330.csv,0.5044087669748396,-0.25103552186915784,0.2907057786360728,-0.06134745960035684,-0.7955220439765324,2.2222101185285084,-1.3855216745850134,-1.499348524300566,-0.47193117583481053,-1.0454539395032592,-0.43213253698434895,0.7185224720138175,2.314864527596876,2.223326627461398,-1.384829206355721,-1.8265724155380856,-0.6885252890668906,-1.0925986437816049,-0.8037054219399643,1.4807233317897823,2.2840090607521546,2.2083889401153796,1.169631037582925,-0.20988856581405246,0.04474597074315204,0.1913354217392749,-0.37134991548034,2.2714302925321443,-0.8905027373626961,-1.4576701090156614,-0.8413342195039434,-1.5387551286831724,-1.5794894063050389,-1.374986867892921,1.0943276506959387,2.124571756478342,-0.9565434314462674,-1.4399843339235623,-1.0559112074704766,-1.9276463424501005,-1.8860377513298725,-0.9637181830063527,1.0280576006202673,2.1498683449807423,-0.7611682538804797
Bearing2_1,acc_00331.csv,0.5062651080598205,-0.20928938549852918,0.34215770855712135,0.16837197478729488,-0.46190045433175475,2.258148377991858,-1.4129598019103118,-1.4923310953114404,-0.3862529936660396,-1.0827845880531235,-0.4588769480664424,0.3334014027077695,2.3715789750503826,2.1813684319655775,-1.425800785642491,-1.7841754924851212,-0.619599905159985,-1.1349005896790558,-0.8211172832740732,1.1881191403070195,2.479281326815925,2.170840410002972,1.1468845405599821,-0.20623945214409306,0.05934438381336224,0.10829397664388506,-0.3013836210630902,2.261880245851781,-0.9137778740903819,-1.4316394678952533,-0.8270908540532406,-1.5421361443675998,-1.5720854831749802,-1.3624697640477033,0.9735170734259188,2.1840687521617728,-0.9612458550352683,-1.4038228773961239,-1.0364646353619111,-1.927873143240862,-1.875284562315765,-1.327324653116232,1.1320790247271706,2.1780192239496556,-0.7611682538804797
Bearing2_1,acc_00332.csv,0.5393556220647823,-0.26631059487279796,0.2685060107945644,-0.05872850839398292,-0.9236407824623719,2.2640836498520605,-1.4029251675710597,-1.5007158026417438,-0.45420513422089015,-1.0818815529935844,-0.4533250771946015,0.36854457855776196,1.760878449709078,2.458741256161568,-1.4069185345950048,-1.8348317466635886,-0.6822434289973524,-1.161507428855939,-0.7896971149095904,1.2345678508526337,1.9305333939158522,2.3771038708948895,1.21673116501218,-0.21133028030151813,0.05897372961633964,0.1534352445714346,-0.3984310644585271,2.3252452627353266,-0.89468888450335,-1.4512526165906965,-0.8366640323414853,-1.5643493444817742,-1.6064097837842228,-1.373782779232953,0.8105054794067623,2.346202712585194,-0.9726944656682598,-1.4278410611656256,-1.0534246068875708,-1.9625239374252554,-1.9038919581307268,-1.3507071332884835,0.9960436326510025,2.3030218411763146,-0.7611682538804797
Bearing2_1,acc_00333.csv,0.5290435262064258,-0.23647380819998956,0.32763376403736305,0.08568794384320526,-0.7135253562033472,2.290365563979679,-1.4065256945883087,-1.5083118211756068,-0.44658486322945007,-1.1081968171870615,-0.4541996461098177,0.08186983408912431,2.75002070589162,2.0864864255506714,-1.4086644536300608,-1.8039167376900271,-0.7044819579288887,-1.1425014549374892,-0.8355743376972935,1.5878550718438667,2.664228457590267,2.116880826441708,1.2270431311290515,-0.21394341075538267,0.06260540223198807,0.12169769783738962,-0.3949070347762857,2.348030240689691,-0.9145238139974523,-1.4621128902856553,-0.8386536492546671,-1.5654418969419144,-1.585142149456502,-1.5397386839677718,1.3746150859917374,1.9819040197976943,-0.9857093451147825,-1.4311492735952613,-1.0625967724100263,-1.9552496989912382,-1.853286008855147,-1.4158172328577592,1.4070272171150102,2.072463589446733,-0.7611682538804797
Bearing2_1,acc_00334.csv,0.60498520625613,-0.2629719490241146,0.33475741635874107,-0.022624395334685795,-0.9603260618200088,2.279795079870885,-1.4038930985224036,-1.5388223752989645,-0.4412451847195088,-1.0633005732512832,-0.519293991409199,0.3644915937289533,2.154252297457116,2.306485033934675,-1.4188409605343428,-1.8174661489591082,-0.664247651889413,-1.1365273740587802,-0.8555391837878744,1.3456972028309029,2.1226153294845713,2.3061583474261615,1.2659328010200246,-0.2110865084269671,0.028761140911108873,0.22076198206064662,-0.39356830344564303,2.3701481433962672,-0.9123343871879471,-1.4708611211148845,-0.837453542644631,-1.5515111424469918,-1.6316702676108674,-1.490694484001569,1.015263442491046,2.2425446365317474,-0.9628477526354792,-1.4314799624776924,-1.040144291035302,-1.9578593647069538,-1.9243814908186798,-1.267577948501211,0.9507101243433569,2.302496747316568,-0.7611682538804797
Bearing2_1,acc_00335.csv,0.5346282397618233,-0.22060771774637744,0.21478031703027836,0.1223532607324395,-0.5632577473604431,2.2144543831797163,-1.392619670370053,-1.4928040751075125,-0.39248596507300987,-1.0615498165484925,-0.49583623515464015,0.7152085519601027,2.42863277855624,2.126748794007525,-1.40219772612042,-1.768131648696607,-0.6425524621494737,-1.1056103950007008,-0.8689988523536033,2.0134538029242015,2.3403883311547,2.1257378044699804,1.2297880012598237,-0.20908231362631155,0.06962916577585433,0.2672898418358001,-0.32502010511397966,2.3464907103019153,-0.9198169376736333,-1.4666822292761688,-0.8353497836916023,-1.547484171504512,-1.645452366460934,-1.426196218886548,1.3539835871726407,1.9877916472151387,-0.9770525556583464,-1.4305446493058547,-1.0398512264556727,-1.9708387400047596,-1.907992848230454,-1.195834662314662,1.372794864395018,2.0391260971958594,-0.7611682538804797
Bearing2_1,acc_00336.csv,0.6807369712161668,-0.23452396047329166,0.19887586469750348,0.12310153250568925,-0.7124008252096637,2.298279583940309,-1.4074868729512482,-1.5301041211352993,-0.5160614995043245,-1.0673724211070057,-0.5081302496985007,0.46050299538838624,2.3876011565551947,2.2824554373822377,-1.4106346565999732,-1.8683375142927887,-0.7630262257789105,-1.1182811246457383,-0.8749064127990752,1.4810291625392542,2.2453354963753718,2.3206916898306043,1.3102858219752083,-0.20453298795106883,0.10223835640708569,0.2156778119527657,-0.34642295455474026,2.352280440568237,-0.9201566854885533,-1.4627869272690803,-0.8416411184453849,-1.528247798005798,-1.5963694572986984,-1.4427364893984247,0.7209883818466867,2.4172539523749417,-0.9846602108263367,-1.4301329074701454,-1.0669776044870782,-1.8973729246687738,-1.9032809549907468,-1.5055826853296952,0.7166415750217355,2.496952972339584,-0.7611682538804797
Bearing2_1,acc_00337.csv,0.6563398945073676,-0.21227802116924308,0.3594690205485341,0.15602549052867518,-0.43080705934582714,2.237621173829031,-1.360609830312986,-1.5254143411800658,-0.4416630808706164,-1.0860239604827961,-0.5106999317644982,0.46989474098059314,1.5536398452698317,2.485829791836983,-1.3696456319710844,-1.8116433049590388,-0.7054606227037908,-1.1646182721353193,-0.850733773764955,1.088371141170615,1.6296987240134577,2.4518800230985747,1.2344196792722975,-0.20253666981284413,0.020502926392600047,0.14634821957257027,-0.2173398816522904,2.347435188750176,-0.8976381368697087,-1.4641397158081837,-0.8358603574507936,-1.5560151558156645,-1.5628639322362452,-1.3988409662718988,0.3012007334995598,2.697845726161976,-0.965799677004514,-1.4365002232991566,-1.0615047375209736,-1.9209800391480676,-1.8743803402983221,-1.6579581060364088,0.3325666333295962,2.7569491034403804,-0.7611682538804797
Bearing2_1,acc_00338.csv,0.5444689287017179,-0.21873139195544505,0.3437814296930836,0.018343484250734045,-0.4390418646270286,2.20444799228547,-1.3953171223106253,-1.5026666885660522,-0.4157037093890908,-1.0585726447199595,-0.46468280378722365,1.302640589957418,3.1598937344575098,1.8677870337726656,-1.3988874442364774,-1.815558309516423,-0.5821110339674953,-1.1124544538206782,-0.8585465610942571,3.0983942551657027,3.1534047370911904,1.767052975891872,1.2106261381896495,-0.19873651074052145,0.09574410860246058,0.15543809946241802,-0.17922870004877275,2.235589925041688,-0.8985381751115649,-1.4574835319677726,-0.8313618669413702,-1.5613145001724735,-1.5826569750108788,-1.3113782916526675,1.3358998031056373,1.932727650068612,-0.9691711102980439,-1.4242447053139007,-1.0266172252235188,-1.9434397375214592,-1.8735950095514227,-1.0538223969503997,1.5253077552785548,1.8767342908874793,-0.7611682538804797
Bearing2_1,acc_00339.csv,0.5874473380378644,-0.24498843676035928,0.10205554929509258,0.12534634782543821,-0.8115749250125714,2.232755061223698,-1.385589083281958,-1.5103358090404189,-0.39547500893577464,-1.094063319625105,-0.4495847495275849,0.48773704422417136,2.3936653950993017,2.1436702723204224,-1.3923321203606143,-1.7463508259526357,-0.6527723627147116,-1.1642991270391576,-0.8074758179863528,1.7674584643016285,2.392862598722648,2.117291127293487,1.3018876770065337,-0.20026105286771537,0.1011666276468363,0.40348397442267303,-0.2899083279744803,2.302965983015779,-0.915271895468838,-1.4612731893281405,-0.835122213598548,-1.5587398796808418,-1.586621463999235,-1.380392881968109,1.2125285518736248,2.0396733583905715,-0.9834738216333476,-1.4326646621944483,-1.0481107533198308,-1.9345419306748959,-1.8941594742347083,-1.0096537875648455,1.2811511010039545,2.0242673163519735,-0.7611682538804797
Bearing2_1,acc_00340.csv,0.5581786034764926,-0.23189520072462586,0.3860787932374533,0.18371154613891327,-0.8003234794484057,2.2663647761816774,-1.407720603470605,-1.5129880625124237,-0.38253993207943693,-1.0715562697667989,-0.5069450473998293,0.08744581614878516,2.4148347931079712,2.1963256839814065,-1.4211647815121156,-1.751832092472944,-0.6868820991317559,-1.1105656695759634,-0.8403808849969379,1.5849954160726394,2.297060508239088,2.20838441351642,1.175162524313362,-0.21001371659011978,0.085689281975865,0.14465349620327644,-0.3604262547928504,2.3215971502161037,-0.9102488623166886,-1.456866370397552,-0.833712821891012,-1.5438107113775603,-1.6071346309023626,-1.4019412268043612,1.1160426638560799,2.132532876399669,-0.9764951083660285,-1.426953919192676,-1.0394309169578877,-1.9406686661321402,-1.8878696763487817,-1.2781094397595671,1.00021165666804,2.2597632980069706,-0.7611682538804797
Bearing2_1,acc_00341.csv,0.712547946832336,-0.24064915767339823,0.21727411497098764,0.24207674445238814,-0.6865405002663231,2.338054962720432,-1.3975417009402382,-1.5104055781055712,-0.5392602841729283,-1.1151051332068591,-0.5250744201510124,-0.23670382196044248,2.313226747576679,2.3594049307275604,-1.4169864846593148,-1.8432459197255944,-0.7581534431666714,-1.1573538104505352,-0.908081956994564,1.1389232537389458,2.0547691862432247,2.4132472948079107,1.435294634417795,-0.20539922382152245,0.06604094758656315,0.26744390759664505,-0.2790089882144939,2.4229565013734797,-0.9181570783546106,-1.4766109671562258,-0.8469022630929488,-1.5646343862718184,-1.63927838741666,-1.5494175710970834,0.8600367850307985,2.4071955320951286,-0.9722628701884883,-1.4351531515144456,-1.0679881709192571,-1.9426401662643669,-1.9163967553455286,-1.4302106052550356,0.5050660648909544,2.616204915604353,-0.7611682538804797
Bearing2_1,acc_00342.csv,0.5808499981859261,-0.25772287112589065,0.2752318092525459,-0.04993631505829924,-0.7679412873985121,2.289447952830688,-1.406553539519683,-1.5232969953457742,-0.4701367479052272,-1.0543720873438347,-0.4971617902507556,0.4506357996381205,2.377677514591471,2.2576560010012003,-1.405772724746639,-1.835886077735022,-0.7246989564582251,-1.0886216582964399,-0.834736056315241,1.4386953570364034,2.0697533554074696,2.328929997339101,1.381412533273596,-0.21421757381575887,0.06522508499585664,0.24186899129639508,-0.4446202507814216,2.347020810409095,-0.9196684417829806,-1.472123288940735,-0.8346712074025413,-1.5560981170044608,-1.6314715435839,-1.4541830801383706,1.2322009849102398,2.092608177242377,-0.9658537194762067,-1.4298333264265315,-1.0492964477162816,-1.930755766939936,-1.9153555307475074,-1.2434436794016437,1.0557775475422158,2.2260275168460453,-0.7611682538804797
Bearing2_1,acc_00343.csv,0.6600307239034496,-0.23431780458683296,0.29788002433623634,0.22206047451795935,-0.7055249283427067,2.265241422879774,-1.3972243116142846,-1.514276138416526,-0.4089867032178204,-1.1033590198518237,-0.39615273225856784,0.1483234233048129,1.9253294019643077,2.380096809092026,-1.405443527660839,-1.7700713270593054,-0.696934741380969,-1.1154152502692962,-0.874900519938083,1.1648934507473885,1.8716388728312692,2.3785637453650113,1.3793377372181062,-0.2078989122400437,0.045760150697510014,0.18085895000182317,-0.3416780087713959,2.320885051404738,-0.8893192346235197,-1.4590528169678383,-0.8321093445209256,-1.5584569315075043,-1.60489131492768,-1.2957087499651814,0.9310385537317364,2.2294245083154993,-0.9680384755816476,-1.4165177936409488,-1.0519970702103554,-1.941933646647065,-1.9076241795636175,-1.2533276316326716,0.9125067419631331,2.3113910594565192,-0.7611682538804797
Bearing2_1,acc_00344.csv,0.4910149412350514,-0.23544533237838558,0.23001451973021592,-0.0411441217226154,-0.6366543202498902,2.194663717961784,-1.3703857030358366,-1.5059413126507883,-0.3881211070402057,-1.0616665841789832,-0.42384660453460915,0.4769394610544713,2.228921693814631,2.1303364205834145,-1.3780568137713027,-1.7824217417217632,-0.6425516652689067,-1.1153947033865212,-0.8396934423780787,1.7372377129230265,2.231471340068719,2.1609155825571182,1.1694950819492962,-0.19518759034906516,0.07259635180381975,0.17901016087168456,-0.19422069163177186,2.260867365045925,-0.9116584583969627,-1.4627479556064917,-0.8340644070740838,-1.529713065743861,-1.5463895699518024,-1.3064622728217747,0.9778414580534343,2.1311868245986956,-0.9581608029819645,-1.4331374373423997,-1.0420367733734326,-1.9102732725505032,-1.833294050802832,-1.28735478488975,1.1222478926854167,2.159521009151946,-0.7611682538804797
Bearing2_1,acc_00345.csv,0.5830926525293115,-0.24282953335350335,0.1973741515133634,0.044907132201097565,-0.6801618479974977,2.205338365832113,-1.366372509029442,-1.5058711486001808,-0.43806726514259064,-1.0693288761040733,-0.5023685101488401,0.5690173010115712,2.31145098089997,2.203101823105319,-1.3680976309287236,-1.8134172214488018,-0.6887812833349009,-1.1370354777816905,-0.8227105992045101,1.5735757216067083,2.206259925616261,2.2116176406095214,1.2108601395681713,-0.2078130504299104,0.1023771648216125,0.19164355326096447,-0.31538141131190167,2.2577767269037934,-0.8836071573804523,-1.451781515465463,-0.8414023791371111,-1.542615721361883,-1.606657418759104,-1.1820974502541999,1.0668443559865026,2.087158620156069,-0.9581442504456987,-1.4263814499695038,-1.0564140468231094,-1.9333636088918353,-1.9064549877075245,-0.9663654408113733,1.0087838995552865,2.1683530757316447,-0.7611682538804797
Bearing2_1,acc_00346.csv,0.5343773311787336,-0.20024972040128766,0.09598424124718916,0.4031422436443818,-0.749733790529479,2.136189485480083,-1.3397449483297772,-1.4821980913124257,-0.396808018714373,-1.0665836293304278,-0.5091135036879204,0.41194460095117535,2.0596366292859662,2.213768456519097,-1.3290033003999775,-1.744583495085752,-0.6747674753309209,-1.1253642512351902,-0.9029362776284511,1.6809955671799723,2.142016460347596,2.1477397381787853,1.1541207868812327,-0.19289685645687957,0.08998927926974838,0.4697322515859712,-0.2845563094090105,2.244296684393145,-0.8890743570990719,-1.457848060465078,-0.8253471806196094,-1.5457946461175158,-1.5648501093846225,-1.2331828310812227,0.7454965860070343,2.30556148705781,-0.9487411004490302,-1.4083290617242066,-1.0441900405349496,-1.9312425240307123,-1.8660496085304739,-1.2666169330545474,1.0140438444836681,2.2273718813762895,-0.7611682538804797
Bearing2_1,acc_00347.csv,0.45198530394439157,-0.23851999752381278,0.14357270694580745,-0.03889930640286628,-0.6444153690779856,2.135187105272985,-1.3704038406235597,-1.4785912464842406,-0.37833794786488045,-1.0068034237074932,-0.4736705906361643,1.1285534538511894,1.8467363623165598,2.2799690264405132,-1.3728157238386085,-1.7452899947290703,-0.6343556355507182,-1.0559872462116597,-0.8414433185891284,1.696477991143548,1.9204888831101878,2.2241618800354153,1.0803337342078854,-0.21082993823695165,0.11146247804550724,0.06900720762844094,-0.32461735348960835,2.203504193207449,-0.8813933342113733,-1.4550926075268928,-0.834697925813847,-1.5351329402662717,-1.5724613307539141,-1.0822647627802315,0.8031570709668532,2.219493547211936,-0.9543136187050533,-1.424006474220108,-1.0397045138514154,-1.8909160504830813,-1.8942794125282814,-0.9669017718551578,0.963858797745513,2.1657886797760035,-0.7611682538804797
Bearing2_1,acc_00348.csv,0.49579541323277104,-0.22831721069882813,0.12732760140979357,-0.018883036468437475,-0.38430112616766104,2.2305993428287256,-1.3952443340809988,-1.4970254229511788,-0.35946565884934756,-1.0777524590466676,-0.47546771330569587,0.6373466858660618,2.307905278822334,2.1721158171890025,-1.4026786052366826,-1.7858069634536713,-0.5834308451328727,-1.1134762336303463,-0.8723696595281086,1.5140963670368122,2.3144509184420485,2.1547629926738208,1.1683669425700003,-0.19210655827794232,0.10640282523458622,0.22831120434204588,-0.13841697795156427,2.309110508483111,-0.9092100217688291,-1.474579173372649,-0.8342718166740356,-1.5528376267887554,-1.5822088318025576,-1.3334998730006091,1.0127876501503614,2.1803126733932174,-0.979202196267049,-1.441032865976728,-1.0564639824685507,-1.9237606813409494,-1.8913723649226515,-1.3296484277930605,1.0431283423417903,2.2574887493387603,-0.7611682538804797
Bearing2_1,acc_00349.csv,0.5023139774736696,-0.23631621862868712,0.20822077453054427,0.02900635701954205,-0.5981787890010672,2.2373319529827627,-1.411703461241611,-1.4913099441346949,-0.45107504819735567,-1.0517901851057871,-0.4695613407795561,0.23158267090636714,1.7851190064784874,2.442882903819806,-1.4084666232448688,-1.80367780933172,-0.6935350751633624,-1.094864538911986,-0.8787752603159612,1.6737089728574857,1.5584139929556846,2.450001332918181,1.1070127120763786,-0.20463251222981566,0.0792885484860435,0.12554934185851152,-0.29790481777899536,2.294773555732106,-0.9090278939820219,-1.4570553528417647,-0.8343436963960204,-1.5278202806613623,-1.592550910970407,-1.4520979372909317,0.7370072612600388,2.403279016566616,-0.9466031647282245,-1.418806650007576,-1.026487722733528,-1.9261249846104622,-1.8733559499159502,-1.182027433229226,0.5192324827498926,2.4830209233087626,-0.7611682538804797
Bearing2_1,acc_00350.csv,0.43528075678965805,-0.24767124119657888,0.28809553283408723,-0.03440967576336836,-0.7005476070593111,2.1930107101230707,-1.3677862533935474,-1.5134006477308795,-0.4118805947491388,-1.0508492447796893,-0.4975622520372504,0.26755077803258315,1.8041220718629403,2.383889304274736,-1.382405949500301,-1.789108978580481,-0.624611613909857,-1.0968115912112613,-0.8868786990277704,1.1693413995754716,1.7476811662666383,2.3611222901213433,1.0198804472399527,-0.20449048514039028,0.0666365937119199,0.058068538608454574,-0.2608639507666531,2.2539060565035274,-0.8999552626739712,-1.4540291907807803,-0.8325303125451401,-1.5297472391969502,-1.578909741271088,-1.2948204649313477,0.6622993546055262,2.3992741769644845,-0.9702538926989405,-1.4260027229995547,-1.0500023620850236,-1.8998029749673362,-1.8998270665546069,-1.4474871816748038,0.6632184297016838,2.4977274524899125,-0.7611682538804797
Bearing2_1,acc_00351.csv,0.5744951211320155,-0.26705963343379163,0.2863139280484293,-0.05480008158442212,-0.8322883600339451,2.2934049098157168,-1.399264877537719,-1.514090989499455,-0.5112627280240866,-1.1036869364584014,-0.485806678151857,0.3334745023657211,1.9201045585960212,2.4572672785954377,-1.4131964674217585,-1.8239061091263582,-0.7477624089840685,-1.0302113349118323,-0.8765141395144667,1.2544931846320442,2.098628284005804,2.3431908890505175,1.2689605570390354,-0.21730658314317544,0.04709017552995235,0.029720438612996825,-0.44536770534419107,2.3221978766535685,-0.9065794777739183,-1.4696006011302043,-0.8408681759326223,-1.5541122172821042,-1.6063120576703769,-1.4147337856439204,0.8951121306583929,2.3078580163648357,-0.9584141520369639,-1.4450637771663237,-1.0512763643934895,-1.887569574582988,-1.904119708014517,-1.255440390198039,1.0699498922390203,2.2047537025529858,-0.7611682538804797
Bearing2_1,acc_00352.csv,0.5009464863288448,-0.2536476756868209,0.2886729173987413,-0.05910264428060772,-0.7874709608038429,2.176404641828822,-1.3670733074975756,-1.5099943800279831,-0.35986794808682665,-1.0784062091296793,-0.46753236376624346,0.4876522162726375,1.7269943206724157,2.356583286489617,-1.3700217554535776,-1.7653501174951738,-0.632491400916129,-1.1300042951413045,-0.8570676625671997,0.9383311511768074,1.755029408588312,2.359692429415802,1.0940127393920573,-0.2107545693221403,0.04149148280022926,0.08949795382080984,-0.346300613655393,2.2201121658428047,-0.8589523576169732,-1.4360440511670918,-0.8279245639323538,-1.5408339592863474,-1.5926375048705053,-1.4048625351848776,0.7278129588988793,2.3739673982052016,-0.9375785541546875,-1.3850580067699911,-1.0411151738278535,-1.921968199496344,-1.8861743867255898,-1.4627113442992925,0.7683514083790745,2.421767448618419,-0.7611682538804797
Bearing2_1,acc_00353.csv,0.4883463730409305,-0.22466167755150065,0.26527165175685147,0.06473633419221421,-0.5322697921698435,2.2074781911334194,-1.37601571130869,-1.495460305842617,-0.3988126821581994,-1.049364626228818,-0.5182782319364422,0.6840861382314096,1.771438979734819,2.3282789597227667,-1.3511894072493287,-1.7586637844921327,-0.6437751287662635,-1.1208060888619673,-0.8711218269184828,1.670420434321353,1.636121842160757,2.3193198523704965,1.0382224744741768,-0.19105909063507184,0.10657297071314165,0.27453093259550937,-0.14663026752218242,2.2644493605348104,-0.8858365946791468,-1.4381099920239886,-0.8286134607617986,-1.5293167330013078,-1.5994615613665475,-1.268103219220339,0.4055820482942539,2.542671303897825,-0.907852845099645,-1.4074739840093515,-0.9789289772776317,-1.929444050786714,-1.9064099074936487,-1.2500818323863618,0.334675716307768,2.5889943181613626,-0.7611682538804797
Bearing2_1,acc_00354.csv,0.5610878000020477,-0.23449864652213476,0.22050567161413542,0.045094200144410214,-0.5305655674088465,2.163574402072345,-1.35548754146132,-1.5051640616243853,-0.3975729914987205,-1.0663583329704565,-0.4725022023250195,0.5009698646457346,1.8736027580110282,2.3219001113483557,-1.3512726769501746,-1.7657516991107218,-0.6705059453498156,-1.1298031062376022,-0.8283222633698335,1.5109625907238504,1.9157419853126123,2.2576351488593898,1.171381526903501,-0.2036821247054829,0.0946578003124479,0.1409559179429995,-0.2517852531963906,2.2965361266795896,-0.9015606389531564,-1.4669151814861963,-0.8312879540033421,-1.5526703814037357,-1.5614870202287245,-1.349492085380732,0.6318946750321576,2.4463222928157067,-0.9577473172624302,-1.4350873984206767,-1.0344431686383384,-1.947275978469356,-1.8486224426041653,-1.3332247689881471,0.7102056422045534,2.427166905439455,-0.7611682538804797
Bearing2_1,acc_00355.csv,0.4737454920577336,-0.21682622448839428,0.2425112432042627,0.017408144534171967,-0.43512234147383505,2.1295628889736054,-1.3327279320378342,-1.477160812189344,-0.451770252976884,-1.0537195429028188,-0.4429832670885027,0.6893137873923048,2.012920061342626,2.2369396860543853,-1.3424123094539404,-1.7446015795546386,-0.7273597404185159,-1.0620748196563314,-0.8124119931264402,1.5692456133256765,1.9290548705626065,2.243478408583272,1.0676265093648485,-0.19705846767385124,0.08474540164415817,0.19718992065138033,-0.1533094593320636,2.190921334198598,-0.8851506449499583,-1.4403870915302621,-0.8304417285171657,-1.5470515746549898,-1.547482448474008,-1.183465541999636,0.7899453528824129,2.242105296591346,-0.9608276158619803,-1.406736017052402,-1.043636267856714,-1.8707556101342688,-1.8763183916054513,-1.1750044854046335,0.7988464570993211,2.3087491574423713,-0.7611682538804797
Bearing2_1,acc_00356.csv,0.46570515742493407,-0.20912204490705727,0.2607889697732203,0.06323979064571485,-0.3507391857179111,2.106718270268458,-1.3392644638732694,-1.4750403338850062,-0.3337696499613048,-1.0215759225931467,-0.4265495319879993,0.6346394956462797,1.8600316665194132,2.2186294265565945,-1.3426264476719099,-1.6762215608731004,-0.6133710495901277,-1.0693751001103546,-0.7663851946518239,1.5257070205402798,1.7170153207371541,2.219558389985081,0.9366214559384556,-0.19536100110723292,0.09358706736745619,0.04897865871860669,-0.16956577119282165,2.201962804563256,-0.8547513468424572,-1.4507791856370054,-0.8294615530089771,-1.501321837479455,-1.5409947924333574,-1.237311011411195,0.6893571842632636,2.3134998498071613,-0.9006032850552931,-1.4157240884495814,-1.0066357143104638,-1.8678804487730034,-1.8207023324699692,-1.0354547603635413,0.5371747800405701,2.3674969589483714,-0.7611682538804797
Bearing2_1,acc_00357.csv,0.47216563030525927,-0.24210548407086394,0.3255698624209345,-0.05161992654811092,-0.7304302048738471,2.2250378696746624,-1.3686438130936112,-1.5254835835443168,-0.4404973757139962,-1.0163423448086093,-0.5177967229520472,0.6056633759202986,1.7846968257037623,2.395771591248266,-1.37344828935555,-1.8280632935343988,-0.6920524026666265,-1.0751504749670266,-0.8600471972114483,1.2793781502569626,1.8942929118830034,2.3414096727214053,1.0650688985000678,-0.20716022465114253,0.08770417220036869,0.03203142502566996,-0.3451746196922165,2.2759960845746012,-0.8830022949471961,-1.4549195794692735,-0.8342130664273101,-1.5381477661901037,-1.5811383095127514,-1.334436588836666,0.7766365570878301,2.3305743614197714,-0.9591192277772801,-1.4298187115964078,-1.0523753720016387,-1.9094676097754726,-1.8800318982837723,-1.261408598460345,0.8948607815475564,2.303715056203115,-0.7611682538804797
Bearing2_1,acc_00358.csv,0.42780866987744215,-0.22806020769197113,0.3998768465750804,-0.029545909237245482,-0.49643159168526974,2.164191257319788,-1.3747178367793156,-1.4504492466856453,-0.3906530317351927,-1.0836599170953642,-0.5355722663909064,0.4789937254077232,1.2245780794696257,2.562322975860545,-1.3893859885426862,-1.697286064772745,-0.647404171306488,-1.1464273425948561,-0.8961606602672262,0.929514004054196,1.269632254054525,2.5194957833208678,0.9787738773118966,-0.19431788354508317,0.061908073990376254,0.11753792229457773,-0.13808225731714263,2.199379683154737,-0.879730915883718,-1.4460818261186394,-0.8364696845579163,-1.507141056175131,-1.6085891549663494,-1.185216003432248,0.19715149092500336,2.693182843167511,-0.9459388420106459,-1.4181747206499666,-1.0461118118215946,-1.9003014839255128,-1.8931024120770683,-1.314378781883828,0.3473618434221302,2.6282404416059753,-0.7611682538804797
Bearing2_1,acc_00359.csv,0.27829082324725873,-0.23992221678806266,0.2335086463327236,-0.1053084262787754,-0.6651214816387001,2.003081827632553,-1.3263482878674155,-1.4541316160092723,-0.14483687071530962,-1.0092910979149465,-0.46292416455724084,1.135890199879372,1.9962008779978118,1.9865231161163701,-1.3325905436494387,-1.6217105358469162,-0.40285452336554173,-1.0893931706350959,-0.754757016690403,1.8610769813917805,1.9630393829645132,1.9713789578587624,0.760459942712629,-0.199784417931825,0.07911234143762673,-0.05825111082942901,-0.18327297625879985,2.0577547590843612,-0.8469580135886171,-1.417736783076241,-0.7997557048048367,-1.5192762226392276,-1.528577177267252,-1.1373317977307642,0.8547820679651668,2.132848386851192,-0.9380108310731919,-1.3695021831637133,-1.0163863704620977,-1.898066275484052,-1.8028162415338462,-0.8966292124678181,0.7951541489205067,2.1834170828660144,-0.7611682538804797
Bearing2_1,acc_00360.csv,0.35392194618597117,-0.25801547807534925,0.222131484988371,-0.11933852202720693,-0.7981305012356852,2.1455395983931997,-1.34998045699853,-1.4814201716796453,-0.4160104296628149,-1.0586537728552305,-0.47478269529101935,0.8257987329118084,1.3565426389761766,2.465409833663964,-1.3600569879422553,-1.7574371106001607,-0.6235314950406595,-1.0977942874354798,-0.8234078091380787,1.714378963960008,1.1874933292899112,2.4465039633289947,0.8481620729218812,-0.2064758350566656,0.04956837242523216,-0.025743235291159645,-0.3016604662441164,2.179736376760128,-0.8856884469821718,-1.411487688526023,-0.8182302680631942,-1.5278756541237384,-1.5300411154760565,-1.2577254840276169,0.14437061133511586,2.7005357398213987,-0.8965817985691815,-1.3611598421609026,-0.9837619956626831,-1.8587360838645308,-1.838778941374813,-1.3452087078591521,0.037964965695241513,2.726698550350663,-0.7611682538804797
Bearing2_1,acc_00361.csv,0.36830847438711434,-0.23179218358967743,0.2422179268842337,0.008241815311863323,-0.5840706820241861,2.1437471255213554,-1.3494274166855,-1.5134659915977144,-0.36117048863632123,-1.0755553850634727,-0.40538277870912215,0.621949968417314,1.6023059219300473,2.379437322556124,-1.3568982929071745,-1.7383638224655935,-0.604070108246024,-1.0899409978449752,-0.7949701243346071,1.2194343024752026,1.5898132857249592,2.3321385895510898,0.8818739859475392,-0.20217381123620776,0.049844927675847646,0.009383758181472718,-0.22562489150962295,2.225783162701772,-0.8871303266287287,-1.4448643885380557,-0.831870969769529,-1.5141556248563945,-1.5617242458068392,-1.321427172506977,0.4266486538835331,2.554750794644225,-0.946186758103487,-1.42525840939457,-1.0295036743114905,-1.8855852064042546,-1.8658790965016674,-1.4640067533833578,0.4886840535157103,2.5706969407941753,-0.7611682538804797
Bearing2_1,acc_00362.csv,0.3308973158575144,-0.24778075942535996,0.014770557040197151,-0.10287654301571396,-0.7527227506322146,2.1508340543471283,-1.3577294291648323,-1.4859369810928242,-0.36709697549625486,-1.0033033976627193,-0.47726810839303996,0.7979487192271738,2.093004713099956,2.169512733485822,-1.3635598197749499,-1.71990133950474,-0.6694676468635389,-1.0279046937124077,-0.8536562426245576,1.939284038162307,1.9458273279959875,2.1884530393865136,0.8264369260361819,-0.1934041006951022,0.07206822760126452,0.10829397664388506,-0.15370474711972215,2.188156887356695,-0.8957987733027936,-1.432441150183298,-0.8180419811385726,-1.4927714767000757,-1.5635332903304493,-1.3144960127073977,0.6303501391255313,2.3812320188709073,-0.9435719254082662,-1.4018659878618687,-1.0174042017065366,-1.8916204416664768,-1.8581628958587173,-1.3823810491341046,0.6068710752573122,2.46529846612672,-0.7611682538804797
Bearing2_1,acc_00363.csv,0.41482821382760554,-0.24586997827106585,0.1939447651905373,-0.05554835335767172,-0.6611612197457974,2.1559865625223145,-1.34013575489151,-1.4925027020568369,-0.4241159205927795,-1.057071179863526,-0.5115045662649921,0.4654978696851395,1.8640646820850086,2.3224271910746386,-1.3471688404034836,-1.7713690348810291,-0.6655579030280383,-1.104219958630978,-0.8798673678616602,1.6251080741576411,1.7287979737348438,2.304233148241569,0.9464147224608923,-0.20252398462245313,0.07163042102992634,0.13063351196639256,-0.2851149668469407,2.278411334776988,-0.9124135575564434,-1.451811356897056,-0.8253911274562664,-1.5311758519043746,-1.5681156635688245,-1.4594545273962152,0.630590820531781,2.475740427519539,-0.981051194551106,-1.4252635023186944,-1.044904496317934,-1.8921386423223239,-1.8851922046682204,-1.1506382825025954,0.5650285876108309,2.4579367738660927,-0.7611682538804797
Bearing2_1,acc_00364.csv,0.3115499593227107,-0.2327228192566654,0.19677647022136985,-0.05723196484748356,-0.7203205152971809,2.035681724200293,-1.3372993722627247,-1.4597671296996753,-0.323117051977331,-1.021499686862646,-0.4161008773587748,1.4097106119316074,1.9128018192144571,2.15304599868178,-1.3399033484750043,-1.690121173177039,-0.5765145937513945,-1.0421570800589117,-0.8096208513451751,1.634495012985461,2.013827730378113,2.1010169938011214,0.7954498225000342,-0.19947138359792485,0.11473292648367478,0.08133246849603126,-0.27321158970465803,2.1472787939925353,-0.8987761066990785,-1.4322865731971666,-0.8223652680922702,-1.4893682906844932,-1.5500600627682206,-1.2453698727968932,0.7423146033180158,2.2830740851613647,-0.9698758560198717,-1.4023641827388738,-1.037142449374082,-1.8507085776875418,-1.8327494635062638,-1.1410770046918217,0.8392306836426091,2.250692170245652,-0.7611682538804797
Bearing2_1,acc_00365.csv,0.4138533429848398,-0.21195781159245702,0.05751911424316629,0.03499253120553949,-0.42056647800852553,2.1745985048207843,-1.3501359527685333,-1.5138534875582343,-0.4137276332653123,-1.0517474004257716,-0.49553158673444186,0.6224637467982604,1.6598970112855385,2.3715072890168436,-1.3609571733147943,-1.7183275919654843,-0.7097082844538954,-1.0973835798943514,-0.8719806494026989,1.2330654256063631,1.6466667640032366,2.3734536368682746,0.9063377827402016,-0.18074550303680917,0.07198982914675488,0.19380047391279295,-0.08018753152744171,2.2056203920450823,-0.8824615873566121,-1.4280643417357162,-0.8332599606147322,-1.508545617630341,-1.5642624131413354,-1.3046149353093854,0.5157389990924768,2.4640205022268065,-0.946213434039426,-1.3954403984762573,-1.05955501218836,-1.8835860406682792,-1.8610023501076074,-1.476607955686617,0.5912139024611169,2.518597285178549,-0.7611682538804797
Bearing2_1,acc_00366.csv,0.3564503488149002,-0.22981506840150995,0.17842160669188692,-0.11110753252146052,-0.49073624667601856,2.104592638891177,-1.3249076415152194,-1.483146982794322,-0.41911860314292115,-1.0583892506118802,-0.4406988311892682,0.7705402865914756,2.0785878183660396,2.191932069730414,-1.3299918477693415,-1.7668664570832566,-0.647532420132207,-1.0695371546969386,-0.8062755561935677,1.468128097814394,2.1875467955584926,2.1258382604634334,0.8598081451703071,-0.19839135054455384,0.0815038546437467,0.027871649482858342,-0.15244220203548675,2.1090329370129623,-0.8500502692015066,-1.416656728148347,-0.8235502957000643,-1.5284614831931023,-1.5331428933083455,-1.257491061449688,0.7052462340975598,2.3046080494420584,-0.9034705395664137,-1.3705309615834158,-1.0218927615015125,-1.819848918023491,-1.8382748303940832,-1.2842827391437341,0.8977075880968264,2.2186840733257505,-0.7611682538804797
Bearing2_1,acc_00367.csv,0.41596182433597884,-0.23133391160507843,0.08160122430778363,-0.06265693520354372,-0.5694527081060222,2.122168277894636,-1.3391562230668517,-1.5233732168209655,-0.3454094158120712,-1.0461730140439398,-0.4512423810327616,0.49770893266352345,2.15956522029822,2.1630497359760357,-1.341214771993155,-1.7553814678259418,-0.5715954587950074,-1.0980173156321047,-0.8065133175586906,1.9715361571952472,1.9448157239954385,2.1350084067306323,0.9233459587039222,-0.1903206098848334,0.0875324813298116,0.1126078179475416,-0.10306172877801298,2.2203637510193994,-0.8829236319298688,-1.4460117705915683,-0.8279327131670021,-1.5395710622477874,-1.5936367151082171,-1.3645897118901775,0.9425391470371683,2.2235868471434967,-0.9286811361083681,-1.413581898264185,-1.0252267243651092,-1.9252297802192506,-1.8828839996439015,-1.3067935812191962,0.882164012178002,2.307212247039432,-0.7611682538804797
Bearing2_1,acc_00368.csv,0.3922315995651113,-0.2306893957122807,0.22149879361492217,-0.002608125400256997,-0.5033425249578712,2.135035592986598,-1.3757832907594192,-1.4693029089554852,-0.30812659359635847,-1.061862760504125,-0.4764281456088772,0.3746169739333599,1.3538475381649766,2.461055923420467,-1.3821337743698088,-1.676949502437795,-0.5932485858739844,-1.1124308127249114,-0.838058441998488,0.965971023381195,1.469457768585357,2.3942747981886385,0.9038154801064937,-0.19538510733606523,0.1167809070447356,0.11707572501204308,-0.16436251126261828,2.1779459440531115,-0.8754677678759812,-1.4282765851180752,-0.8172087750229217,-1.533155637722469,-1.5527405335655509,-1.3794855287433525,0.4347548638133472,2.5624108909220285,-0.94475664889635,-1.3848813621248333,-1.015145643329141,-1.892350937168078,-1.8684240556634122,-1.6259200246988919,0.5907924569094959,2.5463654176828987,-0.7611682538804797
Bearing2_1,acc_00369.csv,0.313765981411657,-0.23022294377471234,0.14725388805025583,-0.025056278597747235,-0.5515025917450977,2.1220701293304023,-1.3625868574016162,-1.4751442106935762,-0.34107371643341455,-1.0298121772081947,-0.45194007100085704,0.8386524939147063,1.5247152424725452,2.345084073696843,-1.3596166062597657,-1.7671883306846972,-0.5353584397349828,-1.088088000523387,-0.8092839846240327,1.331212466149532,1.425920879736501,2.357163403913259,0.7792780134442442,-0.19678728713944757,0.10856036649043378,0.0993581625148821,-0.25522471952263975,2.1520877176182536,-0.8831585349538507,-1.430516563266666,-0.8199152346405009,-1.5033406188971077,-1.5505323274062681,-1.3691512147839582,0.28046184643588107,2.632692315149676,-0.9190842193643369,-1.4157916860411515,-1.0124331191664255,-1.8632156216194804,-1.8509577695520976,-1.4282264052666283,0.16258561409122585,2.7180572493045747,-0.7611682538804797
Bearing2_1,acc_00370.csv,0.2741808818732917,-0.2468883973017889,0.2161374137526671,-0.14253494699794692,-0.70269816570062,2.021932550264882,-1.352291792468953,-1.4427469528070784,-0.26791004405138696,-0.9757125164214852,-0.4120012269154871,1.0025594778838596,2.0924256099313365,2.05594188581656,-1.347582130541684,-1.6530810270411949,-0.5496542462639054,-1.0184244334687345,-0.7175611101540222,1.3697431062459426,2.135877233322056,2.04586701618683,0.7425613546715187,-0.20666894093409732,0.05675223618863369,0.010308152746542025,-0.3348523724457497,2.0739588732599326,-0.7773631662317216,-1.4109432531799317,-0.8165221787515987,-1.500897796122002,-1.5070205402175025,-1.3551567210442124,0.8498201971975669,2.1829697163434805,-0.8842565548193256,-1.3917728020908218,-1.0233760450708702,-1.8718166119511601,-1.7889410958575271,-1.3172509859682369,0.8934930935906688,2.2330754208614256,-0.7611682538804797
Bearing2_1,acc_00371.csv,0.4010960946243579,-0.24932070196539266,0.12622249205226604,-0.0635922749201058,-0.778695687187194,2.1404832500860027,-1.3874244902133532,-1.4839555742080177,-0.27558606796337065,-1.0469260340737667,-0.5087484644782925,0.3139266787448402,1.2867331410534897,2.486946384302415,-1.383386724440942,-1.7110883300534414,-0.5351789547553601,-1.1082021734488077,-0.8655183084290301,0.9410046210068111,1.2224246392673068,2.4642281908963124,0.8845267026004278,-0.20485199543594423,0.0788633406872709,0.08348938914785961,-0.3422586708756233,2.2192744982414014,-0.8950605760213445,-1.4374375251707707,-0.8219608296928896,-1.5201854702441369,-1.5118319178893573,-1.4241196703252954,0.26505847535857946,2.683970581582819,-0.9394428266029352,-1.4201402957323266,-1.0176920011780983,-1.8735216805352886,-1.8257594565101762,-1.6437252623234824,0.26230795104170296,2.7282254516802853,-0.7611682538804797
Bearing2_1,acc_00372.csv,0.2769775872250556,-0.24080940810023657,0.2077377843179152,-0.16722791551518645,-0.5455101257914055,2.031563029443173,-1.3392240430927487,-1.4770513847665945,-0.2012381655798125,-0.9886313824612782,-0.3658426610081932,0.845967615682926,1.8746733822564032,2.0897852533526975,-1.3396626138820005,-1.599439427096133,-0.4575277830188469,-1.0125785251215687,-0.7356989806883862,1.6093726949867937,1.8641059547937913,2.0319994799903087,0.7257798146179675,-0.20477389212960917,0.08513822049118322,-0.04762057333113237,-0.2879298878707882,2.1093888856674368,-0.8708226702697011,-1.4213008883438936,-0.8163422965087667,-1.497128625562601,-1.5067459602319337,-1.4049292080665623,0.6244730673869796,2.381980054624718,-0.9261790187584951,-1.3923426046811112,-0.985966310291937,-1.8604106428345795,-1.7944609764017194,-1.3337991541535927,0.6209615952489139,2.387546228995114,-0.7611682538804797
Bearing2_1,acc_00373.csv,0.3189513450727238,-0.24509135724902523,-0.04226431817720067,-0.1314979383425143,-0.6621091387235877,2.11041604550097,-1.3372771006135102,-1.492668625322278,-0.44840820503664064,-0.9984811782123862,-0.46928913693760066,0.9094710677608361,1.5522345391685513,2.3826961375995888,-1.3561675826691841,-1.804206172513565,-0.6869691849468916,-1.0379202765905424,-0.8226757037576161,1.4951528022479077,1.5869939530592128,2.376554897775005,0.7566016204758392,-0.19687315250672663,0.04775241820912714,0.10059068860164114,-0.21478597100309044,2.1267136096087365,-0.8920009689979422,-1.4217247198525753,-0.8235609222361853,-1.513248574399183,-1.5210793278095154,-1.439404908084591,0.46497310333574243,2.5230780322600816,-0.9638690492608565,-1.3958169671547342,-1.0422904891926115,-1.8976428368590272,-1.8150172952066217,-1.4209890136860501,0.5312489010686782,2.52201276507153,-0.7611682538804797
Bearing2_1,acc_00374.csv,0.3428996770959007,-0.22971239415180064,0.10302530077454666,-0.08117666159147333,-0.6177947873594823,2.1162083876414055,-1.359680035080346,-1.473630267814243,-0.34102382191501907,-1.069135301356241,-0.4969323244547271,0.4042735150397334,1.5860555747171634,2.382527335821564,-1.363334553049529,-1.7611998159155111,-0.5642156938046902,-1.1169055425427448,-0.8860265449260364,0.9137414080225461,1.3453380077649209,2.447663655949408,0.8426157677681421,-0.1924650927657025,0.07868133622980829,0.14573195652919055,-0.16977671959081528,2.2165212297653016,-0.8974136137903648,-1.439346352637026,-0.8277727023104239,-1.5387472795237465,-1.537483400416752,-1.3357190619811803,0.48911540044923146,2.5168719102074166,-0.9676154156842157,-1.406794320935089,-1.0474289248318631,-1.8930157166001327,-1.8520242875234052,-1.2840927749595987,0.25166299328106434,2.6603423923696066,-0.7611682538804797
Bearing2_1,acc_00375.csv,0.3783718395945636,-0.22672093666590923,0.12434464334375381,-0.03384847193343108,-0.5075019863226561,2.1404492498678045,-1.3705562389267172,-1.5036643753041186,-0.32825834790876324,-1.052789488984147,-0.43822917870918976,0.30116692839957904,2.017470883755185,2.2322908224661004,-1.372379283658505,-1.7871664961428662,-0.5693631026389109,-1.0876632149391665,-0.8042710764949719,1.704485964182903,1.9892275498432779,2.1887819490859126,0.8379466608078474,-0.2037783624947202,0.1081053086563098,-0.011877316815120562,-0.23696434941767114,2.1923110214373502,-0.8875327281063478,-1.435637196293855,-0.8201952934245784,-1.5184177470503772,-1.531994692081416,-1.4590096976575817,0.4881890469210985,2.538546594027186,-0.9572930516827748,-1.4148756440914756,-1.0312920185429215,-1.879073428104928,-1.8358884868024845,-1.593424447829594,0.6814098096379296,2.485912115679812,-0.7611682538804797
Bearing2_1,acc_00376.csv,0.2768641835802694,-0.20558580094684464,0.07623278140469886,0.026761541699792925,-0.2991918085071409,2.121054704732607,-1.362707158738014,-1.433318841025551,-0.442230137372183,-1.0227519028375176,-0.42903650136410937,0.49344028438383913,2.075561094530053,2.184457161715993,-1.3675362813754346,-1.7436885645989049,-0.6682740376462756,-1.0860204239918951,-0.7747157708312855,1.4805340126889528,2.0619877299082114,2.205707107855853,0.7621316268972174,-0.18251307096459224,0.11293313191817116,0.15667062554917704,-0.05382137309543613,2.1258059154573927,-0.8535968196838501,-1.4187578751933285,-0.8227988146367007,-1.5256239789511752,-1.4872473689052683,-1.4231454144707636,0.5946373161832432,2.392783310601691,-0.9329092180781011,-1.3750641622672068,-1.0436735665490373,-1.8815018279929379,-1.782233114617272,-1.4491151541798923,0.6287118293684394,2.4439131240876226,-0.7611682538804797
Bearing2_1,acc_00377.csv,0.2799714240587994,-0.21643007423499405,0.12992148047639304,-0.07275860414241445,-0.33790871456999855,2.086304334767308,-1.358290760654883,-1.4874574179900284,-0.298231510626399,-1.0111896613253788,-0.3849855252219607,0.8948983627834799,1.8702420555579102,2.2057322886646977,-1.3424981840092416,-1.7171824119000088,-0.5746617201076746,-1.0829257515561779,-0.7712106203918555,3.222731830204855,1.3796958092502696,2.1900461738881836,0.7755913777054857,-0.18925479464588435,0.14177115374757523,0.1574409543534014,-0.053793367485774415,2.113398941081633,-0.845583634841583,-1.4284671999364715,-0.8217832611658867,-1.491684830802963,-1.5012059720651982,-1.3731558307693768,0.5719761686979598,2.413225764209933,-0.8652337580435732,-1.4214474951369525,-0.943995366492397,-1.8770984731110338,-1.823234512275694,-1.0252118254628089,0.23717983163668435,2.506370753381371,-0.7611682538804797
Bearing2_1,acc_00378.csv,0.35193232697322924,-0.2300693970672518,0.18785544099522156,-0.08267320513797252,-0.4665342315301075,2.0945548821360545,-1.358431710489279,-1.4781144181919268,-0.25607793707627813,-1.0243329901012146,-0.4315263346976136,0.549553235939634,1.670132103483361,2.2641437155475805,-1.3637126619119346,-1.6262775456743026,-0.5755696985604088,-1.069926918400909,-0.7942298547528972,1.3613067376571537,1.555334890922844,2.2682568441377047,0.8266266652779791,-0.194472406965357,0.0724029711371624,0.03295581959073927,-0.1635624687626875,2.180871996908529,-0.8809224438639649,-1.4501261092592947,-0.82643123782819,-1.50168039406684,-1.5206020906749826,-1.4249470863547116,0.4550422700542983,2.5410035593580447,-0.9472286007754377,-1.4217962970637597,-1.0449154565547216,-1.8774053729714055,-1.796954934398764,-1.5182373188906442,0.4180890401530023,2.606299789394902,-0.7611682538804797
Bearing2_1,acc_00379.csv,0.36469620576495154,-0.24406813179757153,-0.04321052416514069,-0.01570288143212644,-0.6475135729826921,2.160272718386115,-1.3538866046993747,-1.4791875698628643,-0.43645643371581727,-1.0315354560193466,-0.47045250353071105,0.5792503317000174,1.632402809787402,2.385623542817514,-1.3666187102923124,-1.769511650428682,-0.6920205179364821,-1.1071146847477051,-0.7964281217126887,0.9910548741281285,1.5293989364233125,2.4441489504692084,0.9213193100477386,-0.207726130157327,0.09411211954929477,0.0651555636073189,-0.2910310421459056,2.2665316783516283,-0.9080568175011815,-1.4455528636826582,-0.8276471095308301,-1.5204899224256385,-1.5281387886751097,-1.4754221206757219,0.6712636081885132,2.4159693837396454,-0.9730192288993177,-1.4044235276231107,-1.0577596950218469,-1.897468459603999,-1.8203616314123632,-1.6818969503843544,0.554240646869798,2.600120406624859,-0.7611682538804797
Bearing2_1,acc_00380.csv,0.1564069891358866,-0.23721820650716458,0.4019334946117531,-0.08547922428765892,-0.6905431863286692,2.0381469269979156,-1.347411933189684,-1.4722854817435789,-0.23795070594683404,-0.9922740969347065,-0.3948470174060475,0.8510011674445149,1.8247696948264585,2.146009788982762,-1.3471150425003628,-1.6443397907548578,-0.5336519437041628,-1.0441682854214067,-0.6774049284020619,1.5286616788275698,1.6805477680051935,2.164364474436344,0.539457228000693,-0.19722951609197742,0.04677759204857928,-0.03082740539904057,-0.19522990547416136,2.039346287715948,-0.866664779589852,-1.390294607685689,-0.8036921402179282,-1.437880797758995,-1.4376216302635956,-1.3338972943981424,0.32403071220246826,2.506046251422038,-0.9397532233974064,-1.3793021999722903,-1.0142219595489328,-1.8056571258916267,-1.700807273013001,-1.5670601792728367,0.27422902294071294,2.617217727666567,-0.7611682538804797
Bearing2_1,acc_00381.csv,0.3154598405747454,-0.24282997741577328,0.12894047223488284,-0.07649996300866276,-0.6398501179602847,2.13120742390184,-1.345729319892542,-1.4886386818705264,-0.3693050771743467,-1.034282162013788,-0.48290439243243016,0.67680915518801,2.0567693243574734,2.170249942555574,-1.3550303402938724,-1.6902283686363182,-0.6510253176915372,-1.085568039475018,-0.8420293700451283,1.9103027029731523,1.976010482056174,2.1581069462765687,0.7915629282756592,-0.20675459018145828,0.07430440318874801,0.0536006315439531,-0.32513437163365805,2.1910212369028392,-0.8829294409633419,-1.4419723639407478,-0.8154857258130136,-1.5234177784890457,-1.5177278777964658,-1.4450969100544273,0.5990759473627888,2.4263981132983803,-0.9603625094276389,-1.410094709009841,-1.0333881790389694,-1.8867016567236667,-1.8099987283664167,-1.5073119784376479,0.7428303033014625,2.4185862169212,-0.7611682538804797
Bearing2_1,acc_00382.csv,0.1653419241565739,-0.24524320636934904,-0.006260299760690216,-0.24261629667009157,-0.668289703307369,1.9754576270052822,-1.3313037156934535,-1.4008634283264452,-0.19427950058997515,-0.9839817633891323,-0.3754702786538472,0.7932833940272236,1.9854939062580184,2.005638417507527,-1.3226208786472098,-1.5952269176094291,-0.44306708943724926,-1.005345224968668,-0.7297680253190819,1.6143329631210783,2.0662172179805465,1.9371083252403427,0.5974243011199426,-0.20020025869416905,0.10679998624485924,-0.07011417441448482,-0.19658483252838013,2.017297748417063,-0.8383744763885216,-1.4019780940649074,-0.8128024581078923,-1.44974512461762,-1.4619567582187583,-1.358362353249055,0.7470507635401012,2.23155786064619,-0.8592051559222517,-1.364429202692565,-0.9940856725417555,-1.7722155295188087,-1.7267119922864917,-1.5103661997413524,1.0016833014840762,2.1436837120282197,-0.7611682538804797
Bearing2_1,acc_00383.csv,0.25165041984334463,-0.2497374991018537,0.08749470816358938,-0.11933852202720693,-0.7744803729386024,2.003955473290128,-1.318378102169898,-1.4408629889163682,-0.2825111060029622,-0.9926853463467344,-0.440594994607036,1.1666127279711107,1.5724795626594594,2.2128254578214586,-1.3203605055651777,-1.693433396255516,-0.5081809971078144,-1.0653123686130024,-0.7129243925791477,1.7620472605106001,1.4313090363559566,2.212426937473904,0.6491201127179433,-0.19593496375482322,0.08508075512835155,-0.0067931467072395,-0.1914474380244212,2.1123894795495413,-0.8786939528424041,-1.4171949198009224,-0.813598307618187,-1.4834852543095365,-1.532506395522548,-1.2963357964910982,0.3393323454129147,2.558262870946727,-0.9506788488583254,-1.3751927047209163,-1.017451701816354,-1.8509326319215909,-1.790536041887934,-1.6114879016366501,0.3640391432090852,2.630308269268476,-0.7611682538804797
Bearing2_1,acc_00384.csv,0.26987598069864177,-0.23302046266253046,0.054523839133269296,-0.05798023662073316,-0.6359198422590989,2.0189903392818382,-1.3395651567710034,-1.4717081891467663,-0.26929398801940085,-0.9953473540735018,-0.42226486725153645,0.7089099604115995,1.744232564001809,2.2016001545815547,-1.3481771250895807,-1.6510603321160007,-0.5673594901969937,-1.0581137785026178,-0.7297553395650322,1.8480357427506526,1.6962152921533107,2.1640130289791926,0.7239288855324524,-0.20180908892367333,0.07187450713082848,-0.015112697792863006,-0.257810830118412,2.1629219791738055,-0.8782494944357674,-1.4397823872008138,-0.8211897246196111,-1.503092785965524,-1.5426493964044983,-1.2424165452827833,0.5301341068992174,2.4268280009564114,-0.9548581475834229,-1.3895983846926856,-1.0483266514512224,-1.8882106613508465,-1.819952564138061,-1.0966568908618597,0.47678654085956496,2.4536425731620217,-0.7611682538804797
Bearing2_1,acc_00385.csv,0.16991254758012256,-0.1784757763866704,-0.09244194136611501,-0.0521811303780482,-0.19650520239510427,2.0395182338356665,-1.288528596091218,-1.4934707962972107,-0.37404134920470944,-0.9857941851527168,-0.4552500652497383,1.0211195120522316,1.4475873529326901,2.3035463466354162,-1.310225894668201,-1.764995609212629,-0.5973392702779136,-1.0322491728144148,-0.7807306962307368,1.7896286287393754,1.4009049668307745,2.2896578586491283,0.5341797437362038,-0.1766242508756609,0.14372918470087517,0.15374337609312433,-0.1471333180408764,2.1080530591816538,-0.8658055125893359,-1.427831322921454,-0.8126003324685879,-1.4728635017721459,-1.4942597564178155,-1.289058079650496,0.24242570503080835,2.5871288996031594,-0.8998137378921639,-1.3989933169491962,-1.0090542240364244,-1.8084088333509452,-1.7763317086732275,-1.397537477109505,0.15177839009695737,2.6578826562523368,-0.7611682538804797
Bearing2_1,acc_00386.csv,0.20173932054980923,-0.2308643297923022,0.32030720309178695,-0.16068053749925174,-0.4385386738631804,2.0372583693287214,-1.3179502654473092,-1.452529810186214,-0.31941711608159024,-0.9679762386944758,-0.41764954515178615,0.9167001707990412,2.0044019506761894,2.060576453478278,-1.311151975420407,-1.6898571642124236,-0.5120431185181147,-1.0204960144891657,-0.697850697184927,1.6916798395541426,2.0225569216219896,2.0106620563645032,0.6462368675223551,-0.19027133078756453,0.08752560933057664,0.14203437826891357,-0.13209150349635673,2.0770814658415833,-0.8240213380814783,-1.4272965321379227,-0.8113044025808914,-1.501937260723651,-1.461460600680581,-1.3043316583444287,0.6890150069756938,2.2607642379377166,-0.8916311606187923,-1.3845467170335153,-1.0018461269941763,-1.8368483884214188,-1.7605520850066236,-1.4739032356854462,0.9600901073768272,2.209097602214597,-0.7611682538804797
Bearing2_1,acc_00387.csv,0.2380783830416191,-0.23173117416025296,0.21821332529304802,-0.13205914217245157,-0.5861019009548959,2.0093139201625005,-1.324137448180219,-1.4583006256352586,-0.1517254248748337,-1.0076761012770863,-0.39791193136270997,0.9964124361841682,1.8289337360010922,2.0497823764713505,-1.3108996777375546,-1.5670101821058073,-0.4012778330145106,-1.0630240660983696,-0.7594188169246926,2.320512394266903,1.6227214038713051,1.9867570886749706,0.6483650907478868,-0.19541501789595184,0.059744602260895854,-0.009258198880757566,-0.13611081590881954,2.107841706856676,-0.8704561893891211,-1.4158224105587396,-0.8074137996702556,-1.5014329082465323,-1.4616474281653025,-1.3842183779934423,0.501949798911883,2.4435776685452466,-0.9151984844354142,-1.3781424921777388,-0.9939623051297432,-1.8375919887504568,-1.7575150915980597,-1.3882066308911227,0.4368155343508068,2.4859239159501807,-0.7611682538804797
Bearing2_1,acc_00388.csv,0.28412638951180774,-0.23659754948453982,-0.00742437048537078,-0.1661055078553119,-0.624017818552163,2.021941065407381,-1.3372162518183695,-1.4475968618777175,-0.21234785300966047,-1.0152591971766847,-0.4297761147431404,0.779438037072235,1.5044772778081639,2.2435944032826547,-1.3510646752456574,-1.62784097241693,-0.4798095056118954,-1.0101479085654408,-0.852949152934945,1.9120406135701025,1.3844007699779757,2.2101206958699975,0.7168743725188311,-0.19432859837404154,0.06441993713151067,0.05591161795662623,-0.1970897945512728,2.131830963737985,-0.8824053918299711,-1.4210740080645565,-0.8177430599682649,-1.5079284413159884,-1.4786616076103491,-1.3814290725241867,0.42058688002483297,2.5266391412997136,-0.9172871977041107,-1.38663102546597,-1.0062672312312533,-1.864297072592529,-1.7979776870388198,-1.1439850199854322,0.28846575867113133,2.530935092962175,-0.7611682538804797
Bearing2_1,acc_00389.csv,0.13941751070598624,-0.24187348413363605,-0.02846563648811004,-0.22297416262228759,-0.6489304395129544,1.8961164427064923,-1.2910084059556475,-1.4171159744463353,-0.2017144472878138,-1.0129667107934666,-0.3514505471806246,0.935952124799212,1.4057772761226928,2.1885781516248946,-1.293859200654954,-1.5614926732460055,-0.496148141196124,-1.0736374941255193,-0.7234435878348489,1.8759718734633661,1.349627527071786,2.134753755660496,0.504098147011506,-0.19459794551931198,0.0854077850927963,-0.07365768691391698,-0.16265086184228333,2.015430590651805,-0.8760953029173557,-1.4002747771300241,-0.7987695233321257,-1.4560619791127298,-1.44728234708472,-1.3994818057200955,0.217438227398896,2.628054530951878,-0.9417496956754714,-1.3720609823978795,-1.0169685089780842,-1.8380039327673348,-1.677847538094273,-1.4929962418044451,0.2444129242192077,2.615542252231441,-0.7611682538804797
Bearing2_1,acc_00390.csv,0.14966890407846942,-0.2255120959886247,0.007254825085104321,-0.17882612800055653,-0.4559849148673911,1.9154429923436218,-1.2961400516820285,-1.40834453298346,-0.14433646414677434,-1.0242511146346331,-0.3560036836048612,1.1236759514622616,1.7034938039080192,2.0357680978863937,-1.2848275821136748,-1.6417670349285425,-0.37807571317932576,-1.0753318268143697,-0.7024096217539396,2.2245129059991036,1.5098001312357283,2.0196745420095197,0.4754963932149907,-0.18912261620244192,0.10036405714021793,-0.052550677678168504,-0.14856549941439345,1.9486168910246118,-0.8404174468789772,-1.3545696225802764,-0.7842116442165085,-1.4578389979263633,-1.404115024915174,-1.2739629878260827,0.1845043267560229,2.5597317244916327,-0.9144848727049842,-1.3518053707142625,-0.9550494609318286,-1.752929372071605,-1.6934866992903708,-1.515482883438889,0.195985324094017,2.5854424126285043,-0.7611682538804797
Bearing2_1,acc_00391.csv,0.16879398459451475,-0.2343466469283656,0.13782541189456454,-0.17583304090755766,-0.5926799733878645,1.950886865344203,-1.2566001568113518,-1.451443597569112,-0.30149170956837124,-0.9648771894448094,-0.40460713192849523,1.082251755860339,1.5897609045867018,2.1460821440758635,-1.2697932407745758,-1.6565647883311185,-0.5358681483491395,-1.0278722487733738,-0.708561412219413,1.7187183987047536,1.4444193955081044,2.1449997258801785,0.5402221101898645,-0.19151453943532148,0.14518921583581879,-0.0588673738728086,-0.18283334816984353,2.013748172588753,-0.864981137416256,-1.3830905581572115,-0.8031347724324378,-1.4640221942023834,-1.4166738226336748,-1.3107670951495092,0.43576316544930593,2.420198979591334,-0.9276474385349774,-1.3481070329866365,-0.996934706951036,-1.7923233886897219,-1.703449795572098,-1.1598040384516215,0.2729894954412597,2.473432359060064,-0.7611682538804797
Bearing2_1,acc_00392.csv,0.23035033914703917,-0.2243194769645916,0.11726835098215502,-0.11372648372783428,-0.4287656259055415,1.9762701478499989,-1.313025173644926,-1.4391610948491247,-0.2731569598507512,-0.9740319894190058,-0.3767614855194465,1.169894569121523,1.3666644217927217,2.2710707057552852,-1.309710951463733,-1.5960142639670796,-0.6043806450212712,-1.017682878024683,-0.7069644592988595,1.7131551133603213,1.202369252698417,2.2716254382296754,0.6203635920559641,-0.19574206634992325,0.09700165192835428,-0.06194868908970611,-0.10472680628790314,2.0578097716907795,-0.8839259596218341,-1.3847338913170755,-0.8104341591516863,-1.4753491847325597,-1.4311448556020254,-1.3962249872472183,0.2905407603489669,2.576010191022134,-0.9510664965517726,-1.3723837113222033,-1.0157573740900427,-1.7801894390963107,-1.7578484938306635,-1.4351659813304298,0.19742193475727976,2.6353230031268042,-0.7611682538804797
Bearing2_1,acc_00393.csv,0.17358124403522113,-0.20676077453514718,-0.061330103383468,-0.1045601545055258,-0.29844872392533045,1.9083387276374364,-1.2106020706612586,-1.458913315058516,-0.2845576398166349,-0.9786456580457812,-0.42713723398007464,1.6628254812529557,1.787058159585213,1.9901035259709627,-1.2173948778472274,-1.6346088907162588,-0.5300956271253529,-0.9537320422898464,-0.7470968345207378,2.114375548514418,1.7217896465765683,1.9437731473479123,0.5433487679882829,-0.19428390113642655,0.11442992255271571,-0.0719629635446233,-0.1899801279385372,2.037125786567498,-0.8603618264996228,-1.4112825492495296,-0.8112055146915392,-1.4775738737569868,-1.4478727175507933,-1.2763029788239717,0.6731887383475005,2.2667811685535186,-0.9262713126225053,-1.36197218460424,-1.0240295926424525,-1.784162846135632,-1.750402647451116,-1.2376538400050514,0.770264219359742,2.238602494437336,-0.7611682538804797
Bearing2_1,acc_00394.csv,0.22398870021726405,-0.2293604864289752,0.2108821643015657,-0.12401522061001732,-0.5028106552668077,1.941539793458283,-1.2573905369261233,-1.4621629698742673,-0.25006184121204095,-0.9664832488929606,-0.3914690221936362,1.1462607245743246,1.4755122418118793,2.150854021819002,-1.2650370724863096,-1.6126155014189463,-0.5304958865909887,-1.0135095751162913,-0.7576612216464176,1.5176635593683165,1.3903747834352354,2.1530802677810765,0.5684740756995975,-0.19701534740798501,0.049794341748125664,-0.003865897251186918,-0.17429735914869257,2.014782048336133,-0.8597063131887096,-1.4144274428347938,-0.7994073876104097,-1.502840861213698,-1.4526863929881446,-1.2646169232400544,0.28438142677042766,2.542496656811836,-0.9184809403691412,-1.3771514167266556,-0.999275615396671,-1.8147133677077285,-1.7921906709423483,-1.4472988577932144,0.3153890912282727,2.5810008567990748,-0.7611682538804797
Bearing2_1,acc_00395.csv,0.13674192685588166,-0.23271746837121488,-0.004613692684513333,-0.16591843991199942,-0.5972210345181468,1.9322232805363433,-1.2496603293322406,-1.434162299820162,-0.32802196334637285,-0.9864768550488637,-0.3576645416186272,1.6931903777827644,2.0744766845024674,1.9454626056164517,-1.2586395824738417,-1.6450432407409872,-0.584380933940163,-1.0332541517186513,-0.6639883310623048,2.546977754442587,1.9112477625737663,1.9326999498515613,0.522475754420107,-0.19043500472055866,0.05612367809233265,0.021092756005683597,-0.18919793089004036,1.9934093095837098,-0.8570414975201887,-1.3835147521977844,-0.8076972287904567,-1.4763848298102824,-1.4786621125973707,-1.1346300731770336,0.7309614228203694,2.179289907198265,-0.8822143411102977,-1.350947272134798,-0.9861344805670645,-1.8437676803517913,-1.7358704625975931,-1.0156705120477667,0.6948231158830159,2.200882949481743,-0.7611682538804797
Bearing2_1,acc_00396.csv,0.11298244609464542,-0.2349966760479675,0.27348679652635943,-0.17695544856743237,-0.6302737289510004,1.9144220824500928,-1.2860211376517598,-1.4356388053313456,-0.28782443000903124,-0.9892322616368006,-0.39203743000100755,1.5124412773448532,1.6823188901877382,2.1248031322767233,-1.282837977554978,-1.6767286694813666,-0.5668145967313093,-1.022071288249813,-0.7764468544678729,2.3208528891822566,1.5422580855748822,2.1117969451881984,0.4871009134891107,-0.19787851138828477,0.08743825512719615,-0.06333528093731007,-0.21015009652799332,1.9755682866589657,-0.8604089955995214,-1.382711727538244,-0.8117199200894256,-1.4561190884113804,-1.4598415487443623,-1.1412444098233103,0.5944286382030223,2.269662043244538,-0.9339568189515304,-1.3700368085049932,-1.0203444684873821,-1.789088067847266,-1.7769414422881986,-1.1032654902941665,0.5386100594348606,2.3459593707348945,-0.7611682538804797
Bearing2_1,acc_00397.csv,0.2031435931971852,-0.2447926990115388,0.2133818455190398,-0.14833405324063206,-0.7284991994275521,1.9652260343771402,-1.3142499893012214,-1.4388242863698053,-0.23872942539165648,-1.0126878182886536,-0.42072486375383245,1.020879209163261,1.2507392120905618,2.311353045273964,-1.3190916706700877,-1.6311735220237866,-0.4962342209991591,-1.0504650692821995,-0.7925197468839948,1.1668801646888467,1.1813688038153862,2.310168053299052,0.590535003480416,-0.20594626156969006,0.05736041757605692,-0.0776633966958838,-0.2539571273138586,2.0660588037656735,-0.8807237357950207,-1.4044037607703381,-0.8131465491552835,-1.486229513606471,-1.4375303814956268,-1.3664311837789327,0.2844450729726567,2.5844137847019426,-0.9347556834426295,-1.3694488715446125,-1.0030266660591147,-1.8169019730780185,-1.7639046344767115,-1.4973388465970405,0.1600053262178052,2.6802769467688856,-0.7611682538804797
Bearing2_1,acc_00398.csv,0.12423951565281224,-0.23033118298097893,0.3899733936907976,-0.14384442260113398,-0.5823391622941483,1.959854172967392,-1.2865601689930501,-1.4572979518256384,-0.2658707916791271,-1.003262899360247,-0.3654852031834826,1.0509878999300872,1.370512891513591,2.229703949117298,-1.299389131987868,-1.6221786709311035,-0.5629665609151435,-1.077874077375683,-0.6451965580591466,1.554560499175823,1.1812686499155387,2.2747003431117307,0.5100646230232656,-0.200224455255065,0.02892900928428998,-0.05902143963365339,-0.2119102756806861,2.041921769514278,-0.8523992212624365,-1.3835874792172633,-0.8129310441852609,-1.460433469369097,-1.400498205378575,-1.4042065760707267,0.27020629326139106,2.5497007691324987,-0.9283953143274013,-1.3458431002152627,-1.021902746466139,-1.8117537923211848,-1.6765290633461876,-1.5531266667011363,0.10353719504830916,2.697150457220039,-0.7611682538804797
Bearing2_1,acc_00399.csv,0.28140758778515707,-0.23617027235250687,0.19257807221118362,-0.16816325523174852,-0.5699324353881747,1.9745867493095626,-1.2809541936351985,-1.4678224207705468,-0.3421255355930496,-0.9945782160046183,-0.43142979338716414,0.6967010072802198,1.2095685633627502,2.375345716422876,-1.2952502768123173,-1.6791062562523928,-0.5039191940168667,-1.0381494873902426,-0.7880052995619214,0.9491793248703063,1.196198992527648,2.320066157049951,0.6820450447228441,-0.1956763643064651,0.023259642487458692,-0.0610242945246368,-0.16549183636882434,2.129484022357662,-0.8821695909966836,-1.4236596272653144,-0.8212962891523862,-1.4911876529163002,-1.4778271282685211,-1.4113730958863984,0.19305837755935573,2.682130949488515,-0.9284996238183512,-1.3974187675945566,-1.0206953529641305,-1.8026950434790816,-1.8218721182420603,-1.5651243671367934,0.2296719139417016,2.689486102836661,-0.7611682538804797
Bearing2_1,acc_00400.csv,0.21793280747227367,-0.2431050856503886,0.1115666762917742,0.027696881416355172,-0.7204171424216493,1.9659427275173438,-1.2011800328556783,-1.4643655408383065,-0.467273613527375,-0.9954442256382915,-0.40863151498831896,1.0013333770314075,1.9542883710720116,2.088643073167029,-1.2268224099398577,-1.702803139738928,-0.6944291204388523,-1.0663139045892118,-0.7185437321842886,2.206759769649072,1.7946353605869407,2.0585802785408838,0.5992983325724609,-0.19322600359763675,0.08198156057598716,0.04189163371974222,-0.1806308946156336,2.066129572115624,-0.8677425289148538,-1.4152956624993855,-0.8230841193162627,-1.4728304508013,-1.466320554337361,-1.2919207697715223,0.5110634661037599,2.409343163080428,-0.9416399562791807,-1.3865586697715977,-1.0255974059581048,-1.8199028695246806,-1.7511868058890312,-1.1797576491820325,0.46620476796115734,2.4210376708994965,-0.7611682538804797
Bearing2_1,acc_00401.csv,0.17971977456135496,-0.23242443761635848,0.33183126681569725,-0.11466182344439653,-0.6708352891460212,1.9737342787447334,-1.2764628536975369,-1.4708183859417685,-0.29135715644258414,-1.0269860936966806,-0.3898756657269736,1.1224651169883766,1.6843303121148783,2.1537874485298083,-1.2992848708646585,-1.6762316417870886,-0.6085700212703171,-1.0499132635103403,-0.8086280024922293,1.464509577857352,1.6324896628769692,2.2018978670772222,0.5547512818862235,-0.19831476064736028,0.12956176473497671,-0.0336005890942485,-0.223686517162451,2.063817335139853,-0.8649727411553603,-1.4053018584892827,-0.8082517443521311,-1.5053847445493684,-1.4872562315888214,-1.3223267071653129,0.3604701498837135,2.534611628532379,-0.9016504942182666,-1.3918178103643244,-1.005924804949336,-1.8576173051450937,-1.8067643932021138,-1.2081974836559266,0.25132156754966756,2.569541584192923,-0.7611682538804797
Bearing2_1,acc_00402.csv,0.2877895169928826,-0.213430254739913,0.21748436948421732,-0.024495074767809953,-0.43778848247924107,2.0298862928776757,-1.3312967880895976,-1.4678479934412534,-0.284935496397512,-1.0085154299737649,-0.4295622377952125,0.5816853029330223,1.3867966987834524,2.3419234634713373,-1.3338531544091647,-1.6875006509062473,-0.5220688960247313,-1.075858609128953,-0.7487826361162196,1.3016074524335668,1.2870379633028342,2.3213812962768965,0.6839998051786612,-0.19242799002408756,0.14582990900707798,0.0651555636073189,-0.18926575140028817,2.0576584395419473,-0.8626256841747413,-1.4015033468185465,-0.8135674502852338,-1.4967967776572517,-1.4740768943312643,-1.3509883499950053,0.24915088951823178,2.6157501779309853,-0.9424750349445237,-1.3760946080298977,-1.0215485968547784,-1.8591878613973276,-1.7531712245470588,-1.2446616627394231,0.09013384427322134,2.6683505700541956,-0.7611682538804797
Bearing2_1,acc_00403.csv,0.2084521165745211,-0.2197323264682033,0.2286048087515552,-0.06434054669335557,-0.5786902340253247,2.009824824155437,-1.3406236246796395,-1.4382531332486712,-0.2482859331628025,-1.0416864685768978,-0.4595348314194607,1.1022769362565632,1.8228970755693406,2.1382969765720854,-1.3378104434697906,-1.6875696087576748,-0.49299024224439203,-1.0683465262689456,-0.862304835713445,2.0268440573704516,1.797733070269505,2.1020312926324793,0.6120594439226322,-0.193998859937291,0.07235361675117717,0.04127537067636277,-0.1999894963260272,2.083487698896878,-0.7941741236644267,-1.4179687405141785,-0.8178109087871848,-1.5106591348486014,-1.5100710596590095,-1.2200646968380908,0.44422321081757626,2.4408074280174192,-0.9013555955631918,-1.375923276148205,-1.0371713459877723,-1.8644561753387412,-1.8043558731811828,-1.2736472077478813,0.5237337622222958,2.4431403662818036,-0.7611682538804797
Bearing2_1,acc_00404.csv,0.206480347253675,-0.24917687016545637,0.071642255380357,-0.0695784491061034,-0.8675675705129285,1.9701847122984124,-1.3081090395953292,-1.4495838746021812,-0.25919198463544507,-1.0100330543499834,-0.3331026407109351,1.2620179791919388,1.1000444251312245,2.350442141569735,-1.3081735121779412,-1.6721017648417342,-0.5121448665467692,-1.056290404587221,-0.7317352222281897,1.1370597200188466,1.0686816527905585,2.3572741653552503,0.6301608409734263,-0.20750456469033768,0.10916918416906433,-0.09168338093276782,-0.3142389246634707,2.0745750277736548,-0.8694092878297228,-1.4087063245045564,-0.8151909171856713,-1.4884349909236825,-1.4793541123676026,-1.3209558343070416,0.19071227125677978,2.647537656845888,-0.9387457962901817,-1.3874579560628313,-1.0178526265495536,-1.8350254049091923,-1.79365561961895,-1.5245965439978522,0.2651436301044834,2.657131203723353,-0.7611682538804797
Bearing2_1,acc_00405.csv,0.16905465383505278,-0.2319968846034752,0.1811139898392031,-0.15675211068969094,-0.6574554502425621,1.948360664394152,-1.2985099335386328,-1.415185330764263,-0.23749836732326307,-0.9856627845100693,-0.41347496344115686,1.0278405593341398,1.4567495512953956,2.1898452584718013,-1.2779872540031991,-1.5783824929060861,-0.5130532487472389,-1.036688113205465,-0.6811819217554032,1.3777648008152927,1.383761347134173,2.151385204961831,0.5454798155735565,-0.1999120830077404,0.125687103620811,-0.10539523364796198,-0.23094535683366527,2.0224459173308404,-0.8708789273812011,-1.4017065435445561,-0.7925273676187999,-1.448537588693749,-1.443337030509772,-1.4023726495247422,0.33265366446980815,2.5275295912447473,-0.9103035594939067,-1.339507658114845,-0.9900550841837433,-1.8110568944084482,-1.6944160547816485,-1.4458441517550944,0.35619027550454974,2.5046910632936905,-0.7611682538804797
Bearing2_1,acc_00406.csv,0.287666976884794,-0.22759131467459087,-0.1473760924374833,-0.10194120329915189,-0.4983361976087708,2.0131133599622513,-1.3197448914602823,-1.451969747770089,-0.2737956379446871,-1.0704714216641256,-0.44878107856829086,0.42626791407823145,1.8478958761048498,2.1737077825522517,-1.3248574470295638,-1.5986847165747382,-0.6060818470379609,-1.1143452049872684,-0.8281829824056459,1.598540377511649,1.536111154076868,2.227270456623014,0.7036812677941224,-0.1977057394494861,0.0755041106846269,-0.014188303227793696,-0.17461421417434564,2.1636090929784246,-0.8769060610137492,-1.436612355472802,-0.8183227636744933,-1.522137600447477,-1.5032822697121004,-1.35733098799666,0.4446247879280282,2.521678436206252,-0.9523126745737598,-1.408830599957336,-1.044709978546654,-1.8625283462733673,-1.8134448510344263,-1.398499797884542,0.2315366806469047,2.676775978408917,-0.7611682538804797
Bearing2_1,acc_00407.csv,0.25743774479081155,-0.22000059757956303,0.16372987450620322,-0.0903429908137818,-0.40858405301112544,1.9046734669992909,-1.2785899660390236,-1.4272185993376478,-0.28385114472101836,-1.0201290536698966,-0.29122806818961117,0.6053672462891392,1.289375005839052,2.240721455100322,-1.2834491439719666,-1.642036719894037,-0.479626668407741,-1.0722202834218595,-0.6345589170884768,0.8943140889056123,1.1570054396365106,2.2822696536179476,0.6192918620075066,-0.1950586555770714,0.0726320607772902,-0.0477746390919773,-0.12990186884710547,2.060038479721939,-0.8731968962350569,-1.3909944259894764,-0.8063458244923598,-1.4922667108629457,-1.474367606908093,-1.3726261063980225,0.26144596562443484,2.574166403317158,-0.8953079720792714,-1.3523490698551486,-0.964380400839327,-1.8398469491462943,-1.76402849619604,-1.2627569992573036,0.05083578575339519,2.649680704703517,-0.7611682538804797
Bearing2_1,acc_00408.csv,0.2728074876681821,-0.2074380829262924,0.2580342199673033,-0.06920431321947844,-0.32696682433094665,1.961938676965734,-1.2834544151350344,-1.4643868157128088,-0.30210916543747407,-1.0564107198779598,-0.4002838338232086,0.48358526843263966,1.6100900051860125,2.2348113083783394,-1.291510119902289,-1.670993276577766,-0.5756614773768955,-1.0982242502619761,-0.7563997685955154,1.3532734313899062,1.5513704151815215,2.211593773138506,0.7116649355115022,-0.1853660245941532,0.1057676057743231,0.021092756005683597,-0.02664527235638015,2.109423100592068,-0.8770873953864203,-1.4115799514112874,-0.8179360253203928,-1.5417255167630026,-1.4765064272269546,-1.335630754598074,0.45616665081461477,2.4980046469949264,-0.9219494403832517,-1.4074362316478612,-1.0169711935615209,-1.8696912135752897,-1.7861463459095202,-1.592882763291982,0.5492411329966002,2.523520931055231,-0.7611682538804797
Bearing2_1,acc_00409.csv,0.2308012333661565,-0.21840904514606405,0.02035982952286065,-0.0824861371946602,-0.49537887484422044,1.9491865783269562,-1.2916303756371528,-1.4704043763847878,-0.21793101094586836,-0.9873891449390635,-0.33014356012551743,0.836609332470974,1.5419408948770463,2.171683487844249,-1.3048444778261241,-1.6179453911751682,-0.5028228513441014,-0.980212430600258,-0.7494882791996733,1.4760047112124113,1.705549197014873,2.081794127697097,0.6403467779827913,-0.18470041572820295,0.1431907133426566,0.029874504373841756,-0.105895532542854,2.030832300772499,-0.8462623377462632,-1.39336704185898,-0.8112947388645162,-1.4724074161239589,-1.4614531809779363,-1.4505264107185418,0.45420790149854245,2.4838650902238424,-0.918450705377677,-1.3606618954607559,-1.0258892975332152,-1.7930051240634206,-1.755718607918011,-1.5859811623111357,0.6399424599117858,2.421724463808823,-0.7611682538804797
Bearing2_1,acc_00410.csv,0.21133193380714296,-0.2320471034276847,0.3900064461504794,-0.10736617365521205,-0.5458343582927484,1.9338216015566396,-1.2397277499339772,-1.4509167443806283,-0.31646526107719536,-0.9688428440697561,-0.3982181520113899,0.921129218111545,1.6078213155427805,2.1440082674361527,-1.2642566030573783,-1.656275333268714,-0.5713238586494387,-1.0208774497024087,-0.7081070570528435,1.353958474261173,1.6501520799298002,2.1202502194945168,0.6121983782942871,-0.19563594083996153,0.11457142152493176,-0.003865897251186918,-0.16351806058803317,2.061632786797432,-0.8756143236187656,-1.3896282686944357,-0.8065051815024604,-1.488139528126444,-1.490561973553031,-1.3633789488268007,0.6042173143672611,2.3691153312076327,-0.9465248309959,-1.3596364067712607,-1.0226741001548076,-1.8459819432879128,-1.766938200814169,-1.5199589719093909,0.7088059572379395,2.3907106661821294,-0.7611682538804797
Bearing2_1,acc_00411.csv,0.1266345664006725,-0.20702208836267022,0.32767877773650894,-0.08042838981822356,-0.5550906371381505,1.9136007432483149,-1.2947229661570705,-1.424716413609129,-0.19151790544636008,-1.0196250390033983,-0.32178534454947905,1.292524820998934,1.943148016824563,1.97475228958425,-1.3014604394637788,-1.649233924165884,-0.3686091901416594,-1.041979789498164,-0.6961627665753211,2.509841631815158,1.780041779167038,1.920790719806312,0.5433195783340132,-0.19201884243534986,0.074857962770986,-0.046542113005218266,-0.14674381259994773,2.0262797129882557,-0.8722432649216615,-1.3997157665895374,-0.8137719014339597,-1.507022956404448,-1.4338182001466961,-1.283849412162572,0.8862985722091055,2.129858441517672,-0.92029846337216,-1.3742290404458812,-0.9877427551481497,-1.8426863058851937,-1.7272714222130983,-1.0078159022553308,0.8825159341029698,2.102996563125642,-0.7611682538804797
Bearing2_1,acc_00412.csv,0.2114612450163891,-0.23789192252232022,0.0040301394016580405,-0.11933852202720709,-0.700936718669773,1.874471199812001,-1.2525942090188478,-1.444049023591871,-0.28919761899218854,-0.9848604751806561,-0.41603864436912585,0.31764991755278477,1.4540509019647025,2.22690633200936,-1.2750623436809785,-1.662813913868098,-0.4586738702274534,-1.07248016216775,-0.7246313598400049,1.145372701947889,1.3491436120863356,2.201240801326679,0.5790378785525583,-0.2004639768584754,0.09270024969254231,-0.11001720647330838,-0.22490684342838596,2.0911517763701366,-0.877682910027846,-1.4141949022981202,-0.8173004882950493,-1.480501413779522,-1.4633621791844174,-1.3864406770030482,0.19590198111866486,2.6704311181452884,-0.922567515995236,-1.3837859709332225,-1.0112581055840324,-1.8546341718827455,-1.7511032041362273,-1.3538623042207236,0.09342173780085578,2.689000796770708,-0.7611682538804797
Bearing2_1,acc_00413.csv,0.1760227435062695,-0.22687298280962698,-0.07340798743635112,-0.13673584075526196,-0.5086330585826542,1.9113583907027107,-1.2516249025411006,-1.442336095376483,-0.28712104530776905,-0.9886146966143241,-0.34489129308255595,0.9963368276873276,1.700062087087719,2.092948792053295,-1.265474697357173,-1.599258942235422,-0.5087721392889055,-1.069335537580805,-0.6210490198981993,1.3995388489898817,1.7246515247834289,2.0343578553636137,0.5585298383626511,-0.20531431823729154,0.07129184320533848,-0.09599722223642437,-0.236460030641132,2.0717897432188077,-0.8758531679505958,-1.4110168891389785,-0.8112228020769744,-1.4870466718725155,-1.4807214539559803,-1.4224031009474543,0.5818653562068371,2.4090547038785806,-0.9427173801379054,-1.3858682726895368,-1.0246882995512294,-1.8386142407421953,-1.7381117736621678,-1.4511000895359283,0.6412284411554946,2.402781857442484,-0.7611682538804797
Bearing2_1,acc_00414.csv,0.11383645947330799,-0.2164504600152479,0.17167976540137478,-0.17209168204130934,-0.41033400950615745,1.743724881890121,-1.1654150414926139,-1.4167300618044332,-0.22481197799485506,-0.9994872377920528,-0.4184485156871615,1.7619838366326548,1.7122190268536086,1.8883262732175925,-1.1656808870006674,-1.5652706008685968,-0.5257597361063253,-1.0048604378813835,-0.8421685837126365,1.1818751205303222,1.8412912201912592,1.9110640306935458,0.43873862216067366,-0.19490344558926523,0.09508824971832357,-0.04530958691845924,-0.21715648599360754,1.9937836530209876,-0.8699677048679509,-1.4089258563191016,-0.7936971686282746,-1.472951382827774,-1.4424677261622698,-1.3043054363467332,0.6079040929945521,2.2967498212016473,-0.9337890632906396,-1.3511413610626877,-1.0182634432529027,-1.826316953717677,-1.7358918883191812,-1.461504429260257,0.6190476947486646,2.399469712363148,-0.7611682538804797
Bearing2_1,acc_00415.csv,0.21693106429439274,-0.25029543893247197,0.08754421685686689,-0.2042673682910455,-0.6319405620574058,1.971266552806333,-1.266961181202615,-1.4737116669586197,-0.2526370394210074,-1.026334186127696,-0.4005249887967605,1.0433540954572826,1.457788805795337,2.2084081698913556,-1.27616123008377,-1.6730503301248165,-0.49227883473455825,-1.0524127298060346,-0.7505093344157971,1.2760015579325423,1.5689561980989946,2.143589818207111,0.6059600165207816,-0.20217429066378836,0.10110947646327945,-0.08598294778150731,-0.2243024206969402,2.085337981976985,-0.8558169237905698,-1.399732981742717,-0.8132871243297158,-1.4962168650369663,-1.511543266888427,-1.333267132174767,0.29929781483196854,2.592089998328786,-0.9157925283550215,-1.3793232242473548,-1.0039044261284749,-1.8667658629649782,-1.7938742641645684,-1.4562248265556899,0.40060461763611427,2.5556539648987524,-0.7611682538804797
Bearing2_1,acc_00416.csv,0.15937453821012001,-0.20739726674498765,-0.0963730364136398,-0.10343774684565124,-0.3497384088611307,1.8747659051820484,-1.2645948979408248,-1.432977565878328,-0.21400930981304986,-0.9664136132758635,-0.3901112113826318,1.0459179652511104,1.5538408720110037,2.070140137396369,-1.2740566110537899,-1.5234441283506044,-0.5202168743486995,-1.0426353527228711,-0.6158192854932293,1.8189308129768569,1.4708625065688519,2.0549627710957927,0.5262139055295895,-0.19561203086751286,0.11765886213199685,-0.07134670050124371,-0.09308746851150412,2.0177180075534267,-0.8701867182843354,-1.402850014096595,-0.8026016406008183,-1.4812782525288617,-1.442055806666599,-1.2649614617536173,0.3042098860065053,2.4898545916205874,-0.9107875103740675,-1.3556581348499306,-1.0050354294271258,-1.8036210414221032,-1.7177016601040764,-1.3986703386687243,0.3456752014100606,2.5133126865344586,-0.7611682538804797
Bearing2_1,acc_00417.csv,0.11745091243403233,-0.20968378175716298,-0.03990519157387859,-0.16816325523174852,-0.4108680843257058,1.8531581777019768,-1.221836840126823,-1.4153501731022593,-0.3238479142164227,-0.9846136661274636,-0.3469005719809846,1.65554358030019,1.2340859192504772,2.2155682409759194,-1.2130159587237548,-1.637526549598158,-0.5409823608034225,-1.0534694912614035,-0.6813666385100744,1.498100843167817,1.394211834779549,2.1111640232187083,0.44837912248610523,-0.189722767828501,0.10068974412826746,-0.06703285919758717,-0.10967474440774519,1.9938400609328508,-0.8760629216206054,-1.3632230376687835,-0.809638287822935,-1.459111469972337,-1.4048702620770728,-1.2671808483470473,0.13088418426108173,2.620219569640365,-0.9240920083799855,-1.3474833020132662,-1.012047333835681,-1.8136622788180878,-1.6863182761932993,-1.5699330070010715,0.2801517072810024,2.599210839581156,-0.7611682538804797
Bearing2_1,acc_00418.csv,0.05376826322845488,-0.2209655585634691,0.18770305803888768,-0.18219335098018005,-0.36897702890845097,1.704960131134609,-1.1731881210017658,-1.3667470226424163,-0.17557824054541332,-0.9777208069695693,-0.27042543700624666,1.5485101047708818,1.558047084060478,1.8426323798206445,-1.1779886985818397,-1.5183318322552586,-0.41139703343458833,-1.0078750054069598,-0.6521635606407272,1.5357553249483344,1.4455077892443402,1.9181802421985545,0.39798534011844733,-0.19554943075862596,0.0735169011425696,-0.12650224288371045,-0.161704717970001,1.948916825524257,-0.8808836548311952,-1.3470125687015388,-0.8011865332543794,-1.471982856074425,-1.3804789990799273,-1.0637408724361341,0.3874844873528266,2.301462848706204,-0.9286759606423528,-1.3139109896146441,-0.9899188265401276,-1.777836552154856,-1.7150593806845944,-1.2284204553721423,0.3005907009212972,2.46537225530482,-0.7611682538804797
Bearing2_1,acc_00419.csv,0.10749397827180075,-0.22429628914146574,0.06090918844640203,-0.11840318231064485,-0.5463788632278818,1.8360105273913045,-1.2195116122515763,-1.453411401813721,-0.2576083091087788,-0.9625356023101702,-0.2933098445291025,1.0371690924913002,1.3954284692168322,2.141310595994164,-1.2319406619205313,-1.6093667958956643,-0.4858146139945303,-0.9760596519721826,-0.6742830053096097,1.784635673040324,1.201846428487639,2.112434629718297,0.439259505291682,-0.1966021043937514,0.1207173230457307,-0.14499013418509596,-0.18393848424725762,1.9158341254401703,-0.795044499567216,-1.3754787911782669,-0.8007955734761687,-1.4759903083328727,-1.3682567182498908,-1.2856361839357782,0.3002236670531429,2.476133289756813,-0.8891312637752333,-1.346925938651171,-0.9326678624895574,-1.7852715648498496,-1.6766902688089005,-1.1503437943326664,0.17801050877583421,2.474385404695432,-0.7611682538804797
Bearing2_1,acc_00420.csv,0.17106454425003953,-0.22234893301821587,0.1493720130731147,-0.12364108472339269,-0.5521555411089061,1.888548150048846,-1.2416629107435329,-1.4526934805433387,-0.2957239545290724,-0.970489993731512,-0.41979902537582303,1.0655551779121188,1.4239137448702053,2.173905182044139,-1.2444322378126285,-1.627386243216612,-0.5352783035154596,-1.060094159906711,-0.6700369230386918,1.7937608302185029,1.292073861236276,2.146607596745635,0.518142162811311,-0.19567136468602428,0.09012209049579106,-0.07411988419645164,-0.20006407854681568,2.0553798384531428,-0.8823853992616885,-1.3716714982980034,-0.8128141583057891,-1.4906326199696236,-1.4417049198611425,-1.3873331135760139,0.3427028321584232,2.5294433237557277,-0.9127931908528304,-1.3527586672061083,-1.001553787471277,-1.8323742917593007,-1.7336083533842919,-1.416189648049737,0.23923909029609364,2.594322478998561,-0.7611682538804797
Bearing2_1,acc_00421.csv,0.17360125497526432,-0.11273955281753169,-0.14701089677444004,0.16837197478729488,0.03001941350396633,1.8589947540045424,-1.2124432903588138,-1.4516843429205402,-0.3600626163537335,-1.0075441159618457,-0.41746378554920577,1.225245662540259,1.4634204015138648,2.1968199590231756,-1.2351536911143741,-1.699770327651848,-0.640056732339072,-1.0869042101347621,-0.7419905190147311,1.031454054517819,1.4182948553345762,2.26005556568504,0.5317275667333526,-0.16434411068080176,0.1068680189049403,0.2361685581451347,-0.050211788154760566,2.0527900793466873,-0.8354377251466117,-1.3950481494024094,-0.8155772399598739,-1.474686450309833,-1.4762454836045396,-1.407568573519322,0.38312424526785255,2.5290935817833238,-0.9307263316878273,-1.3719098308268576,-1.0390339205574535,-1.8162974726566932,-1.802213649776759,-1.6644680196052202,0.28837553051456627,2.685373674140148,-0.7611682538804797
Bearing2_1,acc_00422.csv,0.09486671037527876,-0.2298400361084985,-0.03196385889972483,-0.09763864060296629,-0.6183458736195196,1.8577909962678656,-1.2472995464092083,-1.4157895828494615,-0.14350607382475855,-0.9900921197489726,-0.30493012724768354,1.795082478497819,1.6015077961145128,1.9648180062949048,-1.2366766826438733,-1.5274725638791575,-0.4410432487681845,-1.0494128894254344,-0.5995167744945403,1.875674617013092,1.7539281259387887,1.8794067271396295,0.49554131409179136,-0.19016500276120726,0.04778476694207828,-0.062256820611395966,-0.1444275840282404,1.9836353228480434,-0.8663022375564949,-1.38192928226079,-0.8052649214536088,-1.4790932825117569,-1.4244124476631546,-1.2360514800053664,0.6902837694345799,2.217209486553822,-0.8625135797508822,-1.3595836342231669,-0.9605086051401713,-1.8004943040139947,-1.698819948619336,-0.8904922881855017,0.7692018809489788,2.0772673753507833,-0.7611682538804797
Bearing2_1,acc_00423.csv,0.10979124924828225,-0.2240477756666033,0.1936049977544363,-0.1582486542361903,-0.5159815272179544,1.873205839391939,-1.241006066357904,-1.4414108353756245,-0.19194055550461664,-0.9653724295046205,-0.3345142545150273,2.2590373695505,1.5246779889504378,1.9852189738051391,-1.2718204410622602,-1.6329352688766905,-0.3246558974150897,-1.0236513576582364,-0.7014909585103054,2.3001096364667344,1.4263187365961425,1.983705335708625,0.46442470642924916,-0.1989006781676944,0.0786435880235529,-0.06087022876379201,-0.20353450348261165,1.987744560729955,-0.8635477016033668,-1.4108481171400356,-0.7996244139060644,-1.4530224425893465,-1.4311936840459867,-1.1739546488742216,0.491139679571555,2.3088840028802435,-0.9231912012568072,-1.3758980300694366,-0.9205363423060815,-1.7953249683306896,-1.7736130906038794,-0.8429731195347173,0.3434696605077072,2.335924326084362,-0.7611682538804797
Bearing2_1,acc_00424.csv,0.1304657741625896,-0.2116136759779081,0.04538212460136472,-0.11054632869152325,-0.5128463599947741,1.8155111539656217,-1.168355570654907,-1.4547741836356958,-0.21676271368367175,-1.0185741627103095,-0.4142048942742264,0.9593575638224281,1.3171627150271679,2.1151935613362265,-1.1892336804759214,-1.6057331549147025,-0.49331538655171026,-1.0647402672522743,-0.7806732981084058,1.2121177985528566,1.280030833744978,2.118718536505479,0.4670962398186917,-0.19005608100445695,0.10444389775593575,-0.006330949424704847,-0.20385319440023922,2.0259623725994063,-0.8771222954260834,-1.3987772150019393,-0.7988510579666991,-1.4731005992445123,-1.4175107037171244,-1.259036231280982,0.2853568256691139,2.5238495507185186,-0.9445009486785515,-1.369709955135545,-1.0131532663893683,-1.8243817680433432,-1.690749585727331,-1.432972282184658,0.24283072668151462,2.5966391700154032,-0.7611682538804797
Bearing2_1,acc_00425.csv,0.1186427487587019,-0.22106454966693387,0.04363050841629607,-0.1767683806241199,-0.5225210911147563,1.8338242278303323,-1.2076737292452597,-1.4337362580714352,-0.2917582870721987,-0.9909326380409287,-0.418798939564702,0.7132119547147655,1.2276035374804368,2.22315395974613,-1.2199259179891564,-1.6197271373527882,-0.5273642483548374,-1.0428871717979273,-0.7533688954285372,0.9567272101925819,1.2319647399326408,2.2055893268453293,0.45514842562084135,-0.19727982578563816,0.12196569144239537,0.05914699893436868,-0.2159655959142998,2.014633860709496,-0.8593878899160725,-1.393478762101758,-0.8046802026451598,-1.4767914687913375,-1.5073971441663854,-1.341812105709111,0.23167143794972553,2.613162633681051,-0.929124736359826,-1.3572003859709365,-1.0205951592263705,-1.8257675192003933,-1.80775975033274,-1.2896160440829125,0.16262023468062925,2.6388610214886237,-0.7611682538804797
Bearing2_1,acc_00426.csv,0.11044428731215848,-0.25290305282905773,0.13031488133178626,-0.21175008602354237,-0.8278056608562008,1.8275059846438526,-1.2448301842164609,-1.4201628052503723,-0.14616671683629234,-0.9675458749464085,-0.43753968410183247,1.2618198670232346,1.1109439654049267,2.188034631921912,-1.2471478463793972,-1.5215329736477374,-0.44602512215064855,-1.0651116808905507,-0.7135745822480577,1.4401898715925938,1.0563299988591226,2.1638454810907266,0.44524599498708695,-0.2064747408018774,0.07453878331896259,-0.14036816135974955,-0.29795644803922067,2.0247204663143523,-0.8896942560223892,-1.3844287687936077,-0.801285382459926,-1.446673337155245,-1.4740493436778028,-1.248365110657472,0.2900227008483031,2.5283663333794,-0.9486362856925915,-1.3328825406796694,-1.0095106041184947,-1.810934872753921,-1.7534712854061683,-1.2781354663941167,0.134293845900818,2.620780572637411,-0.7611682538804797
Bearing2_1,acc_00427.csv,0.06277102692611959,-0.22003171166552138,0.09349353689235511,-0.14141253933807252,-0.6148591999564059,1.7626238311046838,-1.1596421788394489,-1.4373065210078297,-0.13866906371421342,-0.9532496873527591,-0.3312523199089317,1.4111758054945993,1.6361565652930075,1.8591438695446416,-1.2050105564917193,-1.548162796671634,-0.37538244697835327,-0.977048423355366,-0.6819305353745458,1.8102717349018267,1.7347789445450545,1.827163229628491,0.3471981343013593,-0.18695988585991022,0.12434376080418161,-0.11879895484146641,-0.10045898466338059,1.9134732495862712,-0.8476075038921264,-1.3556121177469755,-0.7893440548713976,-1.4764331370281452,-1.3899726144147841,-1.3654621846770958,0.4911346935202961,2.3626981635940365,-0.9174095179728399,-1.338323117293681,-1.0041711978208356,-1.8087404551937725,-1.7071920640147704,-1.6832998639566026,0.6128308291237535,2.4390182734013286,-0.7611682538804797
Bearing2_1,acc_00428.csv,0.1465879011718041,-0.1881497241610254,0.3463251540939168,-0.006910688096442595,-0.3715279578722479,1.8557824236323206,-1.212186233001625,-1.4298169629338902,-0.28450006976837194,-0.9866443939644148,-0.38582225373053547,0.9764962698976445,1.248345843391766,2.2028161192894964,-1.2270991413547887,-1.6154949148709385,-0.5253365695941955,-1.0277507523344356,-0.7557521297605362,1.67284786645751,1.1446822009660635,2.177173493825559,0.4850178804317991,-0.17042238765781378,0.1194172592623767,0.13448515598751445,-0.013879409316764775,1.9703264773203735,-0.8306768087340846,-1.380510055544967,-0.8074484238232975,-1.473517136198882,-1.4578631519811802,-1.2522743251133914,0.2095949180516442,2.573883237378632,-0.8732285473429249,-1.3491930871044875,-0.9624634858530355,-1.8076412690760006,-1.7377448509527513,-1.3137598992929014,0.13293718175262725,2.5891621293208065,-0.7611682538804797
Bearing2_1,acc_00429.csv,0.2033449835921929,-0.24419780845974526,0.003438225703470591,-0.16909859494831062,-0.7105969820307606,1.8293847772361391,-1.26225056961397,-1.4228912909357716,-0.12942661831447141,-0.9428264103446072,-0.3552561727609773,1.0233254175904474,1.337084392530617,2.096927923757826,-1.2672935661167233,-1.5091169706351724,-0.42942028669323856,-0.9901187051379635,-0.675755876834741,1.711797054820666,1.334347132234412,2.042835342016885,0.5385093289630268,-0.1972490424006737,0.07472992234561202,-0.05809704506858408,-0.22102251769319595,1.9726976236899352,-0.8193801558327423,-1.3735427375590379,-0.8116318945634097,-1.4589776510374424,-1.4472848592434313,-1.211542638887129,0.1858000626180169,2.5636255336922162,-0.9146073063586204,-1.3374428648194536,-1.0210386516329235,-1.8009172315323239,-1.735831773516096,-1.1506703999507313,0.2170339313367997,2.522499810036408,-0.7611682538804797
Bearing2_1,acc_00430.csv,0.0634255888221134,-0.2417627727764276,0.2931557838968484,-0.20239668885792134,-0.6587153806055196,1.8186316676128422,-1.2299202452269753,-1.4120766724272353,-0.18794802591216767,-0.9334623320923758,-0.33824194638794447,1.4191216779219535,1.5843444010718066,1.9949159504511698,-1.2328453080515929,-1.5972879114669345,-0.4390120331253549,-0.974070815038762,-0.6491825382905619,1.949723246387194,1.5130219280606299,1.9682646137016662,0.4117915613038959,-0.19221236247344076,0.07565743841682057,0.04682173806677835,-0.20375158077255243,1.9473634300792104,-0.8698772574971546,-1.3808782835615112,-0.7912087698543558,-1.4716992573091752,-1.3896148889313806,-1.2873216372731693,0.5606789319216395,2.312187329863968,-0.9320565961646881,-1.3634101766294315,-0.9993990760725543,-1.7459214459915804,-1.7333282323338464,-0.9374171196210558,0.3975561845895837,2.335121285683182,-0.7611682538804797
Bearing2_1,acc_00431.csv,0.07072943350119079,-0.2284237441375611,0.103563514988375,-0.1659184399119996,-0.6179969414150999,1.8219188629073046,-1.2650239343281828,-1.3941972234159152,-0.22117345951270298,-0.9506138022648392,-0.429101913256999,1.1736793545871622,1.6305451878051433,2.05888327694957,-1.2765653106035346,-1.616025189236231,-0.4303616940949466,-0.966302089009952,-0.7362080099880965,1.9149032789080453,1.4849606818000467,2.0417583941601753,0.42249467678692176,-0.1959613557140283,0.07155197280442939,-0.08721547386826621,-0.19732755952043568,1.9458359554803142,-0.8577407783406912,-1.379248045247231,-0.8044218099331142,-1.4641067047329879,-1.4495949218935162,-1.2962796496334554,0.6446768403007875,2.281997241494421,-0.9035793895062479,-1.352023302465095,-0.9965900288740237,-1.7712788166818974,-1.7624923793952467,-1.0513304674977226,0.5022852136672387,2.3168046834681744,-0.7611682538804797
Bearing2_1,acc_00432.csv,0.09734220076234414,-0.24038598749212958,-0.10828119710291298,-0.25253089766564984,-0.5490955027386778,1.81387139828947,-1.2155023642612963,-1.4222531128110274,-0.2737058727133789,-0.9962668292096984,-0.37705522391725765,1.4037346290062673,1.395273587661905,2.129029339045843,-1.2199343640905058,-1.6085831860951747,-0.5296256157401961,-1.0211347341227741,-0.7541992888511526,1.5123185250714064,1.2737995579251773,2.1389589667696343,0.4264845635875465,-0.19851370480050445,0.06835048050826754,-0.15084463309720125,-0.19027137628165514,1.98870777211852,-0.871116489794881,-1.3785071384554504,-0.8132915322530329,-1.4579456107001931,-1.4255191808794174,-1.3297006865526662,0.34225542080818094,2.499681958081401,-0.9415576734785975,-1.3706491578440088,-1.0028843087271324,-1.8160158692346156,-1.7144199834313218,-1.4810215861637026,0.21203106216477682,2.6292064576720007,-0.7611682538804797
Bearing2_1,acc_00433.csv,0.10770868627993674,-0.23576823202377098,0.39159671839168586,-0.20146134914135927,-0.6392846283487871,1.7613657542595862,-1.2285798232043081,-1.4182839660062283,-0.0669689483038728,-0.9624531534064416,-0.4055094479544951,1.2152087140449181,1.4821023268667621,1.9759406328748534,-1.2293340064750973,-1.470333011813685,-0.3858509400302173,-1.0002769131574167,-0.7249972856828503,1.945196502539429,1.2822134891117936,1.96530706725865,0.4184467441492533,-0.19623326356735069,0.10305901644167148,-0.014804566271173282,-0.18018917235109233,1.9356358742758206,-0.8595915993160267,-1.3572699693289718,-0.7923289539368086,-1.4474475108332014,-1.4232098690996802,-1.3164261740988288,0.3717204480523148,2.4549566047400218,-0.9100501196159528,-1.312606268188965,-1.0087762313228712,-1.7911425315467804,-1.6796004106299016,-1.3218120441572663,0.26416549771637454,2.509743931887339,-0.7611682538804797
Bearing2_1,acc_00434.csv,0.0018339362989503384,-0.22276366112701793,0.1837668788335662,-0.1995906697082351,-0.5235371045066101,1.5996501919105748,-1.1073811175373465,-1.3494730286072358,-0.13121245279878552,-0.9085438698253977,-0.24739375419842763,1.456755922265815,1.86767154709166,1.6446125601206438,-1.1097224100212821,-1.4592260719502368,-0.38912310293838076,-0.8752997429846974,-0.5701028747471336,2.1125716176362173,1.777440728201115,1.615854769759071,0.25932399696907166,-0.19405054656090168,0.18244705443297388,-0.12634817712286553,-0.1751428655482236,1.7616979460181863,-0.8120599712036313,-1.3525709689260415,-0.7851985088328599,-1.3913703909738742,-1.322782731295648,-1.0817980859728904,0.6286242634846705,2.0916267665667694,-0.8795570035700542,-1.2980559943212857,-0.9953941122378444,-1.6651039412718174,-1.5870914520689385,-0.8218896858078424,0.5834638900855222,2.0796056916319325,-0.7611682538804797
Bearing2_1,acc_00435.csv,0.014540074296449003,-0.18229571138764836,0.06555312496341309,-0.04600788824873828,-0.3232425401627946,1.7696094096087898,-1.2211870983953756,-1.3670460533034328,-0.17635872453142337,-0.9533542732479288,-0.2135049409758494,1.609061509126188,1.3170029409974828,2.0344744892566227,-1.2301726226203689,-1.5688467633429062,-0.36979859819285543,-0.9902395761338979,-0.599436427358162,1.3461265369546096,1.542956994430591,1.9531842123469725,0.3150986634821296,-0.17190577871415644,0.0677018187867104,0.12739813098865,-0.08365681862453159,1.8696444203096907,-0.8480477509965582,-1.3468609381216563,-0.7845346998673475,-1.4587982157457398,-1.2143167293396513,-1.2459163044879296,0.4414737001282213,2.282781891425344,-0.9049711548166156,-1.3308928133619116,-0.9281492854759937,-1.7232893410181647,-1.5561026503666204,-1.1833662223390702,0.567562325820792,2.1914691282262875,-0.7611682538804797
Bearing2_1,acc_00436.csv,0.15031096615399603,-0.25369514688450095,0.06710758349028005,-0.26225843071789573,-0.7844339025183655,1.7744136852246895,-1.2093868327489152,-1.4229586734855217,-0.14401224656453385,-0.9954701575809772,-0.4285197758976834,1.4840635604274617,1.4142315072821583,2.017187674762106,-1.2083390819036597,-1.5467333961849377,-0.4441958063840452,-1.0340545980546323,-0.7906221645213285,1.7157966705751968,1.3745285769657485,2.0114359074069896,0.4885554713067652,-0.19579177222482494,0.07259811327678763,-0.054861664090841776,-0.2160044394918131,1.938924969104032,-0.8550444538892489,-1.3638252825655461,-0.8007772614338735,-1.4862741669865498,-1.450479735524177,-1.2301149912709746,0.4491267735247665,2.3921369464925144,-0.9157401176053673,-1.3495561967079923,-1.0181023014686081,-1.834455998880362,-1.7471068242444647,-1.2255741038620622,0.4567912136778036,2.4245061750565253,-0.7611682538804797
Bearing2_1,acc_00437.csv,0.1629540389786647,-0.23225764464536386,0.10035234188513271,-0.2153043769464783,-0.4514773354963595,1.7438173928971705,-1.0822657865905052,-1.4458937408909145,-0.33630282358289615,-0.9517045962275789,-0.3258388896919758,0.8837123526633348,1.198347033342409,2.1098786561868073,-1.1077736208522746,-1.5301147585862374,-0.6637839843628351,-0.996914519956946,-0.6760953536339072,1.5446041061379598,1.0841784084364388,2.090472600974935,0.4781787268742481,-0.18667110415601157,0.03970129117876373,-0.11263632440767138,-0.0381811767944522,1.982531748290171,-0.8673098291093622,-1.3756283068037827,-0.807117410948716,-1.4611594303891362,-1.4073413416693583,-1.2893209852453982,0.1507217341831591,2.6174811836915595,-0.9307859619993143,-1.362853039362689,-1.0155206324852064,-1.7757629118481533,-1.7250600003591083,-1.3184016578210542,0.13551228942858493,2.615058099721328,-0.7611682538804797
Bearing2_1,acc_00438.csv,0.02394195974879318,-0.17885885702178614,0.13118468118580798,-0.1198997258571442,-0.33035686189868085,1.7407001464824619,-1.1719661336019391,-1.3977784921866514,-0.13318191960585285,-0.9406244616475454,-0.3388439673426048,1.7412875288436906,1.5536444030522083,1.881929589061279,-1.1746163141838757,-1.489529933935419,-0.40173811050867503,-0.9941894026690696,-0.6709821572755269,1.9217561810010733,1.617877286818513,1.8095993807051027,0.33510543186344294,-0.1836177065946696,0.10696186707208048,-0.024510709204400613,-0.11151885542195092,1.8874357738702086,-0.8551964753427602,-1.3641586223970228,-0.7931855097519627,-1.454139146615455,-1.3665071597448422,-1.2517586410609078,0.7111273287502452,2.167108030197399,-0.9100529236397058,-1.2993174824219984,-0.9609281260893703,-1.7550030032785444,-1.669441485097691,-1.0234122194998359,0.8210015612312742,2.057185303617061,-0.7611682538804797
Bearing2_1,acc_00439.csv,0.09830439935588997,-0.2121116346088124,0.20410391667437486,-0.1735882255878087,-0.39114955610373675,1.8296840507427923,-1.2016348718464547,-1.4513011911525067,-0.22573660216505273,-0.9793181681537612,-0.319796436828308,1.3492034553285746,1.4879502997440783,2.0581970741715807,-1.2099858259773069,-1.5916900650772385,-0.4906705620364928,-1.0123599159070316,-0.6952192267713856,1.458128249255277,1.6080778608297803,1.9897585331670473,0.39137585147249987,-0.18826061901847854,0.07329945478463805,-0.07704713365250436,-0.13621391512219627,1.9233701836315973,-0.8788922736941835,-1.3827484901003357,-0.7879908598051429,-1.4428388122834488,-1.2943425291819368,-1.331542141256583,0.40379024120055546,2.3871500383549416,-0.9464355438875881,-1.3409940365198951,-1.0050866583102591,-1.73160003213609,-1.588540852029462,-1.3940981418867093,0.5201321848042789,2.344245022763184,-0.7611682538804797
Bearing2_1,acc_00440.csv,0.03457383898604162,-0.23021790586119564,0.04709231438540843,-0.23999734546371781,-0.6202447030320924,1.8165953241474546,-1.2570777898364005,-1.3834731750958986,-0.1916507018281359,-0.9220896172004323,-0.3282248334642692,1.2965949422084004,1.358940507605818,2.0977957348545218,-1.2669984876551414,-1.4901909946015914,-0.50243512031309,-0.9127129890603775,-0.6897897857884074,1.4742639450881547,1.197692740533626,2.120914439720652,0.3338510477404094,-0.19384696497408363,0.057528081998419835,-0.12265059886258843,-0.15715795216641845,1.9252307688355437,-0.8690229467093422,-1.3510182356189813,-0.7907525590786977,-1.4590054100183987,-1.3805473250655722,-1.174180309039556,0.15614759397509767,2.545725601177815,-0.9272863125111986,-1.3440527848181765,-0.9882735845833021,-1.7231866337669937,-1.6994351600155524,-1.3717725116462347,0.0047132376511003025,2.660632061004271,-0.7611682538804797
Bearing2_1,acc_00441.csv,0.12333868893030855,-0.23591819412796305,0.19079552845874795,-0.12887898713614038,-0.6631355999838078,1.7452771983632278,-1.151000778432203,-1.3921797005350949,-0.1799873471743566,-0.9295805699304923,-0.3140696973503629,0.6004339937991126,1.3816780253149028,1.9499017751044465,-1.177293407679777,-1.4970483331027655,-0.46647693266705986,-0.9591935636929018,-0.6560594633348108,1.405920968210983,1.1981703255089058,2.016007797142619,0.43781770889181937,-0.20215212711569874,0.052902146656810624,-0.15361781679240918,-0.2422407018685179,2.01220336576628,-0.869306983188794,-1.403467710421991,-0.8073217082659542,-1.459063560393424,-1.4154557341240557,-1.3354368017760727,0.5000145494344465,2.3573541002184997,-0.9321082398255186,-1.377173538980264,-1.0169607387264903,-1.7590654845880311,-1.7168919692908728,-1.3228346467505903,0.3901472430842664,2.464929482240161,-0.7611682538804797
Bearing2_1,acc_00442.csv,0.09341991422074046,-0.2283062286059865,0.22169320276064247,-0.11933852202720693,-0.6656314583918717,1.6574383937411155,-1.10498565555452,-1.4095732832926096,-0.13262885739767097,-0.9351120623411556,-0.3990145271802383,1.1414567501724635,1.3973377531859945,1.879201126450034,-1.1071910942523189,-1.4527512645712066,-0.4416199166435653,-1.0104946076952368,-0.6893991016358894,1.6059937756035871,1.3702447613040418,1.8475556121528818,0.3912432019693757,-0.19618890132269753,0.07856866083624277,-0.046696178766063065,-0.18571687185714697,1.9104046001314299,-0.8645878700002181,-1.3768637774803008,-0.7830686821052084,-1.4399434309514823,-1.4039326271234986,-1.2149091980089461,0.42441394867012416,2.35336816888932,-0.9308801432149095,-1.3363980284296513,-1.009228513706015,-1.7955855439045032,-1.5992479189320197,-1.329987237442448,0.5384449497439038,2.3379968595683103,-0.7611682538804797
Bearing2_1,acc_00443.csv,-0.00545607014342428,-0.20678809088150577,-0.12927793314597555,-0.15899692600944004,-0.47672481379582643,1.6948700056703623,-1.1447765592583086,-1.3957902364714125,-0.08282027938381727,-0.9200264570849847,-0.33104690753979266,2.1408876486110464,1.3224424257816716,1.8728704023718028,-1.1591929976147681,-1.4337731783929857,-0.3904182838873481,-0.910660018830633,-0.6860560063804161,2.0625079468488274,1.2367356515701204,1.85560479085655,0.2658525880903758,-0.1897841504983963,0.09507701307764474,-0.12018554668907036,-0.1771226366679613,1.8522041922798576,-0.8262847009623111,-1.352348722273577,-0.7633917098648848,-1.4220706803528949,-1.3787073750181758,-1.2316878179906958,0.5233726916255895,2.2566825889860422,-0.892854757838568,-1.285438626930745,-0.9582747611322424,-1.7253337087390213,-1.6717347392084385,-1.0379765288400666,0.4326153118429747,2.2670442944364515,-0.7611682538804797
Bearing2_1,acc_00444.csv,0.06594021629989993,-0.23096901952196297,0.2583469363186527,-0.19528810701204932,-0.586771821076544,1.749738441826242,-1.204104966812154,-1.3920281263887346,-0.1540205148203302,-0.9180230554628139,-0.38866593527230386,1.2456298903324083,1.4619600504843244,1.983398366235644,-1.17492326671323,-1.4943588525964988,-0.47162484257838144,-0.9277781765913095,-0.6647067651661588,1.5396395436722692,1.3409597583827095,1.953670846008048,0.39340251340182575,-0.19604944087874607,0.04892576667084776,-0.010798856489206459,-0.16987566906990115,1.9447272825630948,-0.8596574620635121,-1.3596710734361441,-0.7920845107329006,-1.4560854081860959,-1.4473909595627872,-1.1585250902936652,0.4436903251706579,2.36107880226641,-0.8868456776706496,-1.357739589932987,-0.9919986031551686,-1.7669534459063954,-1.7300739929326472,-0.8389760773696512,0.311527393399082,2.345425145643202,-0.7611682538804797
Bearing2_1,acc_00445.csv,0.022737853818889816,-0.21322190832981636,0.2680337529448451,-0.11185580429471012,-0.46574258764874227,1.6636201820498195,-1.1451557664572212,-1.4086886100326312,-0.08225340385587149,-0.9714232771624021,-0.37368595749826244,1.1797078215809076,1.3751611635717178,1.919903640302216,-1.1502851985841152,-1.5516233686295071,-0.294387122368715,-1.010986059548259,-0.6715734468668516,1.5089936966078252,1.3293959722343698,1.8841809615754628,0.3160568364541378,-0.19460886359142326,0.07733576704737408,-0.0839800928905239,-0.16995309552800036,1.882541480535574,-0.8631815388413242,-1.3712564859062644,-0.7893508821737732,-1.4306750735379807,-1.4038326503224217,-1.0459837355822348,0.406211217258272,2.3187462428439467,-0.9311593801415872,-1.3303046582758276,-0.9813335627829497,-1.7526113371027152,-1.673229761711891,-1.2756406139772796,0.5439414601265383,2.3157417503430184,-0.7611682538804797
Bearing2_1,acc_00446.csv,-0.05011135705244174,-0.2063119307186607,0.2409855467823971,-0.208008727157294,-0.4566020303745905,1.5214677503157101,-1.048975756349792,-1.329539755722352,-0.016867962146872674,-0.892857194430402,-0.2339898039587587,1.6811198499482694,1.2916034183508087,1.6899054213637197,-1.0292970558349093,-1.367024712250356,-0.33566789081125525,-0.8980312888435418,-0.6103173456364674,1.936760328666744,1.3740684174760325,1.6070175210129782,0.18908458800888142,-0.17878303212183552,0.15965772796102642,-0.003095568446962403,-0.10775402978606231,1.7688201987227252,-0.8303370271882833,-1.302447476564809,-0.77700664948079,-1.4266476953856941,-1.2330624500711618,-0.8839130426127865,0.24523671083059853,2.265237544997286,-0.8836304447641813,-1.288577841619664,-0.9461159583084755,-1.6513101307073097,-1.5746505838160367,-0.9216736446945444,0.3624329425455214,2.2043273648527615,-0.7611682538804797
Bearing2_1,acc_00447.csv,0.017420513179881175,-0.20712828457569876,0.1806481431533583,-0.1322462101157639,-0.4379417366331442,1.6928509939507597,-1.172153919269754,-1.395484910872373,-0.1965374092244109,-0.8587109427881573,-0.3410579347587083,2.0441026873804584,1.5337741211421403,1.8980710495840791,-1.2061997011828856,-1.548200422419054,-0.45912869471405576,-0.8944105303688971,-0.6624176461921507,1.9651992528430404,1.3542446243568047,1.9614782331311493,0.31353590389951724,-0.1805091203566749,0.07581376358385603,-0.08921832875924976,-0.11962578335232799,1.8754652693517193,-0.8311043479869173,-1.3533173702109091,-0.7901381159165808,-1.4215901074736301,-1.3762825917265828,-1.1744157985690211,0.46539703077585154,2.2953730485085897,-0.8799373349567777,-1.2850412902297255,-0.9775761292770374,-1.6497584315956804,-1.6975453893658732,-1.2310136568518952,0.34098007567204386,2.36514547115907,-0.7611682538804797
Bearing2_1,acc_00448.csv,0.07661748010638514,-0.22087152414641875,-0.07360879752423026,-0.17807785622730676,-0.6362458752147742,1.526997491921571,-0.9680578813539712,-1.423995571341682,-0.10712096456926815,-0.934885195769068,-0.40403865621560886,1.6472416950721516,1.332300440571863,1.7286294218712626,-0.9671484184296193,-1.5095869518926432,-0.3817163870848573,-0.9614782043667215,-0.7596259309022401,1.2038431718521343,1.4144786615521876,1.7049231734984054,0.3513265753007911,-0.1918355560110377,0.06938354975055332,-0.028516418986367434,-0.1475537511440185,1.8807981632287991,-0.8608818550613297,-1.3601086314707505,-0.7878087731899324,-1.4389938587827429,-1.3663406801294757,-1.156592924590004,0.45909102921729456,2.305411653549829,-0.932025980394631,-1.3004326417700047,-1.0042358440541472,-1.6764449996734205,-1.749101733868942,-1.2365475958053136,0.47368618280919067,2.3474312690553125,-0.7611682538804797
Bearing2_1,acc_00449.csv,-0.04566256831591112,-0.23715063350727145,0.018127101204329636,-0.28732553512176,-0.5530111438289647,1.5381065154477025,-1.0706814098005413,-1.348149271586535,-0.12974978185769812,-0.9050122375692575,-0.3097991432492055,2.800377254243636,1.3827428831206372,1.738607632768858,-1.0677368727682581,-1.4432376720475006,-0.35814638732487725,-0.8917676860997037,-0.6608882596516115,1.7716475179208873,1.3203243318647202,1.7321750358789219,0.26419201990366803,-0.19688662837623883,0.10893132572647247,-0.16147517059549804,-0.1643172230250102,1.7542839451551646,-0.8531470529512858,-1.2845579333350698,-0.7851807086247279,-1.413462171060013,-1.3393024356992178,-0.8115834900673045,0.5237351812508219,2.0905653966029396,-0.7869567971023571,-1.230737447836618,-0.890990359792672,-1.622228311224324,-1.6591067808883375,-0.686258666536147,0.3249967074743066,2.111217227825033,-0.7611682538804797
Bearing2_1,acc_00450.csv,0.07375249943543868,-0.2172502402286634,0.35159305750013037,-0.20576391183754486,-0.40293576802764125,1.5787100875169777,-1.0563071641738677,-1.3669917525305397,-0.08784529765971164,-0.9902548466024229,-0.3844373937939365,2.105075313778753,1.5485177439859004,1.6996671689811922,-1.0505824712291008,-1.3930076537808551,-0.4061189408392184,-1.009020731879896,-0.7545384973353894,1.7670756068995574,1.422400332701392,1.7162358555128971,0.3366887910337517,-0.18859995024777093,0.10687250894614313,-0.10662775973472101,-0.1137744096303384,1.8723026372212028,-0.8382039347405958,-1.3522973022444695,-0.7862409835031,-1.480961095854278,-1.3005134907840996,-1.1819073712784816,0.6258549165649644,2.1750991113326594,-0.908421270812307,-1.3085836810911604,-1.0077110744693942,-1.7411000351386767,-1.6277850318019864,-0.9410817891338707,0.4458421980401677,2.252315559350971,-0.7611682538804797
Bearing2_1,acc_00451.csv,-0.0032190069998461793,-0.22057723349228814,0.15991344980519923,-0.20464150417767046,-0.46806147392351993,1.6795130066825608,-1.1116391850592604,-1.3996796228017416,-0.14115087249238253,-0.8924488191294391,-0.2619334313251934,1.5923056050567401,1.509804546891056,1.7997717317694526,-1.144806243551743,-1.44848517684786,-0.44571500917190804,-0.9444382170511452,-0.5387426870316477,2.0502582431007883,1.3451331093116077,1.830651035644433,0.33881223914279746,-0.1808298899891265,0.05688679531321673,-0.0071012782289292245,-0.09049250019965169,1.8749404051483478,-0.8728619915247763,-1.3595022868996023,-0.7812537038033774,-1.4166659698956532,-1.3789546284005056,-1.0568704523602073,0.6047260047488809,2.149930754925252,-0.9466483090521957,-1.3338384462840402,-0.9757199704209295,-1.7475988107910068,-1.6641649868944932,-1.1242408511275224,0.601081868026393,2.2347141502677017,-0.7611682538804797
Bearing2_1,acc_00452.csv,0.07701099916507652,-0.20920198171332904,0.14196034409486213,-0.14328321877119668,-0.4373971652487203,1.940225116062722,-1.3010601928573973,-1.4579075999638638,-0.16203760725269453,-0.9368033395677098,-0.3845573148712532,1.4886415690680928,1.4790213132180612,2.1188543501060844,-1.307222723224909,-1.6325573167778684,-0.423435502919418,-1.0032508233712694,-0.6878652488229942,1.6840752619732386,1.5997695497835602,2.0637886096268043,0.4017239473565221,-0.19221469441409592,0.10815110652638886,-0.1018517211485298,-0.1572616513029834,2.028153875875607,-0.8764146221128041,-1.384348222776982,-0.8002234984350164,-1.4861415106599822,-1.4087613180456569,-1.1613039903449152,0.25261208916930844,2.4986740230495847,-0.9489567789160414,-1.3597576946653382,-1.0103685722907225,-1.794369190950103,-1.7060330615367005,-1.253496099339292,0.415925554261815,2.4349706594941836,-0.7611682538804797
Bearing2_1,acc_00453.csv,0.07801822070620382,-0.23888988789747673,0.2277945338444078,-0.21231128985347958,-0.6803056768667596,1.8396887697744608,-1.2244446942762865,-1.4071638929715993,-0.17596713595701086,-0.9675692562593873,-0.35296773382414215,1.7411614307838164,1.3441036937270496,2.062037137043624,-1.2430165368096782,-1.555088860302868,-0.4070207966017627,-1.0023657657333562,-0.725773940221662,1.4301677829919501,1.3950561478774035,2.0376743152551366,0.3991979616012335,-0.19290838503608396,0.08548590931047234,-0.08243943528207515,-0.14667016386582477,1.9676114115156242,-0.8637704408764965,-1.340333986239976,-0.7992059826436309,-1.4688004123340355,-1.3728016014865472,-1.2293354735576631,0.2363623046014937,2.5069246241323975,-0.9354464714784175,-1.3174274203746585,-1.0171071296365357,-1.7731654424117733,-1.6746200853284214,-1.1837084376780649,0.14994113242489843,2.5376611240070415,-0.7611682538804797
Bearing2_1,acc_00454.csv,0.1298631884867991,-0.2534824710729446,0.3030536718074738,-0.18612177778974084,-0.6785083368169406,1.8888552811273795,-1.2502867166810392,-1.4058616014123808,-0.332401363532075,-1.0068234172325752,-0.3679578881913736,1.161855799939906,1.341223532812001,2.239549764760162,-1.2652715285266425,-1.6240045934862353,-0.5692297208855498,-1.0230911999512615,-0.6929714942673179,1.326172952913667,1.261391821911196,2.2292559533444196,0.4580084592518075,-0.19663744060345878,0.1058800875551163,-0.025897301052004437,-0.22098025562304674,1.9706249570523362,-0.8601805769000509,-1.3503614234685453,-0.816340500083706,-1.479326906111071,-1.3960272345630271,-1.2182324328360141,0.04324588225624493,2.669421797921804,-0.8910392733612299,-1.3346259833711571,-1.006994891058545,-1.7702520147393173,-1.6698357466590033,-1.5488863411349643,0.010558191393001523,2.713202644665519,-0.7611682538804797
Bearing2_1,acc_00455.csv,0.033844512896806477,-0.22477397618365078,0.04425654485444961,-0.22783792914841045,-0.4767610965903714,1.8332975703304912,-1.2783935487413223,-1.3826204655209116,-0.13018610804534847,-0.964630625761011,-0.2503506179825657,1.6378472075697803,1.405816508023061,2.0521620901112296,-1.2852863526881482,-1.4540283197711517,-0.42784739693566004,-0.9693989986026482,-0.665145642447775,1.2974897186839773,1.3435167839119275,2.062056936206869,0.3999941068797118,-0.18975718942458805,0.08153108523721077,-0.09014272332431893,-0.13442122643422677,1.9498810231704695,-0.873023126398807,-1.3844394664681239,-0.7892168882103551,-1.422982421921962,-1.3427231398906758,-1.1880633290000722,0.34408299372493056,2.3911381624905257,-0.9486827240230902,-1.349887106172497,-1.0024601289606694,-1.6790480635109999,-1.6672850957397014,-1.2987935227258625,0.206480159158674,2.5081093062306645,-0.7611682538804797
Bearing2_1,acc_00456.csv,0.3121694845263184,-0.19982790219673166,0.10266074409460714,-0.08566629223097123,-0.2396088943959729,2.092627105001637,-1.3139924995780878,-1.5025123093989032,-0.35898785489857765,-0.9878253378471697,-0.4612240556340825,0.6245433446092875,1.5094191178608494,2.352207790589557,-1.3226890334024823,-1.7890195828264606,-0.5668023977033075,-1.064867578139143,-0.7516576590292372,0.8979891060521191,1.6333182648806814,2.300830487260839,0.828767709538748,-0.1887185514074219,0.0861577225447369,0.17808576630661527,-0.12797585558412683,2.1491396803383465,-0.8876125528740936,-1.4247660605016133,-0.8175173629555045,-1.490283712168479,-1.5275733693040823,-1.112034002585961,0.3446800188634261,2.504919899620068,-0.9627515999834105,-1.3905221071628246,-1.0243307168529057,-1.8790429783743852,-1.7949942913606538,-1.3692952808929506,0.5266832250829537,2.4856252795585223,-0.7611682538804797
Bearing2_1,acc_00457.csv,0.26341023821994236,-0.24806779489832803,0.1695786559672044,-0.10811444542846181,-0.735354858425693,2.082158448098793,-1.3551666602556973,-1.4683812192114136,-0.32323205511854913,-1.0216376115170498,-0.41765053787144396,0.8436956175481427,1.4321220762895948,2.3572098841544578,-1.3620130589693187,-1.6924392392425889,-0.5820933909775042,-1.0650220958477936,-0.8069657144181024,0.835835844067828,1.5655657858819592,2.3407036906359626,0.7519832908572247,-0.20285002393737162,0.06135887161274804,0.11522693588190473,-0.29359720327062716,2.203725967314317,-0.9066684476631935,-1.4302570079722414,-0.8171263211099442,-1.5378926175427134,-1.5151661574180073,-1.1660950698427066,0.2900622201466645,2.562552802238218,-0.9734565832580032,-1.385141703614718,-1.0315780125503875,-1.8852594357534602,-1.8388829281309615,-1.5514723022490817,0.4381106022871261,2.613946258511273,-0.7611682538804797
Bearing2_1,acc_00458.csv,0.17510004952004982,-0.22281679395811588,0.12434488655446975,-0.06565002229654245,-0.6021723361974278,2.0275436293274502,-1.323855422439938,-1.4497889282513863,-0.30610411704668095,-0.9930499092709469,-0.43393705745026157,0.8544618130439472,1.2223226723386602,2.386260780268279,-1.3352279568769654,-1.7186782461386858,-0.5361467169193943,-1.03873765913131,-0.774675260501852,1.6422258529383287,1.2209250542833696,2.333813564885672,0.6241787469353371,-0.19089620379702055,0.08435886764049513,-0.028978616268902087,-0.1386264341790002,2.0857891451603456,-0.875050425498382,-1.3994276792916747,-0.8181413695512774,-1.4769047694476232,-1.5368066564322356,-1.1940310466158761,0.3287132035110884,2.5292733620237344,-0.8938097448046752,-1.378277864106753,-0.982828405259628,-1.8487924897329615,-1.8325579631090763,-1.0234839957806297,0.44260962544714744,2.39401039682447,-0.7611682538804797
Bearing2_1,acc_00459.csv,0.18447864894785138,-0.24143488788824857,-0.007219821154773371,-0.14571510203425814,-0.7481245664073649,2.0454350974022812,-1.3026287306543196,-1.4512617739348768,-0.4095427995322844,-1.0286187832965774,-0.3600377066905481,1.3728679886222668,1.266492229541461,2.391871173724743,-1.3239039846643454,-1.6808819821364251,-0.6546082134284973,-1.0247815456170444,-0.7858418155358795,1.4672906873327403,1.2904696922837988,2.355788935630694,0.6452632070422775,-0.1996663222936554,0.09375887761308813,-0.015883026597087384,-0.2972455759609793,2.1181459746575673,-0.8941381168334961,-1.3980354553991778,-0.8249904763845535,-1.5063741096333092,-1.451209086026689,-1.1779803919032843,0.18314236424820804,2.6017070952609336,-0.952623061153215,-1.3847541261383154,-1.0318906221387771,-1.8064437547311785,-1.7711387940894179,-1.3939798399708836,0.32451572529141176,2.5745343705603507,-0.7611682538804797
Bearing2_1,acc_00460.csv,0.3648447252148654,-0.24063445434498773,0.007313234451319325,-0.07911891421503668,-0.5245376353815421,2.092360658894251,-1.3440500361538377,-1.4827097630797177,-0.4286154727394189,-1.0373331816777822,-0.5221168912810866,0.5326727488595296,1.0174769311520913,2.629260467885162,-1.3455947359541434,-1.7563808108493602,-0.6690096060684162,-1.1313978588876263,-0.7881124394468622,0.8337842079552567,1.0025539089072688,2.58604134348193,0.8614928658894143,-0.20266785157717165,0.0816914924629523,-0.013880171706103972,-0.23587522636650798,2.17197628499688,-0.8982117764222562,-1.4127552122838871,-0.8272073214848698,-1.5183944290529228,-1.5472754837721368,-1.3296816306142485,0.010302785378213166,2.846665808205061,-0.9392803357078529,-1.3895743899498547,-1.033391087089409,-1.9076397201697053,-1.8337119635502426,-1.6871521192643157,0.0964934291726423,2.8513454213082445,-0.7611682538804797
Bearing2_1,acc_00461.csv,0.26535614282982023,-0.19409088371554678,0.07980958772696425,0.16088925705479806,-0.43255196789224154,2.186904234556736,-1.3589563151152293,-1.477678722239705,-0.4798546168237712,-1.0195869442855006,-0.4440496900640594,1.0362925572066206,1.338341150278045,2.503781268689858,-1.3663327631594442,-1.8397005673926774,-0.6975833006841254,-1.0794817120441949,-0.7570614478087779,1.5033392371080883,1.299713409344281,2.5003164495037367,0.7637567243474127,-0.18752339747527177,0.13411895102845545,0.08903575653827518,-0.11398096464952034,2.197997590130167,-0.902783717024292,-1.4280107912908937,-0.833929121452326,-1.5165000322426387,-1.4647622367657778,-1.1589464147791335,0.23111035794036364,2.583361508236779,-0.9784545929107752,-1.4132100905581853,-1.0369844008304157,-1.8463204795955257,-1.7521327157210982,-1.3328219245253559,0.2514829250833203,2.622092145999294,-0.7611682538804797
Bearing2_1,acc_00462.csv,0.18265852854537168,-0.2079089132078112,0.03815285172524381,-0.05330353803792276,-0.38153684801240656,2.0954362292413578,-1.3351027348265845,-1.4605470788619712,-0.36348003790747974,-0.9973271366172055,-0.39834733149819784,1.1385284434926948,1.728447571698655,2.234873573180676,-1.3351052547094182,-1.7071839032810976,-0.6052672789893093,-1.0091678589940538,-0.8077943716380269,1.9257884542576622,1.6749469418261156,2.1954763795388277,0.6712283844629668,-0.18515471521168944,0.08563264467743349,0.036653397851016366,-0.09565296380306004,2.171323889795579,-0.8939579014579377,-1.4249383662031045,-0.8225630425506069,-1.5256565407258196,-1.5181357263659638,-1.2014168503608118,0.6859771918417338,2.2947692848595924,-0.946057815669164,-1.383228543950883,-1.028328590311963,-1.8738523767506114,-1.8470901146298326,-1.1624502302539153,0.7488149420463253,2.307871247017561,-0.7611682538804797
Bearing2_1,acc_00463.csv,0.12987163864397797,-0.23693303050972778,-0.16803562039165884,-0.2220388229057254,-0.5618000122946555,2.0173284634725643,-1.3196272080436764,-1.4313273928853762,-0.26530047915851507,-1.0120164212591718,-0.37720214938669033,1.2232971076106873,1.7859119186226347,2.0978966349108554,-1.327733617969622,-1.625061787784614,-0.5096490479921744,-0.9815884358969594,-0.7239387707777755,1.7286934743712434,1.7184623400256849,2.086633795868255,0.6108514815472322,-0.19626444371893126,0.12773953140190678,-0.019734670618209414,-0.13760685431285036,2.0835949876946867,-0.8123473329495482,-1.4024373435619744,-0.8168773177826852,-1.5085152974690033,-1.4452738926002588,-1.2206847782542405,0.6624625372980809,2.243534201858005,-0.8970765281041089,-1.3575082241926741,-1.014318991063681,-1.7693886493140019,-1.7736698349268591,-1.3396895695915638,0.737303116281405,2.2782737954757284,-0.7611682538804797
Bearing2_1,acc_00464.csv,0.19703797479925547,-0.2055921649945107,0.0889039983069925,-0.03347433604680628,-0.42658399958645216,1.9699280719420613,-1.2871990617692888,-1.444100266834556,-0.334646199481281,-1.018275284635979,-0.3367270021206302,0.892172839161686,1.298169202337956,2.328573526879685,-1.2917907486733518,-1.6919695922764872,-0.5961398633246531,-1.0352871256899014,-0.704305041223648,1.1545520319805027,1.4108090912146107,2.274679871864149,0.6500307265776466,-0.18833149206617164,0.0583349316231141,0.11507287012105966,-0.14607093986214098,2.05455037696006,-0.8634201089473954,-1.3887969075158588,-0.8180328339585683,-1.5116467849301967,-1.4370556047628962,-1.232861973932461,0.316409804695511,2.5198641314371812,-0.9150244840898409,-1.3665387437412408,-1.0325264982997369,-1.8315753978151195,-1.730784814452673,-1.343109822501332,0.39832068089630823,2.497180548494972,-0.7611682538804797
Bearing2_1,acc_00465.csv,0.12386406383914332,-0.2159948033694101,0.07222365425373996,-0.14496683026100854,-0.4250550470823853,1.9447542942222478,-1.3109734165531528,-1.4008713991216417,-0.24473102098166227,-0.9649059939465101,-0.3604744416232513,0.8832317823852806,1.4875032705399376,2.188189951088132,-1.3122600330867646,-1.5835496079495792,-0.5212552971304644,-1.003139338073352,-0.6807725896446523,1.4676453148385051,1.3359733472863005,2.1974841403164365,0.5385247506311092,-0.1924699444148713,0.06393395908680768,-0.040379482571423105,-0.17351530532040266,2.0050008485007913,-0.848492652309618,-1.3860743177927002,-0.8048930805135986,-1.496888809864559,-1.4351319745853184,-1.22105409395493,0.39764011430249585,2.43374561890056,-0.9248123678677747,-1.3393182186113786,-1.0298109032124412,-1.802325560339585,-1.76097428247021,-1.2402952696915306,0.27744421980354517,2.530968048163214,-0.7611682538804797
Bearing2_1,acc_00466.csv,0.11312323923124813,-0.23060178333332731,0.28121371834543046,-0.23924907369046805,-0.5857980481338038,1.8340553891299058,-1.1869794832718676,-1.4264745655162216,-0.25720909279461407,-0.992796539740366,-0.3659385123305473,1.1319827817024035,1.636185706525657,1.9937995787769645,-1.1839725287326779,-1.660358196974641,-0.4772334201258411,-1.0545620023072357,-0.659360007787877,1.385759519580388,1.6918752633264023,1.9690048825614135,0.5818068636597042,-0.2038103438379904,0.056393777926396424,-0.05378320376492753,-0.3022279882067867,2.0263142030888948,-0.8805230574748459,-1.38516802971966,-0.8182077411524614,-1.4848535954232445,-1.4548773635167473,-1.1386257655593999,0.7108134631427369,2.180749944158243,-0.9438110599040748,-1.3665926988697366,-1.0170970361096712,-1.80362426904493,-1.762454341267007,-1.0755315844572944,0.778119358552005,2.199439077121039,-0.7611682538804797
Bearing2_1,acc_00467.csv,0.10967239845304383,-0.2494317804290669,0.28691434738389837,-0.17901319594386886,-0.7383318722285608,1.933087433363646,-1.2633998692708768,-1.4479592836301942,-0.31978720090589674,-0.958884729013431,-0.37661434738802835,0.9979363054849943,1.9015924718201347,2.0504052598510936,-1.2832762516458989,-1.6816748093203835,-0.5209206450583679,-0.9856800749748272,-0.7148655693832334,1.7054503322257484,1.8313926235153253,2.0351729531408465,0.5837196133111268,-0.18976594605857874,0.09274815015821797,0.06084172230366237,-0.16420973393697155,2.0649262014574266,-0.8660326311508385,-1.3974671839018284,-0.8167921749518426,-1.4953899330574703,-1.517101157519756,-1.2203114792034084,0.6726652658350978,2.2864555079574087,-0.939204942096812,-1.3763586013395663,-1.0110204682723865,-1.8685606251447826,-1.7868532689850145,-0.9513860744834265,0.6643367891645775,2.258727755570321,-0.7611682538804797
Bearing2_1,acc_00468.csv,0.15714658710130222,-0.21673283635885135,0.26408864320077513,-0.15544263508650405,-0.44461645731729904,1.983389635193178,-1.300777965273922,-1.4414169801621348,-0.3495821075961551,-1.012540849533484,-0.4133227441798507,1.3189767886295112,1.6715753424707533,2.1339169870811165,-1.303090181933752,-1.683239661951785,-0.5613748274353652,-1.057840939485703,-0.8020476057275086,1.8816105333240154,1.4948907224382733,2.1952767203610386,0.6326735616925492,-0.19467156521083712,0.07908586752753195,-0.03329245757255864,-0.17842277256488534,2.0831155995354655,-0.8881887843599197,-1.3915198800202884,-0.8186751737581728,-1.4994607264279338,-1.472879023265295,-1.1951332603942795,0.5338641321390016,2.314476241505506,-0.9446135322876352,-1.3662557615721311,-1.0192718618132315,-1.805283965859258,-1.7968378810514072,-1.384649113827467,0.4479510136490669,2.4967970221403255,-0.7611682538804797
Bearing2_1,acc_00469.csv,0.22564362524370962,-0.21156734954332657,-0.11177974286312457,-0.07406807974560133,-0.4488290299869455,2.0820725581005313,-1.3604922698645028,-1.4782961110819504,-0.270186243607412,-1.034583058362686,-0.42296247784282676,0.6823313700678667,1.1493941410014794,2.445716546818191,-1.3651343383816437,-1.7140654976552487,-0.5216317763686337,-1.0674133514134188,-0.8642948518633998,1.513076963684768,0.949655152154642,2.4700357180351875,0.6937194953232965,-0.18562369669644205,0.07340108464567914,0.05175184241381448,-0.12955383835266748,2.1620002486438348,-0.8916938229453895,-1.398702093915503,-0.8140953301098377,-1.5208189701790407,-1.5058330181457222,-1.3777915156738094,0.13594506416195035,2.724856363790928,-0.9534715099810154,-1.3906333930123453,-1.0046517195879172,-1.8449145523057964,-1.8529720306103414,-1.4263353243524142,0.06466232114916198,2.767136787776426,-0.7611682538804797
Bearing2_1,acc_00470.csv,0.21216854844883998,-0.24803639342953832,0.23354466507827676,-0.12083506557370628,-0.6838287731341586,2.0680482654959698,-1.3220147382247187,-1.4605877716314002,-0.3474321152655503,-1.0380782259599777,-0.47442049751923504,1.1029379060665738,1.6666162891776015,2.2181522805310183,-1.330719140911605,-1.6909360417547346,-0.5867015617629782,-1.1074663781873664,-0.8253045227390879,1.4948607652612638,1.817746572327945,2.1843114707495817,0.7091597469651354,-0.19952397867528082,0.1390538803622371,0.10213134621008989,-0.2597563386729668,2.1147390461697864,-0.8582515823163405,-1.4026966943024348,-0.8210958779083497,-1.520062699178866,-1.5089351555302262,-1.2669922926739527,0.6486399051375091,2.291622620833258,-0.9331156593279945,-1.3633544750152489,-1.03790786786444,-1.8815760546752072,-1.8101464957541045,-1.054714859368827,0.7690582114264906,2.249332887048481,-0.7611682538804797
Bearing2_1,acc_00471.csv,0.16646640944792043,-0.234382180509285,0.28197239604620317,-0.19061140842923893,-0.5634980333660414,2.0148160354694347,-1.320093819924799,-1.4582915547436575,-0.34302182150371147,-0.9878570163573946,-0.2389480197387963,1.0010529610024206,1.4313640609029696,2.299349999048539,-1.317301752396842,-1.751196788780065,-0.5606013098670948,-0.9419869510327243,-0.7117400623600324,1.980080393881426,1.4382377702543454,2.2192255908078686,0.6142162770258166,-0.20401583692680092,0.053386898500102815,-0.050547822787185094,-0.266884172378547,2.074063343088027,-0.8949000073716032,-1.38443662424542,-0.8198683571083358,-1.4898892884549624,-1.418820300439903,-1.2082796830139027,0.24792485328108008,2.545215372764091,-0.9074551597694703,-1.3750677696743145,-0.9804104556005242,-1.7692226331077807,-1.7628279526911421,-1.05922952563061,0.24420588974721147,2.4673336825896266,-0.7611682538804797
Bearing2_1,acc_00472.csv,0.13401085219050188,-0.19877819954251114,0.028750055123689833,-0.06116039165704436,-0.4325496406621164,1.994934914093167,-1.2651336512070006,-1.4524666352666085,-0.34016267083966034,-1.011956466934751,-0.3825551927699531,0.9545761722125969,1.8266625598297923,2.090783070483494,-1.2843861676578843,-1.6674956452346756,-0.5725548932987141,-1.0324691403861035,-0.7705326836715013,1.6309038145720862,1.8075505410245014,2.085750449521168,0.5483670239421756,-0.18988614186258818,0.07956883457123255,-0.004482160294566366,-0.14783683288947042,2.1023866647734106,-0.8688174546455288,-1.4005185991144495,-0.8150153539856128,-1.5143692445475996,-1.4474350633113189,-1.2721394048960608,0.5916152728266472,2.3301318741112387,-0.9464308919247261,-1.3699499801809993,-1.0346238952223026,-1.8276759727245904,-1.7802685529337525,-1.3276978844491385,0.6339281438279634,2.3826421969004636,-0.7611682538804797
Bearing2_1,acc_00473.csv,0.1846885824816671,-0.22834541667737898,0.2302402079614647,-0.14945646090050663,-0.6053354872788204,1.9376995247765476,-1.2767117629311076,-1.449126930325487,-0.19355554613394638,-1.0022228943584095,-0.42257512050940405,1.741476500634749,1.5773324386220555,2.0813397315805955,-1.2908362792248604,-1.5732380843193747,-0.4926944654202345,-1.079224996026636,-0.7143655816860823,1.8461318355180518,1.7233109128432764,2.019181083378384,0.6272578938348088,-0.19083747701603293,0.10994974964843493,-0.012031382575965355,-0.14758571464808026,2.0557513046519578,-0.8014268426443747,-1.3898008649137084,-0.8081482258513578,-1.4960707113525977,-1.5284899443107425,-1.2564956670764775,0.6223018817003436,2.3145607932130807,-0.9036032866138499,-1.3443773694578578,-1.0072393075782027,-1.839672448124904,-1.82723624410328,-1.3812260144959747,0.8466045558760824,2.2671654573480686,-0.7611682538804797
Bearing2_1,acc_00474.csv,0.08734699776945877,-0.1985135058585083,-0.19910906180934643,-0.0946455535099674,-0.3356383621419768,1.841675582460548,-1.248192576022056,-1.4179370848196273,-0.18559201564268732,-0.9737252110908379,-0.3358718062789506,0.9884458976912823,1.5433068038311408,2.062745314309485,-1.25725692964504,-1.5112507578146217,-0.521447757348919,-0.9900833161612004,-0.6792205368750582,1.4337104034154413,1.5259616323606222,2.0426661122663745,0.5238864379135333,-0.18478948916875626,0.15349455147261973,0.03711559513355088,-0.13264306422108382,1.99965985140875,-0.8806279749131398,-1.3773842591195247,-0.8075671359532178,-1.4779983869308406,-1.3545493797274566,-1.2847526391198354,0.5502887049197474,2.315679329534578,-0.9418125656224113,-1.3438572186180306,-1.008401690023984,-1.7614535737957107,-1.6779991545136206,-1.3217775844006123,0.5233160907728772,2.3646710593408584,-0.7611682538804797
Bearing2_1,acc_00475.csv,0.0871310756676719,-0.23244377897390603,0.0037549049925974603,-0.12962725890939014,-0.6725327709082904,1.8850615259128678,-1.2750399660465122,-1.4325358128253631,-0.10606837883329355,-1.0102151812888567,-0.32043275737557414,1.1022436959282438,1.8169446390715331,1.9235693475612063,-1.2813182690744633,-1.5560145956149563,-0.3994284173626226,-1.0167720204541302,-0.7447122636772038,2.1936928572927683,1.7704212089356672,1.9007179912810055,0.5364014130810412,-0.19520010302269045,0.13557072599832765,0.10798584512219533,-0.1957947625469364,2.0174524751550447,-0.8857450336178174,-1.4127194576120836,-0.7935250705132908,-1.4832091133419432,-1.4407025046200808,-1.2112132022660926,0.8806322570735625,2.0796436208203968,-0.9481786883035628,-1.3716667117061911,-1.0151488118059702,-1.8033171754757993,-1.757304759209209,-1.147675096602435,1.0598519325085187,2.0577794164008685,-0.7611682538804797
Bearing2_1,acc_00476.csv,0.13134753677651748,-0.23975041064595365,0.16111410283048577,-0.19117261225917614,-0.635355909610751,1.9149304645687737,-1.2452855144129367,-1.4308573653601409,-0.2713170796525925,-0.9282977689826108,-0.41318333698907,1.1603031986308345,1.6167368769825543,2.0770113177772846,-1.276107950786268,-1.5893483358007108,-0.5372319514992985,-0.968110057219887,-0.7416781601649243,1.729323169771319,1.5664900514039064,2.074424909176554,0.5892484498269774,-0.19908493756271994,0.09783308171476235,-0.026513564095384023,-0.24844408762850503,2.079120102025993,-0.8996478272993199,-1.4076583038009838,-0.8135284411869662,-1.44963647066057,-1.467355272428645,-1.3026571360814114,0.6702935905983805,2.2858517058668943,-0.9569928414839322,-1.3815153767863515,-1.018593746487421,-1.7873982451979475,-1.7684245869938673,-0.9460198809655785,0.6539770016920217,2.236612828003111,-0.7611682538804797
Bearing2_1,acc_00477.csv,0.17126385862793514,-0.2437114948132715,0.28163710909509093,-0.22147761907578822,-0.614875133103623,1.9710127177181633,-1.3161123337311433,-1.4480350052507063,-0.2733483430243334,-1.0154472170671873,-0.3426258528137036,1.227747954029987,1.3623626614943845,2.276531728027281,-1.3201327557584166,-1.6859797777935428,-0.5366801979804324,-1.0529398422418486,-0.7115930628933168,1.3496744193254322,1.4073184486064685,2.262132994159876,0.6536294731587979,-0.20417299509787504,0.053286628654294586,-0.058713308111963805,-0.26093417545734243,2.0972216309470806,-0.881420602728241,-1.424543492773079,-0.8134199423196193,-1.5016962692954834,-1.4443296575006224,-1.390505278215525,0.41989965276753566,2.503553026118854,-0.9465107728713258,-1.4164007979425584,-1.0319826379902157,-1.819242674780481,-1.7882194841265542,-1.3421919154184754,0.35215943334232436,2.5603528358926098,-0.7611682538804797
Bearing2_1,acc_00478.csv,0.18368693191483304,-0.23729986087094698,0.12969108795208226,-0.20239668885792134,-0.4978613818956688,2.0597902959443535,-1.3226977135491063,-1.4650177857052338,-0.4627714595747538,-1.0119039428526864,-0.3560430952444217,0.7588381423034156,1.6928836015059336,2.3305317867754627,-1.3322513449301263,-1.765621353032585,-0.6990737399163846,-1.0234697057268258,-0.7660240095381644,1.5661811523452684,1.576610454854401,2.3262251833347207,0.6817007094604616,-0.19307086920162542,0.15828683550043585,-0.018964341813984896,-0.11533022214649045,2.1295690380250973,-0.8996391797058294,-1.428975577493314,-0.8262917560341062,-1.4979424508005617,-1.495227815057491,-1.1682011298416235,0.5717583075863816,2.354367865604415,-0.9680324944085852,-1.3998737287058984,-1.0353535300372363,-1.838436640339429,-1.8085068968026332,-1.0325974667973274,0.44405388246745126,2.4315952607547926,-0.7611682538804797
Bearing2_1,acc_00479.csv,0.17075822767741358,-0.21070376213625305,0.2868329766286415,-0.09109126258703157,-0.4052318122266589,2.007142476336723,-1.2845457522046282,-1.4623474683019209,-0.3646739313562523,-0.9787903356662379,-0.4365796362154376,1.3703755970279998,1.4345043211773085,2.264269811590676,-1.3002849730652533,-1.739284934462415,-0.6481908092120702,-1.0310566678187323,-0.806092362594977,2.2057852933455497,1.0836169799361528,2.3622454592285402,0.641874118260905,-0.19284472614276799,0.03352602866894818,-0.02512697224778006,-0.0622298876841149,2.094604434980685,-0.8974903352259392,-1.4078305190577447,-0.82654900760707,-1.4286697685430059,-1.4956722841113768,-1.2282751476073341,0.33947968512748383,2.4888990677807263,-0.9319424543764393,-1.3648036420017273,-1.0184257774843732,-1.811528968127058,-1.7593437471233182,-1.1406989593060939,0.11161319138706575,2.602959484956754,-0.7611682538804797
Bearing2_1,acc_00480.csv,0.15745806925280806,-0.21288456475131207,-0.042306637488976014,-0.15675211068969094,-0.43094316606347854,1.9536453558039175,-1.2883288900291407,-1.4622465034211272,-0.3046201439402255,-1.0284121120613223,-0.4064297845175077,1.1803308563588104,1.4417744330677282,2.2303244740222214,-1.2915483132943688,-1.6477877612507665,-0.5998905131877188,-1.0304409361513356,-0.7791229519478586,1.642591356540219,1.2040722726544293,2.289435439487258,0.6134736232467337,-0.19525120884951677,0.09067411251922126,-0.011877316815120562,-0.20331853169147318,2.0332127699197513,-0.8385209843345524,-1.3871643603792148,-0.8118623714287446,-1.500477971103863,-1.5073740961116533,-1.0461542260680234,0.2705783514915276,2.4743513710971166,-0.9117164916117891,-1.367853165422047,-1.0143705755303483,-1.8600442524361485,-1.8045119905338627,-1.1559288960520777,0.1577341725010613,2.6082955214193575,-0.7611682538804797
Bearing2_1,acc_00481.csv,0.11900917965455642,-0.21862432422598277,0.27731332699529476,-0.05274233420798548,-0.49915781422426764,1.900247452948912,-1.2477979840871627,-1.4555082875641683,-0.22830417769556907,-1.0092248271497937,-0.3255934381508713,1.0793786167208075,1.9175867089042722,1.978295819158729,-1.2637502144481116,-1.563286656258069,-0.5163614623977664,-1.0261670289942904,-0.7378669721035699,1.8985040093907712,1.730384410391192,1.9827568085057254,0.5692732074165778,-0.1817330103431688,0.056383471564475166,0.21136397064910914,-0.1492815614439221,2.0692973395137693,-0.8870177826804222,-1.416676432935296,-0.8041341652979371,-1.474259716652449,-1.4953014648511458,-1.2261244832110751,0.7268199650401475,2.2399805081434114,-0.9552864152413152,-1.378956069922084,-1.0048029039282567,-1.8109872139497596,-1.8241212923064696,-1.0191379438845845,0.6650022085922707,2.2733378263767596,-0.7611682538804797
Bearing2_1,acc_00482.csv,0.10657598813333871,-0.2439880920974768,0.03538376038552893,-0.2153043769464783,-0.6131304237778029,1.93947407745189,-1.2906390814019146,-1.459887156830278,-0.2323579779910657,-0.9981298851354673,-0.318514312995816,1.5164126045834734,1.635213222056504,2.113667075286304,-1.2970902056693372,-1.6198805827845817,-0.5081532937332878,-1.0187634896365916,-0.690482489845407,2.1746519513661857,1.552362927730483,2.0687221510354648,0.5209988500716586,-0.2006285059973956,0.030318306932565597,0.042353831002276875,-0.26688810801126606,2.0593443568702,-0.9004149095675982,-1.3913981455262656,-0.8044352416860221,-1.463636961482865,-1.458603329768336,-1.2644633409916846,0.39296849958434,2.469505881718354,-0.9594072615254386,-1.3511116953660995,-1.0086578883861226,-1.8182171835612195,-1.7452734038078346,-1.2897357451738263,0.4734389008071085,2.4349432545744008,-0.7611682538804797
Bearing2_1,acc_00483.csv,0.184329041610325,-0.2416784114101304,0.2647674044053041,-0.17003393466487268,-0.7429438289858761,1.9389415700513901,-1.2814276671032392,-1.4784582669218835,-0.20660862253591933,-1.066920594708405,-0.4321947253041662,0.8598857390451957,1.9352696287026678,2.040789091106323,-1.298673665583434,-1.635733055610657,-0.460129541638123,-1.1079310023186302,-0.8060174653695222,2.2757700575965596,1.8424179084459922,1.9838165173609792,0.6339884768363658,-0.19719934099735825,0.08991048418395467,-0.00956633040244729,-0.1917150689399492,2.0249672292881384,-0.8768685755745729,-1.401485625304082,-0.8074274595474495,-1.4901503179960125,-1.4957495461394836,-1.1402791710137157,0.5740874877155703,2.320632949322324,-0.9247825115613696,-1.3768880846699738,-0.9406118377927927,-1.8306000489439496,-1.8140302824707615,-0.5009501414847111,0.4327730860040228,2.2188220870331503,-0.7611682538804797
Bearing2_1,acc_00484.csv,0.17855565419268443,-0.20925482932224604,-0.03294942772216821,-0.12233160912020564,-0.3789695978055606,1.9718456516884186,-1.299497662481933,-1.4698859352218205,-0.30060310498191145,-1.0269454327151484,-0.37836236261273815,1.1182238933253923,1.629695007033238,2.212250415809137,-1.2910676004572617,-1.719549581802811,-0.5300647926180011,-1.0663400502417018,-0.7244289502598361,1.2877878503137807,1.640719951450741,2.1772351506191603,0.6263141639998987,-0.18241693139304366,0.08706315821283254,0.054833157630712,-0.09220027277225956,2.0795257160359917,-0.7899198626927323,-1.420207642132312,-0.8182240869569136,-1.5099871824055378,-1.4796135822911238,-1.2785075938374584,0.6114142318325028,2.3336196671389717,-0.9115641176957116,-1.3755844981171623,-1.0282169371162833,-1.853491512196608,-1.782339023804033,-1.094276605150662,0.6149959295211472,2.323392908870569,-0.7611682538804797
Bearing2_1,acc_00485.csv,0.16307388824721433,-0.2291949523570209,-0.022321249760763665,-0.12139626940364356,-0.6629402592693402,1.9561861214154463,-1.2935202804265762,-1.4699891936041254,-0.24627942357117988,-0.9911656824986598,-0.40936229036752664,1.3002474465494351,1.8753605443741912,2.04537498446938,-1.3016476392838707,-1.671592451747369,-0.4803703756273146,-1.010164338078326,-0.7792680857983312,1.8683862420429347,1.7873994825826156,2.0429673993134085,0.6395301293309056,-0.1883218090837813,0.0462242970294772,-0.03005707659481619,-0.16346481130550317,2.063511593908963,-0.891032467119401,-1.4040111572580005,-0.8138265300008788,-1.506722740996545,-1.4259786167336301,-1.2375682634767535,0.7571628302664521,2.1907288445839566,-0.950098322691139,-1.3752589776395203,-0.9896109529160061,-1.836677513779663,-1.7294662306482336,-1.0734076325297703,0.7340130774415836,2.2158123158352687,-0.7611682538804797
Bearing2_1,acc_00486.csv,0.25009550073152725,-0.21927476331729956,0.03217551050542032,-0.042079461439177644,-0.4425545083023014,2.018444058610021,-1.3105813600763894,-1.4446646772019374,-0.37574186914946855,-1.0151685602252973,-0.40379556546633505,1.4630332381065696,2.0771422460278317,2.0748035774041806,-1.2781040697523913,-1.6743426260774499,-0.6276557472999229,-1.0528659479897624,-0.7691011412346248,2.4774750497645015,1.8626157291757461,2.0277181506041253,0.8314555344103888,-0.18368002112519735,0.058261026613106094,0.10860210816557478,-0.04758525838573907,2.136288341425955,-0.8838549958037345,-1.4040328130122617,-0.8314027218839772,-1.5266168085868337,-1.5291568219760026,-1.1729795346189926,0.9725115168371604,2.083942262283199,-0.9562167653908659,-1.3587826142279475,-1.03942903443085,-1.8847476580691058,-1.8286089837294779,-0.8309312693478476,0.8359995063275737,2.1568922675419864,-0.7611682538804797
Bearing2_1,acc_00487.csv,0.1780512441643614,-0.2186058866627882,0.14777594679134326,-0.09240073819021861,-0.5134454163609569,1.9651148878164137,-1.2891536147474818,-1.4254609015056205,-0.3438068021634478,-1.0437653396836903,-0.40424427252848555,1.3663468106630317,1.5838000788951143,2.211159597396472,-1.2822332611408054,-1.6665490036845465,-0.6016967745032644,-1.0311494725037218,-0.7241352683949377,1.3510293938548992,1.675019956480669,2.156987297952588,0.6555817472616987,-0.19182727758024076,0.04235775235168825,0.04404855437157056,-0.1647230100319828,2.0831080878201464,-0.8665923163356053,-1.4008924103837979,-0.8215456160705888,-1.5065702183024303,-1.4778893411532044,-1.196154389116193,0.47644657974966687,2.407533472784368,-0.9016379421439481,-1.372427852799554,-0.9411231530416793,-1.8232387325461736,-1.7935079439229984,-1.1145490798329376,0.4920252415304547,2.3513147254720588,-0.7611682538804797
Bearing2_1,acc_00488.csv,0.18196412980100535,-0.2282068149578485,0.08392221645434292,-0.0824861371946602,-0.6763881921598233,1.9992924789492577,-1.2812001758964842,-1.4614015989801086,-0.4333136454176909,-0.9943544647301155,-0.44265316546373684,0.8899289903152073,1.5020471670215059,2.333194303524768,-1.2954089244075968,-1.7300943339681847,-0.6752724301809864,-1.0607804061044,-0.7374025277865437,1.7072006426155586,1.3828803349853294,2.309978024680625,0.6227870809490221,-0.1999295045190993,0.09406490794397165,0.08348938914785961,-0.29961695945703054,2.078367045098283,-0.8926408632097206,-1.3847064152782247,-0.8236372751378875,-1.4925954488326703,-1.469127883407867,-1.1922214777402518,0.24128138224353904,2.5766560035861468,-0.9483015122211409,-1.3732711951702885,-0.9935105890477338,-1.8222432013138032,-1.7593091008765405,-1.159349277182877,0.16047504328095177,2.5793237886082516,-0.7611682538804797
Bearing2_1,acc_00489.csv,0.20707188667617615,-0.24728294431835518,0.05247657422677097,-0.13841945224507382,-0.724514682025796,1.9542905615166324,-1.2882952618837649,-1.4956553558599446,-0.20291305606315016,-1.0285715309625314,-0.4419333519095873,1.0831902868311467,1.550495674394861,2.1685299259494752,-1.3037560840284133,-1.6731065218409624,-0.45272075160297925,-1.0870555760782847,-0.7697581483740237,1.666684603094189,1.4065811506963684,2.1823587164095146,0.6594223746947425,-0.1953044158804941,0.0982357304682474,0.08133246849603126,-0.2137685328486685,2.06501667557313,-0.8629000148856208,-1.402441859018151,-0.8126480387243502,-1.4984115315403568,-1.5007363733615868,-1.0990783935035366,0.44338932878265386,2.394901493980247,-0.9369170790307647,-1.3555895311229627,-1.023034753090143,-1.8478927919657924,-1.8070194551293872,-1.0202421056471505,0.403644317236335,2.429318191612531,-0.7611682538804797
Bearing2_1,acc_00490.csv,0.13003291719136117,-0.22952316272564818,0.11387767824610753,-0.2302698124114719,-0.5017688874442751,1.9383807787717375,-1.2684288798819232,-1.4208443571609108,-0.2624637789147693,-1.0249640644129496,-0.4210523089453566,1.226408660816936,1.753668684460649,2.0395790852480515,-1.278114196305727,-1.6411721767847385,-0.46637976217319055,-1.0708961463349695,-0.7806747027016873,1.5201570063826546,1.6952410593873217,2.064787102091959,0.5402483764040702,-0.19648043001020454,0.09234235297805976,-0.06518407006744868,-0.19251870875623728,2.049501463425716,-0.8906922682298667,-1.3849962602254742,-0.8061550438741897,-1.4877061580471127,-1.491078657089178,-1.094878838400205,0.544616371394716,2.2990098100310723,-0.9339360322428537,-1.3472884422208617,-1.0060712667740646,-1.8395088303794465,-1.8008550723272083,-1.1094314905915255,0.5444850135445007,2.358897829843902,-0.7611682538804797
Bearing2_1,acc_00491.csv,0.11997056946575205,-0.2467342079122242,0.2936198193978964,-0.13392982160557573,-0.7173984596874522,1.843096723801888,-1.2387699171452717,-1.424006946891108,-0.19306260357061414,-1.0261964204680516,-0.3545255873266423,1.4604476810191815,1.9076111733262147,1.9176735643984448,-1.2594257929530697,-1.60753037659713,-0.4407500050422191,-0.9830888136652479,-0.6790111673279791,2.0360895568441464,1.7896121865938543,1.9141775612699659,0.5520735237975226,-0.1976770690900366,0.05285864503300224,-0.07550647604405561,-0.23341409735611857,1.936148934780887,-0.8170642138420781,-1.3752588655391438,-0.8023197103330929,-1.495082445988832,-1.473022369233827,-1.1703904983878528,0.7636120172524278,2.1625770957772374,-0.8837343435161478,-1.3150773507857305,-1.0250112266634928,-1.7706322723803791,-1.7719358156800837,-1.1226975573402473,0.8238078707838631,2.1537158849100138,-0.7611682538804797
Bearing2_1,acc_00492.csv,0.15743564952235997,-0.18844557976908893,0.04040993419026746,-0.06546295435323013,-0.29362920873056586,1.9258527358509896,-1.2429287645550167,-1.4811967535647217,-0.2954489289986255,-1.0335223694366833,-0.30305336691417023,1.078852942023704,1.8752062417093314,2.051963171138586,-1.261219350744716,-1.6144855524941915,-0.5549247217205664,-1.0568683826387841,-0.7239349990837264,2.466885333341732,1.5885370822883305,2.0264967108854997,0.6307100526840794,-0.18991424337353024,0.10485360798512983,0.03203142502566996,-0.17248049084848305,2.0209217338882888,-0.8460049964939211,-1.4141287290899538,-0.819983351513306,-1.4976556766603724,-1.4237585389010798,-1.167512919412878,0.7016372127190936,2.2131843755756933,-0.9002304929467879,-1.374086725901768,-0.9791910152455519,-1.8098177992845779,-1.7549433711252653,-0.8950963704978586,0.5912245128697503,2.2267591520626926,-0.7611682538804797
Bearing2_1,acc_00493.csv,0.1868215272067463,-0.21763734721683828,0.20374682020082158,-0.05816730456404564,-0.6349261392186677,1.9806660152070528,-1.3104867466519625,-1.4597273233336534,-0.3249835474409546,-0.9585935646543771,-0.29333542551180913,1.517893398429775,1.8433987810921801,2.1062856155082863,-1.3231133666253956,-1.7093036908555508,-0.5548231059726245,-1.0175074543837166,-0.622304687393666,1.5137906667921996,1.9074846581538925,2.0965099572739887,0.7619197332749637,-0.16669871686128548,0.11619840022380253,0.45324721517556926,-0.1382855710818618,2.005932930480302,-0.8940365461219623,-1.434650932231256,-0.8200549640232975,-1.495000007993828,-1.1922620312008452,-1.0626080164067924,0.7151470934436099,2.0776894097225402,-0.9631622642984085,-1.4027283661325516,-1.033293095407386,-1.7462029932519165,-1.561590272330685,-0.9206630983813291,0.7342591654035464,2.1070744360178004,-0.7611682538804797
Bearing2_1,acc_00494.csv,0.16690871068097266,-0.22506641075373243,0.3554934893973135,-0.20613804772416974,-0.43195755331993846,1.9189835728173612,-1.255991994750762,-1.4229214796061314,-0.33351024138937674,-1.009071358097839,-0.38907871976709324,1.5988901834207214,1.796523120289839,2.0360668966434177,-1.2678020672998802,-1.6313299940760668,-0.5996907755278348,-1.064614234566232,-0.7487632341598998,2.132552882374212,1.8465246137789253,2.0148341369722536,0.6283096834941251,-0.19874275271540054,0.06287905314283877,-0.032522128768334255,-0.1574029501668145,2.0666124300161064,-0.888399655967132,-1.3697674363782408,-0.811528446967652,-1.5050662831833514,-1.4907267609813648,-1.0178770067221936,0.5616006255694713,2.2638590731223016,-0.949610008626794,-1.3290326174494589,-1.0061703408702007,-1.8814902893147496,-1.7782162304885267,-0.7684810347779909,0.5529691328943289,2.2583112152477685,-0.7611682538804797
Bearing2_1,acc_00495.csv,0.17139696591141737,-0.2444984181519707,0.28237537683306757,-0.14197374316800965,-0.7298099217708748,2.0058152203865283,-1.289975127988065,-1.4784365110975106,-0.35701527981725445,-1.0463936976279338,-0.4283306142107738,1.0808371794452347,1.6069382901333127,2.2318032141699256,-1.3029932382085971,-1.7490578927169695,-0.5809353793883112,-1.1077638781664694,-0.7767925442712189,1.6695994979064586,1.4937409800040884,2.260128208423136,0.6011132469032088,-0.20484817186034207,0.06269384091588656,-0.010644790728361391,-0.3321932219287636,2.066063808827626,-0.88878689227141,-1.3852670770579756,-0.810997057961815,-1.5054560966268522,-1.4930730214557542,-1.1731185215604705,0.33191317339105103,2.4851071296784544,-0.9548096168085423,-1.3647318629115992,-1.0263915012409155,-1.8482520757577614,-1.7888161517991772,-1.2123627698343156,0.3190986248498667,2.537671544947484,-0.7611682538804797
Bearing2_1,acc_00496.csv,0.17774897942626694,-0.22010593503576287,0.11572602460406933,-0.16423482842218773,-0.46418101031705516,1.9671824723635785,-1.3147424185387615,-1.43864014752271,-0.2612075977204672,-1.0468383493276197,-0.3625075237493469,1.1719429310013125,1.4673591283237595,2.2447837134767146,-1.3232152396665595,-1.6446848438177337,-0.5458942746382909,-1.0707028627084445,-0.7463858215906685,1.342465605009273,1.3625519048372339,2.2734310447808292,0.6001627397647042,-0.1819935994683809,0.08323825988900066,0.10105288588417578,-0.09914800047617041,2.0710235995199344,-0.8962242077607636,-1.388455637418406,-0.8099537359934531,-1.4952989546034503,-1.4655944296782033,-1.1220049980290163,0.4064142793380218,2.4263186989349115,-0.9597253637726305,-1.3664149991792987,-1.0096105342300956,-1.8176843225533377,-1.7797615709212486,-1.168179993948075,0.2403800481339172,2.549888530929007,-0.7611682538804797
Bearing2_1,acc_00497.csv,0.2417861188116123,-0.2419856267990845,-0.034396885866478745,-0.14421855848775877,-0.7063021219701376,1.9533930607625374,-1.2839102579345916,-1.4353702620042017,-0.33562339578779693,-1.0571148048035086,-0.46562396610105816,0.6423455713165543,1.103315385873458,2.3835855359491327,-1.303627120607381,-1.6952547066498282,-0.5476425058699538,-1.1071698275975288,-0.8797697646011854,1.0343273391208345,1.0212491676236863,2.4321337099616747,0.7314512315795809,-0.2077156238232603,0.09586102339414683,-0.06395154398068952,-0.30488981432817625,2.1379116100147377,-0.8993068629416517,-1.4243768504014926,-0.8149816285171081,-1.518851718575628,-1.5226684544579288,-1.1649127175975613,0.21600218259803292,2.58252032702902,-0.970232227938013,-1.3974815911617917,-1.0259592230048071,-1.87156604932676,-1.8444442019512932,-1.2513496858080717,0.17981566819727718,2.670317577352608,-0.7611682538804797
Bearing2_1,acc_00498.csv,0.15208131609116457,-0.21913917974571195,-0.04878371266776663,-0.08828524343734533,-0.5459548695118991,1.9505298123831178,-1.253497928461484,-1.4678311382558948,-0.30627795554283493,-1.0467757433775968,-0.3478567153773788,0.9310459230943527,1.4175907393685165,2.1697920592365394,-1.2666372339347085,-1.6802421694325382,-0.5352075064657467,-1.0696516216378171,-0.8035193348941859,2.059831299650123,1.3499317697002167,2.1735889469043457,0.5977954817779122,-0.20127074074723297,0.10106198276320938,-0.0730414238705374,-0.23413598772570418,2.103519000600887,-0.8886225958988034,-1.402578888041152,-0.8199632163651601,-1.4855819507857904,-1.4780312252578667,-1.1081274706158886,0.4099597102864323,2.371932808541255,-0.9581530433252115,-1.3734849078904092,-1.0215216286376863,-1.8494329232440494,-1.7593996381529475,-1.1584002512653715,0.4309783527303822,2.447625037765578,-0.7611682538804797
Bearing2_1,acc_00499.csv,0.05810522979003328,-0.22063466270049778,0.3686001768298877,-0.12794364741957828,-0.44832133854187106,1.8677957066746342,-1.276147617854453,-1.42283425472416,-0.22126451857557952,-0.9823889866059362,-0.3601172982516999,1.7693733208114237,1.853709760463222,1.952812330688402,-1.2661884595993211,-1.6810291724492277,-0.38182132109210465,-1.0172311646307102,-0.711927225786432,1.7480776513165437,1.699480892293627,1.987915080873341,0.5167439952910776,-0.199596354850676,0.08753204962579895,-0.09676755104064888,-0.1849375605561254,2.0039657015453383,-0.8848802792742056,-1.3863460952438744,-0.8056051230058354,-1.496572387069451,-1.469819375771988,-0.974662850227513,0.6698484640450003,2.162446748198995,-0.9650606228105676,-1.3518065790890577,-1.0134879255320537,-1.854868268367175,-1.7759983552345924,-0.9667129429507523,0.5411373072898541,2.327157475085764,-0.7611682538804797
Bearing2_1,acc_00500.csv,0.19500349014346133,-0.21428588115915426,0.15607540669253023,-0.05554835335767172,-0.380336218132432,1.8718405792502553,-1.2752885488519217,-1.3853028949024135,-0.26363837123040657,-1.021090203783836,-0.4100573431429369,1.1614441223338332,1.6637249847822086,2.0939678569756546,-1.2751581131250282,-1.5937460222896473,-0.5225086100948155,-1.0654844009562685,-0.7667542718712981,1.8712416288727929,1.6780447670961527,2.0425805324535213,0.6468707057239359,-0.19400200410495874,0.1095201240644612,-0.0018630423602033703,-0.15625018968828008,2.055436141919842,-0.8783504312345422,-1.4007855717701485,-0.8119376589811146,-1.5012705935042132,-1.5101104948054074,-1.0681896301026228,0.5900703466434263,2.292463030145193,-0.9296192350133398,-1.3778950530465457,-0.9910033321651932,-1.8559033054941767,-1.79278374847698,-0.8966701529650217,0.66236094484687,2.230055065167053,-0.7611682538804797
Bearing2_1,acc_00501.csv,0.1515336922501855,-0.13228286360969949,-0.14457262852616243,0.15845737379173663,-0.17713826718182396,1.8936535034228679,-1.2598132021157809,-1.4355125742798218,-0.2453732334560334,-0.9958543020983013,-0.3691493362008691,1.0712976484235528,1.7166978078028976,2.036437403696951,-1.273623418722599,-1.5818236772140073,-0.5141772805820888,-1.0678761586038936,-0.7017953770231313,1.4314941984650522,1.6573334936693898,2.066155031022797,0.6358428729373331,-0.16406261253045532,0.07852303466516597,0.19395453967363774,0.03388645552682621,2.0018942225574974,-0.8853920309951123,-1.3934919539580395,-0.8098415844649665,-1.4911753506344005,-1.4287534668967128,-1.0166026230466778,0.6099715228135094,2.2041851105460437,-0.9551100934016761,-1.3549494431660531,-1.007567156663259,-1.8509110634609425,-1.7026871804316868,-1.1114630532880425,0.6151099138856561,2.2955453661940974,-0.7611682538804797
Bearing2_1,acc_00502.csv,0.09321523311514915,-0.216593961605409,0.25554275632161644,-0.11634543493420837,-0.4963140940704049,1.8632991535904635,-1.2602667312603024,-1.3966599916720588,-0.21879919683161972,-0.9986740988556911,-0.29216727218926825,1.009736528079671,2.2627989245883566,1.8051098449122143,-1.2732632738353287,-1.5698084728032113,-0.46257282916190895,-1.0363939115827165,-0.6698929766712365,2.4762481909515426,2.0767029915189985,1.805668776637011,0.48126709071834084,-0.1895779200654918,0.04110575810308132,0.019243966875544978,-0.12618071752749524,1.993030812088875,-0.8877648263806026,-1.3889801774408053,-0.7939278656779064,-1.4889258699597139,-1.3935312619552465,-1.0392215245672962,0.7691790934696127,2.0803147606824774,-0.9448239917287066,-1.3636719627317488,-0.9769237260577625,-1.8182498450949718,-1.6591864174568587,-0.7863922968587695,0.659775120645974,2.13096971614465,-0.7611682538804797
Bearing2_1,acc_00503.csv,0.24718965440879984,-0.23644246690736057,0.21853040042396643,-0.11765491053739525,-0.5741453413980092,2.0166371692486624,-1.3181770599508638,-1.475432384880525,-0.3375887712713924,-1.0335234673926539,-0.4318209248535843,0.6987153982412221,1.2704992902069936,2.4143351122654333,-1.3274422293714399,-1.7168266906273832,-0.5873569039432458,-1.0735933509251,-0.831667209565773,1.0049869458351484,1.2649844467855955,2.402260758841904,0.7081262436931148,-0.19665737876254838,0.049769564031078885,-0.018502144531450243,-0.12720226597096854,2.111081951380916,-0.8520486402656918,-1.4155880117988449,-0.8212624905999579,-1.4979167035543048,-1.4911620130250294,-1.087192545135499,0.08416725778872083,2.6575431740462068,-0.9395427258349902,-1.4013415672057066,-1.0352261258528688,-1.8459004127813066,-1.7925608410116374,-1.3216265730238026,0.166112271296757,2.6686787277196555,-0.7611682538804797
Bearing2_1,acc_00504.csv,0.09468471461316082,-0.23924386082763321,0.18700432527699937,-0.19379156346555004,-0.6822689491127556,1.9578872084878514,-1.2459352044367964,-1.4785192955779034,-0.3907400290624584,-1.0405163856361648,-0.34798437526479686,1.0908735848013826,1.7866079704723785,2.0826965963550355,-1.2650193150009317,-1.6643564165841347,-0.6354614078252346,-1.0891064664140229,-0.7163003690920869,2.16176159342149,1.703431529827798,2.089356637784569,0.529377951379619,-0.19649078090535932,0.06552548493081656,0.004145522312746863,-0.2644151792747497,2.0460539272341354,-0.8700748405968846,-1.3923590067519576,-0.8153157205626405,-1.5119480134666634,-1.4197590539723879,-1.2412038344429295,0.431393317372611,2.3640515214903783,-0.9144875696300366,-1.3641440203652861,-1.0125523158801544,-1.8173553493643309,-1.7338396017530544,-1.0643842774945804,0.3312996046223434,2.4388132138085425,-0.7611682538804797
Bearing2_1,acc_00505.csv,0.17497436326407567,-0.23931012725021064,0.25545989097559013,-0.1157842311042711,-0.6854557916451136,1.9088689848769929,-1.2916633921910403,-1.4435139781414599,-0.3117255894153488,-1.0112665170380661,-0.3725862023014412,1.6072932930194834,1.6980445073869446,2.146152491907105,-1.2830894147826404,-1.6729027314998761,-0.43867945441310735,-1.0814440649539034,-0.7577673189981687,3.770828840412888,1.3725382529668844,1.988700292236205,0.5829647301911922,-0.21229172826502682,0.05754291466541457,-0.1009273265834605,-0.385840320333547,2.032397023480485,-0.8714671087890283,-1.3797703080444341,-0.8231334311789694,-1.4828368754581482,-1.4885907668887193,-1.0158727816157518,0.19220431532394658,2.5471307192258985,-0.8583935961270166,-1.360442834182026,-0.9426319255672101,-1.8413762336763067,-1.798205092474576,-0.8585465384143159,0.049555844247269325,2.5251794591015484,-0.7611682538804797
Bearing2_1,acc_00506.csv,0.08341820572354498,-0.22228807347142948,0.15303170916892772,-0.1571262465763159,-0.5379618796342025,1.8771784955054638,-1.2357700046122313,-1.412990386402107,-0.2942526488829475,-0.9683490866694632,-0.31753699314131334,1.3133300331956743,1.8935842197313313,1.9622502810461324,-1.2648733129486163,-1.5895450223122438,-0.5771680167396788,-0.9839876185754156,-0.6986531173871782,1.4258825235395582,2.045549098643273,1.9536589915863618,0.5226089337586234,-0.18969913324414384,0.04629896140836448,0.05699007828254047,-0.1432332217817443,1.9838752343821282,-0.8687683750622651,-1.3844592485594085,-0.8071069877349406,-1.477734021020983,-1.4104150249604783,-1.1532552392085684,0.6870273379220329,2.184726191285553,-0.9470269841817264,-1.370999124797522,-1.014717966797944,-1.7636019542627153,-1.7464868299439733,-1.0821469869086555,0.7029508053559703,2.225636761945981,-0.7611682538804797
Bearing2_1,acc_00507.csv,0.3414980895989008,0.47748111188060516,0.2441019534326354,1.2630935790515758,0.7924781438770898,1.6974908505313997,-1.1555824523156402,-1.2769755278006698,-0.45550672291019834,-0.9959651585023164,0.2631149738281149,1.6290807380079917,2.1001979097549595,1.756856173398007,-1.1755233668246847,-1.40643219375286,-0.6684870574818359,-0.7741445788007829,-0.4958262738878712,3.1362927603518913,1.5766613577841146,1.760823761951212,1.215851414858082,0.8529700620907147,-0.8308632389783525,2.955275171296403,0.9449316986968391,1.7925287590357892,-0.9137703482776599,-1.4380783171825493,-0.8362078778676695,-1.4811424287797919,-0.1635244843804604,-0.4053217889518577,0.5993552652303303,1.47746450448235,-0.9714430830503329,-1.3870998704371866,-0.9758721377587223,-1.3167730640707673,-0.966184508190623,-0.13573466370684506,0.6400277652224069,1.5308994066120543,-0.7611682538804797
Bearing2_1,acc_00508.csv,0.11565760411768071,-0.21085894929210888,0.24246887559802327,-0.11541009521764613,-0.4259804244552186,1.8435881960203284,-1.2216321397189562,-1.4336730833179265,-0.2548482467862154,-0.9855196003972008,-0.33505890793072657,1.2291356540864902,1.7259575094696151,2.012939665153727,-1.2378883952555284,-1.572725070707831,-0.5298587508747915,-0.9614483575959875,-0.7322551045082768,1.9909523177292014,1.5291278357177605,2.0084419179503064,0.5854308293277313,-0.1790160143551801,0.11573672505975806,0.2689845652050938,-0.10527089693152916,1.976990952741497,-0.8585966452095735,-1.403936419873092,-0.8156830019233448,-1.46906619015627,-1.364603835766441,-1.1037543131826009,0.6911898450046814,2.1568821331747903,-0.9281783259714372,-1.3654731864472098,-1.0262541068290056,-1.7265325861604297,-1.7208397130539017,-1.2205767333523925,0.6884834702783338,2.251820557612206,-0.7611682538804797
Bearing2_1,acc_00509.csv,0.17591600726762996,-0.2388571487152406,0.1601246871458146,-0.10100586358258981,-0.5972742420713875,1.957910100919047,-1.2860033973698206,-1.4637375323208965,-0.27097581099870627,-1.052137916171235,-0.4770175090790383,1.2998042812638624,1.7005177483310883,2.0576880577055743,-1.2922546385560936,-1.6262256334108907,-0.5512557752631401,-1.0564369171782175,-0.8339120208808318,2.1396350202392975,1.5143778564866093,2.1277779135781523,0.6610713674258272,-0.20585200910888032,0.03109986523981369,0.009537823942317647,-0.2815433257962021,2.0764831262901042,-0.8868114283128747,-1.4117868871254857,-0.8121773953181467,-1.5020070566905164,-1.5255854458806837,-1.1109646770174033,0.4912812550178377,2.2976468132341794,-0.9477064935248368,-1.3728429146696826,-1.0234957621357317,-1.8485422236554163,-1.7971752101444127,-1.0467925049505844,0.5182593118043382,2.3750909955929203,-0.7611682538804797
Bearing2_1,acc_00510.csv,0.11956553964940765,-0.2169314014065454,0.1592151795147108,-0.15244954799350532,-0.46205965051855147,1.8836934135553074,-1.221736300309313,-1.4573406674527989,-0.24360125116968667,-1.013397082383024,-0.3792287517650908,0.9598890426480416,1.7108082354197405,2.042566302053795,-1.2445290621736107,-1.6287220934390363,-0.5247786568836488,-1.0616624758231712,-0.7581167886476392,1.6784446434857145,1.62371469801181,2.0571020207919335,0.5483592291850785,-0.19743854685778964,0.07210765490679528,-0.07889592278264285,-0.16313218145495456,2.01628340339435,-0.8713635210959297,-1.4108830949380275,-0.8097153717501682,-1.4957599360006246,-1.446519603441027,-1.2363777044907402,0.6975261814310868,2.247700476881648,-0.9484632187755149,-1.3679177717415563,-1.0169613188364977,-1.8201383801688416,-1.7526023986485888,-1.073160408006402,0.5443710213477697,2.337679542553187,-0.7611682538804797
Bearing2_1,acc_00511.csv,0.12065635025960675,-0.25882487561462153,0.2957213068698598,-0.23550771482421975,-0.7866815609812031,1.8530666791139803,-1.2656222223783367,-1.4237535133496355,-0.177356372963849,-1.0012827057769114,-0.3548554924606226,0.8344829984363845,1.2932578289691679,2.166660347531224,-1.2662128173493419,-1.5661618126864254,-0.4421516755317914,-1.0569057484793187,-0.6892815857630317,1.4037170249937667,1.2226661279444426,2.14966279909449,0.5265634663480976,-0.20210416481707236,0.06917419126587313,-0.03899289072381928,-0.304544449018486,1.9859478652651332,-0.8651057861293786,-1.391098590012122,-0.8074913955214875,-1.486549050579568,-1.4331937422122234,-1.1987600755906147,0.3269781284817016,2.4497430053837435,-0.9000818146138155,-1.3316198743883214,-1.017017828043991,-1.8188249340578633,-1.7372293258894136,-1.0906763216355164,0.2650003514398448,2.476750210334141,-0.7611682538804797
Bearing2_1,acc_00512.csv,0.13698035278715465,-0.23412582818921315,0.1600712134486078,-0.22334829850891239,-0.7363629289948315,1.954983150306869,-1.2833523025643676,-1.4691149062245168,-0.3834008208505005,-1.009047634615065,-0.3407496507588996,1.1144913061827098,1.5934691995946975,2.2443410214905364,-1.2844987576368478,-1.7125160096604408,-0.6059117981335586,-1.0362707772739206,-0.710677765832089,1.7374901574624566,1.455828707077132,2.220337348740175,0.5822290050796969,-0.1918432710010292,0.09241740859900507,-0.052858809199858366,-0.17598128829111492,2.0489781708337267,-0.8405147276044208,-1.4036767708581506,-0.8178474554513273,-1.4937515086891053,-1.4683843526628357,-1.2109624681720452,0.37452079196197374,2.4701438503059103,-0.9264667396408203,-1.3546621118647275,-1.0101752091622032,-1.8458320995083732,-1.7570804043369235,-1.2391481639839852,0.30634365758389287,2.523686392807086,-0.7611682538804797
Bearing2_1,acc_00513.csv,0.13788864995662828,-0.22752298907057125,-0.08894052105363852,-0.13037553068263974,-0.5543454447551073,1.9699296339708723,-1.2883086237427925,-1.4627665815469437,-0.26704864052279875,-1.0097363998423918,-0.2515404909251152,1.3619664564087322,2.0294792916852704,1.9943927204067142,-1.2981787771815363,-1.6363651863779325,-0.5253243327037623,-1.0284179643303601,-0.670896042904144,1.868492552814055,1.974136890855972,1.977430307977241,0.6350612807794732,-0.18354885758196132,0.01983655933710779,0.2075123266279871,-0.17768842983555422,1.993275138091468,-0.8590772090046737,-1.3926847269990155,-0.8062154306681892,-1.500838901727898,-1.2682144265942659,-1.1022939803382805,0.5956418253442832,2.1883948219221305,-0.9232966671849803,-1.3764689198311941,-0.9751037314381935,-1.7305391836837571,-1.6090828983133796,-1.0524716343687999,0.5437019453499327,2.225106912371751,-0.7611682538804797
Bearing2_1,acc_00514.csv,0.06525800277945604,-0.21912351497461308,-0.005905339623105525,-0.18705711750630294,-0.5460216630100061,1.867725613803131,-1.2777711452594263,-1.427222846725916,-0.22468475055277373,-1.031439188088135,-0.27638765954491973,2.0619610684914718,2.018298649037797,1.9171764525063877,-1.2788173971419152,-1.6467011330368462,-0.40500627916584286,-1.0475017001127283,-0.7114888442273598,3.569009948019313,1.7379917980148982,1.843068818001825,0.45029477566113874,-0.19251566816459367,0.06998165836673974,-0.0861370135423521,-0.15716103341291,1.8926649416114982,-0.8674742276781169,-1.3556230092746187,-0.7979573349494922,-1.4488767760598815,-1.3523914102222585,-0.9826198618815781,0.49859028602357075,2.219159070278993,-0.853740517662131,-1.3215124857955685,-0.8928560644096794,-1.758612401680028,-1.6464661739280901,-0.6136548902254434,0.3949125259610416,2.13462269277252,-0.7611682538804797
Bearing2_1,acc_00515.csv,0.253134401931927,0.20530871165686798,0.12345997527604263,1.106891846385705,-0.04858955862545112,1.785556746192161,-1.1967285872850928,-1.321102579484208,-0.4015756860234957,-0.998954975311413,-0.010888012759064605,1.5419693019075962,1.8397326349241654,1.9339631430000976,-1.1867363447398063,-1.5680294652781641,-0.7082781832288919,-1.089628482044792,-0.2076149134610676,1.7026365053509267,1.8965392353982358,1.910897215950541,0.8540253539767557,0.28353808520996254,-0.6775518985318922,1.634623469334101,0.4765005656985947,1.7368005497751053,-0.8645005581139519,-1.418428271102533,-0.8156742834516856,-1.452529524595034,-0.5414552858254554,-0.4397728292762371,0.26687208739292023,1.8611640022024805,-0.944362448980525,-1.4009768998352325,-0.9898314698552965,-1.452615645753954,-1.2293805111018385,0.5208399493907383,0.003150593701368135,1.848760242621549,-0.7611682538804797
Bearing2_1,acc_00516.csv,0.13674927248693589,-0.2294064191598798,0.2791387767484392,-0.21193715396685478,-0.5082140691930682,1.908184723797907,-1.2593577625842993,-1.4377937901566045,-0.2682881017075547,-0.9968504282704448,-0.3333959731806557,1.2412793928248436,1.9493986525902813,1.9731014187234366,-1.261552626873818,-1.5992077414393098,-0.5410682502178054,-0.9895873109386798,-0.7127711943703372,1.9153327708766932,1.8740776887853094,1.9529243246630703,0.5850343109831712,-0.2015712932378414,0.13716215816817176,-0.028516418986367434,-0.23701638807639472,2.02581840484727,-0.877057320437,-1.3925681236755898,-0.8076892307570405,-1.4585506530686119,-1.4986891379897092,-1.0584921014546698,0.9008439773172457,2.0290310878865685,-0.935934645795912,-1.352973551998524,-0.9864150127916802,-1.8251219633716167,-1.765087452915794,-0.8588194341828775,0.9169001014356996,2.043813238489738,-0.7611682538804797
Bearing2_1,acc_00517.csv,0.18175063636206723,-0.23137728186696704,0.0972634467588363,-0.16517016813874982,-0.6435151546130105,1.9147077946714903,-1.2332257162533768,-1.439860111628594,-0.353865608245653,-0.9622618998373124,-0.3285636953510741,1.4075487850394532,1.7563601005015588,2.072987662828363,-1.2440752174197105,-1.629754655931332,-0.5774544442530501,-1.0361887831469057,-0.6240330660856644,2.148610893399763,1.7283256640865128,1.9920006151125595,0.6441210855920295,-0.19549742950498417,0.08993525077120364,0.032801753829894476,-0.1887042129044344,2.010332079157367,-0.8688130244651195,-1.413275385020631,-0.81369666256273,-1.4710643545440631,-1.439897551316913,-1.191985031670204,0.5676187940358305,2.3158008454251404,-0.8668903665867985,-1.3737962746982184,-0.9688897907426185,-1.826921495498187,-1.7281498325476328,-0.9839697535671686,0.5355052384502975,2.268834859652088,-0.7611682538804797
Bearing2_1,acc_00518.csv,0.2319197472860058,-0.19892877543028062,0.14920066912292185,0.0912999821425779,-0.37639385235440204,1.9824975932884352,-1.3030565031188568,-1.4425337370270304,-0.31534680363846795,-1.012324741141351,-0.4364287942274737,0.9061343130114052,1.6357025459295451,2.2213818759809794,-1.3031414422036711,-1.7109801093046946,-0.4992391794304537,-1.071414343396082,-0.7596346637651288,1.6999455602531612,1.5349403121716287,2.175792199387878,0.7023012410534606,-0.18275842170069156,0.09139035438225505,0.2101314445623501,-0.08511607108244452,2.0921694190665137,-0.8831558878298952,-1.407681963305698,-0.8176860905966583,-1.500112981967503,-1.4733617656311995,-1.244255379704792,0.3806988621973402,2.4994872723808044,-0.9366658278336781,-1.3638355569742657,-1.0423744922032423,-1.845630242931956,-1.7706328150796105,-0.9936143803503475,0.3267037321697871,2.462632670046284,-0.7611682538804797
Bearing2_1,acc_00519.csv,0.16283571631089577,-0.22014966529289254,0.19203211512984417,-0.10512135833546309,-0.5895546848994498,1.929778096138723,-1.2823241342237957,-1.45126793075169,-0.3737527193305797,-1.0021834385015667,-0.3556676475828108,0.9764165970329244,1.5097963047517033,2.259620580452579,-1.2920047959053143,-1.714613024060549,-0.6378775298695217,-0.9574092149744524,-0.7276807214975315,1.5412701876134993,1.3930981235145115,2.268950074178654,0.6717118683517447,-0.19485593457925987,0.10235357258813492,-1.4253230064889717e-05,-0.18621509575436399,2.048405467916737,-0.8416122325253498,-1.4034719726562381,-0.8200149404332184,-1.5084306333680144,-1.525895486668724,-1.2075059872564604,0.41448924641086904,2.470121773475747,-0.8505177330028056,-1.3629336725798764,-1.0202707613329018,-1.8261279474895524,-1.816044497527609,-1.4840186661188772,0.3804204359459406,2.555444951784796,-0.7611682538804797
Bearing2_1,acc_00520.csv,0.11927777148190549,-0.22537091753688807,0.08158513829055754,-0.120273861743769,-0.6538390917974825,1.9665396178419414,-1.3063602827177785,-1.4593986339887304,-0.27983253111077283,-0.9835294119775242,-0.36531917604275244,1.092535372260247,1.6736330077265706,2.1667301079330357,-1.2965168609066395,-1.6726884426666704,-0.5324679083951706,-1.0265560303249748,-0.7165632387394995,2.098749719723469,1.5702369215208736,2.1103575650760273,0.6291955933632585,-0.1934324223293047,0.03760451390695414,0.012927270680904884,-0.17715691758406998,2.0677798998183565,-0.8835587436577378,-1.4194883645271859,-0.8116667450651137,-1.4610410486396477,-1.5213481707715284,-1.2481987375097288,0.4964383152630768,2.419695140045987,-0.9113289895709653,-1.398540939378013,-0.9810495311943648,-1.8426229936239407,-1.7981509257223305,-0.8077697329876546,0.3631560957680408,2.36966792940418,-0.7611682538804797
Bearing2_1,acc_00521.csv,0.11392580251849767,-0.23448549291110357,0.08934502123619112,-0.1664796437419367,-0.692512735975557,2.036603553763399,-1.3211330259069294,-1.4583318024918988,-0.3668748233254191,-0.9824250518533162,-0.3291390648599025,0.9161986466535603,2.1254059003845054,2.0658053728118424,-1.3045747873582538,-1.7095017211714365,-0.6235715775891355,-1.0054033986947262,-0.7199291851402794,2.1882081386262873,1.8811175602010959,2.07418473050149,0.5650864296588012,-0.19483694536455437,0.08043349373949775,-0.06749505648012183,-0.23053648630795961,2.0824674306591424,-0.873570537627994,-1.4155380937720639,-0.8181215667085882,-1.5083770681419553,-1.4445694573544576,-1.060288872067392,0.5898654492948899,2.2642513039457746,-0.9465734346297507,-1.3681470500450637,-1.0154554220053913,-1.841592502232122,-1.75716821471668,-1.0561078288279238,0.6051342670315316,2.3057027494479727,-0.7611682538804797
Bearing2_1,acc_00522.csv,0.23405743540659654,-0.21258256367366885,0.24478755692735457,-0.09258780613353093,-0.4357123150490199,2.0537129768457754,-1.319407573513907,-1.4804906265563182,-0.41472889114269407,-1.0514967533963149,-0.457629167445587,0.7909723047534203,1.5662297321189451,2.370503231096235,-1.332061480707128,-1.7482987016846692,-0.6521866247063597,-1.0945106100273858,-0.8167884732608803,0.9591222120466593,1.708034978962862,2.3212774496410558,0.7370757289989824,-0.19344142744814988,0.09355069300668732,0.012311007637525436,-0.17248698820689834,2.1691493116070535,-0.906770015650168,-1.4330803470854503,-0.8204976993534803,-1.5234479753137649,-1.4996546375183128,-1.363668622504841,0.3658761287768405,2.5857742421292933,-0.9761858734023441,-1.40241949409217,-1.0394014167054326,-1.861653321962627,-1.8113451088065802,-1.3207791849815538,0.40973195118834144,2.5515646200594992,-0.7611682538804797
Bearing2_1,acc_00523.csv,0.1762369002169323,-0.2064105796536709,-0.06130788134999775,-0.09838691237621605,-0.3582240576663987,1.9416703049219408,-1.2988345783057686,-1.436662261477071,-0.20195930735537987,-1.0382414004648353,-0.42699485275699994,1.1122726017655886,1.322360952973752,2.2398145982505815,-1.3026506704357588,-1.573147746983712,-0.48326329667786344,-1.0208910903670174,-0.8205047002624368,1.4423820876615276,1.181624144300812,2.2332819719405332,0.6109287925847503,-0.1824711903668691,0.06954250077455632,0.06669622121576767,-0.05969851301954285,2.069676898213425,-0.8750776951279527,-1.4105421413228016,-0.8014962554969755,-1.504504188824826,-1.4802165130285805,-1.3016537013251668,0.3878795165767551,2.5053870632632784,-0.9448612706181407,-1.3671517859665456,-1.0136170422136677,-1.7889474466607158,-1.7911665429292025,-0.973901510267281,0.18614762342839508,2.5150609673150908,-0.7611682538804797
Bearing2_1,acc_00524.csv,0.11201584990395878,-0.22726299349300125,0.1391340929445537,-0.13860652018838612,-0.4575054088665107,1.9283521281498202,-1.2838281601720918,-1.47751116092802,-0.2686744155058816,-1.0423597388501948,-0.39442108088717065,1.2158313865183006,1.5206766783439378,2.169380728344944,-1.3042116475959287,-1.6669503311813956,-0.5007259616150066,-1.0484785660417393,-0.8131033969924414,2.1746055626680527,1.3660284987924627,2.174009620148276,0.5412106382913658,-0.19093115145115389,0.030300530703437335,-0.0357575097460767,-0.13266743011230445,2.0163605596009404,-0.8483374108432424,-1.3909503065232882,-0.8095500242637026,-1.4960957875575294,-1.4576436651646767,-1.058649796866154,0.32809808847048105,2.3979046332646097,-0.889172948125874,-1.3568720214199401,-0.9657576627476548,-1.8243097497242287,-1.7838822189644719,-1.1714791635232182,0.3600268472145596,2.4454333907612877,-0.7611682538804797
Bearing2_1,acc_00525.csv,0.16560850180620676,-0.23360520279459554,0.4172796844834134,-0.1430961508278842,-0.551215234907674,1.974935966578962,-1.2621243346389184,-1.4395497875691392,-0.3950519604084028,-0.9981855657603084,-0.39713909697374594,1.2829886562738282,1.6889459225205519,2.1765808079309097,-1.275688392816742,-1.6846129001053398,-0.6303788490229485,-1.0364681791215202,-0.7377772394519465,1.7159016658432082,1.466256118368705,2.211929752723022,0.6060863520764941,-0.19345912159214101,0.10903177395504098,-0.028670484747212364,-0.17582603467019867,2.0763714325844362,-0.86422317282899,-1.4116620188268598,-0.8256318559702444,-1.4857924311469681,-1.4793012022399221,-1.1156763281336128,0.5313938658969486,2.3329922700356573,-0.9346034266837089,-1.3562959426499424,-1.0266677693562942,-1.84265683381989,-1.7716150277202571,-1.1476925255845407,0.4444096256332779,2.430502158067638,-0.7611682538804797
Bearing2_1,acc_00526.csv,0.06067409047083336,-0.26121697635551505,0.07390525387510968,-0.28844794278163444,-0.7773707521155775,1.9076355859431953,-1.2276067532724293,-1.4526272548661439,-0.21165161169111094,-0.981286071268976,-0.29164871779062573,1.3174714177268216,1.572251438976171,2.0272033455752516,-1.2400096730696286,-1.6115105713769482,-0.48586479082435524,-1.012156940515303,-0.652044328843139,1.834539219813034,1.5206979267186267,2.0216951224089565,0.5064317047888343,-0.20828921229931427,0.1139982054220818,-0.07596867332659026,-0.3654596603296789,2.0126863937839246,-0.8699896391655566,-1.3957161344958882,-0.8024436946432992,-1.4602049593972646,-1.4107307526370776,-1.0177277143167465,0.472617485224589,2.2744294521196986,-0.929556790114747,-1.3863541140491222,-0.9854675095945329,-1.7762943611096604,-1.7152449962921605,-0.8664339478476786,0.42279518153965623,2.3026763483754973,-0.7611682538804797
Bearing2_1,acc_00527.csv,0.10635380571811043,-0.21775537287390012,0.22541615514854405,-0.1649831001954375,-0.5026165484639072,1.9423823226095553,-1.302226890417579,-1.4090965786969747,-0.24715492481417314,-1.0103752878584167,-0.3264157703368918,1.5311272150282387,1.7918013933719403,2.024919594417393,-1.3255724840662368,-1.5864067373936208,-0.5010674098395931,-1.0834284322374887,-0.6662751837629096,2.0334712368252568,1.5993769231122898,2.0873331737201637,0.5663657030991671,-0.19106533604316195,0.053503940185120245,0.060687656542817436,-0.20324664658369232,2.048981499472725,-0.8864420338310236,-1.3943526499593204,-0.8068635253599628,-1.4973572136875513,-1.4151898923111141,-1.07235678947579,0.5317850831096963,2.2751228688755614,-0.9292060312191702,-1.3573237594414358,-0.9703764107462505,-1.8153907878942934,-1.772454084523501,-0.9890900781730441,0.32339601301943205,2.4171595769600445,-0.7611682538804797
Bearing2_1,acc_00528.csv,0.09831209041842258,-0.22133515951574925,0.13698036167609068,-0.07687409889528772,-0.5503328841459767,1.860440136545317,-1.2647262443322111,-1.4273696217077394,-0.1504548507293274,-0.996307788756956,-0.343104956377354,1.196442585764387,1.4758241124909697,2.085965543810659,-1.2665505166555904,-1.5628933816341875,-0.42500505123339194,-1.036536273443162,-0.7246787106108108,1.899037374075081,1.442982563059916,2.0298144188646536,0.5362162471132852,-0.1905574901033304,0.09440657109489244,-0.04145794289733735,-0.1817599179382549,2.042181920317351,-0.8793482890954945,-1.3882124713796982,-0.7963967594813061,-1.479453223698894,-1.4618511531852894,-1.0730429053342059,0.3503931373515979,2.430266896802254,-0.9407862294857795,-1.3721376443052828,-0.989435984467971,-1.8271367748601437,-1.7449932801741983,-1.0978914171020329,0.33684965349133894,2.4515718691381423,-0.7611682538804797
Bearing2_1,acc_00529.csv,0.13588830136123073,-0.2024534689284876,0.10618389392336447,-0.045446684418800995,-0.39178624609081675,1.9713465366564662,-1.3044348968092172,-1.4439254112014608,-0.33208905054889015,-0.9956395281675394,-0.36752014222546225,1.4137755725280658,1.4162911797038475,2.2482127865722505,-1.3005760146827512,-1.640465061490519,-0.5779197051429393,-1.0683541165801094,-0.6838447810848514,1.950743484298462,1.418066027489821,2.1877600848512393,0.6395424270691539,-0.18691494058727764,0.07530053375400882,0.015238257093578155,-0.11330958154801085,2.084156271345722,-0.8911447148020005,-1.4164581615984824,-0.8104175816586516,-1.478255230053426,-1.4773677306074826,-1.1452952644693433,0.2527299741882216,2.528755423280745,-0.8768069796935462,-1.387676399316416,-0.912418147714259,-1.8543500713284848,-1.756223909072945,-1.1081326247586072,0.31152492272409177,2.436155097565038,-0.7611682538804797
Bearing2_1,acc_00530.csv,0.20127216993672917,-0.23900918751231306,0.19698055432515688,-0.08005425393159876,-0.7039712139500135,2.0006257208020286,-1.3072277093840945,-1.4837268895527393,-0.3018277609736407,-1.011162352900359,-0.3874685077113147,0.4413516059752276,1.627793608381557,2.2499786230602274,-1.3204343852461613,-1.7075358040414286,-0.5669400085866352,-1.0387064434019306,-0.7677362161395836,1.755555837253099,1.439470113743432,2.2488254004208157,0.7337026562165293,-0.20200826232103739,0.05677079905939073,0.02586879459187493,-0.27323918464671704,2.032680450198158,-0.8786199159458723,-1.4001855565050385,-0.8131650471206916,-1.4783725791606328,-1.4721505003678625,-1.3333113864818784,0.7172973412380135,2.2712392987244723,-0.922943156556504,-1.3349348603769458,-0.9845379193362106,-1.8337914006277212,-1.7744102433792888,-1.1410313668749101,0.6879944670978442,2.258237446803337,-0.7611682538804797
Bearing2_1,acc_00531.csv,0.179354726403251,-0.2049263047547887,0.12026401400574017,-0.010464979019378597,-0.39063526124754566,1.9225877279548993,-1.245181585288303,-1.4444859899464124,-0.372926675994257,-0.9764463228186674,-0.31085627422931444,1.0234464083679782,2.211171269575926,1.9521364217154575,-1.2645031998506497,-1.651057240492159,-0.6119363724113736,-1.0021252565176682,-0.6900261792229495,1.8895949031123271,2.106542450788602,1.9451738357025619,0.6948084430636083,-0.12951551432767247,0.13770796538415594,0.7493616075194264,0.031579810856729285,1.9897721820546805,-0.8601566798815394,-1.4061194249076376,-0.8231623551947748,-1.5009588767979174,-1.2718637287004848,-1.0245323290795798,0.729211028332736,2.077726192599795,-0.9289229397113622,-1.3690711641472453,-1.0105322815121567,-1.7666400662814974,-1.6438091880175878,-0.6629250792328614,0.6240321382504653,2.1029924006818703,-0.7611682538804797
Bearing2_1,acc_00532.csv,0.18013544386831784,-0.235365393365882,0.08695586120767204,-0.16236414898906357,-0.602085975283375,2.013423647579034,-1.3162852524784627,-1.4762620558427997,-0.32841305128110176,-1.0792151056424895,-0.4026975613586122,0.8066271456954615,1.5650761298760805,2.3070363440754584,-1.3285569082704272,-1.709171206206076,-0.6090431391540511,-1.1002757925474334,-0.8233118974834683,1.5991765530197264,1.490572991865579,2.29540488751384,0.7075338880510695,-0.12428943901721114,0.12193488154627373,0.7168537319811569,-0.03576633472900686,2.0466091236389383,-0.8966720793227283,-1.4280197712486125,-0.8135986783842912,-1.4887513862858395,-1.3992951701701004,-0.9049851174238231,0.46355325948751114,2.2897893970302583,-0.9676015740662496,-1.3863428792271926,-1.0471484823228452,-1.831925372445401,-1.6660518353387321,-0.9872332861114005,0.4870497610530033,2.341349841789646,-0.7611682538804797
Bearing2_1,acc_00533.csv,0.2512327700585929,-0.22995222823044223,0.196125531615009,-0.12869191919282788,-0.5218421798064355,1.992963313719935,-1.3005655344144433,-1.4739421933647676,-0.35985648596154646,-1.0274415996581834,-0.43057375536138515,0.6967569665330505,1.2069796329421978,2.420070604981394,-1.3060210866039599,-1.708937485733959,-0.6247931056778528,-1.0899483656907984,-0.8104046320242718,1.1047157408390407,1.1566148899659159,2.4208973582092277,0.7244741404952026,-0.19607862559243056,0.08278716963799373,0.07640236414899514,-0.2077200290741125,2.1036156936010375,-0.8749380923796702,-1.423381709094612,-0.8218212700926244,-1.4898837911781384,-1.486943085385486,-1.1555722226327283,-0.02435873753803257,2.747594409358436,-0.9444358812095268,-1.388054535225849,-1.033910069118552,-1.8653051759302859,-1.7896923608543356,-1.3778685744207133,-0.18359089629652192,2.890822168712217,-0.7611682538804797
Bearing2_1,acc_00534.csv,0.4710231818887858,-0.1821271879010126,-0.11712636261688386,0.1219791248458147,-0.14044980251271452,2.1765305366274377,-1.3575554614472958,-1.4967107903598382,-0.4840201131265067,-1.0676279797383368,-0.37580073560334204,2.081299478669674,3.157914003226298,1.828444382013614,-1.3603723882077128,-1.797568481834502,-0.7109992780481939,-1.097662142175633,-0.7485582599515234,3.013349216411682,3.1300958607007034,1.7808536807644948,1.3238957595158758,-0.17525669436513996,0.10060354072602103,0.3765224662748194,0.02178266203968041,2.2718042788339328,-0.9155044006246997,-1.4839951631044974,-0.8425405627752895,-1.5665922749586125,-1.5571671470773156,-0.6808017663178083,1.3692984222086961,1.698304256643979,-0.9826230686168483,-1.438453358416285,-1.0433741067479476,-1.938821924922931,-1.8605840238319786,-0.6202686347031705,1.7693373540484894,1.6142218544324667,-0.7611682538804797
Bearing2_1,acc_00535.csv,0.4797134084778776,-0.18273546008195934,0.11889063768312928,0.10813609704069566,-0.25445549449767124,2.2277484582709746,-1.373196035008212,-1.502817071958119,-0.5308968537413445,-1.028345505882812,-0.5079280908980227,1.5444711887788767,3.0055014369270205,1.966654828385098,-1.3630731670042253,-1.823731461602163,-0.7812642145334905,-1.0828925373367702,-0.8608297238817855,3.2719319965254936,2.772047637112996,1.9351815184461916,1.3440270711155529,-0.1839459325532448,0.04212179975964893,0.3688191782325753,-0.02580845062946774,2.276267456104445,-0.9122036437539821,-1.4582128430455794,-0.8467685899703248,-1.5545200006803646,-1.6129804756001593,-0.7958520166000315,1.3541047013716094,1.7643784851319666,-0.9716470224124197,-1.4192903466355635,-1.0265106993715523,-1.9452890298471213,-1.9287296140596446,-0.16243147928841198,1.2918839063848624,1.764731822824883,-0.7611682538804797
Bearing2_1,acc_00536.csv,0.39744574075587735,-0.16794680945432044,0.38993594880365123,0.15041345222930239,-0.10773014187983114,2.1265248499473897,-1.3288897864427598,-1.4953721575952337,-0.4768000160023179,-1.060638755874813,-0.476767017103425,2.1387232179796634,3.061583172236564,1.8318738263278251,-1.3347237587420002,-1.7488583656324812,-0.7686223424153729,-1.0927411637139886,-0.8350132611855727,3.2702059888894675,2.779392043337414,1.858894375434883,1.2106683434208447,-0.17849023136579756,0.03427772218312851,0.3122770440025049,0.10784297261186795,2.264992488586217,-0.9206497083020535,-1.4719782627887594,-0.8462619469595846,-1.5348698900486726,-1.6032988942692237,-1.0155301089468651,1.535649456319163,1.7034442389086568,-0.9885642568551459,-1.422827324477189,-1.0487983581782259,-1.8635892046498677,-1.8894881615646721,-0.7749764433827364,1.5256701176680922,1.7846800380499124,-0.7611682538804797
Bearing2_1,acc_00537.csv,0.4540087861801842,-0.19425614764936389,-0.04719592660004552,0.19792870983065727,-0.2994476704681702,2.111938169099385,-1.32906902175083,-1.498819185501717,-0.40968789820742013,-1.0582699929390273,-0.4673633383778086,1.4034379922087576,3.4149213216621783,1.6532527924599347,-1.3424296218643919,-1.7473775198914834,-0.5939813140575106,-1.1088929791859337,-0.8636516817591667,3.34144317755579,2.946681322999556,1.7242019612939183,1.1577134284686865,-0.18370222054088994,0.058412697464769285,0.37744686083988854,-0.10766861570974762,2.2160374180602664,-0.8996615297400181,-1.4721526548111699,-0.8343721833196692,-1.546056483873555,-1.47851630976355,-0.9606442155323688,1.1861366418607673,1.8534595869433723,-0.9591541670123103,-1.427672193035619,-1.0286873089136945,-1.8997632093787702,-1.7839896301603833,-0.7798706901510535,1.0768769597423675,2.005282355375438,-0.7611682538804797
Bearing2_1,acc_00538.csv,0.40703549485662566,-0.19776809611006266,0.24042849507586697,0.07446386724445997,-0.29830175480398324,2.106350919327286,-1.3075966857755559,-1.48583251764221,-0.47733817356780955,-1.036458746851626,-0.47298765925366026,1.6381218796146562,2.0024835771223253,2.2043201268852566,-1.3329135801316208,-1.7738971684603762,-0.7006476396205681,-1.134475141754903,-0.7856021040972366,1.892015237301497,1.9620184019833273,2.2066668623571633,1.199301278258476,-0.1764774247810546,0.09209329036743152,0.44831711082853287,0.00687755066662983,2.2276562733901177,-0.8947957331266752,-1.4675550601756842,-0.8446544105195669,-1.5460331351736893,-1.520865924460927,-0.8389794518050724,0.7323382576947544,2.17741816604348,-0.9784644071815999,-1.4236074763880686,-1.0562115005379742,-1.9149511465195876,-1.855445680471999,-0.43620595636133846,0.681054855916596,2.1785941491652046,-0.7611682538804797
Bearing2_1,acc_00539.csv,0.35300548378462127,-0.19366329691866352,0.1494736513375757,0.16014098528154846,-0.20222982560669947,2.168244741596634,-1.3593376083470468,-1.4774806456703924,-0.4753169103405306,-1.0646609422855686,-0.453506318212299,0.6628377693044094,2.4316864406064425,2.144644351299382,-1.3613399272860036,-1.7824191887234544,-0.7234493902746706,-1.1094305791384884,-0.8257072246574607,2.3162967278937465,2.4799549417870224,2.0554476238121637,1.1122908986945896,-0.1820953948070713,0.06235782981366911,0.19503299999955184,0.024210400605542935,2.2163728142598353,-0.9052174297999683,-1.450144777066323,-0.8378903249286904,-1.5505984859298283,-1.4698956378713135,-1.2273542940541113,0.9359844164590847,2.1387687880195836,-0.9668151816370225,-1.415444602864135,-1.0506117018127523,-1.8900994246592493,-1.7710114060310942,-0.9081774816022478,1.0640576162676438,2.051609950881119,-0.7611682538804797
Bearing2_1,acc_00540.csv,0.4958388932210229,-0.08363120454257307,-0.16707623323831067,0.6207022617167262,0.06516071586456011,2.193589760276482,-1.3757047126296194,-1.527639182364409,-0.4396574520803998,-1.058899715964366,-0.4613126638482564,0.8514384398766629,2.372572884247391,2.1846036664188895,-1.3946531539003149,-1.7924913761844334,-0.6974701142253855,-1.1351933163447023,-0.8235950057454905,2.1450810117247645,2.2420886693275164,2.1777333295496883,1.1836273243056783,-0.17098529474964505,0.09420917516686247,0.6066967129770685,-0.0189759383980057,2.195182576527111,-0.904266537033666,-1.4534941581507337,-0.8329300076881434,-1.5509317050591702,-1.4531880318461237,-1.1509503019457688,0.7583964907858576,2.234653735305474,-0.9639733047324484,-1.4313697981766254,-1.0278690840301008,-1.8825500108248492,-1.809556170269333,-0.8608610668271705,0.6175612912450519,2.299795868928382,-0.7611682538804797
Bearing2_1,acc_00541.csv,0.25433895867784995,-0.1967998086235833,0.0938013879258834,-0.05274233420798548,-0.35056006713086607,2.1605225230079745,-1.3311776872388852,-1.4861036125227125,-0.4675401099549045,-1.0546190433168499,-0.3967809215490402,0.9695991325142072,1.8039474551152916,2.324904582129297,-1.3509329242221124,-1.8043967913022572,-0.6993214168309049,-1.086164004143266,-0.8126416013281531,1.4503414321596952,1.682953238799599,2.3585414768637003,0.8088346974354516,-0.18948233888979457,0.12968971963847492,0.05159777665296969,-0.11566928879657469,2.196062732593939,-0.900668458419325,-1.4434313550607356,-0.8307803079153026,-1.5170504587847928,-1.4449498687287,-1.2295792564611376,0.41164236067546467,2.4885152183998165,-0.9787580281787464,-1.4175394214305888,-1.0465414874656842,-1.8445285610252968,-1.7605994039324306,-1.4663233932750277,0.3300150012778315,2.6245145417797664,-0.7611682538804797
Bearing2_1,acc_00542.csv,0.39992863152748864,-0.2116049973802367,0.14540719093373813,-0.04525961647548868,-0.27689733926423127,2.2097974801287834,-1.3564679688082497,-1.5167178388610782,-0.5085519900788322,-1.0601625400398613,-0.4953434206624157,0.34694541110587673,2.2473556592591675,2.2513366281221425,-1.3615070291081588,-1.828895395920826,-0.7517886009155988,-1.133591434409221,-0.8370353073794218,1.5924922405693458,2.230197934370421,2.2359922202375535,0.9906756620501065,-0.1921997789563724,0.07847918758480897,0.20227409075926125,-0.12413505361301867,2.3061836745134703,-0.9172340333643038,-1.4505549605841959,-0.841569780090468,-1.5303824375455402,-1.5682506841673782,-1.2737393958990537,0.5513719238739622,2.4644552136156874,-0.9814744727456334,-1.4048274901063156,-1.0691270171476663,-1.9093352396254388,-1.8648981864953091,-1.3584916001333438,0.5851774462066948,2.5131051666880717,-0.7611682538804797
Bearing2_1,acc_00543.csv,0.45506528733512924,-0.10859143977323533,0.16183236239502832,0.40819307811381694,0.14582179342002655,2.174370087717215,-1.3764514504551217,-1.5024179711674395,-0.5052503120954468,-1.0599442223807938,-0.2740682899857087,0.7099194582755906,1.550673048330841,2.504485718201273,-1.3856808702541041,-1.8221491891628872,-0.775752820364874,-1.12282857604768,-0.5969880460562136,0.9320656614674985,1.7157171241462876,2.4582323091862235,1.1107626702126288,-0.16922421520061942,0.06690270253650199,0.37544400594890515,0.031167619783375143,2.1967693178951695,-0.9137454682584757,-1.436098965960016,-0.8382631891502822,-1.5308542968975938,-1.379368601397416,-1.2867837053045823,0.13604438851617345,2.689371308341204,-0.9798187550500925,-1.4134283590548258,-1.025815183698786,-1.7995961590865102,-1.7369649203469937,-1.3224892214509238,0.12387129959647213,2.665927628691836,-0.7611682538804797
Bearing2_1,acc_00544.csv,0.39981100349240445,-0.22438315081359692,0.18435927021940826,0.02657447375648061,-0.5493633435567167,2.148960091025868,-1.3446743894766657,-1.497405960532731,-0.4435965519943412,-1.0699065744697982,-0.3846803356628486,0.4688043533246136,1.5906614242638215,2.4291252929101006,-1.3456357544357143,-1.806249993932513,-0.6776588496567912,-1.0858394178189272,-0.8216909800042155,1.2285511734308479,1.463405609805119,2.4309175313118008,1.045387357152218,-0.19166741312037647,0.11610044965220107,0.17485038532887268,-0.15479549793121464,2.2741846653989364,-0.912566398158856,-1.4528464462166415,-0.8353880663026426,-1.5305107913666485,-1.5600817247198016,-1.2851906808001463,0.4615301954741751,2.5349855578995553,-0.981931674800985,-1.4167224011384016,-1.0532125306198732,-1.8998207184190403,-1.8603647371028698,-1.2282665113710811,0.33294310535943816,2.610896953007146,-0.7611682538804797
Bearing2_1,acc_00545.csv,0.3637086253760825,-0.18866317500834154,0.16915429576214597,0.16631422741085822,-0.1837486676739893,2.1048731485640624,-1.310982225221525,-1.4786261884870586,-0.4715505296871507,-1.0653354984644523,-0.35747638888662314,1.022288171163434,1.6595718883115773,2.3376975044322204,-1.311828491571966,-1.7725271360340824,-0.7091638436569341,-1.133750754806855,-0.6973842338147228,1.6365471378722727,1.6179031736216363,2.3061045905523576,0.9861174940726267,-0.18177155778226367,0.09081359280523978,0.22938966466795999,-0.030690697765804315,2.212802344837128,-0.8985429356758733,-1.4390958560356857,-0.8369168319924017,-1.5301986158482506,-1.381174879273704,-1.2548930523138815,0.19668236234656883,2.6197787769994134,-0.9688115092339217,-1.4143362197945675,-1.045232874137557,-1.8246233459174992,-1.7495354611750864,-1.3627297424715243,0.32719699456331786,2.580072544056788,-0.7611682538804797
Bearing2_1,acc_00546.csv,0.3417721694296257,-0.18468489579034758,0.13900624061990127,0.10495594200438446,-0.36956680087829086,2.1729612460555034,-1.3652233801291527,-1.5168301048502593,-0.4330296115837457,-1.0315171876521618,-0.5438743140427624,0.08833343514655229,1.472401761013866,2.4953031623918944,-1.3766699730831933,-1.7965593674430653,-0.6774570031265696,-1.0878576958859076,-0.8124670071298299,0.8994523336669082,1.4818592201300453,2.481121695860234,0.8925243780574755,-0.164256053892856,0.12714457066912516,0.35772644345174404,0.027842056784172196,2.3034022057520827,-0.9062184873529617,-1.4502645956033373,-0.8265887651957762,-1.5193614255560632,-1.565893727396542,-1.3653430939467939,0.14867362452459956,2.753477428798577,-0.9670535746389899,-1.4251754577700075,-1.0426160292910271,-1.9107279408198474,-1.8524302524765885,-1.3903357105722687,0.17687285826273258,2.744253390006819,-0.7611682538804797
Bearing2_1,acc_00547.csv,0.3672763036287239,-0.18366778032597636,0.13663346152599026,0.0778310902240835,-0.11995680321379361,2.1402762362797145,-1.3369424846555078,-1.4869700297782311,-0.4683483403169056,-1.0678020302150049,-0.5184617881664546,0.5960843218899105,2.3466783424093793,2.1021002151037442,-1.3430599633335338,-1.7760215067463492,-0.7003618394441411,-1.1255766961666156,-0.8779698738200714,1.9706816653779833,2.1227525582323903,2.1707881488503493,0.9101616103279545,-0.18479084291717826,0.08998366809138325,0.11014276577402353,-0.02960256550682106,2.1968808028655125,-0.8917168607305616,-1.4328591410052223,-0.8316315680588896,-1.5275193850114615,-1.5560381423243936,-1.2087988784134724,0.6744782172110685,2.2924694060139403,-0.9231412052499879,-1.395139850653206,-1.0045153245934266,-1.8988378543775484,-1.8537139320070652,-0.9800181822445542,0.5209538487377043,2.3828311275530396,-0.7611682538804797
Bearing2_1,acc_00548.csv,0.38622926554572623,-0.21025139319915537,0.004746864699052966,0.052202781990282214,-0.40230229096312115,2.1155716736725583,-1.3593853206091668,-1.4500405060112644,-0.4497496317931505,-1.0586632550802764,-0.4388188355251523,0.7537176733979374,2.157394159759248,2.1298996359659745,-1.3430432223562898,-1.7654862323775817,-0.671681078732908,-1.0846587216348686,-0.8212402010478818,1.9558502386355654,1.9421244396279937,2.1948248960712435,0.9569000686927864,-0.18560787831399297,0.08642165119799744,0.16006007228776442,-0.06592291360580203,2.1656917108368288,-0.8981719283087097,-1.4203519994569214,-0.8268858672445418,-1.5215351241281263,-1.4523130513443334,-1.2915231098115438,0.4946419438053371,2.387868290322042,-0.9455478224299235,-1.3739506394996663,-1.0199123964532635,-1.8153346223424272,-1.756095021414346,-1.2678355476204968,0.36594652834356084,2.5006939018568297,-0.7611682538804797
Bearing2_1,acc_00549.csv,0.32057409064274095,-0.1954283765236974,0.033673229203425324,0.045655403974347496,-0.3472586455719904,2.169060486403724,-1.3664848732091563,-1.496259044854791,-0.3967657645864762,-1.0905342558028834,-0.43603580535980807,0.43662406718999813,2.060488081257093,2.2540844247546827,-1.3675468139773908,-1.769685620547477,-0.6662496326380088,-1.1210583591987424,-0.8654461981290418,1.8450239980903702,1.7039312589651425,2.3179385026021455,0.8813670382190455,-0.18585376657520533,0.07889992176845197,0.13417702446582475,-0.091664727750159,2.250607316567043,-0.9133517678620965,-1.4300939853973804,-0.8240169422877621,-1.5285960123450264,-1.5439078039561995,-1.339193131173152,0.5022252105421705,2.5029323816543045,-0.9745314199153088,-1.3942476380765114,-1.0125741153092076,-1.8923839662081525,-1.865095579863586,-1.3234145963812312,0.2808110881285537,2.6426857339991603,-0.7611682538804797
Bearing2_1,acc_00550.csv,0.2723019366943363,-0.21087670946535692,0.16866214721112532,0.023768454606794207,-0.3490685366352976,2.037057678794334,-1.3418793188652567,-1.4532389412078415,-0.3498696935603509,-1.035879439057195,-0.47186504947626773,0.5033502733278009,2.020541146858721,2.1754668188740225,-1.3446056576987733,-1.734903202425258,-0.561917886244116,-1.0946519655999272,-0.8107218445962325,2.032317910515674,1.7641928585862428,2.176335976585267,0.8114661831443614,-0.1882221702249974,0.14763253465613066,0.15913567772269524,-0.07919587991362313,2.1575495913362097,-0.8880788618345019,-1.4399138553909587,-0.816394647395105,-1.512422702177976,-1.53073360182399,-1.315276545372686,0.6184212274544835,2.3911984747822843,-0.9354615818620279,-1.3979229439579177,-1.0183537957788098,-1.8569714953320695,-1.8379461648826465,-1.3152187622086475,0.5054176859408819,2.4814728158616624,-0.7611682538804797
Bearing2_1,acc_00551.csv,0.2725907851801475,-0.2073815531116326,0.22212101454816421,0.11318693151013086,-0.4361777041515815,2.061370435316132,-1.3480909026321903,-1.4683603974702946,-0.3235340966279138,-1.0248691707099296,-0.35594476284534377,0.6486806160473333,1.7066734416476865,2.253972345886646,-1.3599259492725626,-1.718427723994753,-0.57969214417576,-1.0651132496011153,-0.7669894478637348,1.90875257121951,1.52496009992687,2.2698533371639065,0.768789164270351,-0.18169511201908278,0.030260007483987286,0.16699303152578396,-0.11242243201801139,2.1440849754439486,-0.9078223100175381,-1.443105331302621,-0.8127993041238293,-1.5129944713519874,-1.3768496347637835,-1.2861327113595158,0.2750583677858711,2.554442577431891,-0.9214261590126571,-1.4121404512346631,-0.9698806102549996,-1.868136835364574,-1.7037253566459372,-1.0102995743352945,0.1219061612240423,2.5459689632807416,-0.7611682538804797
Bearing2_1,acc_00552.csv,0.497794250393453,-0.17240470731800017,0.4710987691639224,0.41997835854249954,-0.35006079386229344,2.127219315847914,-1.3720084978868123,-1.4644171910573582,-0.48490623148598444,-1.0403385934323715,-0.4498732974016622,0.7139080181215328,2.184828597395348,2.2464505425387324,-1.3843246066142099,-1.747421240357486,-0.6099777129498093,-1.1010333650491972,-0.8464973483115243,3.490519167460346,1.7965723760747048,2.1275418025154758,1.1402196213385714,-0.1961296286202988,0.07006652247762216,0.25989468531524595,-0.16532214620716984,2.195059667553775,-0.9103079248619946,-1.4360152429408641,-0.8414228744883513,-1.5315051723888735,-1.3939041180353757,-1.3180617749672274,0.4530812544025199,2.4802472343412005,-0.9277116060939398,-1.4053465067435282,-1.0072014231087238,-1.770059864160813,-1.7205188505465876,-1.3591315627069696,0.4521055300864095,2.4469269561528386,-0.7611682538804797
Bearing2_1,acc_00553.csv,0.2996309936027959,-0.21599643664627982,0.12010026988431667,-0.018695968525124996,-0.6243506126343705,2.06778795906134,-1.3391441596273557,-1.4775235571812568,-0.31210457183757645,-1.081003605918816,-0.4173095659625118,0.4343898923309082,1.2413825142507355,2.458615164124005,-1.3609573832550577,-1.6592143813132756,-0.624586329772387,-1.11077702956958,-0.8188513589547228,1.2565527470821498,1.0499338540166434,2.485189720811428,0.8630487997473826,-0.17792310922355067,0.12930890113241547,0.22384329727754426,-0.05479457422386425,2.2421788485194147,-0.9031642628850226,-1.4352247744650863,-0.8209288620226316,-1.5304981127463524,-1.5413466338789787,-1.2756481574966536,0.19124828927122248,2.7046576140183713,-0.9599513366077083,-1.3921381425160653,-1.0422571384769972,-1.8806277074682594,-1.8218958639575287,-1.5023714598473275,0.20152479376806912,2.73133139799026,-0.7611682538804797
Bearing2_1,acc_00554.csv,0.36759987170245445,-0.2267972940879313,0.20300861939772197,-0.08304734102459749,-0.47952773099932605,2.1769244632571283,-1.3663034854320046,-1.5055011430490068,-0.4492039187636623,-1.0787870080011779,-0.42537431346556304,0.6336149966639216,2.327650779005532,2.194262625284859,-1.3700773458017355,-1.7724613095645492,-0.6863855253823365,-1.1347260569719053,-0.8435277701587092,2.484689551717179,2.0965467605308317,2.156006044891118,0.9919581337642175,-0.1903428849039223,0.047871198668651825,0.20520134021531397,-0.1567957206319489,2.2659115572071005,-0.9113287775317938,-1.4354397691555567,-0.8321115843709046,-1.5325046783891736,-1.5998112457021723,-1.3610502635740431,0.7725084977217214,2.3505076178687774,-0.9358591935875354,-1.408056093569585,-1.0161291521002054,-1.9344485593816882,-1.8925800059827087,-1.1371797053510035,0.5651543193504442,2.442822694024402,-0.7611682538804797
Bearing2_1,acc_00555.csv,0.38620813102548945,-0.2286636307504749,0.26419996772497145,-0.04525961647548868,-0.47855515959240247,2.1691204723482262,-1.3568754007979138,-1.4785981947438054,-0.4447623014220142,-1.0778426439949713,-0.4337763493044486,0.4112297749872279,1.5644682866381217,2.42579184057412,-1.3613985848660999,-1.761043108378004,-0.6876570984381362,-1.0924761820527975,-0.8769829323697725,1.273000653388409,1.522404232897538,2.4181533441098537,0.9928984581628522,-0.20082559676333983,0.09157821887084823,0.10475046414445288,-0.25215826280723724,2.2595397624868476,-0.882695923179195,-1.449124794783874,-0.8357706552312123,-1.5348563577534806,-1.468233140660388,-1.3646748711914074,0.20920181774197522,2.673858969483127,-0.9627902956167238,-1.4276368420734058,-1.0442016946468482,-1.8644542736956602,-1.7802025183383974,-1.607061020151559,0.21615831866044888,2.7440671499752805,-0.7611682538804797
Bearing2_1,acc_00556.csv,0.1707835088056717,-0.22255335431345014,-0.04299213499884947,-0.11054632869152325,-0.5730998933888276,2.0539588422430946,-1.3197274111895358,-1.4406983753300822,-0.3944219713770102,-1.025154360751148,-0.3784250607070684,0.6461968061613385,2.176647172146308,2.092787575630924,-1.326694175081747,-1.647934536809337,-0.6588098320927214,-1.0880576784451756,-0.6919808233599505,2.0856374809389178,1.9463117283330629,2.088635475064446,0.6552040168358645,-0.19614101034209303,0.08703684468469504,0.07855928480082347,-0.17772964064381008,2.1626312023312684,-0.8783755069897644,-1.4047888994698574,-0.822483607651947,-1.5088423499835966,-1.492714452907009,-1.3048705320856606,0.7283876691386396,2.273593767865901,-0.9440610175032483,-1.382774011655473,-1.0311305244724707,-1.8410824310862492,-1.7910146977954435,-1.4762884275771606,0.7126863354289351,2.3913617637137143,-0.7611682538804797
Bearing2_1,acc_00557.csv,0.2996585008861479,-0.21923308014160153,0.20292301815297437,0.0013203014093038027,-0.4502087377212637,2.0673873102885882,-1.323213248531095,-1.435782818321534,-0.4583568136025211,-1.055969255696126,-0.40975271121413404,0.3861881328581435,1.5970212575457599,2.3804605528657308,-1.3262274444852957,-1.6937121515148454,-0.6914657916320706,-1.1226925217139585,-0.7553524343791108,1.0808791787072984,1.4374287944266912,2.383541798570544,0.8533756665287299,-0.19357830750259997,0.06658727984695453,0.07239665436702832,-0.1430135811891592,2.15920406825839,-0.8608963372062693,-1.4271701162561856,-0.8295147527185542,-1.506723271269148,-1.5384172856841494,-1.2275360783552376,0.3899314546266961,2.523313478427418,-0.928892988933687,-1.3812990104042977,-1.0345079638840757,-1.8756850247845611,-1.8259963593587611,-1.7033387474760797,0.5468729454389716,2.5773762674932614,-0.7611682538804797
Bearing2_1,acc_00558.csv,0.3238191677098342,-0.20013908577160477,0.1066421329236643,0.07090957632152413,-0.4115510910465975,2.1768150390735,-1.3748176481565448,-1.4764530829155929,-0.4318818486746431,-1.0793124519588266,-0.4860207727970576,0.5249358524959405,1.8221318321038633,2.354268170795683,-1.388700310942014,-1.7771609327917774,-0.7145562216568377,-1.1303916986747413,-0.9270899895591197,1.741707385031693,1.607369892740546,2.418067644352074,0.8628574139643967,-0.18272510941457332,0.10443869458339353,0.272528077704526,-0.1392674720203685,2.2080524891120796,-0.9106439631675163,-1.4315550537238015,-0.8231566464615989,-1.5144145886295812,-1.5590686136639924,-1.2537253348375148,0.28773437987940015,2.614301761843537,-0.9336566278477741,-1.4177947590111568,-0.9394180619218735,-1.8804485619255848,-1.8775318905946679,-1.0783684798909097,0.04023028545963756,2.6713617705931063,-0.7611682538804797
Bearing2_1,acc_00559.csv,0.33226823743307254,-0.21993546691935906,0.045355394514601355,0.01572453304436029,-0.4928335312351216,2.1885602737828123,-1.3580898551239602,-1.493715676307621,-0.39580356355747526,-1.0626073820273105,-0.48286832781607014,0.9333930929784513,1.7263254661935818,2.2621750283331163,-1.372372069856759,-1.7367832657403173,-0.6605611199777557,-1.089919134418408,-0.872045584924358,1.8481908405971488,1.6592798241541566,2.313748850003544,0.8621281086050167,-0.1904273935265116,0.10207579709279845,0.19087322445674024,-0.11355889337315776,2.284064816644018,-0.9107428627918938,-1.4431701939803392,-0.8253677834644202,-1.529367899094678,-1.5696159626514516,-1.3824452948263728,0.2899889975367658,2.6238630285706135,-0.9760866840937396,-1.4126372591941463,-1.0529258890472615,-1.9042524175561433,-1.8645683489758687,-1.5687732636056582,0.3095017883932208,2.72676067601155,-0.7611682538804797
Bearing2_1,acc_00560.csv,0.3975136527795474,-0.22680107633504212,0.2435294887831946,0.022458979003607327,-0.6279037975021586,2.2296292963126727,-1.3867943257265634,-1.4947968542526815,-0.441462824129071,-1.0709356023850691,-0.4661119569427037,0.373405656517527,1.6583644111228497,2.467885574857022,-1.3944837445060079,-1.7906368103301338,-0.6849069296970857,-1.124138963901596,-0.8611998130619097,1.288974062287884,1.55584934271344,2.4596206167946,1.0289827243116003,-0.19621982517934308,0.05833272122480506,0.1765451086981665,-0.20052028963442795,2.2872515736405634,-0.9077415051715815,-1.434725863040482,-0.8350197532055412,-1.5200420316912513,-1.5981275309284537,-1.4589358314749983,0.4629017872503459,2.603434568064462,-0.9717544915891813,-1.404324914842345,-1.0592793455740248,-1.9198710244072565,-1.8969648230098997,-1.2805775505025287,0.2339797189109193,2.701044163643421,-0.7611682538804797
Bearing2_1,acc_00561.csv,0.3362546331260663,-0.22338330653102778,0.20015443857729381,-0.0009245139104451545,-0.4593059712954924,2.1467913465905917,-1.3610883000615481,-1.4652638175187416,-0.47292899076246464,-1.0492533144696534,-0.44167102118748347,0.46236867895790523,2.1721995593916343,2.2338532510624347,-1.3707898740423272,-1.7708667986323798,-0.7271809351356432,-1.1025966612180038,-0.8251735839755336,1.52798806925045,2.1212553838262087,2.2389918068416916,0.916316049118319,-0.1950202311471937,0.0922512599923257,0.09442805816784597,-0.1302608667536872,2.2738906621261474,-0.8901217742526344,-1.4319579043239765,-0.8425573755974685,-1.5317200266231115,-1.5194927300991032,-1.4364747026765872,0.6216019565733893,2.4450446778108126,-0.971328757080935,-1.418189955546833,-1.0417448096900503,-1.8972886781400342,-1.828871908226133,-1.286213586153508,0.6139366642032396,2.446129157531147,-0.7611682538804797
Bearing2_1,acc_00562.csv,0.22036254816841735,-0.23601228001628693,0.18318870097307133,-0.15899692600944004,-0.6166025808458979,2.0590741046009224,-1.3287596970247704,-1.462200212211199,-0.37977328405990685,-1.0099843401156505,-0.3297610022524816,0.4849367638599503,1.771993427344708,2.251974055698064,-1.336738202815627,-1.708931234771028,-0.627423656868062,-1.0685415880688551,-0.6925531931070887,1.770509856832264,1.722998266690234,2.2046803059694913,0.7370456789152073,-0.19116175735570923,0.09161017321847258,0.07270478588871804,-0.15021356381809242,2.182677940616609,-0.8683549419081762,-1.419785695653509,-0.8250927541043102,-1.5061870445487784,-1.4690240741734324,-1.258687423663085,0.15840686028312073,2.66006344251997,-0.945362619388815,-1.3914136482478467,-1.0381663280551587,-1.8275761156718868,-1.7883213745127768,-1.6401666551673668,0.4848211376302013,2.571963232484659,-0.7611682538804797
Bearing2_1,acc_00563.csv,0.26458409129067395,-0.20631042207725103,-0.13433187225124546,0.08026297348714492,-0.49311628109640104,2.094738452252464,-1.357554748457117,-1.4434721395328451,-0.40502564162983273,-1.0516912327807797,-0.37664118652888817,0.6283181943860193,1.934809870566501,2.2498801240316895,-1.3509824670519095,-1.7257806922383796,-0.6981633251658057,-1.1095660234187494,-0.7602889576142614,1.6250693442133133,1.6737481069435047,2.3083457807144696,0.7422420382285038,-0.17253102413440963,0.09101587455189189,0.18887036956575684,0.009997884884004713,2.211703882505975,-0.9013059873410258,-1.4222655722278044,-0.8221704709884453,-1.5383748535201078,-1.507335287061274,-1.364250271069452,0.5521757062820422,2.458536447670032,-0.9641588915107967,-1.398150886697149,-1.019270297538118,-1.8753000964620714,-1.833225593223636,-1.4776020138295807,0.45489691511845703,2.5719593459807117,-0.7611682538804797
Bearing2_1,acc_00564.csv,0.29009215760986734,-0.22327950213851966,0.07108464394629302,-0.02486921065443492,-0.5522070798639274,2.097051331901207,-1.3490807795326927,-1.4937934026052833,-0.4493340124956961,-1.02539299350623,-0.4272306818658671,0.6389614512434006,1.84834132522989,2.279303939022967,-1.3573211832885699,-1.760283854947458,-0.7136830050812519,-1.058784355039532,-0.8075094457773647,1.3439831788240904,1.7782925286363374,2.325177577394116,0.7773138237080994,-0.18693657208031061,0.06143387190017189,0.17885609511083964,-0.14042672408258997,2.176053477028094,-0.8820402803132898,-1.4396541270065637,-0.823189016694969,-1.5146177643800112,-1.5003995542434794,-1.3751893451710266,0.3709511698157199,2.5466714240476405,-0.9544329480199257,-1.4079379432725494,-1.0394579740733323,-1.857341768614355,-1.7952347086135403,-1.6314944714926916,0.4985147398018336,2.5817461290669965,-0.7611682538804797
Bearing2_1,acc_00565.csv,0.3314690862898326,-0.19749630218405176,0.22024866282513744,0.14723329719299133,-0.4473575052657468,2.1568256243939095,-1.3360375654353687,-1.4835313669722103,-0.4709603320527816,-1.0711625241212104,-0.4374124067638128,0.6096320789251701,1.6673119341846516,2.3823340005947253,-1.3513652325834036,-1.7752686800489175,-0.7203505447024627,-1.1166678644346726,-0.8226581040753864,2.3626785010014038,1.4516530788622033,2.362230429520232,0.8877685041857509,-0.19176735267065453,0.10533707686135181,0.14203437826891357,-0.10862618991934285,2.3110845360691923,-0.9002307546547853,-1.455830961246425,-0.8290220966609515,-1.5357037163518283,-1.5872379140226474,-1.292919212630071,0.12677895028506475,2.761837888689147,-0.9579916321202953,-1.4260218530734219,-1.0357968809193492,-1.879739675070081,-1.922058906641608,-1.3072195216938995,0.010990556700173754,2.823997644633147,-0.7611682538804797
Bearing2_1,acc_00566.csv,0.5054322169163153,-0.12999985273121664,-0.059274198385603556,0.5477457638248823,-0.2710089188742051,2.2322823930396045,-1.38876648683716,-1.5088564393689228,-0.5140552867617824,-1.0737740467306123,-0.44083298537958776,0.9647198487531463,2.4391792670275954,2.123446650241037,-1.396150121715253,-1.828362086313002,-0.7521948549239298,-1.172870724851718,-0.7346456742065556,2.470487621541405,2.090159456634562,2.2425906526367947,1.116607650110823,-0.17625130198282193,0.0752342243868222,0.3865367407297364,-0.030697204004151234,2.285848146682504,-0.9207503310735041,-1.461106979992417,-0.8309525935410633,-1.5424673798997741,-1.509085261465832,-1.3884096282089267,0.6392370376111927,2.374587968459944,-0.9908850422776421,-1.4372471680797347,-1.0466546753142787,-1.8947203569303044,-1.822707824387744,-1.3409289978757355,0.49576328581352375,2.5397344592291087,-0.7611682538804797
Bearing2_1,acc_00567.csv,0.2076805920540124,-0.24461874807046097,0.2730698094710197,-0.13056259862595204,-0.7203016143890479,2.0747248188905374,-1.3125436999287419,-1.4727614865880845,-0.4433086178055455,-1.0392523800079538,-0.37858017051327514,0.9716273543538946,2.1647836106472296,2.1338352935978757,-1.334152799372581,-1.7589984495254425,-0.6903573941305517,-1.093710397096068,-0.7685263602972993,2.1646082532277116,2.0209023051746358,2.1450657174906795,0.6766842536416958,-0.20126158729398783,0.08741554686547068,-0.0477746390919773,-0.25199206400324387,2.184801855914659,-0.902493875405818,-1.4229914607701895,-0.8204800987533978,-1.5202805751696593,-1.444263403263561,-1.4744030061848914,0.6423149690149028,2.3954737918226323,-0.9604249074084288,-1.4065595840637852,-1.034987826035515,-1.8426248714969173,-1.7622733401283626,-1.4335631749340139,0.6429377156057793,2.4211038427723595,-0.7611682538804797
Bearing2_1,acc_00568.csv,0.32425288696477744,-0.215536681125362,0.14531339560132664,0.033121851772415334,-0.38513485939895886,2.1341064322123158,-1.3549896217316555,-1.4797887672749095,-0.41895189042699293,-1.0705925212321192,-0.4237635522278566,0.6635094763059692,1.4957876094638172,2.387913659315098,-1.3405409919636795,-1.7707127860367953,-0.6680282974242467,-1.12178690980424,-0.8292602580885508,1.3228401563569954,1.354824699667618,2.4382237134007463,0.8643670886687029,-0.19596375240650574,0.06536622617204699,0.11168342338247242,-0.19390524654147281,2.2639919293319757,-0.9054753082763084,-1.4552878739240294,-0.8217924708131975,-1.5112499048455565,-1.5208647095199295,-1.4217767112495128,0.23000000721542768,2.6656509401469064,-0.9605077110494474,-1.415739447326495,-1.0272489800202425,-1.859009899249206,-1.8205520655202854,-1.907332330106689,0.2587922224344036,2.8106022055345536,-0.7611682538804797
Bearing2_1,acc_00569.csv,0.37237977030831854,-0.23879498289936518,0.17384099547690077,-0.07238446825578948,-0.6894531910707885,2.1465895147539205,-1.3511868147612889,-1.4692637886474433,-0.4293153798251452,-1.0843190176047277,-0.4189486601825409,0.14119508389081645,1.971295266374357,2.2570887839658336,-1.358219754680135,-1.7172527269819773,-0.6884295994099024,-1.10972862041945,-0.7961778053516053,1.77642693285008,1.7851239055715182,2.2640996699598723,0.9178902843228832,-0.19624243463056587,0.05949317195340189,0.11091309457824805,-0.17096812263743064,2.2362513738621437,-0.9073332999171918,-1.444857869393905,-0.8235074460880656,-1.5367360948922475,-1.5099901327135776,-1.4294601402504283,0.37905148422524493,2.5884946064479197,-0.9629167526343557,-1.389805708052219,-1.0540993806327872,-1.8742129028700893,-1.8245501384379819,-1.360982588995967,0.4211512886562277,2.5662154462516833,-0.7611682538804797
Bearing2_1,acc_00570.csv,0.48386041661561335,-0.21170230103870155,0.16153193762090923,0.10514300994769694,-0.4941435778787788,2.1982435065664454,-1.3681217363479266,-1.4935405949548994,-0.4583119758809884,-1.0760961918647525,-0.4347057492586643,0.39263173752745834,1.8465445002550374,2.3743231433214778,-1.3688484669155603,-1.7999393921388511,-0.7075999327941175,-1.1338013131855453,-0.8331086533706737,1.5106035491792718,1.6702934745802471,2.3913589644988873,1.0980939240003933,-0.18404138228102435,0.05202136840434572,0.32675922552192344,-0.07188235378181786,2.2255371016459216,-0.9002118542156536,-1.4577853805677548,-0.8369341596193528,-1.5420084057013679,-1.3604901361772235,-1.4114649700143167,0.3837146155478535,2.5502548649408534,-0.9783229252292487,-1.4294942380287907,-1.043691065224775,-1.845972465605341,-1.717143012650733,-1.507795776706225,0.41631974524664705,2.57360624541563,-0.7611682538804797
Bearing2_1,acc_00571.csv,0.4718461338081085,-0.23490131537543357,0.06159645134517581,0.05295105376353181,-0.6335006005294963,2.2214606675633166,-1.3901675157996085,-1.5055467749643914,-0.44447426708763577,-1.0923298636076142,-0.485185124975071,0.42313862962197846,1.587711716861745,2.4756371601271967,-1.3982530968350801,-1.7882945526261083,-0.6953578294782905,-1.154295042752739,-0.8588335021312364,1.1749534316023715,1.5925566819484347,2.4713108274342734,1.1087453448180749,-0.1959179905482607,0.060109514561933274,0.15959787500522976,-0.207403050540496,2.325410300479947,-0.8810858015795738,-1.4741271292206628,-0.8339110919314543,-1.5382122611547258,-1.6111714118547036,-1.463268885904427,0.3143938218987864,2.7020822769940036,-0.9516822065602801,-1.457487270253456,-1.0458009665866892,-1.9388294529867478,-1.8873165139163197,-1.6277330019591096,0.3614259647055826,2.736991569784013,-0.7611682538804797
Bearing2_1,acc_00572.csv,0.27620183517580565,-0.22322898913069777,0.231592037216034,-0.027488161860808838,-0.49562424940848665,2.06273303279756,-1.3462255707351496,-1.4642673265630555,-0.3959706205654305,-1.0414377471817435,-0.32797494281633777,0.4966515668684432,1.6582479543054491,2.3416092560287476,-1.367892360418971,-1.7002418899531742,-0.6523223274773482,-1.041038032180331,-0.768850125691191,1.4513066707889506,1.4466996431241517,2.365499481649942,0.795875784716343,-0.19448434658892094,0.08835016949848641,0.13217416957484132,-0.19839060862427454,2.2085244527053023,-0.8992999169597444,-1.4337649254206881,-0.8230124727179638,-1.527772730882584,-1.5263015472285602,-1.3529949117770512,0.382986289826914,2.5851543045403202,-0.9702612415297361,-1.393640421890555,-1.0400674896440545,-1.8885490131083804,-1.8354835326068168,-1.4107998034589213,0.18306071893298353,2.724374503407422,-0.7611682538804797
Bearing2_1,acc_00573.csv,0.3619626550312395,-0.2218602049183236,0.3123669354707501,0.08624914767314254,-0.5717332769227722,2.2090167436912886,-1.3910943821082289,-1.492254153896711,-0.43843752866846003,-1.0701044622984102,-0.4364147545538029,0.8969212179250811,1.5525366028305805,2.4808420551795187,-1.3986261886840459,-1.7747278717371977,-0.6198907494284507,-1.075066992994064,-0.8160435286645317,1.4960094421510628,1.524146277525775,2.4015663918144683,0.8937764095186282,-0.18617776226823135,0.06696775801326546,0.25912435651102156,-0.09603429913579471,2.229381803407245,-0.8884729858124992,-1.4494708275146089,-0.8276103388837499,-1.5230466400199367,-1.4994615220253718,-1.3943354375002128,0.13455221074874724,2.766418404308341,-0.9009110851392236,-1.408117062984945,-0.9441189142023947,-1.8379762560015105,-1.8068718409747417,-1.4411979155239438,0.08593462000161342,2.704111092622785,-0.7611682538804797
Bearing2_1,acc_00574.csv,0.4454771425215803,-0.22643197774769966,0.40527431775105865,0.09691202044195038,-0.5622762368907672,2.198773240787762,-1.3819310284882949,-1.4783816864200359,-0.5146138965094961,-1.0903556646631642,-0.3783316328028619,0.5987686642205677,1.7405029252355761,2.4576980010774467,-1.3878220079089922,-1.815883679591092,-0.7462821657543762,-1.1241036578891122,-0.7860188231524096,1.156988176675093,1.886169545353453,2.3929118811124566,1.0956131352515281,-0.19664722135489462,0.04613339160950281,0.2164481407569902,-0.18427609912608392,2.2555228190662246,-0.910868493985541,-1.458086185740108,-0.8431315758124424,-1.5329982206129138,-1.398293310425907,-1.3719870611881606,0.35683053352099015,2.576392810731991,-0.970942254899341,-1.4373231026216733,-1.023420366691462,-1.865427634569245,-1.7288346270921775,-1.3711729873613925,0.4404075142748144,2.5210202284315724,-0.7611682538804797
Bearing2_1,acc_00575.csv,0.2981765255991617,-0.1836017486424471,0.08110687216409568,0.13675749236749582,-0.27546512627892544,2.0760533216978847,-1.317767003348725,-1.4409192597713716,-0.41657530885831423,-1.0695206360991056,-0.41096115787811544,0.8674446676042445,1.7293477703274442,2.2705929607905575,-1.3214607954183524,-1.7077852752492408,-0.671399496985158,-1.12554793390216,-0.8041021603468491,1.9764115404631764,1.517071815364627,2.282522060375758,0.8566271602215749,-0.183796448166972,0.053614088256677406,0.1324823010965312,-0.09858551236571102,2.174330291366846,-0.8774842424226447,-1.4287515219247071,-0.831683731949698,-1.4975370120296985,-1.509594949052522,-1.312652510648605,0.4003210594940216,2.522439587580231,-0.9312167180239356,-1.3948652913202548,-1.0277074880019965,-1.8656137830405404,-1.7928335916694336,-1.432543396676357,0.31054738597101683,2.6184114202463014,-0.7611682538804797
Bearing2_1,acc_00576.csv,0.3018483405148788,-0.2218804890848713,0.36023081318174727,0.0869974194463923,-0.6573087170571071,2.1416769989169664,-1.3516516990701357,-1.4650087788481538,-0.46255384006497985,-1.0716113682199289,-0.3535280609140287,0.8228056047715141,1.969107438251844,2.278938098692152,-1.3141862314142185,-1.7623444944792188,-0.7047018606338651,-1.122107794625164,-0.7397931460764483,2.080653970743631,1.9068720085766664,2.1767972725559104,0.9194213577327531,-0.19553264408490711,0.054624337840867586,0.22415142879923397,-0.22805761536534788,2.1735060702748688,-0.9039411566388237,-1.4344271658931869,-0.826849211611987,-1.524709958691365,-1.3906882674802026,-1.2658378562758903,0.28242938804710976,2.5670151346463133,-0.9753216715916918,-1.403573041079968,-1.048190332747581,-1.8695481123640456,-1.6219240438479396,-1.5605431565060441,0.49020028843482044,2.5155567249360544,-0.7611682538804797
Bearing2_1,acc_00577.csv,0.309264692197792,-0.20288746854446238,0.2666663200810814,-0.002046921570319716,-0.44933029146476916,2.1857960132398024,-1.3836188633084903,-1.465742661882713,-0.4953778656454051,-1.025249655912175,-0.3637044856820147,0.41227665590436313,2.131035164373398,2.286535900982732,-1.3976120840721653,-1.7852231105198113,-0.7353315314109415,-1.0530822352842295,-0.7289505175594461,1.9159067677555177,2.0015210399897665,2.2650481409400514,0.8659905868875895,-0.1881366261828079,0.08421659464903128,0.1323282353356861,-0.14719516114924033,2.2429173422689037,-0.9044852612941549,-1.4379353930514063,-0.8292598704270814,-1.5204299844439861,-1.5462666098485915,-1.4490355976426323,0.3812266135181725,2.6333058784594683,-0.9195124529984647,-1.4074041277386284,-1.0327094716286886,-1.8715758517146222,-1.8323227282791104,-1.5651711694341355,0.4616373769215114,2.5895525076734236,-0.7611682538804797
Bearing2_1,acc_00578.csv,0.2895466896245599,-0.22118907973333787,0.03731754213662673,-0.10979805691827349,-0.4392612042188656,2.125417083312289,-1.33956891608017,-1.4368016858845065,-0.49543607204967893,-1.0751353828016312,-0.4003885132204216,0.630379286168182,1.7101735281634751,2.380751675223498,-1.3510962720092352,-1.7315458190694006,-0.7251919137768089,-1.1156456299232567,-0.7970255138733617,1.6817944704436134,1.4932730649270478,2.3831887736310575,0.8147108424562921,-0.18230518467704554,0.08527099949282088,0.13956932609539552,-0.10364873096236389,2.1921168642424482,-0.8855589437497139,-1.4089571392226017,-0.8275490597645474,-1.5195232773143539,-1.5339580953201184,-1.3996537377048552,0.42242682319943253,2.5657725199573544,-0.9533478798687373,-1.4007991262706876,-1.0351576472629076,-1.8644728558420094,-1.8471179095285029,-1.6676036078741145,0.33746266501050465,2.7028113213353953,-0.7611682538804797
Bearing2_1,acc_00579.csv,0.23851111497129718,-0.2081230197855731,0.11747197736959275,-0.07144912853922757,-0.44930653407120863,2.098440234534952,-1.359087205829549,-1.4524424657257298,-0.2845773476203182,-1.0486942266644736,-0.4105381793649816,0.5971010810787363,1.803979052988717,2.2172973790214097,-1.3592938392641385,-1.6738439908194416,-0.5573470609888411,-1.0994486982481393,-0.7620418744900445,1.2099429883658337,1.909580367125915,2.1780615059324164,0.7742018510117742,-0.18440498593881716,0.0360349649338122,0.11430254131683543,-0.09973369124055109,2.2090589099025935,-0.8887153818321749,-1.4350713939526913,-0.8176521165724924,-1.5192249546744672,-1.5083860010210453,-1.3034151169329529,0.5674217629440713,2.414099180424572,-0.9676730296899326,-1.4040208078799372,-1.030503079909169,-1.8695574166155968,-1.8293327389789198,-1.407840624592175,0.746869864980421,2.386312439665027,-0.7611682538804797
Bearing2_1,acc_00580.csv,0.37887902640499443,0.168288299163665,0.30348731999331263,0.7890634106979041,0.4561678868781082,1.995194312867302,-1.3451832940150175,-1.416349100574563,-0.44004734593236416,-1.02143611814302,-0.21650887006737812,2.2318083480948427,2.9185063197834875,1.7900703452073095,-1.3907095770474915,-1.655934291309421,-0.6219895652419829,-1.030593600027959,-0.6583805981726182,5.9162626730613095,2.0844867958110522,1.7734170050359968,1.037351617916131,0.2936806933357486,-0.2786190220174083,1.911633707333193,0.5819386257938517,1.8224347415014401,-0.906327620338611,-1.4604027161766275,-0.8215995805271723,-1.4719091629994099,-0.7653320914291554,0.09506133624596728,0.3385566739128211,1.7527686135283618,-0.9159253628045009,-1.4084418304542614,-0.7818238324949205,-1.6688721563519366,-1.4435824279678087,0.6417798929850291,0.2568594499031565,1.7220078137342623,-0.7611682538804797
Bearing2_1,acc_00581.csv,0.28224407358772974,-0.22278082704461533,-0.11227273983339599,-0.031042452783744675,-0.6364558930561636,2.1602454874607675,-1.3617493428613157,-1.4979717339038592,-0.4404961105385447,-1.040955160516598,-0.3686452680349114,0.547451182410935,1.8776855020626206,2.3153728631441757,-1.3742591837428713,-1.7681058466670903,-0.6957998416003717,-1.0575610430616893,-0.7695613416043009,1.1775196141898363,1.963333980287903,2.2886506836071536,0.8898286907654693,-0.1965429822896701,0.07840945069495078,0.1300172489230131,-0.2423341299110371,2.248820076694246,-0.8976205540770883,-1.4527065681698446,-0.8313573560200848,-1.5248227358720154,-1.524022831902348,-1.3016838491075051,0.6216536195650579,2.3957643610490513,-0.9727225994048571,-1.4064874353866212,-1.0509459835440438,-1.8911513324827949,-1.8118381902322245,-1.4157749115205152,0.7359920331773255,2.407519128664705,-0.7611682538804797
Bearing2_1,acc_00582.csv,0.13628918890089062,-0.23460835973317135,0.0636821824682476,-0.1507659365036935,-0.594967923274957,2.1157355873857484,-1.3493924600388114,-1.419249176077698,-0.4574398287160681,-1.0722340416439957,-0.3364085212486096,0.8702940569869978,2.033099053090967,2.1976626561510937,-1.3288279951552833,-1.7357027625137131,-0.6840947332174737,-1.120057448721525,-0.7616018475035581,1.8574831523923288,1.8932186916279596,2.1947644017791825,0.621928902038606,-0.18755503099403825,0.119782048337102,-0.013726105945259179,-0.11548913621131165,2.194951481951617,-0.8915593489254058,-1.4410919199144057,-0.8284417360375874,-1.4985188606944644,-1.5232554464545471,-1.2839982566908343,0.575559711987057,2.395118425695626,-0.9566267260338085,-1.4025703214048606,-1.0536355248241023,-1.8597546609591449,-1.8148414069196082,-1.3890358033468582,0.6668287316316863,2.425381343110458,-0.7611682538804797
Bearing2_1,acc_00583.csv,0.19152340601683734,-0.2332665740046372,0.09910976346320986,-0.0938972817367178,-0.619492950551074,2.0200199880109255,-1.3306330966195654,-1.4442551339918175,-0.3904923511672403,-1.051582581529648,-0.36950574831123467,0.562463004829083,1.3168479474093047,2.4402797372845138,-1.3318748304693984,-1.7021888355425288,-0.6633908465907612,-1.0686572549924662,-0.8225247774350732,1.439037065916437,1.4731862123882173,2.3363563681640147,0.6872712890607844,-0.2006354659163659,0.10611105597709289,-0.024510709204400613,-0.2368979667470757,2.1001710326568612,-0.8725008008675188,-1.415461940575798,-0.8165924680948895,-1.4994245015615584,-1.474168348451124,-1.2660911364577556,0.13991408889702664,2.6776453327695924,-0.9074568546443054,-1.3876930304495945,-1.0124768947316238,-1.8400006155604252,-1.8003125751182336,-1.2641187835354488,0.33707044700128563,2.531441433114358,-0.7611682538804797
Bearing2_1,acc_00584.csv,0.2286556089261316,-0.21234652302090382,0.18934683235103705,-0.03889930640286644,-0.36743117638605594,2.0808890953745034,-1.3425147670522464,-1.4605612515041302,-0.4335310301608289,-1.0303206988853695,-0.33886053422820217,0.38304011957346445,1.605459055130529,2.3855886643940893,-1.3608625283961358,-1.696308255070644,-0.7126271318500088,-1.0140423142705939,-0.7888946326887684,0.9334800054305633,1.6674169452953138,2.356584371186232,0.7560651471670295,-0.16589767755261756,0.008212309572574345,0.2008874989116573,0.07555132641483969,2.130057781265333,-0.8866875436903521,-1.439847091491918,-0.819243772625443,-1.4982387599947298,-1.4251731410606787,-1.293825136292532,0.22298911808980365,2.6191636211715035,-0.9396016475702097,-1.4010212772607435,-1.0053452234595288,-1.785181255864629,-1.7585942200608269,-1.4837732138212316,0.26930773699981864,2.6100915635584343,-0.7611682538804797
Bearing2_1,acc_00585.csv,0.4456562826436916,0.1341462608980793,-0.4518452280017371,0.904484331721667,0.09275017232498807,2.0204051239400678,-1.3545931192168483,-1.377986689251494,-0.4500325213966805,-1.0360699870649133,-0.2091288963808054,0.8053889695889324,2.1778293996990494,2.123905798452432,-1.3724666313820004,-1.668718637944985,-0.6766237391152897,-1.0073797041691634,-0.6188156413602227,1.4973345286171869,1.9877854701335105,2.1690976740502936,0.9576290996226248,-0.09757525874973759,-0.05720630427751128,0.9696756455276032,0.08191239685929261,1.9564565142557646,-0.9014416975280036,-1.4425652525042825,-0.8302787576235251,-1.4754297517147237,-0.7344088965867679,-1.0091551814920592,-0.14814828033801442,2.4783544219770226,-0.964553558940892,-1.4052912589482303,-1.0582854624634421,-1.576498297851321,-0.9805011515103553,-1.5758364630598127,-0.26807662271880955,2.6248153842316313,-0.7611682538804797
Bearing2_1,acc_00586.csv,0.2327864060228696,-0.2026217562926137,0.07196929463959705,-0.055361285414359404,-0.3575547100453801,2.0503440582620076,-1.3350025731948518,-1.440448521237532,-0.3899018402978257,-1.0068771270409098,-0.26267479056486376,0.7305243332120334,1.9712398663185577,2.171407428686791,-1.3413055834093544,-1.6844473854161552,-0.6335288598451806,-1.030103291947709,-0.659544795421952,1.2032537499233504,1.9674821560781475,2.1590722664298467,0.7586979128497009,-0.17975686052296602,0.010522474248782086,0.2491100820561045,-0.0830692486456098,2.1216916521194698,-0.8972547529602263,-1.445188883696126,-0.825334787413213,-1.5093940004564066,-1.265952863141035,-1.2520855879612736,0.3183980750066425,2.4771854438915852,-0.9639712077480934,-1.4154581503334804,-1.0202705937804626,-1.7405239933655436,-1.5608163672350364,-1.5906891793902775,0.3923099938226553,2.5004853224830272,-0.7611682538804797
Bearing2_1,acc_00587.csv,0.3477148951910677,-0.22871263812943318,0.32123041638292393,-0.045633752362113644,-0.6217972488666724,2.17172161365863,-1.360851546137856,-1.4946267178719415,-0.474490104450461,-1.0686156476607849,-0.5021755885495215,0.31787625427317573,1.2938000283525601,2.5600057248091543,-1.3692712554289623,-1.7901751972117488,-0.6853721211475488,-1.1139177870926165,-0.8869329559483927,1.1425714249027767,1.1759950473345189,2.56489625102985,0.9426461899892912,-0.19317272381205663,0.06285652861355852,0.06053359078197264,-0.16167969469071297,2.2984760384233325,-0.8935585888962033,-1.4587696008637019,-0.8243271826831948,-1.5287336123122477,-1.5967317725160441,-1.445634295474758,0.14290555679704084,2.80237781434496,-0.9303842993242495,-1.4072555476695892,-1.0381993089410981,-1.8974016766481379,-1.8967647100010874,-1.754722498695339,0.14798353802245193,2.8651831335667364,-0.7611682538804797
Bearing2_1,acc_00588.csv,0.32569355441030307,-0.10829683895777868,0.2667299564374048,0.3904216234991371,-0.1818386059805898,1.9058670608502086,-1.3183759135315607,-1.398548555562775,-0.37508453288406457,-0.9683687525092075,0.4635782781423614,0.7384876593749402,2.1697217989370703,1.9495285435077245,-1.3497851795616058,-1.5706578937658915,-0.6276339331128525,-0.8571704379258848,-0.11620753289089743,2.17451815528132,1.9498618652776065,1.9410016271370139,1.2555526781170558,0.8249948228783727,0.9380090977213522,3.0213693826988566,0.9741160632224041,1.7170133909036276,-0.9087993088052648,-1.432535755276773,-0.8295959138397142,-1.4854988331187724,0.19684484417421486,-0.04325438046238067,0.19944040224718046,1.4793916323809935,-0.9816224889230312,-1.387830872191919,-0.9858258843055542,-1.4341948836390095,-0.3270516728827122,0.3581892101327742,0.1666500722785689,1.4763757456378366,-0.7611682538804797
Bearing2_1,acc_00589.csv,0.5892597056087173,-0.1870915489476625,0.24377973507926168,0.2785549933983101,-0.12679523079979557,2.311099108618604,-1.4076085424120408,-1.5253391937791754,-0.5266600075082625,-1.0877414634995117,-0.47487609119864316,0.2961368883616691,1.432714936682995,2.6603680566463956,-1.4179213346137922,-1.8595537422903565,-0.7542026128387914,-1.0909231865944085,-0.8572162574889775,0.5420784349002721,1.504978726092503,2.623761157161349,1.3675115719715614,-0.1744266389741079,0.013678922641293327,0.3469418401926026,0.06584350746457707,2.337480159187661,-0.9051600993992959,-1.4735068193322107,-0.8451754308402933,-1.552100111345641,-1.5035233733869755,-1.38197105650041,0.35017205912504246,2.644398911678522,-0.9535810939116051,-1.4278091734150045,-1.0449579168779783,-1.8805643660220581,-1.7792196275211363,-1.447087373338265,0.25587915886125334,2.676699851709915,-0.7611682538804797
Bearing2_1,acc_00590.csv,0.3830109668280669,-0.10559869935794458,0.33605550148123536,0.5647689466663124,-0.3148848906129796,2.003144589378848,-1.3089349762454032,-1.4319632975555112,-0.495827347823716,-1.0247347757462104,0.09521101762955027,0.9220268314689214,2.1500255491478297,2.0963248911867502,-1.30899736270274,-1.725745779618042,-0.7358912802101879,-0.9950474596130194,-0.44997060084164847,2.320207182528124,2.064008821298323,2.04193936893247,1.0771712683505819,-0.051983144191285774,-0.15948122934452943,1.2038556020118192,0.1153451453081035,1.9206502104179612,-0.8948751404773033,-1.42766120539682,-0.8348254978120366,-1.4965983104502387,-0.8810958574458625,-0.4811290989317802,0.11623875436690598,2.173112647642993,-0.9466994788096774,-1.4140846293674771,-0.966238359774477,-1.6468729666485538,-1.504023569025762,0.18777353403310607,-0.040350096220151434,2.1353911378584343,-0.7611682538804797
Bearing2_1,acc_00591.csv,0.2376487330717243,-0.2177156313324605,0.14286016619170136,-0.06808190555960388,-0.4971501683633547,2.081102275385618,-1.3730447806584682,-1.4589199201794991,-0.3236482709048637,-1.0498326938253852,-0.44610021051849974,0.3898662381841731,1.9273596735361544,2.24352579599195,-1.3752011849385426,-1.6831157743764253,-0.5905222302571654,-1.0442768597464323,-0.8260872105497546,1.4904217871437315,1.7391835717728574,2.245352315527784,0.7676540992165268,-0.17848099724781694,0.05998001728890188,0.2121342994533335,-0.11979505051654744,2.1825754497947014,-0.8963695304083109,-1.4230885530763009,-0.8158279643246287,-1.5257720019021106,-1.4947652915838767,-1.3467567379281076,0.5231307171867258,2.4614300254720294,-0.9595483206280051,-1.4016256629642978,-1.0354393290846,-1.8488407451890565,-1.826773148298048,-1.4245413224377366,0.4473882752870573,2.5555546552009565,-0.7611682538804797
Bearing2_1,acc_00592.csv,0.31411104606821144,-0.21940749140701868,0.22455256104616445,0.03237357999916557,-0.5179952876396537,2.087145781514343,-1.3401440072552808,-1.4652904246922136,-0.3950498537800682,-1.0353908869264776,-0.37953590641040064,0.3861225845652643,1.9517237180502318,2.2258984634291625,-1.3534195707811543,-1.698025827710088,-0.6344183141201295,-1.1010048662381475,-0.7602350413590788,1.6492274761292571,1.7902620951937107,2.224671737489017,0.8439895549418146,-0.17810986633053771,0.13641198836221763,0.46064237169612315,-0.17585445817526016,2.171716934709633,-0.8951023409026655,-1.4560210035544492,-0.8164963700198243,-1.5104297438930832,-1.4132667766505864,-1.319455908325878,0.36842989466122766,2.5190025228781208,-0.9670991222078124,-1.4154419265309628,-1.0297775658086685,-1.8612202168624392,-1.734691149828807,-1.3055873169654697,0.19884666623020672,2.6378767704659563,-0.7611682538804797
Bearing2_1,acc_00593.csv,0.2295596662692536,-0.19051568947925723,0.3069379639997858,0.11075504824706942,-0.33949702732711523,2.064175586804089,-1.339550911174024,-1.4472724849390965,-0.4448544398147819,-1.0037384199374286,-0.16694759923936348,0.7076037578156246,1.8147686108367462,2.2649173792502455,-1.340266970298322,-1.7422879616396203,-0.6898280736171896,-1.014418779936241,-0.5971754678998265,1.6571758285394596,1.637545160928252,2.2709481895602988,0.8013857416911903,-0.13103827305118268,-0.15030481962690675,0.7431989770856311,-0.03417748749599386,2.0220217148320736,-0.8836895972337375,-1.4360332029840286,-0.8245571304104177,-1.5051810278561746,-1.1868907681005296,-1.3016604977060973,0.3319426833763048,2.4423886358621374,-0.9595341823503571,-1.3917831253610151,-1.0186498909622985,-1.6786324197172124,-1.6750143149429362,-1.3399535389032564,0.3175077282281794,2.4796155061296163,-0.7611682538804797
Bearing2_1,acc_00594.csv,0.20027331536324966,-0.24453789463887568,0.2270333258584569,-0.20183548502798404,-0.6108060427236852,2.1206953959013983,-1.3612091961573074,-1.45273580750548,-0.3705539252180099,-1.0478867764436945,-0.4368424308263262,0.8592885488559372,1.8969296071593253,2.239206220192802,-1.3668095270738938,-1.7071445580916869,-0.6479604258512808,-1.0948127333377362,-0.795323353295249,1.8110620429939392,1.9011514382895534,2.2055038964465954,0.6733780231473757,-0.19985921859580402,0.041549447069407414,-0.05763484778604956,-0.23778578399162514,2.1859877772532132,-0.8977114566667681,-1.4416308601779622,-0.8110355377742522,-1.4956537222223658,-1.5206680517364894,-1.3110313018363073,0.4147736076369067,2.5213538135504647,-0.9741824068722463,-1.3957710812232278,-1.0250830651961165,-1.876114591839567,-1.7904923472330587,-1.0405980392501253,0.30210153640898274,2.519007340826442,-0.7611682538804797
Bearing2_1,acc_00595.csv,0.34072806090456814,-0.22659719611709586,0.20367278524927568,0.024890862266668767,-0.4804345533540312,2.1493897915282094,-1.3671354822657302,-1.4783069792750567,-0.4371635139257657,-1.092510805032587,-0.47112425411447617,0.7327096909879252,1.5169033880032128,2.4766131485831977,-1.3701614237536277,-1.7816930801414617,-0.669074347277963,-1.1478262896491596,-0.8628853037718128,1.3450542639226861,1.5208405456505174,2.431463306036076,0.9281741405297171,-0.19573084061757817,0.06356575645600711,0.21814286412628375,-0.16743652256109978,2.253342237103213,-0.8807387097659886,-1.4503739351803737,-0.83099027210068,-1.53854969396383,-1.615150874899929,-1.3887034677597725,0.43602034951003676,2.609012180125211,-0.934385078607767,-1.4105827020730441,-1.0307897804527142,-1.936106335333195,-1.8910412593144337,-1.4027682215713921,0.3281102245957719,2.6661649922928765,-0.7611682538804797
Bearing2_1,acc_00596.csv,0.15725675994129595,-0.23456617388712506,0.03356475153847677,-0.17564597296424533,-0.5634649338050256,2.0849374847821966,-1.3536707078706924,-1.41186737672204,-0.4477181742124504,-1.0260650747847815,-0.3811171163888023,0.36157333284861415,2.288317156665964,2.1064909908765994,-1.3413214607057669,-1.7467110968431943,-0.673075253727521,-1.0576336789589558,-0.7538612806145064,1.9927063335360196,1.9885264288372912,2.153987474908444,0.6341812651354859,-0.19541069182267534,0.07078760980270579,-0.00787160703315374,-0.2430769421744819,2.138266751321276,-0.8795545629353013,-1.4226602345504424,-0.823934569093253,-1.488666684177518,-1.5176432703628846,-1.4111729470345784,0.6360342579751335,2.3790624607595356,-0.9599940695860406,-1.3917287578951982,-1.039362284952162,-1.8543222440129008,-1.797749714626312,-1.4236391774291939,0.45840829657222176,2.5397962031800962,-0.7611682538804797
Bearing2_1,acc_00597.csv,0.17491722251431027,-0.21717855416273676,0.1505771952408234,0.03443132737560221,-0.6356324538991148,1.9609272182079827,-1.2891646505841756,-1.396845479194465,-0.4093326470470627,-1.037443374690188,-0.24602958268194744,0.8594058782733548,1.856263579006974,2.1482296401404066,-1.3109341860595134,-1.6260243638649001,-0.6662000148742254,-1.0283324036997759,-0.6672272323739338,1.3593287418555495,1.7806775898321054,2.1619832706157065,0.7287231268674748,-0.053849932854879184,0.021717694700498922,1.2084775748371654,-0.08797336976236217,1.9768458423129693,-0.8793103158897424,-1.4166514827088454,-0.8197649150726278,-1.4754317378547253,-1.213708429563832,-0.9448575788351606,0.4125815315959674,2.2478748529422097,-0.8977066112936555,-1.4061521914210822,-0.958064090244666,-1.7151966871168245,-1.5120270157284776,-1.202682536807648,0.45859622107593373,2.272234218803622,-0.7611682538804797
Bearing2_1,acc_00598.csv,0.5466522127803182,0.3390993542793354,0.5844009990748273,1.439124513708563,0.2359614970096934,2.107248602859095,-1.3545681506346774,-1.3961566508628798,-0.5834357216312905,-1.0497251301755408,-0.09479045577501821,0.8994973039219631,2.8118204501770445,1.971325533303685,-1.3365052889385223,-1.756655973084842,-0.8228602442916153,-1.0489773577338009,-0.5960259260581541,1.8203153456071675,2.923363429827738,1.9283355708836714,1.1901038588524744,-0.10666243728421212,0.08879178182246901,1.0125059270424797,0.06066694502271903,1.958239236954533,-0.8842025204944931,-1.4502130624055591,-0.8435531906658246,-1.5144317823121247,-0.6404905793706941,-1.1316023213406785,0.20933722029894705,2.2422946682068883,-0.9423632133771609,-1.4303015632999838,-1.001621597832075,-1.581651529478624,-1.2159224930720363,-0.9181713532357919,0.16756482607369463,2.23804697400184,-0.7611682538804797
Bearing2_1,acc_00599.csv,0.25525935594584626,-0.20756930654214598,-0.011433948847843219,-0.11447475550108405,-0.2914843227888816,2.1757877682385303,-1.394620890091966,-1.4830105254908634,-0.44710737272005785,-1.0410635623566855,-0.35284918119905573,0.8326784735093643,1.3647671048946632,2.516534750068083,-1.3842277812983235,-1.7736301197929605,-0.6989151269035802,-1.0596248751934272,-0.7542778050979145,1.2263649312730562,1.3022902850154303,2.507809097235719,0.7671897906218801,-0.1867334650223505,0.11381306779905855,0.09858783371065773,-0.1498687524200876,2.225547927057286,-0.9059534242160483,-1.4410380763870063,-0.8259398102955579,-1.508081340644719,-1.4758816306214013,-1.2628037954533282,-0.0713846848639016,2.8278397958982184,-0.9461489164644783,-1.4102044776716536,-1.031976595031283,-1.8445256169204367,-1.7674208899961075,-1.7477398197990401,0.057951637293340116,2.8516551542094017,-0.7611682538804797
Bearing2_1,acc_00600.csv,0.18057697679970772,-0.04465526462128517,-0.22386469535148665,0.36797347030164673,0.020507562426920232,2.016684757432636,-1.3336531558621683,-1.3980967796822505,-0.4262151631209862,-0.9996373587996972,-0.20375819794506816,2.000447325709043,2.788719341745771,1.8080687236076458,-1.3591132991575146,-1.6100841668758572,-0.6762724452619793,-0.960414717775997,-0.6012679976107201,3.502484190520234,2.5437284036071537,1.7761551462964071,0.6639834050357544,-0.18045235176854563,0.10619039586078827,0.17608291141563184,-0.08176087029733727,2.0057392355808443,-0.8846998524610592,-1.4208623286020616,-0.8187865640741009,-1.5022191097733733,-1.1828809296070784,-1.2518586124989612,0.6263106646903746,2.202494460876947,-0.9576351659290273,-1.3828607245329048,-1.0147439037545032,-1.7518363039256377,-1.6279424133762561,-1.3286799716796478,0.7118889333306272,2.2531588341841706,-0.7611682538804797
Bearing2_1,acc_00601.csv,0.1357440525683412,-0.24499479544595437,0.11526926534686188,-0.21680092049297767,-0.6536869268534162,2.0357656420522154,-1.3328342981311474,-1.4142100101296826,-0.4460369618894986,-1.0247180298473981,-0.39341131301953136,0.8338952435049892,2.196227325704701,2.1247686225893405,-1.3387211042827805,-1.7104661477728857,-0.6855532092421225,-1.0573815443961154,-0.759934119159049,2.2201504709939246,2.11535493225127,2.0826585657917422,0.6256716102460963,-0.19559449151531266,0.07992797229892568,0.013081336441749952,-0.1295314860438159,2.1596706113318205,-0.8935371075929306,-1.4363690585462017,-0.8230358526839541,-1.5046055485330745,-1.5094453871279268,-1.325025554975537,0.5771238923197602,2.417545416438496,-0.945754946354819,-1.4009705944283504,-1.0116799346265863,-1.8630040301155757,-1.8192097453355438,-1.367349539527012,0.6628649988284182,2.40193051257868,-0.7611682538804797
Bearing2_1,acc_00602.csv,0.3414892593159672,0.34130399163456465,-0.6203258630304332,1.07247134481622,0.5749735153538148,1.9348512834412912,-1.3112397297762455,-1.4006769167393474,-0.4002606028137272,-0.9767152155058724,-0.15441562106924825,1.4191607446392571,3.071701317564252,1.6497219257374878,-1.3393439792703126,-1.5787580266072914,-0.6338542616020327,-0.9160596326656856,-0.7031722654080657,3.9400689839309395,2.7221686821478523,1.6290944420878746,0.7591476122376941,-0.11635007478402033,-0.019008478411423956,0.7233244939366418,0.0896168368114288,1.9347311594428935,-0.8852628954796252,-1.4368021625972538,-0.8178470673403254,-1.5056610403221746,-0.8627208151422816,-1.1188238144300495,0.34382707504982857,2.201910032486662,-0.9502069411223809,-1.389836868783714,-0.9548013199195572,-1.6933521360369628,-1.3859791081718806,-0.8111460651779032,0.2528061664540622,2.2286876343200475,-0.7611682538804797
Bearing2_1,acc_00603.csv,0.2986864178200004,-0.20636990204831424,0.09637863417127479,0.01609866893098492,-0.4138396987216608,2.1404753181685217,-1.3768633864198867,-1.4821616579359942,-0.4788392321387818,-1.0397851752737266,-0.2913562584003736,0.3330078755749694,1.6214953151370408,2.4609158044130157,-1.3771861575113444,-1.7978832175706077,-0.6815991362827654,-1.0218519622272397,-0.7386665319825291,1.3489457170150927,1.4244599720109679,2.4445179317017334,0.8855898017630516,-0.154525553792736,0.2360471905121767,0.5436838167915131,-0.028120171181408034,2.1003060787262666,-0.8931989531529071,-1.4543177157301979,-0.8315129108583443,-1.5249950593713015,-1.1181974187453503,-1.2302897464624376,0.1452147950734223,2.539446183828846,-0.9603097337422192,-1.4348119289832297,-1.0394107394357162,-1.730523170009794,-1.5222077375318805,-1.399782287405715,0.04791779713668781,2.637514628233226,-0.7611682538804797
Bearing2_1,acc_00604.csv,0.20582137798023328,-0.2260496957713372,0.08084675514385173,-0.026365754200934278,-0.6332454735130036,2.0879746544296536,-1.3241701521667688,-1.4654567830223015,-0.4728941435645235,-1.0335895632088763,-0.35086650942933106,0.6958839796028217,2.163772919815706,2.1748964814633687,-1.3448405225836078,-1.7711510343655252,-0.6969287141580678,-1.0689619732095934,-0.6932210860322087,1.7388334093900406,2.18419790912174,2.135310663025298,0.7174844788798328,-0.1961615370678923,0.0540582689487713,0.07563203534477075,-0.23139537827205495,2.16133130401895,-0.8853935833546305,-1.4090908272046603,-0.8331140565666968,-1.4862311157793224,-1.546842504076023,-1.3716207887831235,0.3340531362862833,2.612328780812725,-0.9511566660806009,-1.3958135511620269,-1.0478370344497683,-1.8961766127305537,-1.792719898751754,-1.4883744253805355,0.33983663116489904,2.643487813495642,-0.7611682538804797
Bearing2_1,acc_00605.csv,0.25705959956914454,-0.25391020029037853,0.09100561936167077,-0.04451134470223908,-0.756227171893982,2.0921068088107453,-1.3764041300441934,-1.4059821074795364,-0.4795000918621869,-1.0099975829541685,-0.32641415314381056,0.6481265344946382,1.8814204271445887,2.301993095602148,-1.3623774766600552,-1.7423045898714913,-0.6722440704932148,-1.034780258305688,-0.7169710502262879,1.77126525586512,1.7743068070603492,2.252040063701408,0.7808555005168315,-0.15982745342658147,0.23519885869734722,0.6134756064542433,-0.21801007509364978,2.04552411664714,-0.901536656555513,-1.4324322525203108,-0.8313605439694057,-1.4622615781913046,-1.1091506817442047,-1.2450872489048799,0.21586168367800454,2.4565501367761287,-0.9597757437645602,-1.4079421452832637,-0.9776583510278569,-1.7088573896262556,-1.4554123553274947,-1.120382066750132,0.013249307128222705,2.507501582288448,-0.7611682538804797
Bearing2_1,acc_00606.csv,0.262891451352387,-0.12227563821202267,-0.026828512116989243,0.33336590078884915,-0.15585975357277254,2.0034830376484245,-1.3251567540073077,-1.4273586209786553,-0.3780814111776195,-1.0424862153962051,-0.1551451731839249,0.6756372570158494,1.9734419800243483,2.1341157651156637,-1.3404090082790348,-1.6673950839152754,-0.6086830141816797,-0.9616471230419147,-0.6127382662479504,2.394967876183778,1.7403638860540853,2.0933130923526964,0.8541006122006057,-0.10932551671785182,0.21132121351573502,0.7969679276204938,0.1404157615788201,1.9636597223920358,-0.9022698302878087,-1.4506944901555248,-0.8246384353871792,-1.5043792673782468,-0.6419956721155283,-1.1208816640931996,0.18226902490466032,2.244967230301714,-0.9726076674934145,-1.4081187884164188,-1.0384184216213357,-1.5164804155023952,-0.7426468570973979,-1.3661964968459355,0.19122912810282502,2.183478303955299,-0.7611682538804797
Bearing2_1,acc_00607.csv,0.3316657601368267,-0.17831058303649908,0.1430567409151997,0.09354479746232686,-0.2801163749671845,2.084128593363407,-1.3441202282055837,-1.4557260721215708,-0.3948783800959164,-1.085374484078533,-0.483258929608216,0.02453680498247137,1.3344572148213008,2.4972766346774167,-1.353560251442882,-1.710268052364964,-0.6445682106590646,-1.0905069041259243,-0.9353293158124356,0.864525817237818,1.2074105265950028,2.5031351090888703,0.8198016924888655,-0.1813471518941669,0.10406979485747603,0.24633689836089656,-0.08512829935052187,2.2377241593993626,-0.8966923739500818,-1.4289330073919337,-0.8226916241271912,-1.5132517025813208,-1.58921260055374,-1.4866302428487252,0.051662448013212355,2.888083361152609,-0.9591988307577881,-1.3948033050002384,-1.0447703232328283,-1.8737161160477662,-1.8982804916457408,-1.688013675006688,-0.05714909953925409,2.9629644109406903,-0.7611682538804797
Bearing2_1,acc_00608.csv,0.28726483670700914,-0.16764384334132448,0.10249501900809992,0.290527341770305,-0.4146399784608309,2.046007491409249,-1.3486654955151878,-1.4512210796347866,-0.4425593647843021,-1.0302957619509647,0.2239422876414888,1.0246851016276879,1.8405637343023216,2.213721022005663,-1.3593345136738473,-1.7613942419262656,-0.6721980000312571,-0.9379114852129037,-0.32877368233807297,1.5550276004693429,1.6923102145353295,2.2362782798910708,1.1272654613032531,0.5847650845343065,-1.762209331910591,2.108529749692948,0.5806174090968795,1.892095408923986,-0.8998013018603276,-1.4476193520517862,-0.8357459938337465,-1.5107378031753422,-0.7177672275891315,-0.1551202147665079,0.3882671333296809,1.8024691328577185,-0.9752727978697575,-1.384001652936524,-1.0036953502708164,-1.6045510272596297,-0.8838964684559083,0.054341681607476496,0.16009180226362185,1.837794963207384,-0.7611682538804797
Bearing2_1,acc_00609.csv,0.24047787700817047,-0.2455702126557671,-0.03345868336020038,-0.20277082474454614,-0.6504200999005001,2.072820426677523,-1.3214925254965297,-1.441986018177415,-0.5017531443236717,-1.0437633763939664,-0.4963605892355836,0.6355884957735886,1.7890147548655595,2.3412357979884773,-1.3352990328587775,-1.7735265820142878,-0.7337221247208279,-1.1224635462178543,-0.8498574384415318,1.3368860713230706,1.5732490735660314,2.3999558030295787,0.7801180065397638,-0.1894613855008856,0.10697742002355232,0.24803162173019025,-0.2077454879528638,2.2261630093167257,-0.8752845299549505,-1.4480261477037963,-0.8279445732232213,-1.5229390779583976,-1.5850016761768413,-1.3155021116294936,0.36272782160256734,2.6111708085928904,-0.9603425408290526,-1.4193959797679057,-1.0505051808479342,-1.909729580077627,-1.8830497638356438,-1.5567222843681172,0.15008068369218497,2.8205095928525488,-0.7611682538804797
Bearing2_1,acc_00610.csv,0.3824648636890018,0.049747752053897955,0.22162916228378032,0.5990023802924851,0.049916977033162536,1.9529804193911624,-1.3402091293897243,-1.368989414288637,-0.48042269842761925,-0.9919496925458452,0.4576517249310867,0.7254432152229571,2.5196297488075974,1.9102049254036908,-1.334880284634544,-1.7275063167918092,-0.7018388682114419,-0.8128593122590543,-0.27064496338790794,2.4380763723007934,2.307515012524686,1.9109237454784571,1.3896306379199224,1.7155706450550718,1.689438105001536,3.7286852907376953,1.350688962148872,1.7250228265219554,-0.9259255579752016,-1.4588751321198266,-0.8431471323267157,-1.4575398184536017,-0.01060485750576513,1.0815690731854277,-0.16210463815701667,1.439296276325987,-0.9794194483976951,-1.3939939204322698,-1.0050550060049335,-1.1249819613376943,0.08070896208702417,-0.9536042242569108,-0.035554147549476736,1.7377853247216806,-0.7611682538804797
Bearing2_1,acc_00611.csv,0.3124435857870893,-0.17705572600687414,-0.014834514010939898,0.07801815816739598,-0.24844882899770673,2.2344487431415874,-1.397493398830738,-1.497114658304046,-0.41092364949972876,-1.0629615663866858,-0.49359740768383403,0.15004714805386288,1.5119313940168273,2.476105210026832,-1.3981868478371124,-1.755453407166305,-0.6895581485570592,-1.1293218916053411,-0.8385545385632224,1.1449397832176456,1.360077616727923,2.521803966188245,0.8554626356385077,-0.17205617003828122,0.09250388641682247,0.22091604782149155,-0.06818301625996505,2.272335560031962,-0.8942312129111666,-1.439736011407582,-0.8228897890480568,-1.5334458862684655,-1.5362549265809065,-1.4911129891882005,0.18091244829103503,2.755016523515782,-0.9491146858972516,-1.3953038587943822,-1.0423090196064297,-1.906056737334114,-1.8329557683352378,-1.531624086807208,0.017605811439063365,2.8575396337371566,-0.7611682538804797
Bearing2_1,acc_00612.csv,0.27668757038966624,-0.21993172176747153,0.116671726252176,-0.02486921065443492,-0.49139179210728917,2.0907939147164276,-1.3623247874754403,-1.4622073074622115,-0.4032701982030468,-1.033665432242583,-0.3510250364119125,0.2825838844272257,2.131359582129395,2.173448145474441,-1.348469957285288,-1.7496879264242808,-0.6809774044448664,-0.9907952591050094,-0.7566479647207608,1.5341241537056343,2.005063402417535,2.1870780830856367,0.790167500456098,-0.1927719040399438,0.051823461755504306,0.08379752066954933,-0.16068995742439532,2.1273339544868537,-0.8864714174885582,-1.4339971087045733,-0.8241062662566807,-1.5207479717358092,-1.3434667844843877,-1.2371306553864996,0.45032040531485323,2.3798020897504264,-0.9521722090472773,-1.3861094380469359,-1.0422750189150334,-1.807460496643162,-1.6418434519105325,-1.5400805188788447,0.5579676524090371,2.442100390313424,-0.7611682538804797
Bearing2_1,acc_00613.csv,0.19598156124560984,-0.22684231874254596,-0.021210792535149854,-0.16199001310243877,-0.4428270859776207,2.087141065972587,-1.359440992732032,-1.4697831848064606,-0.37445138457348276,-1.0465518843223502,-0.3721459292856724,0.634410872720534,1.9622483762882912,2.2325873040543462,-1.3798156507863046,-1.7039554562366535,-0.6371358373839416,-1.0800541944493276,-0.7985737998086642,1.4215179073729745,1.757971693484134,2.287547005386895,0.7462155910214348,-0.18848861575058654,0.07745065180374823,0.017087046223716772,-0.0906905599572023,2.1287917833395604,-0.8805756318193454,-1.4223643437372937,-0.8191941824710762,-1.5211164435485809,-1.5010274896583908,-1.4191765664387295,0.5038596112585435,2.494978282175952,-0.9289166988231944,-1.400998493112276,-1.0217189355874077,-1.9012105287790204,-1.7908733632512777,-1.2519054058206565,0.3608699826735595,2.545648252423149,-0.7611682538804797
Bearing2_1,acc_00614.csv,0.21350332310569037,-0.20137934673863905,0.15473623691802266,-0.055361285414359404,-0.489013778549417,2.0855543966136425,-1.3581981023850225,-1.4501790397580505,-0.38528284137536795,-1.0555254779234604,-0.3087121719857093,0.42658560314256666,1.4846605507069015,2.399068592921779,-1.3650516237374133,-1.7017417895815787,-0.6335253234044241,-1.0843345274217644,-0.6895920958459527,1.1721697568718485,1.4624462672539826,2.3699593854838312,0.7043983419308194,-0.1876254579122487,0.10769097327714054,0.10290167501431441,-0.11924828980191947,2.178933666377905,-0.8936380096387415,-1.4267387468914017,-0.8157568248224868,-1.5144834672044292,-1.4531296194274625,-1.3544126022434766,-0.0022115937786099838,2.8115021263176745,-0.9541394962028348,-1.388959190205506,-1.026999207460616,-1.822524331144119,-1.7572111050016694,-1.5133516619777585,0.06301179232513522,2.761423471322057,-0.7611682538804797
Bearing2_1,acc_00615.csv,0.12263061743521174,-0.18903907332230607,0.16587509000685907,-0.04937511122836196,-0.30381749171025696,2.0336932853690155,-1.3257862832962373,-1.4375492147207893,-0.45719197812872764,-1.0035421793020312,-0.38836021426827355,0.6961455399069691,1.7818811939248451,2.285558795678807,-1.3449696120453607,-1.729245635541463,-0.5819086689724574,-1.0692106254719524,-0.7190742356657732,1.6159509982204037,1.5301957102239927,2.2766861126651445,0.6183044438918793,-0.16912313536247459,0.10654662610356085,0.1673011630474737,-0.043891104824609437,2.1374589651761173,-0.8817325002647662,-1.3956308515901519,-0.8236392686307479,-1.5181842779056252,-1.4933278529025225,-1.4191458722899486,0.40034173627979985,2.556583268211294,-0.9379789991199824,-1.3802759253034533,-0.9823050166890231,-1.9004571779195463,-1.7784335208619875,-1.4268518361835092,0.26766695995504985,2.6264898768971103,-0.7611682538804797
Bearing2_1,acc_00616.csv,0.23936235549087878,-0.23773975908895242,0.06266651651776102,-0.08473095251440933,-0.5028231786410575,2.0976789430928036,-1.345182272079213,-1.4200965280503666,-0.4603869730145095,-1.0613452522578952,-0.4798080799086634,0.8904148674038402,1.1567025405545175,2.527535787424195,-1.3513156624825604,-1.7031542496025747,-0.6896961447393185,-1.1131670006313785,-0.8636838962219612,1.3290039084278868,1.0518488281886706,2.5278577481757343,0.7512222208261511,-0.19557335129748324,0.10378574411027326,0.06037952502112771,-0.2020340368587755,2.212131633292519,-0.8874263347133595,-1.4399040334835667,-0.8206454903466187,-1.5223771756285671,-1.5439079537909683,-1.4322145943557514,0.09563439140271249,2.8098008979308853,-0.9571525499454208,-1.4093112621907946,-1.037628749632213,-1.9061139768598585,-1.8356927038893434,-1.5455331063537374,-0.029455976111443603,2.893442914370981,-0.7611682538804797
Bearing2_1,acc_00617.csv,0.30044678439358424,-0.15613120390494883,0.13255996972410342,0.18315034230897598,-0.18415880100398918,2.0507929743705695,-1.334022886666907,-1.4195749915059144,-0.4963172257290176,-1.0341530067106566,-0.25409870248553984,0.4419574750075888,1.8408967723951442,2.2952969838351622,-1.3488238982264993,-1.7128189050784772,-0.7278569085044759,-1.0248498168168323,-0.7137003862321317,1.473818678309976,1.7818098739039583,2.2715841631734053,0.9256766093659755,-0.15459695465602677,0.21570568660200432,0.6455212847099778,-0.059097092020956,2.075453469119637,-0.9064497084396211,-1.4500151257423823,-0.8316212363641091,-1.507788181649632,-1.1609810525740032,-1.0161486855160178,0.1567004302080515,2.4649064730403376,-0.9810911816500281,-1.4236862564371227,-1.0084743842498611,-1.758181533300733,-1.4503278631573684,-1.2171047513382873,0.11116089201724842,2.519019695221014,-0.7611682538804797
Bearing2_1,acc_00618.csv,0.1327077551046165,-0.20111089000272311,0.016154631234752536,-0.11503595933102133,-0.4197569657055653,2.052345372955285,-1.3183947558740035,-1.451055451321923,-0.3816631147961328,-1.0386062047168096,-0.3146237890586821,0.8896696144242188,1.8671501936543815,2.160722608142091,-1.3335065349878383,-1.7482558521031664,-0.631461796099012,-1.05866976672952,-0.7963759501705561,1.778358293205711,1.6161928062264024,2.2651141480677506,0.6462160514782654,-0.17499258396180117,0.14018909643811897,0.2481856874910352,-0.0653413706127961,2.160047494034245,-0.8736366965161741,-1.4229200622749183,-0.8173177803243052,-1.5185480131188673,-1.5264801706592417,-1.3444982925360949,0.5024300708526733,2.4467021935583166,-0.9560777615704685,-1.401815772306565,-1.0417581779199498,-1.8901148635424287,-1.847040845369732,-1.4103651768659264,0.2747754247279614,2.67516705908632,-0.7611682538804797
Bearing2_1,acc_00619.csv,0.1880259463786047,-0.22675020837002158,-0.012348003025582654,-0.13280741394570117,-0.49538890464451396,2.106730878360743,-1.3640695444587028,-1.4351036123740342,-0.41786322933598424,-1.0328362933371673,-0.3992369947916886,0.7332095547824169,1.4895225134167043,2.41272231437324,-1.3675504056094472,-1.7554209051256575,-0.6138856639869931,-1.0612833558811983,-0.8387593741137765,1.4616744166786688,1.4330558435386076,2.3865978505341756,0.6802423630149511,-0.19052970326854027,0.0892198461955821,-0.0009386477951341984,-0.1778432024352423,2.1843240370843744,-0.8950478879245791,-1.4222364884050862,-0.8197331354369255,-1.4818350612325921,-1.5212215819866224,-1.284781276302787,0.028221675845160173,2.78518313574842,-0.934243352506338,-1.4051236936014073,-0.9733336253710323,-1.8473122327766187,-1.8320169992625217,-1.323493794634462,0.01156270856658372,2.745127077342098,-0.7611682538804797
Bearing2_1,acc_00620.csv,0.32010587125262013,-0.18509291063549163,0.12476553977746206,0.25217841339125885,-0.49655832180326154,2.09752785545709,-1.3628087601127346,-1.4437044075452974,-0.47516051086706146,-1.0075907459556772,-0.3792487619150292,0.3678976354513578,1.2562535287296561,2.5560991941544606,-1.3586085139343147,-1.7529760134874457,-0.7002270767924381,-1.037670026102308,-0.7865994874258195,1.2815269152895843,1.1079231843210113,2.5270463800659884,0.8615945923738838,-0.1481431215435121,0.22564810959952714,0.5838949803720265,-0.11510386692709304,2.0297702761241356,-0.9009187522421525,-1.4341294398847007,-0.8211829131605504,-1.5163299848322624,-1.0119227532267194,-1.1950439098312113,-0.3929872237340436,2.8540581680243844,-0.8941744524519005,-1.4216951541092686,-0.9486760388216267,-1.7470263514768536,-1.3436332493292433,-1.8450404924084334,-0.42168006458974594,2.922940339135876,-0.7611682538804797
Bearing2_1,acc_00621.csv,0.15774510432629169,-0.19707377221923683,0.0070655835435185985,-0.046194956192050926,-0.30481357299939293,2.0455921720727206,-1.3607096965535346,-1.416696083294622,-0.350597021619769,-1.0037443294430353,-0.3922414969673503,0.3841583200250039,1.614927409955536,2.3181425185326914,-1.3694801340025593,-1.6709213697062215,-0.624120816070676,-1.049807646034069,-0.7668550335665631,1.5179788570564516,1.501270565944074,2.317772578725853,0.601512962719442,-0.17968666297579378,0.09700652449515461,0.08641663860391219,-0.13786901453655462,2.14226739918545,-0.887986393617754,-1.3970339479233773,-0.8184274081055571,-1.509337559930463,-1.520555147452207,-1.4027619125464954,0.01554192163798722,2.839326255744599,-0.9561735862357054,-1.375260408262706,-1.0330881630662185,-1.888771420668875,-1.8131535650810902,-1.714643226446436,-0.05743001719381016,2.934902873174524,-0.7611682538804797
Bearing2_1,acc_00622.csv,0.42948160306694005,0.46626676648453774,0.1874834472790132,1.1327072225628192,0.9039567714054706,1.8319489393970612,-1.324305328197514,-1.1990448379603598,-0.4684077599429914,-0.9232160704657645,0.3324458268963333,1.3861836484969783,3.1225693877439173,1.536329640929147,-1.234333000119366,-1.6406769168590989,-0.6976484403460244,-0.8060281530068586,-0.22742437145288621,3.327929354849223,2.881608981241924,1.4956898614132024,1.252585033024124,0.6327466765066934,0.45832101497434463,2.4712005507217936,1.0143964974035933,1.6908686328882407,-0.9053637190757066,-1.439473579787978,-0.8349862599928726,-1.415569804901641,0.07483547027931177,0.1650066557330696,0.08821162129338724,1.511533663019375,-0.9728470614543101,-1.4269685278725226,-0.9271143937056898,-1.2594549924501965,-0.13630932401866247,0.14731124320732558,0.042976179780613195,1.461096150768943,-0.7611682538804797
Bearing2_1,acc_00623.csv,0.24151463802099607,-0.18933929701144292,0.026766976481341753,0.05145451021703229,-0.4275832888782655,2.1663155661320164,-1.3713892466997148,-1.452389898469235,-0.4461905035686131,-1.0353077610581118,-0.41207971704502655,0.4679820938978716,1.6807803686614855,2.40264856952441,-1.3803434313326557,-1.7343954594424964,-0.6960812939370431,-1.0776708872405991,-0.7829345302590373,1.1707401792085135,1.7344762890898002,2.3583468795729967,0.7843538701637792,-0.1802823903402034,0.03646113422860108,0.17130687282944052,-0.0675541670801478,2.14413994692885,-0.8983394791118811,-1.4361558656001938,-0.8231229951400238,-1.4983063268471601,-1.3201873159293942,-1.2081672290241674,0.07200237118605965,2.654915448823688,-0.9729459611132666,-1.4058300093083298,-1.0360172344991967,-1.7703029492279656,-1.6088854909673762,-1.376027542811561,0.08178436476244194,2.650587267233824,-0.7611682538804797
Bearing2_1,acc_00624.csv,0.2919553388807173,-0.10081010419960458,0.30569021872876917,0.4983598267904035,-0.28155744725750137,1.956251732971827,-1.3261552718586804,-1.3353746322216398,-0.386441953339503,-1.0367773203535897,-0.1267394758234284,1.209178724592939,2.1430360808831113,2.0082920738268615,-1.2969736748720953,-1.6042520577164103,-0.6587391779401677,-1.0073235778210894,-0.7329537278994788,2.087985976856093,2.1295898882769095,1.96637279337994,0.8497762664419037,-0.15754778706897848,0.1365696302690453,0.6526083097088424,-0.08689088793638766,2.0698868762598712,-0.9011677755766476,-1.435150101156641,-0.825131389660917,-1.4806822767722365,-1.2416714398911683,-1.1103584526283763,0.4524943752631958,2.302497125896298,-0.9702604654603105,-1.3825838830388213,-1.0181744786007325,-1.7560298032132025,-1.6328820232422312,-0.9034778376887237,0.5330249185330235,2.2372890520997735,-0.7611682538804797
Bearing2_1,acc_00625.csv,0.19686275640948597,-0.20828067279849216,0.04084104165892081,-0.0718232644258522,-0.38732986976288825,2.0042563132847073,-1.3037508328005676,-1.4209763837942735,-0.4152723509805587,-1.0139103873456288,-0.3488807036808656,0.8091630451404987,1.5430728656765906,2.2562360099414644,-1.332970314775779,-1.6573383228676124,-0.6581007887047653,-1.0547185756479966,-0.6983378415610774,1.8871366277192023,1.3088465228035395,2.3120000197824906,0.705877636090909,-0.1838598327864419,0.05564224927733411,0.12462494729344234,-0.07935807371910818,2.1657937281340383,-0.8745665834939049,-1.417799222444319,-0.8232508370783173,-1.5021328733286499,-1.5279663547259852,-1.3958800730474477,0.2822322926264461,2.6049481464932973,-0.9528219538823115,-1.3646650260628486,-1.0438405525461594,-1.8636898236030173,-1.8029092637130757,-1.622459303079913,0.18909314599458163,2.7534109588798854,-0.7611682538804797
Bearing2_1,acc_00626.csv,0.2908384626646517,-0.1694255218908572,0.05208116625067778,0.12478514399550093,-0.23871285246235438,2.1597450639035722,-1.3641120581793627,-1.460781094285385,-0.44793721014124355,-1.0538378753925295,-0.39812782938975433,0.8716727945721612,1.7085979676538043,2.3536057333911478,-1.3848662477700011,-1.7585169323122967,-0.6765884513690559,-1.0509344353904104,-0.8083873601737772,1.2543341072621526,1.6461563105525536,2.3835683682447977,0.8705783756219843,-0.1328494862859378,-0.04958893328206314,0.6872731058989401,0.03721197704993382,2.101837016671273,-0.909374629721649,-1.4453156674447158,-0.8233528018171182,-1.5092950922743174,-1.2120381894106678,-1.014163601800767,-0.13596154979322375,2.6832693767723867,-0.974858296076932,-1.4001557426094098,-1.0321045595899467,-1.7455384893758772,-1.3530334939203692,-1.460153250902975,-0.2570141170637124,2.767998071656852,-0.7611682538804797
Bearing2_1,acc_00627.csv,0.2886117643479478,-0.2188581081327658,0.19697622943053722,-0.113165279897897,-0.4907090128857575,2.1074527464783146,-1.3690561430472943,-1.46999074331009,-0.413883332275713,-1.0162114099499537,-0.3220292625774878,0.44441818462726207,1.8162143548529555,2.31955171671527,-1.3718659251057375,-1.7410645094865462,-0.6820126224038591,-1.0403760355470122,-0.7090046724368856,1.2276264656723166,1.8110570663364451,2.299893005413258,0.9098301606610106,-0.1769501347415291,0.10509763952012295,0.19595739456462116,-0.04510361286775976,2.167993532324866,-0.8846045724187783,-1.4428660082465938,-0.8263131499041378,-1.505023857021272,-1.4546986420443504,-1.269665362278551,0.5829164603649779,2.369262184099682,-0.9668812519797605,-1.4030817500655324,-1.0248149922745826,-1.8309252849730087,-1.731875327341989,-1.3686384189111926,0.5754665796163632,2.4217537512351663,-0.7611682538804797
Bearing2_1,acc_00628.csv,0.3384163603609902,-0.22511979507655192,0.2968431421174154,-0.07911891421503668,-0.43298281307066944,2.123386067450131,-1.375125921696206,-1.4699174935530943,-0.38120939122953845,-1.0533762009158942,-0.44696576493779516,0.7375245232049975,1.436197233148124,2.4478761458656693,-1.3752010347952985,-1.7000226026665408,-0.6702102693270654,-1.0745637711357252,-0.8029472493441872,1.4698195452842524,1.184144049510144,2.4748935051458907,0.9665572334070925,-0.19980220895594808,0.04009548864858212,0.15697875707086678,-0.16570292407202852,2.2038423015716533,-0.8946063414916728,-1.4391405427581474,-0.8265548919223764,-1.508925914905459,-1.5558003739938304,-1.4084799857731973,0.265270182153378,2.6884944922523895,-0.9451746883707173,-1.3880365426753087,-1.0407757648772487,-1.8493360490234285,-1.8684107835459456,-1.4547819454550268,0.1084858351682055,2.7708536109392687,-0.7611682538804797
Bearing2_1,acc_00629.csv,0.1670714467453291,-0.2184931302555259,-0.1318810339344548,-0.10493429039215077,-0.5701925811623741,2.0965714759943364,-1.3665183685814422,-1.4638171386342538,-0.4306055458466854,-1.0006778790235327,-0.32940821979938223,0.8645085255667067,1.4862701787104449,2.4139992954376863,-1.3806089484434136,-1.75574015206434,-0.6719690391342655,-1.0425008655189811,-0.6871207034910608,1.0268907217046246,1.3719060636385505,2.4644639867206526,0.6635519320506447,-0.20109947945987536,0.06612887476018688,-0.038376627680439694,-0.2763286908192789,2.1425100525218257,-0.859603610764996,-1.4221183250078986,-0.8205107364511471,-1.4873666738945674,-1.4429516842613537,-1.4233811123417406,0.1762587971758986,2.678184091792327,-0.9463023016864017,-1.40317582680638,-1.0237952529400207,-1.8354430639546466,-1.711999371997756,-1.6160542863415517,-0.05002428950515227,2.8460555336460573,-0.7611682538804797
Bearing2_1,acc_00630.csv,0.5070449410649334,1.4799884875106937,-1.1306705517620246,2.092365771755533,1.4698902940274405,1.8946980020810016,-1.348004184375256,-1.2086873551730934,-0.5240511805658548,-0.9791050474663593,0.32103870642647964,3.08497523393082,3.0953221995565294,1.5643102000998714,-1.3067930610901246,-1.5763844762221808,-0.7331920152933816,-0.7716396099358168,-0.36775124073306215,5.735152536296602,2.355425932013373,1.5452127369133035,1.5457544730023167,1.5920925993997483,-3.123526218817201,3.3909731429657213,1.5944446906665986,1.6656002714869564,-0.906048323576941,-1.4490387154361375,-0.8411985761868339,-1.4175957379463717,0.40855355453682934,0.646747715065591,-0.18067617417362905,1.3940098884957641,-0.9794911665292404,-1.3895771760858748,-0.9971941570588136,-1.0004598323987848,0.622290699697588,0.13384202417937593,-0.5182563160011012,1.4473838222201918,-0.7611682538804797
Bearing2_1,acc_00631.csv,0.1808923058179133,-0.1925113598716615,0.1592262253754375,-0.05517421747104692,-0.3092194186305488,2.1183839420232453,-1.347581438983313,-1.457148796179514,-0.43374916452127427,-1.0593127031972434,-0.3951813612002744,1.19139168279262,1.624160278558494,2.3636169961698807,-1.36337338006232,-1.756023296256906,-0.646998261525666,-1.1166232392168463,-0.78757346302636,1.5873812364451254,1.386590613901685,2.408337528811839,0.6910729928714529,-0.18172760296094934,0.09387618802439221,0.0945821239286909,-0.060907596211761166,2.1926914993394515,-0.8940291241826457,-1.439652323750861,-0.8173246212789558,-1.5049681153202812,-1.5303528845760692,-1.3771986055167653,0.13235536117381216,2.763149767513364,-0.9652635689593082,-1.3970630918092206,-1.0514670769082943,-1.8532551664033992,-1.8474672283686162,-1.5510800296529992,-0.02443623173364932,2.882606899477662,-0.7611682538804797
Bearing2_1,acc_00632.csv,0.13265289655340973,-0.16689605753200473,0.02952711133035623,-0.012522726395815071,-0.19671384127909206,2.065861437106747,-1.3508810722199365,-1.4302957768574236,-0.44571526439370573,-1.0425676303571139,-0.3530001227805475,0.8130618071488661,1.7329747495952055,2.2647658608183883,-1.3516537395321535,-1.7152262759035297,-0.6544200324114692,-1.0820711076905667,-0.776642235424541,1.8420156583525427,1.5469066426358442,2.300701229807352,0.6256122636994118,-0.18363409354543178,0.015091538878194059,0.03542087176425733,-0.1257230622017132,2.0855834562089313,-0.8665770641861944,-1.4037177802130387,-0.8173354695190361,-1.4853939366582003,-1.4628899108552709,-1.3919409039782917,0.1772813385541039,2.640891797037176,-0.9130432301598692,-1.3801541038062384,-0.9897337787232401,-1.8231440118849307,-1.781815479102228,-1.5412361110810568,0.12899362982513282,2.7112302495414293,-0.7611682538804797
Bearing2_1,acc_00633.csv,0.268554849515097,-0.1975872250239397,0.1789769988272893,0.019652959853920925,-0.3332477567808865,2.1396523047787515,-1.3609354053012255,-1.4394923302473035,-0.46561534582852654,-1.0206841062558603,-0.45321127352135837,0.4400007451152327,1.511470781753164,2.4476693927592983,-1.3590535493006113,-1.758321323136036,-0.7193493295976963,-1.0857112831614326,-0.8072926808266502,1.1338584462451768,1.4513748668484783,2.4549027688701566,0.7908890190081177,-0.1829067928346844,0.07226249836544985,0.15913567772269524,-0.11053219479634335,2.230132154269004,-0.8719768237262552,-1.4436889794968888,-0.8238969061469448,-1.495196817495723,-1.5365768466661944,-1.4325360483143819,-0.010633576124676504,2.875314207333529,-0.9339899084078788,-1.418024457720422,-1.0412504729729493,-1.8652600676308921,-1.828093084482913,-1.8076656835183424,0.046963206922074445,2.908225578136461,-0.7611682538804797
Bearing2_1,acc_00634.csv,0.18291340578677887,-0.17875737504962927,0.01809884721098694,0.10963264058719485,-0.3264996623905702,2.0146641607415146,-1.328772277383093,-1.4375417205427126,-0.3318935831293201,-1.0344748594958042,-0.3496034612571185,0.44833897839514064,1.2816156168174566,2.3914497224781948,-1.3439418253441575,-1.697861268158484,-0.557334400241204,-1.0666353374987398,-0.7448357374882358,1.3564464849532254,1.076161761529638,2.4157188002617755,0.703054110271388,-0.17142755533174647,0.09663559095540225,0.24340964890484384,0.015430168520444168,2.16379035823658,-0.8060175568597513,-1.445822071239916,-0.8133877134547662,-1.4830668871680144,-1.545752395815924,-1.3645755319141046,0.04416500045443871,2.7841547971263036,-0.8949895887374129,-1.4199486813813698,-1.0222246078022064,-1.8674505405161557,-1.812202559408006,-1.7371641084647715,0.04699856862391931,2.8641639929024905,-0.7611682538804797
Bearing2_1,acc_00635.csv,0.1888247941828493,-0.22096072298909716,0.04258764921736001,-0.03515794753661796,-0.6548023953920882,2.1062628063297195,-1.3726283917686495,-1.4009903730524453,-0.4597744894471534,-1.0476971289299142,-0.39107833706771006,0.836471681442415,1.920046782645894,2.2733016023566983,-1.3726809444655634,-1.6992989601161264,-0.6828365932768835,-1.1151873175074323,-0.7541984821469416,1.5448813063714089,1.7767492843448283,2.28652709471933,0.6934607054223614,-0.19536420746403277,0.07467012696921123,-0.002787436925272679,-0.22472480886866206,2.204873174459955,-0.892365303673079,-1.430316534652998,-0.8276138442992736,-1.5252468899259515,-1.5138277777601619,-1.480573881246356,0.3558957700009069,2.6358219396187326,-0.9559927798660072,-1.3677173227027108,-1.0483462803079562,-1.8908195895556588,-1.824023340013962,-1.3535521004430515,0.20880380747981608,2.6824992355956683,-0.7611682538804797
Bearing2_1,acc_00636.csv,0.282260082077677,-0.053496307148439184,-0.10873043406811812,0.47665994536616274,0.017172592837496614,2.0315595701239473,-1.358898056833381,-1.3766406094522805,-0.4149571641385991,-0.9896977553155056,-0.15116405504007369,1.1635518357221042,2.3052528486124504,2.0130867155201644,-1.336136083144613,-1.7023043159005475,-0.6520193409664929,-1.0853362854109112,-0.4539320510654175,2.4046337202697923,2.1595160990215385,1.9985350389965926,0.7584804853144879,-0.1613895188574756,0.2095758793548415,0.3688191782325753,-0.026209003630643025,2.0333128037898445,-0.8825584902112447,-1.413998965320382,-0.821733528520577,-1.4995236454745058,-1.2115446749585752,-1.259940940034767,0.1396111104250572,2.55861876657876,-0.9219473176945874,-1.3834567082222413,-0.9722275155959108,-1.7518190527664121,-1.65589761465262,-0.9361508320209809,-0.027741234801079005,2.545181771726517,-0.7611682538804797
Bearing2_1,acc_00637.csv,0.1749202573053147,-0.23882083677440477,0.13908250154252497,-0.14515389820432084,-0.6938022927364251,2.092288485077267,-1.3492078234528393,-1.4307850308194086,-0.4290350190988483,-1.041354150077021,-0.3874358589321031,0.975563374311544,1.5365799539474374,2.3761645484741645,-1.354690428040161,-1.6820243350631956,-0.6934843165657442,-1.091895741618697,-0.7603367761926542,0.9980022284159341,1.6124932450996323,2.3568373246142205,0.7198447204557538,-0.19780515060725004,0.03235153894394445,0.04497294893663973,-0.2741386054956865,2.1940710256324896,-0.8937040114638615,-1.4239955263831763,-0.8205258046311561,-1.522460756175916,-1.509630188652177,-1.3745038956625193,0.12478861388060583,2.752338264388186,-0.9596597299288753,-1.399529391942784,-1.0350978546417156,-1.883895551694819,-1.8109442195321743,-1.6683658118803673,0.13374583779823065,2.8160123947823874,-0.7611682538804797
Bearing2_1,acc_00638.csv,0.34904752917242876,-0.04514656666870054,-0.022753482088658412,0.47273151855660195,-0.1736096850861895,2.109109379054927,-1.3470062625104433,-1.4596331684204515,-0.5171313250006018,-1.0175142733009188,-0.17370348349485465,1.1294494660156376,2.0751326459660793,2.2209944903900656,-1.3786005419892027,-1.7193505139925893,-0.7570819638907484,-1.0680530452440313,-0.5900759795510427,2.0764210562088006,2.1347173541645996,2.155566993590961,0.8920747205340684,-0.1399058418177188,-0.11464462010429533,0.6033072662384811,0.04277765576902609,2.156900980715371,-0.8701698478629428,-1.420407109029799,-0.830510525733289,-1.5120002037184161,-1.3700600414599484,-1.2093750658565001,0.08498390188654732,2.6670391676790217,-0.9606750028876098,-1.401365406230609,-1.039891201287832,-1.8491407922590846,-1.7476397069402794,-1.1101610134706865,0.10177403718518763,2.6351155213086144,-0.7611682538804797
Bearing2_1,acc_00639.csv,0.15506812746042056,-0.24507625227645316,0.1089507792266716,-0.1778907882839943,-0.7374672911323225,2.064058703005206,-1.334848554073834,-1.438444903428381,-0.4225385188444564,-1.0451052462507782,-0.4528012923832318,0.9201399062643014,1.7948412801193325,2.2813102952109983,-1.3541566384579877,-1.657506758915959,-0.693806402090666,-1.11728680387522,-0.7971991241819556,1.6289661064217145,1.7956070627886425,2.2448411685574863,0.6575919875238097,-0.2008444029114405,0.10911340046295526,-0.03082740539904057,-0.23140653236461065,2.1348216191353724,-0.8862231188117042,-1.421576159247162,-0.8173585249352548,-1.5070575146579508,-1.5148219664297813,-1.3765328778388908,0.2729313764756399,2.6501996681080993,-0.9470960475242612,-1.3844245297684772,-1.0126041765630622,-1.8405929951986268,-1.8304673226231525,-1.6593312693486408,0.4402822100846963,2.610467905096122,-0.7611682538804797
Bearing2_1,acc_00640.csv,0.4908658441280009,1.4987381233610235,-1.354586303779006,1.6497630178783476,1.7782340260365683,1.8529103364151327,-1.2878393209972328,-1.2665775693055719,-0.47552305039192394,-1.0020059814662554,0.08387855141854789,2.701485957824872,3.2467727285679326,1.483168617341925,-1.2872093077744624,-1.5690200171838922,-0.6544322029028738,-0.9089810163919244,-0.4836902073110123,1.718463079998405,3.6317052782431025,1.4428788733792526,1.000497037656219,0.24362995468030355,0.4891623764751545,1.7771342981156142,0.4726784703478554,1.723935043918573,-0.9017931367179451,-1.4377808902378435,-0.8162307921871556,-1.4705811134005589,0.3760299193396115,-0.8430196420517649,-0.3298190767560919,2.044861516670829,-0.9684825127167814,-1.406249766661761,-0.9833181522754614,-1.1209512728737423,-0.03433608867382328,-1.2232538514935938,-0.3730542731001157,2.0440176134740193,-0.7611682538804797
Bearing2_1,acc_00641.csv,0.10302959285034428,-0.2128010829902842,0.010031130830635315,-0.06190866343029412,-0.4614708827050101,1.9650402725938332,-1.277793163977345,-1.43696628793896,-0.38516173112492635,-1.0300117454073292,-0.3638313104279533,0.6673773724021166,1.7520046197839316,2.1995940516412773,-1.2736807995281807,-1.6888940418526734,-0.6027718158495272,-1.076576030081211,-0.7291212429804155,1.8169317729448327,1.526053804505004,2.1769052472205765,0.6517020745671072,-0.19391009042516957,0.06100337688257975,0.011078481550766541,-0.1528213794243746,2.124860930135714,-0.8734640354193516,-1.4172874289492694,-0.8140643090106973,-1.5123173709048758,-1.500076883691695,-1.3086482899419687,0.5239646423911999,2.434170771212372,-0.9201955510736405,-1.378848871542246,-0.9960494866711187,-1.863530758915469,-1.8219093931732173,-1.361131106307415,0.4332727349850246,2.514723833213104,-0.7611682538804797
Bearing2_1,acc_00642.csv,0.29334442798300026,-0.20695360247209885,0.001025099558965487,0.005996999992114366,-0.3309573983278623,2.208413694517941,-1.3988108054348878,-1.499175412841983,-0.3879646447192932,-1.0802999220087046,-0.48980619449729085,0.3671089958795248,1.8569796522555373,2.3787178231073676,-1.3894180725061505,-1.7535621047673133,-0.6554216061826343,-1.1394569242424595,-0.8889098147868931,1.5763528739758184,1.695082175195525,2.360211485893903,0.8630847714310914,-0.1804296474298029,0.06608424028902916,0.14989173207200243,-0.05724617234166182,2.2464266157644013,-0.8973464055254028,-1.4377975911438485,-0.8209782495752231,-1.5278146194250508,-1.5626693896240067,-1.4284012194448528,0.29571139582461475,2.6894597873660553,-0.9665569562043329,-1.4039548471542191,-1.0495151237738565,-1.9036812224854711,-1.8406225626317478,-1.5328876633608906,0.26838480298728207,2.7247889104051777,-0.7611682538804797
Bearing2_1,acc_00643.csv,0.15754366885165075,-0.1961182974088539,0.1539519904123517,-0.014393405828939396,-0.45983340686048846,2.1467250940176625,-1.3845374707315716,-1.4364107039181249,-0.4246161520368604,-1.0894908564433388,-0.3506728894674683,0.7276091050826776,1.4506543394475693,2.475525698001398,-1.389086222749134,-1.687819032121155,-0.6993778505811228,-1.113394460597514,-0.8050129643953507,0.9582488317078741,1.5355198400726076,2.437915625504723,0.598081414138906,-0.17969026630359067,0.07192796583438625,0.19919277554236361,-0.1235964581846578,2.165602651053351,-0.8771937254681186,-1.422177718677431,-0.8111016312334206,-1.5134636021092494,-1.4731154633759773,-1.4257452215275859,-0.023226259299412595,2.8596571303104503,-0.9391714312622876,-1.3880485818463855,-1.0451134889262739,-1.8613531596301434,-1.7971003733207291,-1.6382628425242534,0.0069440895001880686,2.8635291659265834,-0.7611682538804797
Bearing2_1,acc_00644.csv,0.11632188928387333,-0.23093954454996474,0.11931065033941769,-0.1350522292654503,-0.5352874481614891,2.0454492558683826,-1.3615206718836816,-1.4466925039520664,-0.38100306676306894,-1.02011861432993,-0.32124040312711927,0.7600914284595987,1.6566391538635472,2.319729310504164,-1.3707939605936155,-1.741229096010506,-0.6304922555856367,-1.101460341763045,-0.7067995050103097,1.3767650769198245,1.4844573894696071,2.3748349572364766,0.5877576998687879,-0.1968750900079234,0.07930872032539724,-0.036681904311146006,-0.16964163166400653,2.0505529083038665,-0.8676265851777578,-1.421087124127218,-0.8049217478778373,-1.4606624257943792,-1.4384907208638926,-1.415274273765584,0.28282884761916377,2.5829864075782827,-0.91608421279188,-1.3848929239256322,-0.9983190654975704,-1.8706129305945725,-1.713026919342671,-1.8032679426862783,0.24060611235909238,2.7232778333477556,-0.7611682538804797
Bearing2_1,acc_00645.csv,0.2554008245197579,-0.2195502045809444,0.237364785164987,-0.04226652938248996,-0.40683557127041176,2.0998700623258535,-1.3776899500514237,-1.4600684033161266,-0.399545309193053,-1.0498281599393298,-0.34248310656106407,0.6451145019151404,1.337296524582344,2.4889674102728248,-1.375979847775841,-1.6789254957705775,-0.6375707526601382,-1.0877172488053637,-0.7203023128112522,0.7425196297562384,1.3714171113743825,2.441760195539233,0.7684661466753289,-0.18896962944891088,0.03688175926529532,0.1777776347849254,-0.16564246143209854,2.0424749083109206,-0.872833142932666,-1.4017176198901828,-0.8131483876969459,-1.5007802242621873,-1.293841695341515,-1.40833909982944,-0.24924543442143374,2.91962684280664,-0.8694824277049215,-1.383018322903959,-0.9590322192949964,-1.7747265816472253,-1.7157929745863483,-1.6516450743972912,-0.3272768758246121,2.9426706561286,-0.7611682538804797
Bearing2_1,acc_00646.csv,0.14090004156934174,-0.1885192816021523,0.16860818510041278,-0.07425514768891381,-0.16844528024353925,2.0694026935966283,-1.3626343347407603,-1.451850591559629,-0.41182179656102585,-1.0046159860608717,-0.34204070754693794,0.5214003881456316,1.746136268708013,2.278453179089415,-1.374940489182221,-1.7237192269243362,-0.6542013622351256,-1.05913701507293,-0.6684099353625185,1.3636695485163082,1.5982402969554663,2.33591363064766,0.6613897824750307,-0.17514332803695334,0.10168488127464177,0.09781750490643334,0.03515506127319848,2.100608132954961,-0.8846961229593574,-1.425502133761316,-0.8154846277648526,-1.4853852634904525,-1.4614316041988182,-1.3611843494217668,0.3383071863859428,2.534918719163977,-0.9484367619571953,-1.3869219450630372,-1.036005248152845,-1.845474662497821,-1.7403398598068136,-1.672678402313154,0.21980419597112033,2.7227073606729912,-0.7611682538804797
Bearing2_1,acc_00647.csv,0.48425867811072976,0.9566483992673417,0.5364668590161977,1.6555621241210325,1.5386955597709457,1.7956035741731577,-1.2916798429846208,-1.1534526440537207,-0.44126827287165127,-0.9199876437505544,0.7235686381136952,2.263344327763057,3.081717567413969,1.3522142350098654,-1.3300536934716776,-1.3272091728694486,-0.6898748109769608,-0.7894821081956485,0.2659560311483424,3.2976648596972877,3.025380470848952,1.3473656197397301,1.434446453814981,0.7129658875558301,1.1961958778631816,2.3990977746463904,1.5592878091402929,1.577203606592174,-0.9105637841972543,-1.4383303205681317,-0.8266512989167791,-1.3631486808631788,0.5262376049415428,1.4020415369281232,-0.3075497794492495,1.1129866135492301,-0.977076409860356,-1.3823111025512833,-0.9169004106089944,-0.9662984093871314,0.7993075567677517,1.0657689156569534,-0.6134828554677099,1.1092409507782892,-0.7611682538804797
Bearing2_1,acc_00648.csv,0.17373114399055942,-0.21823008037276675,0.12264344851016769,-0.04488548058886388,-0.45120353921206524,2.1176650394692547,-1.3680927260485107,-1.4588451216573934,-0.4328881218133509,-1.040539934966462,-0.408645391982403,0.7002562353736937,1.9633399982716242,2.22773767749567,-1.363887737253404,-1.762432502303146,-0.665552562705578,-0.9666566010652582,-0.7039318053041256,1.4184702806517488,1.7734246415884136,2.2740455712578456,0.6693351073058469,-0.2063397176980372,0.05200682086902424,-0.0878317369116458,-0.3073642382081743,2.1412880844623507,-0.8824517548512529,-1.4297949601888769,-0.8178538112064325,-1.4897434815738517,-1.4898165766543732,-1.4509646053048482,0.2926886556156739,2.5948512395555574,-0.9081835495328535,-1.3874647389961794,-1.0050665461639794,-1.7895634292350866,-1.7639488628836786,-1.569482614403274,0.08797454910595445,2.732402091339264,-0.7611682538804797
Bearing2_1,acc_00649.csv,0.3061866035240489,0.4749970648258975,0.01597468440417659,1.0715360050996576,0.6940379560791056,2.0911521043187173,-1.3898531622608679,-1.411238075765763,-0.49127647915635797,-0.9776699259997653,-0.27584207741506483,2.0365459493623703,2.683694908311605,1.9498486232989398,-1.4139698312186202,-1.6871888281513576,-0.709490927176537,-0.9599629241805772,-0.7092805085913493,1.76748621753135,2.743159890453274,1.9813624755028716,0.8540621746990367,0.2526773718386063,-0.46256395635138264,1.8526265209296047,0.45703045823344607,2.0145318412372766,-0.8957209777372271,-1.4394627970330443,-0.8215627598175187,-1.4914620228995297,-1.2408961906890688,-0.6859765289869778,0.3024785089063477,2.250112287424466,-0.9473306089495905,-1.4038361243136255,-1.0028836327137427,-1.7187414131411063,-1.4524631342209229,-1.5400472630443067,0.6279055267389168,2.287385947392185,-0.7611682538804797
Bearing2_1,acc_00650.csv,0.18216113178182475,-0.23392927657995188,0.25064404109389343,-0.184438166299929,-0.5029543018951931,2.0387919088223927,-1.339269952934992,-1.4390597912121144,-0.35779871445348516,-1.017114797100294,-0.4184315795027863,0.5325173956797608,1.4938298377609907,2.3583253563773425,-1.334613462012447,-1.6951719468167534,-0.6354205824054872,-1.0366151568899566,-0.82380302891766,1.2340609912177882,1.5295421871021613,2.3145498894495917,0.6457878299766413,-0.19704569016958717,0.10116041227922784,-0.020504999422433653,-0.2217705854477158,2.1367557525078182,-0.8752005180460136,-1.4159373408300175,-0.8232677562664408,-1.4992757657674063,-1.5167976611524117,-1.3136621447008787,0.12498581330335401,2.7297363156319046,-0.9473953370894564,-1.3740872408740545,-1.053575005234794,-1.8327816706595463,-1.8400891372516388,-1.485258620909152,0.11428498757333024,2.76323914813026,-0.7611682538804797
Bearing2_1,acc_00651.csv,0.3541850467092887,-0.17537007150381465,-0.05327385670631402,0.11898603775281598,-0.26157151587437427,2.114746910757264,-1.3622066543308369,-1.430795312957173,-0.4713994164279998,-1.0861152126943203,-0.5384170536350539,0.2410633657350825,1.56667516388599,2.468383527829975,-1.363669545296059,-1.69726463111787,-0.7398120545249984,-1.150048854907715,-0.9043690310588953,1.0536668053858806,1.398677598448398,2.4893489937080377,0.9970848057143826,-0.16359828328739884,0.07609456011278243,0.2859317988980304,0.016580671145924115,2.2560712463828105,-0.8960378911330412,-1.4435573969071969,-0.8304900030884783,-1.5438451618935594,-1.6058342549677866,-1.4305571846889662,0.27482143106625806,2.731046211403829,-0.954579999332279,-1.410284327810207,-1.05369649567406,-1.931554779293986,-1.9007747288688825,-1.5382804353672959,0.15431804446902375,2.824376705671269,-0.7611682538804797
Bearing2_1,acc_00652.csv,0.40611548429001104,0.1564878192448033,0.00419245375390336,0.7516498220354199,0.49553959525546587,1.9750538066696535,-1.3314729900669,-1.3615069979114502,-0.43347036000780476,-0.9918290300627954,-0.041298983130363,1.4043195632608045,2.258893953854899,1.9572258269388492,-1.3350800028116112,-1.6414138712650015,-0.6513529648561698,-0.9697398167174666,-0.5836891102967161,1.2561114014315142,2.3404862556978494,1.9983175403427569,0.9978026049201366,-0.08432731276183895,-0.00994922215189694,1.07567288898888,0.18353877351599135,1.8828456182198394,-0.9071545700463137,-1.4391616491325736,-0.8168421898106643,-1.4737413848731147,-0.47023850966185377,-0.9154474997557891,-0.15152417245676547,2.297817269026101,-0.9513247989567938,-1.4078741133021104,-0.9931253350877315,-1.4996697979862141,-0.9373694887572278,-0.8262918401590247,-0.292791335176921,2.339822327803087,-0.7611682538804797
Bearing2_1,acc_00653.csv,0.22389985683074426,-0.10692733509360067,0.05215047406351773,0.1747322848599171,-0.07057766475966921,1.9593678269624537,-1.3179027405861283,-1.4061286475344998,-0.3905041166971426,-1.0552002656525308,0.22659925988668897,2.871473790498817,2.2210247998702397,1.9059668852670673,-1.3212934612766825,-1.6379663500148938,-0.6705863418226501,-0.943331026446137,-0.4544170746094742,2.1270169351456154,2.379998987520789,1.8873274650740803,1.038404274077881,0.14362039058159515,0.05541452472570639,1.6947091160636039,0.5670275511149563,1.7674931674481205,-0.9055666123677498,-1.42821479540757,-0.8189768283806804,-1.4979387958493895,-0.040645673198508425,-0.5733572180365161,0.2282027862877724,1.749393248492047,-0.9641533995773207,-1.3845833127409601,-1.011237706858313,-1.3868488292134233,-0.4180404053493161,-0.6321195562158067,0.2534572737665466,1.7443038600944927,-0.7611682538804797
Bearing2_1,acc_00654.csv,0.19568544408931995,-0.2079241725272821,0.06045396710443418,-0.12420228855332997,-0.3560777842279548,2.08475765973813,-1.3512494952504661,-1.4561896591757053,-0.45967708012848385,-1.0524483114736456,-0.39036268271482055,0.36120054884363995,1.3257225391956118,2.485016551006106,-1.3541826662789334,-1.7626134941555962,-0.7068832220485706,-1.088655881520761,-0.8324142335207277,1.1501681384640208,1.2009713650569085,2.5265393614793554,0.7345747571626394,-0.18763571098655274,0.06516135183196868,0.01092441578992161,-0.08625369121334314,2.1977254104177537,-0.8740088256269399,-1.4504964588883584,-0.8249658515717105,-1.5075218826572756,-1.5155516520244459,-1.4263983642859515,-4.962289018794731e-05,2.837638350096211,-0.9336793110751551,-1.4207582640773904,-1.0389975903327497,-1.8245291371130448,-1.8134674684101812,-1.70397896345928,-0.1473411720605892,2.9692280152489974,-0.7611682538804797
Bearing2_1,acc_00655.csv,0.16771481671049476,-0.23098886103444757,0.18678454309860096,-0.13954185990494822,-0.5223528722968678,2.101062938464463,-1.3710912902316126,-1.4278397911210012,-0.43681090218983054,-1.0251695614221938,-0.3641406542023804,0.7100798465127693,1.7318766961198382,2.324083411564468,-1.3618161216245137,-1.727681573365899,-0.6905569692778145,-1.0649279921730623,-0.7380125071728856,1.4280252994232432,1.6519378282973427,2.329105977841157,0.6553524729164621,-0.18565902256559058,0.053199275562156915,0.03403427991665337,-0.08756859789204155,2.106896805225649,-0.8763378041029393,-1.3987409087870784,-0.8149476150882589,-1.4971514603941143,-1.4819103917682923,-1.3979507300322818,0.20131658235103478,2.6617526000213507,-0.9481745125715773,-1.3844188373560835,-1.0138176340796294,-1.8298625185979314,-1.8104811413182198,-1.4875627796381434,0.1219175251662142,2.7328524991772074,-0.7611682538804797
Bearing2_1,acc_00656.csv,0.052645617330154985,-0.1623830977112754,0.17763056243682962,-0.07369394385897636,-0.2778913910197612,2.0443617267505,-1.3369142433510042,-1.4192533610316989,-0.4134184168229042,-1.027100553163932,-0.2639217167326066,0.8767728123884935,1.3489456978645429,2.3830494635080295,-1.353065816165893,-1.669744581984158,-0.6565600357253855,-1.040174365179047,-0.6797220395982784,1.4617586473165702,1.5824824477929338,2.2823802276595244,0.5489884907587863,-0.1773361993895332,0.07206116595469929,0.05960919621690333,-0.045134802118214384,2.142157453296255,-0.8632585070443899,-1.4157044709051076,-0.8182006241897201,-1.5076581258819568,-1.4726202389199365,-1.3145074981511473,0.061964014982807625,2.7321643184543887,-0.9228409803861067,-1.3893909793990031,-1.0109488007421346,-1.8341165162578903,-1.8154443957930122,-1.5450933503797235,0.28286359664854266,2.6538554589080023,-0.7611682538804797
Bearing2_1,acc_00657.csv,0.1540698867883578,-0.19287111262647022,0.1408339856164341,-0.06209573137360644,-0.2646286447319563,2.0866881978375256,-1.3698845105822794,-1.4252688619264924,-0.38837711803862085,-1.0602573064208936,-0.3962315497400165,1.0954380801216934,1.1293780837314773,2.5234042518762987,-1.3718203102676976,-1.6962830873574877,-0.6464110322088897,-1.1040068026187233,-0.827544755753689,1.0217891826299899,1.2531534492821896,2.4803483476364927,0.6894375662390373,-0.18045234457278622,0.0718499249552972,0.15389744185396925,-0.07870959164759321,2.1859462494994886,-0.8847555931210418,-1.4376321763923043,-0.8167837675917742,-1.5160356483498183,-1.5075049447551212,-1.353543462407896,-0.04987933865505846,2.8683118173769593,-0.9535424288301277,-1.397721789685307,-1.0318680696204932,-1.8843707939651384,-1.8267156886270506,-1.6308602288284002,-0.008212632766245771,2.889198776312349,-0.7611682538804797
Bearing2_1,acc_00658.csv,0.23693202477304703,-0.2119636445599997,0.2224011697131552,-0.04189239349586516,-0.522585509599671,2.1075686965189924,-1.3435711815516032,-1.4363469448045896,-0.4631913606599291,-1.04877560480932,-0.380227840153637,0.42055677420437515,1.4627198220327888,2.4426972841238785,-1.36900067340934,-1.727354439623273,-0.704619099018021,-1.0657849499656487,-0.8142467699360614,1.1722058580537753,1.3670922323706214,2.464510056750717,0.8061052367642598,-0.1820580792791596,0.10287391749623945,0.2836208124853574,-0.09420719629264003,2.2305079712626155,-0.8862812652594649,-1.4395719927262824,-0.8327120466214737,-1.5086649222613782,-1.5092039801101969,-1.3579839564098053,0.211337207146827,2.690523666230618,-0.9636541937585555,-1.4176290503113809,-1.054903001407232,-1.8493356969983128,-1.8198520232770077,-1.4449779955218367,0.051346763165942465,2.8021068772029136,-0.7611682538804797
Bearing2_1,acc_00659.csv,0.17390148344934697,-0.19742750753892624,-0.054951960921013926,-0.08342147691122245,-0.28809096665805617,2.098211643386724,-1.3528361519519003,-1.4380614937098954,-0.46176182290549317,-1.0425929037817667,-0.39010084160550557,0.6654630506705859,2.0780895318641392,2.226106536919601,-1.3531913225457564,-1.7395189068185033,-0.7046697016084706,-1.0836386837492153,-0.7715907614426576,1.505087286492648,1.867880131737677,2.265250617772449,0.7146093095092471,-0.1805067688157132,0.0722580901999033,0.18486465978379,-0.007719643209622093,2.1402215625120347,-0.8667521632114301,-1.4158262397218102,-0.8274149682429837,-1.5067220682804625,-1.5246430582493333,-1.2232359387268152,0.4087188170548129,2.4981695858481925,-0.9501246809466408,-1.38531858411764,-1.0453290739918533,-1.8953707824873685,-1.7952185226337822,-1.421817025931329,0.38772032658429695,2.592440493910932,-0.7611682538804797
Bearing2_1,acc_00660.csv,0.16192789566060087,-0.21788710852329135,-0.04004207303447196,-0.1313108703992018,-0.4996571617772212,2.0303864450100177,-1.333788846489452,-1.4431078650086304,-0.41679487198750875,-1.0517238209474642,-0.35668533904721444,0.5301465703725494,1.2627089378228935,2.432010096111073,-1.3399617369283938,-1.6247731792864146,-0.6861396705692447,-1.0862189092561956,-0.7490139364553399,0.7595039077344415,1.2510414373708105,2.4414627500430575,0.6775048922950337,-0.18817796273923204,0.10864404552867023,0.07640236414899514,-0.09316044431575189,2.098360840089007,-0.867032963176135,-1.417789572842868,-0.8196992960798511,-1.5151995850805706,-1.492548435511342,-1.286252963080558,-0.10232305305065688,2.8354865467547548,-0.9124892236081571,-1.3737351560640183,-1.030806631934101,-1.8786525256932134,-1.771597235867188,-1.7203642731644424,-0.08767212911314702,2.9229231944669944,-0.7611682538804797
Bearing2_1,acc_00661.csv,0.26235825584488526,-0.18199923084218894,-0.14171918816460033,-0.0360932872531802,-0.2586502178713384,2.2280764722394126,-1.4034612318963504,-1.4704417040118745,-0.41170195110465335,-1.0870225638083195,-0.4359412651703381,0.361512878550556,1.818076083853886,2.3831512464627074,-1.4054662091127346,-1.757685879118914,-0.6664650399418367,-1.11034352335179,-0.8324115175723784,1.246666806644434,1.7886603894947914,2.3706393160790054,0.9190466475340477,-0.17511596089075251,0.03437123281758974,0.27021709129185284,0.003090923467585507,2.2715936746957524,-0.898618589294079,-1.450300429541071,-0.8216578835939098,-1.5454235151781308,-1.563947196798178,-1.4357808220546058,0.41134245201048975,2.6170518449459053,-0.9524130082931066,-1.4218560782063883,-1.0197999181973756,-1.9395903736141937,-1.8642983633172407,-1.4625360504769787,0.31163244701628134,2.68778142674771,-0.7611682538804797
Bearing2_1,acc_00662.csv,0.13829675448623424,-0.21107759120172548,0.0756894793117886,-0.07406807974560133,-0.43619642485373966,2.0262226830593115,-1.3303001511380617,-1.4137981200260694,-0.4170842112015383,-1.0319418384009886,-0.316225722532371,1.024205279407975,1.8856294367920556,2.192271488278893,-1.3304158569227704,-1.7496024025121413,-0.6626260153716615,-1.1019300903996334,-0.6830019942243902,1.5624356177435923,1.7984211154090934,2.233127450971366,0.6646011269025467,-0.16318874660531965,-0.001489653060297322,0.35572358856076064,-0.05305848924138593,2.0959122910969756,-0.8764273351346923,-1.4415434408908805,-0.8165622158451048,-1.519563000640005,-1.359523533876043,-1.237325420361339,0.29986108947936335,2.513186315462019,-0.9483341528815019,-1.4310497190789975,-1.037034098957172,-1.8492681777054374,-1.6153849116532875,-1.5352350859540203,0.26946267207120905,2.6210325596841515,-0.7611682538804797
Bearing2_1,acc_00663.csv,0.20402876688839158,-0.21939138214175216,0.17860038232864422,-0.06789483761629156,-0.5553505693157159,2.1487524467787202,-1.3846702546479435,-1.4707715211559995,-0.4286673438225894,-1.050740943335633,-0.4719070656091547,0.1519815331086532,1.4702549576121535,2.517315753718862,-1.3910200121149872,-1.7466737469932156,-0.6852612719802335,-1.0989825567588616,-0.8621713958020166,0.7511893591006926,1.4873690766269756,2.4963190429113955,0.7554223630309985,-0.19264839018415392,0.0662757985146307,0.11430254131683543,-0.19956426526449014,2.2149579790201326,-0.8804828167276778,-1.4233209338191253,-0.8216091585212889,-1.514423941323285,-1.558930065731468,-1.5093123673177247,0.057528154162895626,2.8752391112698166,-0.9402912773087918,-1.3983351347167714,-1.0198815088186883,-1.9119545065042574,-1.8367444437555251,-1.727446916637377,-0.0010675606975414564,2.9188690162268087,-0.7611682538804797
Bearing2_1,acc_00664.csv,0.24877077494664065,-0.25449127161342494,0.1863973083111141,-0.08024132187491108,-0.8412740836819536,2.1108406078596276,-1.3464655110462784,-1.4682513621722524,-0.42901353055889246,-1.0535355139056604,-0.45803630992353606,0.2861527250143067,1.4268509549851387,2.4590632864175355,-1.3574836989717183,-1.7425049450216998,-0.6848611169454973,-1.124158438296787,-0.8166373092081531,1.2178736817991773,1.365080799265888,2.4569236108847865,0.8139451985622697,-0.20135467900498638,0.07369222541256921,-0.018810276053140104,-0.25661566958759363,2.236504156971711,-0.9009078525015339,-1.439612422070197,-0.8237708968020989,-1.5222029085986621,-1.5505340004377637,-1.4936111092573814,0.15887972577118026,2.788489808385655,-0.965576323429794,-1.4055934451272245,-1.0324536122235102,-1.8859127959538748,-1.8512162134016477,-1.782964285104203,0.138393399138942,2.864693825343744,-0.7611682538804797
Bearing2_1,acc_00665.csv,0.1796235591915127,-0.2057464352823983,0.14693756277308645,-0.06527588640991765,-0.3697552935944387,2.078100213599425,-1.346996786119496,-1.4563354179405195,-0.40457501502476834,-1.0872944006255412,-0.4614801926076725,0.6873654529213441,1.3247134274261694,2.4405158072521957,-1.3502126435508874,-1.754983009349915,-0.6443968533526934,-1.1367597956004865,-0.8296562154987462,0.9984123060244965,1.1647741932601283,2.518994196655698,0.6954180312602856,-0.1758455562531247,0.08080067280789138,0.25819996194595224,-0.06086705738389706,2.1920621097831128,-0.8803766097347557,-1.4270258277567194,-0.8171561468580874,-1.516988552209273,-1.5478080465117137,-1.4856480866167023,-0.06467332484468187,2.913544532038141,-0.917374077632619,-1.3974896541441668,-1.0326439872773703,-1.8454988102290706,-1.8207219014172986,-1.8542940826294387,-0.16434071330488154,3.0212006240164455,-0.7611682538804797
Bearing2_1,acc_00666.csv,0.26608453338827737,0.13448111423884757,-0.24083490065205584,0.6685916552047053,0.18819487961742953,2.0611939854393744,-1.3690444377738042,-1.4086990593773179,-0.396072223315885,-1.0442101085336997,-0.2821280072412732,2.0326731571190417,2.318416675735427,2.0263657759519362,-1.3543875493892168,-1.7148297772822598,-0.6553291690094654,-1.0318746495824538,-0.7755206275686268,1.275121975152295,2.2732689517274127,2.11051718756648,0.7070011923374601,-0.14762623624041332,-0.050608097896614426,0.42952108800545763,-0.014050592834022668,2.062478837687482,-0.8893787284389464,-1.4271928774036622,-0.807093198831587,-1.5226799203201424,-1.2483079007075661,-1.181124186126841,-0.015431013815737905,2.674539485905579,-0.9657876409134771,-1.3993303881887584,-0.9983539714896569,-1.8095018371566942,-1.6893369744864564,-1.384275346363024,-0.12329919211780732,2.794205745213348,-0.7611682538804797
Bearing2_1,acc_00667.csv,0.14916604666674357,-0.20673498845776556,0.1917881208982183,-0.030668316897120042,-0.4355632739822507,2.056892837906791,-1.3421603798440638,-1.4194765852526485,-0.4727541258248733,-1.0337096704718884,-0.34015173538007726,0.6100712156876158,1.5591354533298285,2.3984950509180054,-1.3586059737304237,-1.7419349178397183,-0.7074159020816275,-1.0630537854622377,-0.8102048805975118,1.3687478049789035,1.3236636157859407,2.4578899973996418,0.6166329912195904,-0.17870662743075116,0.08722590437683472,0.1941086054344827,-0.11548679535187364,2.158481821106499,-0.8615168338057414,-1.4315623157709456,-0.824876631094109,-1.476763630708571,-1.5076739908694186,-1.4773365327137113,0.07124202315434248,2.8144538193468143,-0.9506119571801981,-1.4117957982315528,-1.045186151218153,-1.8706709434388782,-1.7946011972432003,-1.4484481666553226,-0.1383994812954978,2.9022081975756455,-0.7611682538804797
Bearing2_1,acc_00668.csv,0.059022219238616766,-0.17102506970229378,-0.1254674107219569,-0.049000975341736995,-0.18395810158408551,1.9572063507117685,-1.319440634687642,-1.4284862915874246,-0.27758168581158854,-1.0110672391366642,-0.25659414256015295,0.9414776064806709,1.6001834913197468,2.1634262954599865,-1.3466786083287237,-1.6262864863598983,-0.5328606184423188,-1.0176300173281971,-0.5879082709728667,1.5635016501141827,1.4720290164001224,2.202496248720106,0.5412351414356777,-0.17099675334986875,0.12053288666321428,0.11753792229457773,0.029241337647174886,2.08932752522206,-0.8785440981378488,-1.4005253188149862,-0.807401646513308,-1.50750240385532,-1.4374740004562923,-1.3752595502282456,0.36173770915902065,2.5182088195665857,-0.9344784150931733,-1.3681981142565471,-1.0167470790496762,-1.830910524774915,-1.7475431930076948,-1.6894935565451052,0.3791983948788312,2.615994682469843,-0.7611682538804797
Bearing2_1,acc_00669.csv,0.33135870659390015,-0.13566965793813576,0.03905576695676086,0.24506983154538686,-0.1705683498402701,2.1951858514400113,-1.3935966789176506,-1.4541464512297806,-0.47367716016465694,-1.0816602249542377,-0.5239986274212537,0.3179881996656722,1.3051846574127588,2.613194773912977,-1.3952530617018477,-1.7392577715053452,-0.71272297358538,-1.1202387213218439,-0.9287748434851727,1.3396612471262916,1.2188535381813685,2.5608218245511285,0.8514411374695685,-0.16462505686985687,0.05349499774378551,0.25835402770679716,-0.03153976062189189,2.2932569301421903,-0.8969593212142931,-1.4425073730935272,-0.8310124053531508,-1.503523305293403,-1.5741241398315993,-1.5272950734481994,-0.12084511758642345,3.0215649341963897,-0.9728265685811096,-1.4207833438915338,-1.0476840558557954,-1.903553212828168,-1.8692942111208648,-1.8534750856451119,-0.06017188047661233,3.025940626118788,-0.7611682538804797
Bearing2_1,acc_00670.csv,0.2082412012524042,-0.19840116290264231,0.013481641453356886,0.03611493886541405,-0.5038961769264921,1.9398024274617762,-1.3335845320671562,-1.3526593235516224,-0.3980686746069138,-0.9898982922449333,-0.200848981427527,0.675470783127356,1.4648337368405986,2.2892944104767703,-1.3427955110733412,-1.5999790469597175,-0.6354136410614795,-0.9652183442127561,-0.6399672853230411,1.5436118483635055,1.3807337827824022,2.2656412256160667,0.7566679884743888,-0.16346057294839153,0.2224354189231345,0.5108678097315538,-0.09634087078799533,1.9353537365759386,-0.8627138911859573,-1.4132680536766415,-0.8149486048918376,-1.480740047791153,-1.0508669506601742,-1.1489834368927303,-0.03207346542016099,2.5494551306324746,-0.9255096436504979,-1.3835099137872902,-1.0174856784734394,-1.6864863749257046,-1.451651045510748,-1.2877281632553392,0.09800776725107552,2.5020330419626475,-0.7611682538804797
Bearing2_1,acc_00671.csv,0.15782712755558345,-0.21469255197803733,0.18429144804538491,-0.14870818912725686,-0.3055380042144805,2.0504344944355566,-1.3347975385077224,-1.40932902048331,-0.45081842892756513,-1.0335224899350675,-0.34585086835915496,0.22762618655788416,1.5090773197559508,2.392283651725726,-1.336246662536112,-1.750392936896577,-0.6400585172601367,-1.0800315792753146,-0.7280592273590788,1.0949459307619178,1.4630671429944115,2.373773508858838,0.6927949960518642,-0.1940265050731934,0.10841808657740402,0.012465073398370366,-0.11201514905701337,2.1572837932122138,-0.8747640894972539,-1.4285047149008077,-0.819181612530336,-1.504171149838462,-1.468408724092324,-1.45640856297351,0.09377208853911015,2.773786529312291,-0.941008785314833,-1.4157628909323463,-1.0209981846483887,-1.8312857829907234,-1.7870517163267001,-1.5625558946739666,-0.010236838233280353,2.833142900231974,-0.7611682538804797
Bearing2_1,acc_00672.csv,0.32959031809402634,0.6656652983917575,-0.20754163649088994,1.3566275507077856,0.8698134565326344,1.9848944502485715,-1.3569864246282473,-1.3385968748734212,-0.47716542681345975,-1.0140600370448734,-0.2452182442975095,2.259982261022965,3.14500786262434,1.6772215623393616,-1.3853182938390096,-1.5669363729226027,-0.7746372904782484,-1.1091154456664765,-0.4962445416510843,4.902912149012587,2.645220333079083,1.7058103488898853,0.8439116594799223,-0.1033889077459318,0.2947866537379078,0.7082260493738436,0.11716495389564026,2.000679902978331,-0.9038232568967939,-1.4292051929468872,-0.824802301634267,-1.5163708181899445,-0.9690611387488984,-1.1078672925230417,0.3023908930325997,2.2863137503236923,-0.9668310576963532,-1.389975850587952,-1.0446661435462614,-1.6646915731389937,-1.3870887091270454,-1.1328975140578654,0.2834471603127197,2.341913062367577,-0.7611682538804797
Bearing2_1,acc_00673.csv,0.13203834721528082,-0.22940073548549605,0.22733723896616234,-0.20613804772416983,-0.4294795282545408,2.05558477007766,-1.3395347458728564,-1.4347711914183958,-0.41660260146275835,-1.0077502171569612,-0.32823863065401687,0.3030837864215459,1.7857430292429126,2.2862700359890216,-1.3462294520908535,-1.736154410541638,-0.6530949417356114,-1.0459022736727714,-0.722539262158111,1.0956943378350867,1.5935853601001326,2.336409375397788,0.6599872307851725,-0.1912625955080248,0.08374011039806775,0.06546369512900876,-0.13437161650394283,2.181358771024727,-0.8925441574006892,-1.4207867621317227,-0.8223579640664841,-1.5044668955742648,-1.5434313118503158,-1.3610778386338822,0.33398760648810993,2.616717840642343,-0.9368286988447446,-1.4032204628381733,-1.0113582687325406,-1.8862370291419392,-1.8553795970522824,-1.6016790012614928,0.2336207466093501,2.739608985085202,-0.7611682538804797
Bearing2_1,acc_00674.csv,0.22841142136953638,-0.21202077077051598,0.06966911651237435,-0.060786255770419566,-0.4822388539855966,2.0244024845792423,-1.3180927867425718,-1.4144725429092189,-0.329361038976864,-1.0435928678107718,-0.37818722612767064,0.27982240835990607,1.3821300414615425,2.3538451486486407,-1.3216420778756628,-1.6612996238815554,-0.575425054815831,-1.0844792690505467,-0.7652021655270415,1.0987066670812757,1.3660155137632537,2.3183466170183933,0.7338730891043482,-0.18053066582376676,0.06499652206459117,0.19641959184715582,-0.12681412567998282,2.1740973961442327,-0.8825290325332609,-1.4376538387305347,-0.8111690614344764,-1.506559093762891,-1.451445959050628,-1.2462755868390973,-0.08977040233143106,2.833634950253144,-0.9498352364513502,-1.3932817288805408,-1.0298469242837636,-1.8475909439301188,-1.7560619479030584,-1.620260114787571,-0.08743044834096364,2.890221695386141,-0.7611682538804797
Bearing2_1,acc_00675.csv,0.09442146851386705,-0.2174715046500889,0.10677188912935083,-0.120273861743769,-0.47872079982263377,2.0416949843316545,-1.3660258441958475,-1.4282420949154844,-0.3141668941522267,-1.0234562522234951,-0.32399578734963785,0.7185141228544197,2.3047108267346847,2.0373380783392387,-1.3591382167827406,-1.6794643592728795,-0.581105617091463,-1.066209990036323,-0.6860705455908701,2.0415028833220865,2.400824920177424,1.9540232422836536,0.605220288582304,-0.19245554459150188,0.10596160213002438,0.003991456551901932,-0.15952869981077142,2.147932603707702,-0.8970471385950266,-1.4387507816402194,-0.8166250633726289,-1.4828579322465285,-1.5155470486879683,-1.3414503486107436,0.568365905146068,2.4220838431965737,-0.948257168711873,-1.4017772634044787,-1.0227045966845092,-1.872101962135341,-1.787339363920782,-1.3482232788980293,0.8080864668860299,2.3098745888791887,-0.7611682538804797
Bearing2_1,acc_00676.csv,0.1361739465969655,-0.22139878031575166,0.2555216065786965,-0.17602010885087013,-0.4690066167939963,2.011057655737975,-1.3380463345300448,-1.4569613769240017,-0.3364501341918653,-1.0098273172969428,-0.3413641668255307,0.591071125327377,1.578964007754111,2.307411715404475,-1.3476870104511107,-1.7103822993091835,-0.6248735894622691,-1.0324127310057223,-0.7904979064550482,1.5371541621545748,1.3033239398632566,2.3728541527241522,0.628759358926389,-0.18138609391093657,0.12830348788744023,0.03511274024256747,-0.08509597794837392,2.0849733581434733,-0.852067879626853,-1.4416266481005613,-0.8107279194928463,-1.4942518816978974,-1.431540637860039,-1.3658192963171834,0.14934894728156003,2.685610265798101,-0.9093883163554345,-1.4024974129672196,-1.0252910031458298,-1.8754671809643573,-1.7232400444525946,-1.7084518734123373,0.1143635321569504,2.788146761442296,-0.7611682538804797
Bearing2_1,acc_00677.csv,0.17905891453235942,-0.21405441184215848,0.171451058795367,-0.03628035519649252,-0.45495510534393,2.0198614706843796,-1.3402796032595552,-1.383952090266228,-0.4061714118539729,-1.0228594138471618,-0.41219274094775316,0.9079716562504841,1.3986765208529952,2.378271122485875,-1.3480399686491846,-1.6195647824592383,-0.6689965129135642,-1.083346727587356,-0.7815326593791094,1.154908769063931,1.4111454269757346,2.359553270079694,0.674928048230361,-0.19088248797883456,0.03679066514506358,-0.0309814711598855,-0.10747307408630341,2.1127819957291623,-0.8734966696335356,-1.4051531908931723,-0.8091267699947086,-1.4735159093683583,-1.5229133588790806,-1.3156684660602864,-0.044176703768359,2.8290899147579056,-0.943755883427136,-1.3784358575517794,-1.0198039754304125,-1.8623750369312198,-1.7920452132151359,-1.6503779619883576,-0.013894385136687231,2.8651281224890877,-0.7611682538804797
Bearing2_1,acc_00678.csv,0.1982876214039583,-0.19184364170584714,0.05188059106783428,0.007119407651988761,-0.2725009444652775,1.9623728976412713,-1.3053466148724542,-1.38890233841722,-0.42348647253548816,-1.0381503620978751,-0.42409651982335733,0.3751199939752198,1.2265473429140286,2.4457043746930793,-1.3388906480822667,-1.6201593548859834,-0.6504538429159233,-1.0968332705277695,-0.785399307044725,0.9158085835976056,1.2178605860199105,2.4237999964192394,0.7023820749522995,-0.17811510932282218,0.08249524682931801,0.21090177336657434,-0.06814418791244366,2.1808106574455497,-0.8712345713994086,-1.430918988831321,-0.8136481578239865,-1.5321651244820211,-1.5499059224439924,-1.4296098939306032,-0.004463354515287557,2.891722338607593,-0.9365930957957497,-1.4129528450546003,-1.013716094838949,-1.919320625996921,-1.8314167965974575,-1.8065693823886348,-0.009747043471931418,2.9483117447443847,-0.7611682538804797
Bearing2_1,acc_00679.csv,0.20067503623360947,-0.16597179623749259,0.03592516446992408,0.016098668930985088,-0.20289535464131345,1.9890345252918258,-1.3097588480224682,-1.3551328025162541,-0.34649537141531866,-1.0293788767674745,-0.36582968023836293,0.36197722331527743,1.8415605703475033,2.1449399629165136,-1.3294959546334935,-1.6106050441095892,-0.5648506877530359,-1.0525757023662086,-0.771414606085096,1.4203337813410248,1.7216706962798323,2.1538222520249044,0.7845803275870922,-0.16918932445076285,0.08065962661356833,0.12847659131456424,0.011266755782267763,2.15306969572805,-0.8789817309075453,-1.4202300124575564,-0.8213737744183582,-1.4900993399795666,-1.535585622023625,-1.3536477049525302,0.4808201180374274,2.4922946972957556,-0.948592348921132,-1.3914794792022982,-1.042658313510706,-1.868113002600935,-1.7995452281865747,-1.2517901873751267,0.3276717859726224,2.568025217269645,-0.7611682538804797
Bearing2_1,acc_00680.csv,0.18085499974924468,-0.19421916907575013,0.24186111945864563,0.03199944411254077,-0.24826028166003722,2.072992634204653,-1.3794510256640693,-1.4482861638457538,-0.3422295630534639,-1.0507145832139635,-0.3866201267997353,0.5507872684917501,1.612554970026475,2.3480332921182963,-1.3752632110109828,-1.7376584169880978,-0.5738895906283757,-1.107854845599736,-0.7634941945454536,1.2682146535825385,1.5224255579127497,2.353685610487511,0.6900607159848252,-0.18103963609716012,0.0933243332281825,0.13617987935680814,-0.10285041297058613,2.1605769416032823,-0.8836990270360892,-1.4270135545022598,-0.8087834251397941,-1.5113086340717383,-1.4898311505235655,-1.4659082134817194,0.11746293009399725,2.772305384954321,-0.9370076887958007,-1.398654585967326,-1.0076509424932065,-1.8500756573121417,-1.8073380569467157,-1.7261939805642421,3.752381681448469e-05,2.878831598793232,-0.7611682538804797
Bearing2_1,acc_00681.csv,0.25122328414107337,-0.22867225932149687,0.16394706079466909,-0.13467809337882533,-0.6700680553642777,2.092239415180432,-1.294504696368559,-1.4893160251301962,-0.45725580064973714,-1.08091156472049,-0.43029038830265326,0.5265087681976298,1.4568711157996799,2.3815404850429642,-1.3173645166938912,-1.7084278023183175,-0.7104312169595473,-1.1267087240943168,-0.8154233214766766,1.2807584200223898,1.5263388559968578,2.3538102950211934,0.87133906082017,-0.1920523905494058,0.11637188036265626,0.08225686306110057,-0.09499520761581841,2.233168339500812,-0.8565307924974385,-1.4368047410841636,-0.8288731194706291,-1.532148572660755,-1.5696691212704257,-1.489210680968829,0.21220184498114128,2.7320510832918736,-0.9450716570415734,-1.4035486030507929,-1.0317723952835094,-1.9196540837633471,-1.8636491719602741,-1.6246467584829192,0.22716730248073255,2.7765210843792834,-0.7611682538804797
Bearing2_1,acc_00682.csv,0.19149979436832085,-0.2319449802052072,0.18774782372225282,-0.11541009521764613,-0.6729819645181112,2.008852550861859,-1.3130328055433071,-1.4341905060604483,-0.3918728455454145,-1.0393343308774092,-0.3424493549254235,0.1459954298642567,1.8855475631928682,2.208523282363969,-1.3122883426008278,-1.6568263693921312,-0.65977996475381,-1.0499754856966663,-0.7667132305424247,1.0499028618855275,1.797347854426124,2.210455942505371,0.7161031304895655,-0.18692538857236715,0.05578299004816266,0.11260781794754174,-0.15853944007360504,2.1257937491731127,-0.8716312152953818,-1.4216383979111769,-0.8163778199862848,-1.4780378879293736,-1.4731668979682773,-1.4195228733883614,0.3075185568266719,2.5991524793942085,-0.9517937289638138,-1.38729493646137,-1.035779324856058,-1.8045285465366174,-1.7687677202589407,-1.674180642441067,0.37161195309714323,2.6317924523526064,-0.7611682538804797
Bearing2_1,acc_00683.csv,0.19274024145581403,0.12947223082504206,-0.10488944601255092,0.7452895119627975,0.2402305953636824,1.944542642207936,-1.3401627610104845,-1.372633033203174,-0.3033487734367206,-1.0223042879803872,-0.19780728474400078,0.6931720681147199,2.119466004320589,2.0182713338665086,-1.3406843265024564,-1.5946388518281531,-0.551500886799424,-0.9594817606735566,-0.8179764746945064,2.1681121426767596,2.050925515220888,1.9744024539810745,0.6241177080210426,-0.15685370003295232,0.1273612298159609,0.5025482586459303,-0.012122888568275732,2.0109466601768973,-0.8795358251282945,-1.4099433610554384,-0.8065165353020743,-1.484192537217976,-1.2396222910887529,-1.329385759946264,0.10962671333339881,2.599873146938632,-0.9245058678236194,-1.3727810636751347,-0.9788407923350182,-1.75352043489505,-1.5316221243201162,-1.694690763917439,0.21851102271103398,2.586656364800622,-0.7611682538804797
Bearing2_1,acc_00684.csv,0.11581544676172068,-0.21539860016436274,-0.031603770141905976,-0.18556057395980358,-0.5297801368670281,2.075608308954886,-1.3407607464459133,-1.4581211321131615,-0.4146379527795762,-1.025938012297423,-0.3064024906427639,0.7536662431874214,1.6886383772187565,2.317916721537658,-1.338715062338123,-1.771505668507774,-0.6230849233166704,-1.086939522389673,-0.674366079117325,1.6388100004740418,1.6885202666596073,2.256766583358426,0.6323196228787875,-0.1878625283966969,0.07976125833366726,0.04589734350170904,-0.08687563275391728,2.1477975988183315,-0.8846592985284331,-1.4017188729037942,-0.8221803867108033,-1.5154114587609466,-1.4817893796767414,-1.2946228250551257,0.11528738365987778,2.7207347570805918,-0.9524503875898626,-1.388360987887542,-1.0323453027075276,-1.8616176371793496,-1.7686752928773126,-1.4606635942669064,0.22263023402493434,2.6733735922769415,-0.7611682538804797
Bearing2_1,acc_00685.csv,0.2566397464844363,-0.1965570592891805,0.11169481715989761,-0.016638221148688355,-0.380891925344967,2.092278442193689,-1.3446642936409576,-1.4254451299098285,-0.4589845998392314,-1.0328092921804326,-0.4105051319971459,0.10280538739418096,1.2408666194906837,2.53995392466147,-1.3195723896983262,-1.7328178023582221,-0.701511035275969,-1.0416802076507437,-0.8204851362229192,0.7096305143781444,1.139470057376655,2.5163441734212926,0.8261849551849485,-0.16846594554803124,0.07152273752487034,0.21198023369248858,-0.04670797560950145,2.2464623010399274,-0.8900157896619357,-1.4329521946550008,-0.8287109207058988,-1.5243486742110102,-1.5876684984538911,-1.1637120453963619,0.14247706527014517,2.7186806699067287,-0.947310363986504,-1.4021113887688588,-1.0412115763524967,-1.919389548384415,-1.8592947848616603,-1.6506164439064415,0.2583348519185129,2.769053523315595,-0.7611682538804797
Bearing2_1,acc_00686.csv,0.13587278977406123,-0.21183887076620544,0.043683079699602036,-0.1198997258571442,-0.4420344892072365,2.0491285789595515,-1.3561733770842708,-1.4614818077847267,-0.29962881095235144,-1.0608352240734091,-0.44441370283077275,0.5253113815027189,1.7744646948267495,2.245578825241075,-1.3592198484419287,-1.6262730687188054,-0.60164744891098,-1.0955950582252982,-0.8647164334213859,1.602303695549806,1.5193831833804814,2.2817933161720103,0.6570511545726808,-0.17713711206722996,0.08486224422180974,0.1200029744680958,-0.05875615106888128,2.165947049370073,-0.8764690093766137,-1.436884091228326,-0.8075003188398989,-1.4967647975978857,-1.5360030982938937,-1.379709113379167,0.36154427588064625,2.579667851186416,-0.9438106410529085,-1.3883672048918039,-1.0417677517229427,-1.89380441835061,-1.7908849700728435,-1.4161710585779528,0.1359578809116597,2.7317014977252008,-0.7611682538804797
Bearing2_1,acc_00687.csv,0.19855919891703142,-0.23375225127586688,0.18985634221269912,-0.14197374316800965,-0.6267842496441461,2.139862082827487,-1.3564765017946063,-1.4867964104505724,-0.4484712374029516,-1.0565645635681482,-0.33244249473035214,0.3034749676198663,1.3970820007032212,2.5081920044992603,-1.3685464157732339,-1.7937831795809793,-0.6986944791366094,-1.0757185660915187,-0.7668656169663166,0.8889446153127218,1.1321419636796821,2.5855922069190775,0.8324705901887319,-0.1918286426467954,0.08586296749208452,0.06962347067182038,-0.151929277604964,2.3070602762483556,-0.9068664169397269,-1.4578051836123487,-0.8311362258228273,-1.5171558296476062,-1.565457243225533,-1.4121087684911309,0.18921097962602507,2.7696580204842087,-0.9496139463996786,-1.4325009793565326,-1.0483793410195978,-1.9013503668562122,-1.860534423862269,-1.6462174097232358,-0.003289824015399592,2.924471484114706,-0.7611682538804797
Bearing2_1,acc_00688.csv,0.17518854648900747,-0.2059278327982055,0.06991410682936548,-0.04956217917167428,-0.49151194116332564,2.1082694396574437,-1.357208737735975,-1.4493699719024449,-0.4236490848547822,-1.0136414134021487,-0.41708145094290355,0.7099855351919732,1.3730622160080772,2.4673092617283343,-1.3656233507532982,-1.779183255180885,-0.6337606547436501,-1.0910157490617276,-0.7819133030894359,1.1954320625177353,1.3741190005350734,2.4450910204793703,0.7020530205322429,-0.17379872436711702,0.10578591342525617,0.22954373042880477,-0.05962153332895019,2.197532638584065,-0.8994302177100137,-1.436698299434518,-0.8199748748253525,-1.4898654195865415,-1.5352174342249314,-1.45941892161658,0.12069799672309972,2.798848538528921,-0.9612933101369415,-1.4122509742228673,-1.0326101496370867,-1.8871448869570988,-1.8129787854672945,-1.6410423129143215,0.07337627637274557,2.8471770163431795,-0.7611682538804797
Bearing2_1,acc_00689.csv,0.08853301801287641,-0.24128632058036295,0.0723021056699075,-0.24373870432996614,-0.5473974013713033,2.0073771052675884,-1.3239136205621134,-1.428776017142784,-0.3560133400860007,-1.041815337147128,-0.2969775281640007,1.3016449022107368,1.624884017791135,2.2380624620348595,-1.3262378421334182,-1.6710111660095253,-0.6130976017721151,-1.0851135303249224,-0.6975531766280054,1.5584848724996263,1.603931213476302,2.2267078180573106,0.5961425500045843,-0.18493509388839444,0.07188037915785583,0.06299864295549071,-0.11950492158142054,2.0760611227540484,-0.8755504993195146,-1.406235097421784,-0.8145266701800907,-1.5030612179703704,-1.3870839660966263,-1.3129466846416715,0.03892825637587846,2.7227080207888847,-0.9099288304342508,-1.3701170566755456,-1.0129264378529546,-1.874621568264379,-1.660342063153358,-1.5766334040827823,0.19404280729049148,2.6660750617432356,-0.7611682538804797
Bearing2_1,acc_00690.csv,0.25634945290516187,0.0651816713436167,0.13798515371734937,0.6339840856919079,0.19832696656090107,2.0400527474807952,-1.3621617558190664,-1.4066726595799282,-0.3503368254301783,-1.0269101802205827,-0.2495974346619771,1.0916024114548877,2.0124222029329615,2.1194832365370617,-1.3742169702332658,-1.5727646488491867,-0.6113591069761101,-1.0029956493916174,-0.7024263808259728,2.460001774745408,1.6582829510005748,2.1275965021915506,0.7487285757857624,-0.16555729224606114,0.04681795354621873,0.3899261874683238,-0.07340180602232017,2.1337058947018304,-0.8982907249814501,-1.4152068265086557,-0.8127726491642093,-1.513283428688109,-1.3932329274720927,-1.309032000491959,0.06553735020644015,2.7136412688881095,-0.9452301518115608,-1.3740473847369943,-0.9891798101398571,-1.8408948190778012,-1.7730881080189438,-1.3084581782040263,-0.017775580389200317,2.7360774287491862,-0.7611682538804797
Bearing2_1,acc_00691.csv,0.14058697536680467,-0.21324073427877244,0.23013827451706786,-0.06920431321947844,-0.5166051806719327,2.0995258947411553,-1.3492593648841265,-1.4680290205221331,-0.39347187729267646,-1.0182050164006091,-0.4111050821989473,0.5550770811286037,1.522955103614822,2.396678403821581,-1.3516760409590378,-1.7436090769466772,-0.6018468935710658,-1.0823648767195988,-0.7856799337329923,1.2735144248992007,1.5212894032793989,2.3423426905777944,0.6614009181694691,-0.1882365743883714,0.11650078133525824,0.0978175049064332,-0.19888590971294656,2.1690355405020014,-0.873695428660983,-1.4303436395850027,-0.8137837133065792,-1.492769582121084,-1.514379658473371,-1.4337021732896202,-0.041451398079605614,2.8870208985907597,-0.9509022878664437,-1.3863886658942033,-1.0316427814566607,-1.8476736687173902,-1.8223396632304372,-1.8123677280391637,0.1220623974970418,2.8497974168926956,-0.7611682538804797
Bearing2_1,acc_00692.csv,0.10773312364368824,-0.19256035597055937,-0.030762249564939986,-0.03796396668630436,-0.40384822874137105,1.9558884107902788,-1.3312193600561897,-1.387621880848827,-0.28570619280745574,-1.016180573240973,-0.3354825514520288,0.6297075135380594,1.7103880564309042,2.170825937397086,-1.3388682614502638,-1.595847264582999,-0.5397732941804717,-1.032003612232433,-0.745169366144511,1.4807982880223571,1.6290243938372855,2.1617459443456326,0.6116184562044611,-0.17999895686003284,0.09337454649830718,0.12970911740132327,-0.11656511531557695,2.1132114531653365,-0.8732771857056291,-1.4122728310268942,-0.8147802124915565,-1.5035626916450875,-1.4912333206657236,-1.4365830254313194,0.37849845580660957,2.575179299371001,-0.9447648756069937,-1.370049912224632,-1.0373509681983453,-1.8293958070416854,-1.80998553221711,-1.4413661733034353,0.33589824264224794,2.601016872344991,-0.7611682538804797
Bearing2_1,acc_00693.csv,0.11981963527328553,-0.23288864021395783,0.15884446638793856,-0.09763864060296629,-0.6462121091900163,2.093458894335177,-1.3183332469961648,-1.455017038558101,-0.47190779274581257,-1.0687099426511992,-0.3505352744948461,0.5598696667800495,1.9095211180941456,2.2591802406062182,-1.3276638289433047,-1.7568999218212804,-0.7074081317518962,-1.1080167662607041,-0.7518043468552658,1.4150425174106813,1.8624050115981299,2.2577427990865284,0.6410564978488804,-0.18687688324312324,0.06013656717569474,0.16606863696071467,-0.16760494346594523,2.161704801329613,-0.8563562612247522,-1.4347965104422742,-0.827127885432343,-1.5125421679235898,-1.495859740401449,-1.4433600296331304,0.34336815015943356,2.6051980371607075,-0.9324062731786367,-1.406522318394267,-1.0412942233937446,-1.8774970256299217,-1.7877989233077354,-1.501579163891364,0.251446297825828,2.6850491598503194,-0.7611682538804797
Bearing2_1,acc_00694.csv,0.1596700062692095,-0.18207261845858508,0.3794112722455362,-0.008594299586254437,-0.314897924453177,2.1227510378399512,-1.3559680142265855,-1.4572881155749469,-0.4320885489966155,-1.0722973939350033,-0.3503555513577417,0.370305138563097,1.5951291283067475,2.3587832467227026,-1.3577916844727476,-1.7559068328130023,-0.6450531357697799,-1.0511038286460936,-0.7825270788145613,1.4801943052025954,1.5099514999053225,2.3575754920289973,0.7026572908933656,-0.17968053761628472,0.06409731266783056,0.021400887527373458,-0.08269366674733031,2.1310038662355564,-0.8696546219264973,-1.4149068840667802,-0.8215957515540252,-1.5085192472774809,-1.490491925748929,-1.3644387761024261,0.174792711868328,2.6545696218942387,-0.9178141210959655,-1.3803509759243724,-1.0122154205302725,-1.8086712277089272,-1.785612875499241,-1.3194360910409055,0.0678808562175125,2.6876990250161032,-0.7611682538804797
Bearing2_1,acc_00695.csv,0.1167270143126484,-0.22291413181888217,0.11291210860231893,-0.12626003592976645,-0.43756129301314856,2.0064987582848897,-1.2964007861811826,-1.4055133981416152,-0.3677061024450991,-1.0038616741530288,-0.3512174193007502,0.5826504239325704,1.7031150673477573,2.1384150369634733,-1.3142802784881458,-1.64840228709537,-0.5952392675639827,-1.0575913878562746,-0.7085196845503995,1.7532235360605357,1.5708175105212605,2.1842772806933817,0.5885059078066028,-0.18571124297516214,0.06677789091460132,0.004761785356126447,-0.11155147442068182,2.078014237294429,-0.855147040917393,-1.4044622686076302,-0.8085493039816718,-1.4764982225940724,-1.491782661814536,-1.2993130208390593,0.1537892153450633,2.5983702922958765,-0.9048656131550161,-1.3607834290826228,-1.0156686875067436,-1.847187857403978,-1.7442227820764054,-1.3656787833267565,0.10760316355886651,2.6707631256101623,-0.7611682538804797
Bearing2_1,acc_00696.csv,0.09241097332679749,-0.21683321688947618,0.17157354104381603,-0.06415347875004308,-0.593404760788146,1.9575930491239706,-1.2861413760429845,-1.4145637513088067,-0.37425690916608684,-1.0205297990839037,-0.3320597436057552,0.6259073267791465,1.7407431878488675,2.182171967609403,-1.2887726751828246,-1.6501831319671765,-0.649516886932444,-1.0376125728101284,-0.7802859472748789,0.9373890669437418,1.701912128353006,2.214524018441746,0.5905674054628647,-0.19669570937666891,0.06654931715755855,0.012002876115835713,-0.27391342145473274,2.078450083789111,-0.8412131387497591,-1.4172064789128016,-0.8139499358863648,-1.4750070792446586,-1.4866069591761295,-1.3507310621881405,0.3192434541277607,2.5610076647804014,-0.9019710180554067,-1.3896516410428053,-1.0150948302498426,-1.8172549826050155,-1.7804238831577153,-1.3943040056241665,0.2700458531451082,2.5940836082400107,-0.7611682538804797
Bearing2_1,acc_00697.csv,0.2120134946922285,-0.22595650018448668,0.17133318459565391,-0.11634543493420821,-0.5552319291554731,2.001283859579654,-1.3147420680371906,-1.4262409659696424,-0.464383423533717,-1.054580104380172,-0.43136626612273427,0.28339409443169705,1.9161204358254864,2.255525672450284,-1.3250726891933262,-1.7471681335802816,-0.6588481765809897,-1.0779106145246709,-0.8474210813438042,1.9122982549783714,1.748454022823571,2.2263610202471424,0.8232250576661119,-0.18630844806152347,0.06264152465791979,0.14881327174608833,-0.11531343394490841,2.146065371741033,-0.8835847848731676,-1.4414244417049598,-0.8338941113265548,-1.50065198294048,-1.5044866410343585,-1.3978529336286238,0.32846957151883416,2.613471266171058,-0.9565359482777195,-1.401908231685421,-1.0367428513385841,-1.8571210542548418,-1.806183857202055,-1.4212144299048388,0.1893934362207929,2.699122440971922,-0.7611682538804797
Bearing2_1,acc_00698.csv,0.19671881086586607,-0.21423714338135028,-0.06415494134618566,-0.16367362459225046,-0.31733446466483695,2.0238842446664065,-1.3206360258331922,-1.4313604673005218,-0.41170628806039167,-1.036591393037831,-0.45953990399833344,0.475860867405494,1.4699358170028782,2.38013043793189,-1.3092370362530785,-1.7205775792732962,-0.6690345124892182,-1.0960005934678647,-0.8083021735293948,1.1662544517834044,1.4462288591596244,2.3569695494616716,0.712890318494953,-0.18493437802357887,0.1222016487227665,0.060071393499437985,-0.019446309829879396,2.149417553062426,-0.8681082157407353,-1.436300735799449,-0.8150999099774485,-1.502583191541501,-1.533211846781421,-1.4531344466291223,-0.059909684505924675,2.916360834311899,-0.9172964070917202,-1.4062127915412859,-1.022992979376809,-1.8546903091966165,-1.8513586510871236,-1.8522845865234707,0.03808759788687266,2.91580265034026,-0.7611682538804797
Bearing2_1,acc_00699.csv,0.19511642677577404,-0.23513910452175804,-0.08376526592838993,-0.1629253528190007,-0.6837160276323622,2.0688199001166723,-1.349193407089479,-1.472949404770249,-0.3207014118099457,-1.057988687891422,-0.4311401350176361,0.5846110560671934,1.1802626682129227,2.486857305572596,-1.3531772301547744,-1.6924440652483916,-0.5943111199242324,-1.1127008727806345,-0.8268382338061377,0.7936915662726657,1.0659888037846805,2.5103144669753314,0.725364382451142,-0.19594883839241803,0.05742711792818961,-0.038530693441284625,-0.18477813541025495,2.2217089860836006,-0.8965380180641104,-1.4209645546921013,-0.813284122066922,-1.5199279354530284,-1.550377913489079,-1.3992884730260349,-0.005085174275559133,2.879541723819,-0.9594405247636076,-1.4031962174720851,-1.0309338251910838,-1.8866039602300433,-1.842953577100593,-1.777494705512313,-0.08490880276632826,2.986527209533356,-0.7611682538804797
Bearing2_1,acc_00700.csv,0.09404132890566413,-0.194061322039295,0.03442010404504089,-0.06116039165704436,-0.4949336791648889,2.029258989305202,-1.3557442897799115,-1.399051570010446,-0.4446652664128718,-1.0171740332022796,-0.2867479654042958,0.619167789674353,1.6335946662169492,2.34169552279236,-1.3582845461312987,-1.6876227375353972,-0.6673424353035466,-1.0546814127612898,-0.667129995809558,1.3912164894821835,1.440104939081559,2.3541950395753894,0.5962099458264053,-0.1887546236282154,0.10312883245270953,0.07131819404111421,-0.206094631159474,2.092139866001021,-0.8834785806729559,-1.4254767969705175,-0.8147445955143674,-1.5009410109096262,-1.4692825814152402,-1.2925680956272567,0.1305551820449686,2.6953550646154447,-0.9003306376122833,-1.3894016513770375,-0.980376651553693,-1.8645217869482187,-1.7479774848978316,-1.4710016056359874,0.041823164233948766,2.738200365832531,-0.7611682538804797
Bearing2_1,acc_00701.csv,0.22569765579941892,-0.2073065626937547,0.11028369224269517,-0.039647578176116034,-0.5086918366772086,2.095288837617053,-1.3321036274801876,-1.4871892782779297,-0.5238839809043799,-1.0382029934155537,-0.42546944311627977,0.5802506631383528,1.6700102513145607,2.4158029570623367,-1.3530303671783797,-1.7982756508896731,-0.7452064093630374,-1.0971347903047355,-0.7878348200350191,1.6532109963505657,1.496383101221329,2.423434766289454,0.7802174426354563,-0.17751423750091472,0.08695528909355384,0.24756942444765573,-0.015895269497920618,2.212599166047019,-0.8926444080358259,-1.4467382550999817,-0.8286991120489812,-1.4974668069031254,-1.515832778382006,-1.48096206296393,-0.064535585171937,2.92474657578163,-0.9509473842300027,-1.4207125685755075,-1.0390876428155755,-1.8610556034659882,-1.8098001477730152,-1.485354116815724,-0.2794462751160302,2.9964094130362975,-0.7611682538804797
Bearing2_1,acc_00702.csv,0.3030882996830987,0.21326820144691028,0.2277473148911945,0.8481768807846285,0.44219828862853705,1.9024026686644928,-1.3090851279462088,-1.2829517925791363,-0.4833681230660772,-0.9138779037079031,-0.030919762311523807,1.3796329164666876,2.2084885423368394,1.9525222369501547,-1.31733267341148,-1.5498238319805662,-0.6882297417034982,-0.9777026089913485,-0.370937242047438,2.602499691611025,2.2000402333863676,1.865895410911845,0.8980554732900128,-0.0346692177741151,-0.12472067302837848,1.0035701129134766,0.32362200172257016,1.8579523715731638,-0.8688499338656961,-1.4368321673667082,-0.8236606950397207,-1.4452856145308854,-0.6293393337141635,-0.9473616023165934,-0.05041760675738957,2.3130362927090973,-0.8887859284796896,-1.3977587327417658,-0.9675271303236496,-1.4857043623619277,-0.7466193159016097,-1.3095907390875678,-0.03400493018192952,2.2312194905424962,-0.7611682538804797
Bearing2_1,acc_00703.csv,0.14523125608750823,-0.19603289962487455,0.11676795919209156,0.020214163683858203,-0.3925971635897496,2.0113595456369806,-1.3183963812360557,-1.4106751916247504,-0.39001310805656786,-1.0580844443894801,-0.35073418961750097,0.19315131180097217,1.8368881444217207,2.206327865223246,-1.3362817231427249,-1.622253315091042,-0.670116447287534,-1.09681749477741,-0.7433129472068608,1.294010777411982,2.021593690758862,2.141715844872628,0.6752059552099343,-0.18626772661760482,0.07447049422317048,0.17438818804633802,-0.15238284206989006,2.1022944745037493,-0.8519280430333122,-1.4198086174605253,-0.8196256943337946,-1.5088678957333472,-1.4926778730058468,-1.4168000676904904,0.3481064269990571,2.5771478085035175,-0.9102783359802371,-1.3875107829519284,-1.0240963351738652,-1.874778587237314,-1.7828469701343097,-1.6265198271847885,0.5400769913544113,2.534637864620456,-0.7611682538804797
Bearing2_1,acc_00704.csv,0.1902911988562958,-0.1557425869153461,0.05037285682117566,0.08830689504957917,-0.1884115482511906,1.9455607316305938,-1.298034183434755,-1.373010728695895,-0.4121921020598082,-1.0205234401508156,-0.25888135710641275,1.1244559893829815,1.907420262298178,2.113250371788664,-1.2966928122908612,-1.593423600854492,-0.6437987894622014,-1.0506430446057649,-0.6817655117045355,1.78634266480691,1.9401962537886783,2.0400723681614856,0.7025839111002579,-0.17263592216269757,0.0461610027817126,0.2484938190127249,-0.12441905500430629,1.9728319474568372,-0.8761528428264357,-1.3868713265342525,-0.8124421243681089,-1.4816477286175895,-1.1881779249940685,-1.1116654340878545,-0.08132852902408759,2.635906395456268,-0.9446966064828626,-1.3448768989891775,-1.0233359323169489,-1.77139016088869,-1.5912536874501222,-1.2689553392250483,0.00959019091197728,2.625848033394317,-0.7611682538804797
Bearing2_1,acc_00705.csv,0.17518937759930125,-0.2248271233204588,0.20590217015217122,-0.07313274002903924,-0.5593323104375575,1.9371474053698314,-1.2971283715374358,-1.4041559375558923,-0.3697697526304494,-0.9940777129620701,-0.2269329555016637,1.036003682914705,1.3327069430616565,2.3082925346919736,-1.3259973015153512,-1.6208432558735337,-0.6132814794535767,-1.009920861200222,-0.6433561099080005,1.1455243750209456,1.2261249351141452,2.33560209364909,0.7383038614090185,-0.17973646584418532,-0.01266782860975847,0.23832547879696292,-0.14182574658530667,1.97585283864253,-0.8709853139908089,-1.4328026455639862,-0.8145501921585089,-1.4848817287854779,-1.2006184479080788,-1.1494175690801547,-0.00176075821320169,2.61607477643171,-0.9405873033781298,-1.4023278734320952,-1.0137392423859808,-1.7468271291785955,-1.5345088135740712,-1.243469904640951,-0.1274887252874967,2.6775482461278104,-0.7611682538804797
Bearing2_1,acc_00706.csv,0.06804575056594964,-0.22254099433053312,0.03851233362148112,-0.09165246641696885,-0.5380724094618449,1.995661508561674,-1.3010527368885085,-1.396490446422153,-0.4091935727894479,-1.0209078197391799,-0.3133736367484772,0.5377050846980137,1.5701625525302492,2.2067836290074045,-1.3185505359055851,-1.6624479199542652,-0.6868894552108485,-0.9661003340677387,-0.7701564588861886,1.3672353243601014,1.422442673413684,2.3111961366634963,0.5786654048853548,-0.1802203710374706,0.0844819481781739,0.19888464402067388,-0.16755048560329638,2.0970578700373355,-0.8524348092471933,-1.3859336134861902,-0.8180452138446016,-1.488522550762685,-1.5152664726887304,-1.3966947342940654,0.2230714876664115,2.6061177572169436,-0.9320747457792358,-1.3478507080895332,-1.0224011127779367,-1.7852661211213796,-1.8367968302471709,-1.7423704342392723,0.13938443010545595,2.7828321409725034,-0.7611682538804797
Bearing2_1,acc_00707.csv,0.23625594224356739,-0.20974649211259225,-0.008745679084880402,-0.011400318735940676,-0.4340385015236689,2.0512070176717945,-1.3292229266998645,-1.4415140818254726,-0.4648423146818687,-1.0638248073646601,-0.40521508125164823,0.3843048301855761,1.3911893152560137,2.4765701813218546,-1.3355937107273872,-1.7073683044550296,-0.7272747048863093,-1.099193668087681,-0.8258949754915252,0.6274446025939865,1.3487672211077597,2.487774294755827,0.7848533278358607,-0.1912358340878363,0.06788280799303371,0.10059068860164114,-0.10857605948675488,2.13241584185516,-0.8410336960840267,-1.4234311107770197,-0.8236726373609874,-1.515190570134919,-1.486549732136039,-1.4851687338581299,-0.10025344041097359,2.9401336622601497,-0.8903546394454079,-1.3860363992202656,-0.9980568375047199,-1.852016501696976,-1.8169476762745236,-1.7995871398998267,-0.14047661997620217,2.9666830739036487,-0.7611682538804797
Bearing2_1,acc_00708.csv,0.12774120814695783,-0.19728240876987957,-0.0829796652483179,-0.08042838981822373,-0.4609513738587915,1.956077480742063,-1.321127417883345,-1.3982239306798823,-0.2882539494139547,-1.0477524720442084,-0.3458493065396396,0.4834672799141196,1.2582438847982744,2.294204020604467,-1.3009097828365515,-1.581134841939666,-0.5757832861365859,-1.0620573371212434,-0.7865876252407895,0.8330925950356636,1.162462106052658,2.342516618320148,0.573589621606764,-0.1809126487382692,0.13905590434199894,0.1409559179429995,-0.11479213911899844,2.078932542832195,-0.8804548197234385,-1.3678081165120328,-0.8102690458405971,-1.4737459853255785,-1.4947229522853538,-1.4407890925757885,-0.05722333180830073,2.8063257137303044,-0.9476450321630472,-1.348259732494698,-1.020556954897639,-1.844484607119015,-1.7650254797669958,-1.898001759168098,-0.023126283740703076,2.9220486047691354,-0.7611682538804797
Bearing2_1,acc_00709.csv,0.22528010432100481,-0.04662808299856421,-0.12643978455805455,0.4446713270597389,-0.14503770449090003,1.939898920340445,-1.2592527765700714,-1.422693144239532,-0.44154463669364497,-1.0056671060049984,-0.3379677126710434,1.6484835176128692,2.235008652293367,1.9673338083923664,-1.294203244536311,-1.6456230650990893,-0.6879848410785718,-1.045005152424607,-0.6864847195452022,2.8600836835814842,1.8807955568364962,2.015168148140904,0.7366807893670068,-0.16290447217607587,-0.07240143411501065,0.4076437499654849,-0.07967728651760032,2.0037953912528836,-0.8546850528716939,-1.415250831799836,-0.8122414399234559,-1.4945868794775319,-1.3292815092113448,-1.191360003888791,0.3388302110734077,2.4197045107244435,-0.9286073799702275,-1.3832970225168306,-1.021374247441526,-1.7931309826309405,-1.711218639139181,-1.2733193460706835,0.25602473337808335,2.5404641206476297,-0.7611682538804797
Bearing2_1,acc_00710.csv,0.20522420898612764,-0.21347712284867196,0.13567767633226338,-0.0781835744984746,-0.49354157429879214,2.0654422950327325,-1.358458909098553,-1.4471192674559346,-0.37796955848242947,-1.0406751073958616,-0.43269018657868374,0.7588670949555949,1.5127487698755533,2.3714044071722964,-1.355132269101067,-1.7339707810880978,-0.5696997131743998,-1.0925846636829277,-0.7812796528262715,1.34953911703688,1.432773829757462,2.348342530571303,0.7540052835937605,-0.18970935989967153,0.06845658714728516,0.05529535491324665,-0.14875181052677505,2.1313028659996633,-0.889294531775355,-1.4266221473971756,-0.8136838185738406,-1.4885004611847363,-1.5532300238263985,-1.3366540823864155,0.03389257034688434,2.8073800179955777,-0.851895273477307,-1.399018734949366,-0.9146276309381698,-1.8682897481465146,-1.8149892667702767,-1.5292596851517917,-0.05900683575548036,2.7999392336562243,-0.7611682538804797
Bearing2_1,acc_00711.csv,0.1512296357692993,-0.19162311029307397,-0.1433355180718157,-0.0446984126455514,-0.2637143169310214,2.013960140303352,-1.3218319826947769,-1.4182257541096537,-0.40651823071601983,-1.0507069299915706,-0.398938606449568,0.7162569979499058,1.5751165409645238,2.327002715078045,-1.326735136604058,-1.734509397080834,-0.608714782818085,-1.1124653820783592,-0.7749164552913482,1.57392973319219,1.6108860031756977,2.2655370956883076,0.6861155992552602,-0.17395282400222062,0.10820042629213764,0.1272440652278052,-0.016280641860041977,2.1696061330790015,-0.8919947279492153,-1.4157087935048496,-0.8138026974183451,-1.5035742637904095,-1.54388216797893,-1.4194468991513844,0.14665776780954548,2.7642838945567174,-0.9583272365266828,-1.3932286205436948,-1.0390535615317629,-1.8852186635681247,-1.820097486252509,-1.7380198425510622,0.3857376915154893,2.6948035809533772,-0.7611682538804797
Bearing2_1,acc_00712.csv,0.06693993617605264,-0.21459171310306663,0.024566123412419122,-0.19360449552223766,-0.27121249745037335,1.9905568506959712,-1.3294585528068736,-1.4435273908055597,-0.33324583777519856,-1.0208665200045148,-0.26299309954699074,0.8351300273133913,1.5564095906234154,2.2788063200095405,-1.347299792208078,-1.655374994422707,-0.5879170791429225,-1.0227577528995873,-0.7123544129679849,1.4206317678540263,1.6278758411799168,2.2233065129489638,0.5415653549891762,-0.1847155113354193,0.06171778352911505,0.024174071222581108,-0.0866293691847903,2.0994577690860763,-0.876608906494804,-1.4369217691504697,-0.8005257577323968,-1.4833044350493805,-1.4895289892577637,-1.3134745642219001,0.18944487796813167,2.6582271825648465,-0.8998535038863433,-1.3897861233956823,-0.9607748715611653,-1.787045609458495,-1.8063253040133729,-1.3882136563070901,0.20825514966697029,2.601593348755865,-0.7611682538804797
Bearing2_1,acc_00713.csv,0.15516242510914993,-0.2261819149124152,0.10997709146092641,-0.14739871352406997,-0.61877203603372,2.043384724501439,-1.312578369304279,-1.4341307234127525,-0.41558309882868055,-1.040976224313324,-0.4247022598285538,0.6411025506717427,2.37224962109557,2.0382775431623545,-1.303583731936467,-1.6731429383906122,-0.6865468187719777,-1.0795185890048542,-0.8362920991672792,2.118530573363364,2.4454304771011963,1.9438324752326466,0.7694264987499111,-0.17509717621346257,0.13833681114117172,0.2976407967222413,-0.1455550963371519,2.2071886643948226,-0.8913958898770469,-1.4522010479054743,-0.8236857348791066,-1.5137613829727172,-1.5713848265716301,-1.3434048345896674,0.7815096379175019,2.31105710012375,-0.9649548442676698,-1.4120985745038517,-1.0476289608434546,-1.8799691087687334,-1.882320846162102,-1.2667910118187877,0.950878413869576,2.2580267661655657,-0.7611682538804797
Bearing2_1,acc_00714.csv,0.1468838448268543,-0.22205639167772573,0.09764781793828779,-0.15937106189606468,-0.42149953748852576,2.0258650416688675,-1.3487027149999051,-1.401559094286716,-0.36381650751449673,-1.0238409069112577,-0.2998243423007003,0.5531586991801354,1.8949475377927212,2.1765684001159937,-1.3514125799837826,-1.6806179258784517,-0.6194005640414915,-1.0611176508442446,-0.7041069088012004,1.761437196946126,1.6208316445551745,2.236727150148207,0.6344075038884374,-0.18920377019097093,0.16633460909662096,0.004761785356126447,-0.12319640333717231,2.0507756152661747,-0.882608807459182,-1.4069268282751821,-0.8159163112079796,-1.4991922975247312,-1.2930661843388251,-1.3740051504654027,0.023097513977119347,2.7108683617322287,-0.9293629550221724,-1.3722031097015819,-1.0333942827193592,-1.7464230747141238,-1.617873761255812,-1.555778827217478,-0.147105108954377,2.8103902351572545,-0.7611682538804797
Bearing2_1,acc_00715.csv,0.100416445622916,-0.1964269012802375,0.08067344379209442,-0.08061545776153604,-0.3005159089767466,1.9930345362743502,-1.3496946020031584,-1.378938321855828,-0.28735403976881413,-1.0264184857146872,-0.3970834954675271,0.9635556028892684,1.8074009689693131,2.132863822983164,-1.3475635182500412,-1.6078571534205415,-0.5584100745919156,-1.008491329908444,-0.8403432118582483,1.423697829521435,1.9881998301585924,2.0844097710687053,0.6149732936707935,-0.185653960367055,0.08045809614192297,0.17978048967590882,-0.14118379572635897,2.127295906887535,-0.8885416161852867,-1.4125615534106768,-0.8022580126560686,-1.4851941082231885,-1.4831016320129768,-1.4186351485322533,0.2878266266884325,2.6061634901265496,-0.9546861964461479,-1.3645528593636096,-1.038221845213792,-1.8049780402429467,-1.7969409022110592,-1.6102947603252336,0.43737706887555244,2.58098526976549,-0.7611682538804797
Bearing2_1,acc_00716.csv,0.21082722278727936,-0.16677892407487324,0.1408559887081523,0.05613120879984285,-0.17786368995190405,2.0188596507664194,-1.340943126785613,-1.4330727959237681,-0.3816689033319151,-1.041932387702479,-0.42609049123133197,0.7714063298271228,1.971726965786798,2.192843757447583,-1.3615967585196191,-1.6623501936164344,-0.6306635559694249,-1.0616667760988585,-0.837804550033228,1.8576232139429363,1.7980742134484569,2.1974565180123076,0.7143844026410304,-0.18078452085366883,0.09661704173112377,0.13140384077061681,0.015171819459458412,2.1482806007176714,-0.8803562319652167,-1.4269737367478574,-0.8150219801580822,-1.5024224793468817,-1.5122111948943864,-1.4558704472471253,0.08895007091767763,2.804146216581235,-0.9500856790333961,-1.3858020231054402,-1.0188440299196817,-1.882804756971747,-1.7856228934418688,-1.531086523415224,-0.016682856657176216,2.8391445373565,-0.7611682538804797
Bearing2_1,acc_00717.csv,0.1988994050898893,-0.23283057250756098,0.0568814107532346,-0.10998512486158597,-0.5449042688754762,2.124466405565991,-1.3246439187594052,-1.4774341521365977,-0.4589794897660584,-1.0984553020955317,-0.48329241008532486,0.5189493025324192,1.3903559350890755,2.4936160461716774,-1.341354966651954,-1.7805554737124945,-0.6837805296551105,-1.1557105585612573,-0.8790542986758463,1.085571650294317,1.3158642405831753,2.4959780329209083,0.7672817974602668,-0.18486947862248793,0.09333551457603502,0.1691499521776123,-0.08614240518603854,2.2788199327067256,-0.8969945497675821,-1.4412239141092469,-0.8291610486239663,-1.5151223846767623,-1.592139802797323,-1.4327813663457882,-0.11931700208280559,2.9964241119868937,-0.9640485270748267,-1.4127180936998094,-1.0474130531218646,-1.9164623053290002,-1.8625679917430924,-1.765385281579594,-0.23490472794424302,3.0983571691016114,-0.7611682538804797
Bearing2_1,acc_00718.csv,0.14122936654417043,-0.2363937614267264,0.2735792277854367,-0.2192328037560391,-0.6483853391109871,2.0206021066397173,-1.306188956771965,-1.4274845692119138,-0.4275009737159113,-1.0577002850859052,-0.3764373303451901,0.5403603352821172,1.5799575027792316,2.330960919038929,-1.3264051006820103,-1.688939959543684,-0.6502992944119453,-1.0809612827071073,-0.7939443428325565,1.5304506118230574,1.4425126118890021,2.31855003672754,0.658558218366314,-0.19229779447829218,-0.0013902343518883537,0.05313843426141844,-0.14560685924188294,2.155306557159825,-0.8663799243274475,-1.4194244999816759,-0.8213458452149532,-1.4924134046461912,-1.5441873802606978,-1.4452120366471792,0.1043747960106463,2.7934126898461753,-0.8802740681903732,-1.3929910805398915,-1.0091620784694555,-1.8582505550666537,-1.8613006826207101,-1.6365185840844059,-0.12392044856531376,2.9306727829947192,-0.7611682538804797
Bearing2_1,acc_00719.csv,0.16811924918839444,-0.12512860881023044,0.00019548678773110341,0.30100314659580046,-0.1884993906025725,1.971760858651617,-1.3392421571544335,-1.4053601579535713,-0.28602073193668853,-1.021533120544021,-0.22088096826697376,1.3446374190604977,2.5866327235943865,1.8272640762148675,-1.3510794535172137,-1.6273524381980404,-0.5177781626991408,-1.0590872371939508,-0.514415627472694,2.772897618861771,2.482700893391317,1.7806876460557022,0.6925282208411714,-0.1548075653570692,0.014203989367012034,0.46849972549921204,-0.0009581056072124268,1.9447825467854114,-0.8882506739938019,-1.4102735001683977,-0.8123021675527903,-1.4802654829774269,-1.024515210703086,-1.0390878894059012,0.20343830088834078,2.3366215175776355,-0.7089805049724985,-1.3941295962729006,-0.6429204906483477,-1.6361846428824254,-1.264587369620099,-0.8907337833503506,-0.05657957068745298,2.1667382199547944,-0.7611682538804797
Bearing2_1,acc_00720.csv,0.1521367798218988,-0.21443490912497826,0.026770256571582104,-0.1348651613221378,-0.3711917298895904,2.0308579104160334,-1.3370844639299315,-1.4340656898471413,-0.3336311918291182,-1.0552017812755088,-0.3939780707315216,0.7228106901988064,1.8553040684409818,2.190555372714679,-1.3447094848819134,-1.6386881223170495,-0.6116736801504817,-1.1062877292670878,-0.7900437931510559,1.9595186288294255,1.7137076822583592,2.1791117158209214,0.6539689547492934,-0.1936707205403964,0.06914591215399551,-0.027437958660453194,-0.06855110071558754,2.126069349813352,-0.8886719895225931,-1.414588976821685,-0.8098258515667603,-1.5013419315596153,-1.4325667523435144,-1.3322545203844693,0.052689064708363015,2.739289737571534,-0.9610116330328572,-1.3849430529857876,-1.035502452544127,-1.860596874885644,-1.6851507180910321,-1.8165426990951377,0.08263703569099902,2.833109405514784,-0.7611682538804797
Bearing2_1,acc_00721.csv,0.11365299039416793,-0.20531585829260024,0.1834574887936892,-0.0967033008864042,-0.3923070597614006,1.988991921990407,-1.3266435590646932,-1.3964892046720285,-0.3216348741459259,-1.0522834503134162,-0.31539585537713627,0.6804111965091317,1.5533267857079966,2.257772082862521,-1.33934559111528,-1.6467982523039761,-0.49241141462376986,-1.0913842555951703,-0.719990577209156,1.995476365659519,1.2838874204015367,2.23718805422078,0.601704956338179,-0.17718629369110672,0.08208861596867639,0.12046517175063044,-0.04720800589861463,2.095961839552123,-0.8416296136590663,-1.421027727882323,-0.8096629581494237,-1.4891046758911752,-1.4464067404618082,-1.3578668931315772,-0.010320955988667878,2.788589975399817,-0.9017865554933152,-1.3943836997166035,-0.8908667095268968,-1.8305995231946035,-1.7628348375156,-1.080614179995386,-0.2501468056233733,2.7448405328005583,-0.7611682538804797
Bearing2_1,acc_00722.csv,0.14595749866761326,-0.2227193946037674,0.07494160261556541,-0.08716283577747076,-0.6266529710369049,2.0393324133494457,-1.344450759214164,-1.467968545934398,-0.3515367718776061,-1.0038155429014206,-0.3694306579043856,0.15983417755524212,1.628444810147635,2.315530095549721,-1.349997917517634,-1.6668041530138427,-0.652428060263974,-1.0569730440799534,-0.7249682467540098,1.1193988820846925,1.58986046206056,2.3096551748899254,0.7058581448247712,-0.1922405787848817,0.04621453745771958,0.10598299023121191,-0.20282543929217728,2.197086124875303,-0.8991871944435881,-1.4413202631567383,-0.8136795018242658,-1.4947684404118649,-1.5325517290534953,-1.3871405231487839,0.1479327879906987,2.734231841427296,-0.9742097519769582,-1.3744906194746203,-1.0477797136328906,-1.8640381307051501,-1.8043892905383558,-1.6866873902244246,0.30414098660674455,2.7165455882180156,-0.7611682538804797
Bearing2_1,acc_00723.csv,0.07240081826778588,-0.21552564249786502,0.11545205257728285,-0.21904573581272677,-0.3817682723683551,1.9222826566783038,-1.3073235953758664,-1.3897738687424634,-0.34673202470452275,-0.9921779702737153,-0.3815552441512855,0.42770601656458757,1.86316403834326,2.143927731319818,-1.316265425480803,-1.628445273819637,-0.5912713658940216,-0.9781449890367361,-0.7287346591044208,1.3754475189963802,1.591957421340331,2.1864242227025024,0.5376453742843831,-0.18982424148141566,0.09388553273466534,-0.07643087060912478,-0.1331248381639079,2.057559346114124,-0.8718584491913642,-1.4202458720676199,-0.8024138128812118,-1.461480292585644,-1.482024826795721,-1.4781803416666772,0.19030158435864292,2.6988395018350797,-0.9511023822172607,-1.367129852529778,-1.0223214043142939,-1.8554507614917346,-1.7516924866372892,-1.7818228004732712,0.08552973736803712,2.8301282508352386,-0.7611682538804797
Bearing2_1,acc_00724.csv,0.16753887084691982,-0.20846169107412335,-0.004622043295851475,-0.05517421747104692,-0.3927595391114732,2.1434933391852056,-1.3781663077901087,-1.4557909590518507,-0.4100483592860687,-1.0674376209484369,-0.4231237070120386,0.5795638813913028,1.633318442357971,2.3927547205167876,-1.3868488120569205,-1.717198550142042,-0.6761479739129778,-1.0702360369090382,-0.8324782597910345,1.2699506970772518,1.3561349329227008,2.463447581823331,0.7541638567229034,-0.18064376050306574,0.14023902174203295,0.1694580836993019,-0.0702549774991307,2.200201028912816,-0.8900545579385447,-1.4336612478993864,-0.8156729137367436,-1.5400608114278147,-1.518963282117811,-1.4566045207762395,0.26725553411167474,2.693835527231171,-0.9503155485021534,-1.386589425526267,-1.030142540554416,-1.884660071445828,-1.7991358001242725,-1.6351464615499423,0.07295950929492975,2.8293168859195537,-0.7611682538804797
Bearing2_1,acc_00725.csv,0.18253261449588012,-0.20036737949190334,-0.044698314511228736,-0.14328321877119668,-0.24269003638224598,2.123305817297781,-1.3630501169579392,-1.4487504247394338,-0.4380924847927684,-1.0264782229036662,-0.4063591244236571,0.4498497029921806,1.468627492453008,2.4599609849527435,-1.368096420946205,-1.7380797077744674,-0.675776438111587,-1.071323888241982,-0.7471951504735369,0.9174473276954319,1.424221226539681,2.4493401839250892,0.710956195146165,-0.18708794424416508,0.08030885593922071,0.06269051143380085,-0.15120738247475135,2.1827521733677706,-0.8896043981076246,-1.4265163750910377,-0.8189135672789766,-1.5094022098327362,-1.5323047898656066,-1.4375861775632366,0.03108276545095328,2.8572234426156182,-0.9396225281047731,-1.3844162754481004,-1.0320251118585588,-1.8761791460645807,-1.825884851601737,-1.71140467863652,-0.056327364936349204,2.9309745139804146,-0.7611682538804797
Bearing2_1,acc_00726.csv,0.2607098829859066,-0.010635922272773414,0.2872288002945157,0.6525038120798374,0.12452645676139422,1.9200941697931313,-1.3163949052196102,-1.3429989784194283,-0.4470273342325872,-0.992725342699736,-0.07436787765954095,0.9990279981490191,2.215503741485603,2.0057462905645522,-1.2953616423084744,-1.6072804306980932,-0.6945617213244736,-0.9188099752320067,-0.563462219812795,2.6589299421515498,1.8759409693730724,1.9810912402356933,0.783983751448881,-0.15701198759631507,0.14108894718538192,0.494074641799462,-0.0068837089233073565,1.977233689750109,-0.8833215457303049,-1.426608501590081,-0.816013773388458,-1.4790182665815874,-1.1319378124501143,-1.1677643130586504,0.08107755304554805,2.531979697344424,-0.9292364158505707,-1.3832958831859494,-0.9689065099928744,-1.6568701450474839,-1.44578920049532,-1.35355788382906,0.03614738051133178,2.5238777757775983,-0.7611682538804797
Bearing2_1,acc_00727.csv,0.1857669288841324,-0.202051499621459,0.20406707189829573,-0.10886271720171141,-0.3097769982762381,1.910767119485694,-1.31239326219475,-1.3237210614352772,-0.3935393142453202,-1.022242726753708,-0.23139547095996596,0.8071730563315197,1.9740647176845112,2.058374980715006,-1.3015876315569768,-1.6093437114288387,-0.6519076493433874,-0.972189814128253,-0.7770630530937481,2.138106962006257,1.8782736905901094,2.044336515751818,0.7907647517424933,-0.1610421711900726,-0.03114820943262798,0.5043970477760686,-0.03257433721421734,1.9792150716926498,-0.8822303341062234,-1.4247080181100527,-0.82482976215652,-1.497431456019145,-0.9799716320273066,-1.161073259121362,0.2623131283376999,2.323841177849587,-0.9479789304596284,-1.4033063875037253,-1.0043018236528072,-1.6788870449048579,-1.4898490993080287,-0.9226004327008733,0.1868231213731788,2.3573579595123113,-0.7611682538804797
Bearing2_1,acc_00728.csv,0.17072791126017478,-0.22410254867980883,0.16185281990477962,-0.11035926074821077,-0.5800586685712731,2.050600280249839,-1.3393016472915418,-1.374574918716992,-0.4517916672874064,-1.0274804860673177,-0.37457949330885687,0.6207497818744798,2.0082006074422325,2.1835675601919315,-1.335432247806109,-1.722135506080039,-0.6046667412360678,-1.0740129452600553,-0.7927226541582907,2.063724989272178,1.7430520960734228,2.180323386391072,0.6927114253163679,-0.19763458435278716,0.060126987382986045,-0.03544937822438698,-0.21207055326774366,2.18234510457428,-0.8581293773530841,-1.420268896542719,-0.8202005513364472,-1.501826028528891,-1.5295150078857405,-1.3952383705395892,0.24107559158917266,2.675744003970242,-0.9063326085339728,-1.40227884378305,-0.9557820013258088,-1.8866050600455126,-1.8506442659904192,-1.2028301385714053,-0.12745060049558513,2.794429202968733,-0.7611682538804797
Bearing2_1,acc_00729.csv,0.1419163005315447,-0.19183773810794455,0.074440742910079,-0.05480008158442212,-0.3152095303183547,1.9916906761577609,-1.307123555080963,-1.4249164365584241,-0.36402858516868464,-1.024145025179778,-0.366018405196241,0.9685967286025426,2.160681501939497,2.029947131813967,-1.302151888138105,-1.7051541732421558,-0.5734805695283053,-0.9836508279019249,-0.7688684644182103,1.9780628272618566,1.9176940386025703,2.0507717496894857,0.7012575004666475,-0.1813298094941976,0.10384446158759161,0.07809708751828869,-0.03627580297467429,2.103589438731131,-0.8547379540399215,-1.4210695468582681,-0.8151615165638568,-1.4946336288965953,-1.501422249874002,-1.4144819125829944,0.43200725606656115,2.5170553609339446,-0.9186752765384978,-1.3512279889395142,-1.0380351318175012,-1.8165088898047692,-1.8280372803708478,-1.4332998722232093,0.2901620361580202,2.615717322810279,-0.7611682538804797
Bearing2_1,acc_00730.csv,0.17367552719674473,-0.19543066727382002,-0.007262523268823872,-0.02056664795824932,-0.34238453368245897,2.0818081508452826,-1.3331000845735619,-1.4541652309266484,-0.39742403882044813,-1.0843773301486845,-0.4199730927844307,0.7492894794177883,1.880487458468574,2.2518422043570876,-1.3372672027494077,-1.7061815904957682,-0.669490117069775,-1.1517262306441929,-0.7846061314138933,1.7858867535258702,1.7060350408383191,2.256788076536243,0.7598009927492582,-0.18517084612487184,0.06471657862347797,0.1508161266370716,-0.09240626403389546,2.1834046193922774,-0.8816586049132191,-1.4400032288115898,-0.8199155674111137,-1.5211718337900846,-1.513745414374447,-1.3353218746844078,0.38892412709478547,2.562052591402049,-0.9536736831220729,-1.3993205897165508,-1.0373789700349785,-1.9049395367119375,-1.7950247426838284,-1.4608413077561038,0.3563321992562824,2.626545275704576,-0.7611682538804797
Bearing2_1,acc_00731.csv,0.17088613193598998,-0.21482896197655418,0.11546356478339964,-0.010090843132753631,-0.33223316971848443,2.1151616832281763,-1.3625323167102406,-1.4897265435619833,-0.3469859246083141,-1.0338849126032548,-0.3972938197846144,0.7526048194139304,1.2361692859316264,2.4942798773355346,-1.3685763930572605,-1.7042205054724038,-0.6522794366222371,-1.0839950550623716,-0.7037680566532177,0.966308093999727,1.1417516872143025,2.504677769970002,0.7276702720562831,-0.18805331708111928,0.11062137281725395,0.04959492176198628,-0.05724406215414459,2.2518995602202256,-0.8866286065097596,-1.4547978368406602,-0.8117011700100643,-1.5105275854206894,-1.5581813996568148,-1.324816359096215,-0.22840828764684548,3.0185115347948916,-0.9386160424365142,-1.4198576848554032,-1.0359134326406083,-1.9067293791215247,-1.818040564019362,-1.6799683464408672,-0.23409011541759622,3.042986887436335,-0.7611682538804797
Bearing2_1,acc_00732.csv,0.2401957907212822,-0.20593249993919713,0.1969403974137156,-0.09071712670040677,-0.35772952725238755,2.087486286547327,-1.3579235698755119,-1.46484758650905,-0.4417333895722699,-1.0578855755933627,-0.19049624485133226,1.4926904137237178,2.045456262806391,2.168488753034368,-1.3694105422222058,-1.7601570527794266,-0.6618399386971325,-1.0276823503741697,-0.6564717535182186,1.2827036664683533,2.0715727362303538,2.1999452454736677,0.909753791032055,-0.16184566284522467,0.004161319487017881,0.5507708417903775,0.07272917424724894,1.9687528976487099,-0.8839036875476071,-1.4271105997729594,-0.8219445534061003,-1.5140302964933277,-0.9010197122003611,-1.1587223329964402,0.1828161761636091,2.3499195471399297,-0.9551309651545811,-1.3860799688606251,-1.0191163789917266,-1.5767278246596477,-1.2496115609301075,-1.1804849365822303,0.015359708400177873,2.4146582147339934,-0.7611682538804797
Bearing2_1,acc_00733.csv,0.24810743226277288,-0.2001130121532405,0.20494484422952988,-0.01270979433912772,-0.34150591203198083,2.107252900539355,-1.3342299205465735,-1.4840355050855074,-0.39928712741126654,-1.0857309418799157,-0.45294580454771904,0.4141496188942338,1.5863801383459306,2.3891530898024387,-1.3486554013730427,-1.7033987441349572,-0.6781333080801821,-1.1420322544415227,-0.8170761590865557,1.0283710959640062,1.6012958987312091,2.369574361004346,0.8176824729267242,-0.17926390069544754,0.049292559802358964,0.3199803320447487,-0.07521944714045459,2.221471334375024,-0.8867963248564195,-1.4313788227405726,-0.8176666477400949,-1.5177633475739132,-1.5549350457132203,-1.3878312254923213,0.11886970367446895,2.782752751402593,-0.9657709698778156,-1.40837116918886,-1.0470456933468415,-1.895168186618513,-1.8528878542893885,-1.3873460878003299,0.10074394196388373,2.7793010704542978,-0.7611682538804797
Bearing2_1,acc_00734.csv,0.234945491587765,-0.22164107192166801,0.2832205962059787,-0.08286027308128517,-0.4702898238897368,2.139198880966439,-1.3550784074588689,-1.4751569586758015,-0.46755182396368444,-1.0441639709218258,-0.42088719268159147,0.2580396095116223,2.1271276938326804,2.2582259938479154,-1.357319142857395,-1.767139953138725,-0.7125433701220075,-1.07236110897294,-0.8312182588995187,2.1785269796953175,2.0144588264321306,2.190381803198596,0.8041499520887796,-0.19088562887344923,0.05658607739930455,0.13525548479173885,-0.129382252786373,2.1729486431137413,-0.8896620975638827,-1.4152187821225737,-0.828141147079412,-1.5062558064871783,-1.5171454317660917,-1.434701899161168,0.3711291217345373,2.60608613903216,-0.9477617855919499,-1.3835209212767283,-1.0361671724348862,-1.8703748573457966,-1.8200824033729435,-1.4476968121561586,0.394384603712192,2.5911269303685707,-0.7611682538804797
Bearing2_1,acc_00735.csv,0.1653306286861777,-0.20301053714797282,0.20424006829110986,0.028258085246292287,-0.4768915361476428,1.9802852098018842,-1.3163835058266362,-1.4361348180726579,-0.3069483123282912,-1.0584842546073503,-0.11538969732654923,1.4475269043556085,2.0258760913266514,2.003477705371926,-1.32977130194704,-1.6351815540321766,-0.5951323300600095,-1.0205921081106184,-0.6615765096620764,2.665942569656647,1.7597329641239245,2.0483811704703614,0.6659475402454297,-0.1778098600877348,0.11114862486036935,0.250958871186243,-0.03904205336695568,1.9528889749840603,-0.8992079173206299,-1.4031700571216308,-0.7996107367733134,-1.4720392237351834,-0.9582831032996783,-1.0367969634475602,-0.09985278356587558,2.5035834536830266,-0.9463730007705523,-1.3870397881465688,-0.9828192525959015,-1.6857908990928898,-1.395328224203961,-1.1224701252936033,-0.187650191755611,2.5878997901558267,-0.7611682538804797
Bearing2_1,acc_00736.csv,0.2025817100365452,-0.21494480700574553,0.3055653912831971,0.04341058865459837,-0.5390033289792823,1.9888387188860028,-1.3082990548414708,-1.3936433426370274,-0.5010905676379621,-1.0102248999730779,-0.23892659595018306,0.6061678426095128,1.7061656655144393,2.291173852416198,-1.306722299281123,-1.69238540479735,-0.7479998245761337,-1.008810765042725,-0.6975869848199207,1.262795708711188,1.712791783248512,2.2597059434353324,0.79086926278224,-0.17335241887138786,0.08234279094323839,0.3136636358501087,-0.0707913541061875,2.0589293510617668,-0.8653368487435567,-1.4176620977081114,-0.8253230701632079,-1.5025427762358758,-1.1905689115087126,-1.3036914319613058,0.02709035291166576,2.6520754913118245,-0.9283614714292695,-1.3805560908155214,-0.9933207507842035,-1.7510743957108763,-1.6269415225999466,-1.424800606948204,0.027056528930875765,2.659396627848275,-0.7611682538804797
Bearing2_1,acc_00737.csv,0.13173532576137895,-0.20910172216974202,0.14661692083979,-0.1049342903921506,-0.3721621653740104,2.0336049051446814,-1.3587747431073889,-1.4280484409041518,-0.38959282411981044,-1.017239079894964,-0.41087522688358946,1.0753801747583251,1.4649150682698802,2.38172229793535,-1.3491907051216094,-1.7070348162321132,-0.606500994180534,-1.0714695025523897,-0.8308820774068759,2.1635431905154108,1.3326770457521784,2.315402861895266,0.6927734064760899,-0.19233417928933152,0.06912306675696678,0.0304907674172212,-0.14837983012200381,2.176517437336972,-0.8708859545852922,-1.440305451503434,-0.8199769580843997,-1.493636402494555,-1.504267873543241,-1.4488361331106743,0.007498429040738346,2.8458981992248473,-0.9199185481326174,-1.4043121720852922,-1.015480599695507,-1.8945257695444213,-1.7879882892583183,-1.4794832773239632,-0.12001934404840603,2.8839782378694263,-0.7611682538804797
Bearing2_1,acc_00738.csv,0.20813616354813844,-0.20355134151596493,-0.030269866324032602,-0.11148166840808532,-0.41818684475402806,2.0188831540126677,-1.343840638369147,-1.4385807210069115,-0.36200330099007516,-1.048074914941891,-0.43350896952432194,0.6949741824946561,1.6854608392037802,2.29374275655549,-1.348077319153166,-1.6449195202158522,-0.6338451816033581,-1.1134574093342309,-0.777016479932746,1.5544476343978177,1.5697458178040171,2.2756585171663346,0.7475909378027927,-0.18596675068144355,0.10531347470281206,0.009691889703162577,-0.06571023103632725,2.122454163846114,-0.8534139483955375,-1.4187487845719804,-0.8122377442784587,-1.5013850698105637,-1.5596492909978688,-1.3918138491744592,0.010416679759264974,2.841275747747054,-0.9175820234502717,-1.374306856478575,-1.0282872068327968,-1.8848795029286645,-1.844010082633647,-1.684125161778599,-0.0236816008052045,2.9036826217561504,-0.7611682538804797
Bearing2_1,acc_00739.csv,0.4472433757132063,0.16916961056403165,0.6883303007123588,1.049836123675417,0.5254437696550578,2.0588715836173246,-1.3700089847172676,-1.3695548941581304,-0.4855636429763852,-1.0669952058120777,-0.060239999850449984,0.6585567742533764,1.8790988708949028,2.2400027756370884,-1.3497640607700856,-1.7353630191733829,-0.7289167955390102,-0.9926588043317663,-0.6268520423440441,2.8747949236829773,1.542017597606714,2.2288257085484244,1.1584220361632867,-0.09185918148349982,-0.006985888115485878,1.2465318177658506,0.1212364578415397,2.0880539057103604,-0.9071420338935541,-1.4390344167255669,-0.8283400702215865,-1.5195240631563411,-1.0464693284539108,-1.2500808752743908,-0.15548232095150677,2.7067997988281975,-0.9652572320266385,-1.4072715082582192,-1.0180076800910707,-1.6275245132146163,-1.396108869889942,-1.6669464424694964,-0.14176567908161053,2.7294225171711637,-0.7611682538804797
Bearing2_1,acc_00740.csv,0.18368062870477408,-0.23254602176282593,0.05562555307230873,-0.16853739111837332,-0.5518020089669466,2.062157531628375,-1.3479064773965348,-1.4503577190665313,-0.44849920842699614,-1.015299833270248,-0.14967304634617562,0.9422353104654685,1.8166005769480629,2.266404976258509,-1.350235557495313,-1.7499505767657917,-0.7055118677549743,-1.0878787972362909,-0.47815691272366456,1.3209327706147351,1.815854180665154,2.2646015882200965,0.7973372999097632,-0.1858530438929605,0.09981234876708943,0.42412878637588713,-0.1715957599507124,2.093396344961795,-0.9037819859050236,-1.4401525476162205,-0.8224563483821844,-1.473570143386949,-1.2657852365190856,-1.2532805831846328,0.14376154326957244,2.5826319274932255,-0.9748843575175897,-1.4066437800533917,-1.0451343379701243,-1.740220325758689,-1.6023407283254543,-1.3297933836759583,0.12476568030707742,2.6035492891282828,-0.7611682538804797
Bearing2_1,acc_00741.csv,0.2018620751367,-0.13023612357447076,-0.035223630974663654,0.1483557048528659,-0.14510322643664608,2.0799665731206742,-1.3536930889415102,-1.4512875879336142,-0.43170094130439907,-1.0190151713763045,-0.1980390839710045,1.0344786108115742,2.7101513914299558,1.9069733759513268,-1.3661077705778673,-1.7672333919044056,-0.6662523509205418,-1.018466216408651,-0.6721983965195868,1.91485570339571,2.8295971131416855,1.9104047619228095,0.7497310697584517,-0.17387029233392606,0.04143491139912121,0.2652869869448167,-0.08278811596541717,2.060464802412021,-0.9046215520604861,-1.4360050221248435,-0.8116896483923942,-1.4905142992801426,-1.107734587445822,-1.209162319280916,0.21608563312164422,2.420489779505348,-0.9571150642184012,-1.4153231985393273,-0.9880315663493169,-1.7305493616305374,-1.45582100145606,-1.1744567232722498,0.23444432423955575,2.4096277966270283,-0.7611682538804797
Bearing2_1,acc_00742.csv,0.08565011822441501,-0.20406046646514067,-0.02855969232221067,-0.05517421747104692,-0.366539231903292,1.9556871390593298,-1.3097204181584394,-1.416110990649955,-0.3161579994274544,-1.032503463039637,-0.28375643683539536,1.1828700131965628,2.0515608884963346,2.0379951027912666,-1.3170021226747934,-1.6439529728692515,-0.5834210346768519,-1.0419853459329644,-0.7165617657735365,1.9292622227740188,2.0356227029426224,2.015572094666097,0.6733271515309207,-0.1860691681161513,0.08308775841941834,0.01662484894118212,-0.06062232519462557,2.1894911852326224,-0.9037046301815067,-1.4435831836875685,-0.8082496354744395,-1.5164728047211897,-1.5093775963136618,-1.3779158943960348,0.44466333476169223,2.533143094048869,-0.9706525880613266,-1.3867348128897807,-1.0400363239589439,-1.8663149508011214,-1.815157116539192,-1.5934039261488675,0.5092008248092948,2.573555142442397,-0.7611682538804797
Bearing2_1,acc_00743.csv,0.09138893854228297,-0.19796538290578888,0.11352220908655784,-0.06901724527616596,-0.3590957071908055,2.016420985885518,-1.324521874675923,-1.4307479697301215,-0.3896852365740306,-1.0572589384603828,-0.2565336999136205,0.8344532681680289,1.7621703059345217,2.2028927490684223,-1.3323517817481882,-1.6869856162933028,-0.6497190473639616,-1.0422081157522913,-0.761411745658093,1.9209138811016289,1.5060185364658298,2.2607010294635512,0.6154830175919352,-0.170893309186039,0.167701609287614,0.29502167878787844,-0.1092653607720907,2.026444880343816,-0.8739310805359585,-1.4245941554638637,-0.8180747364506239,-1.496717715105695,-1.0860732781746512,-1.1376245173504056,-0.010864527760672744,2.5498413706065177,-0.9575367721706883,-1.3717143664155753,-1.0456838790414573,-1.6777546146078817,-1.4509528886129175,-1.5003549922264807,-0.06341759849520114,2.6733860329587933,-0.7611682538804797
Bearing2_1,acc_00744.csv,0.3478141109045292,-0.17538211593989736,-0.1804658221618488,0.17211333365354317,-0.5697496698420342,2.1094563508823536,-1.3432767435714794,-1.4762996723520942,-0.49650171074079463,-1.0778674240176904,-0.12778256975917196,0.5717962949478884,1.5040300562620748,2.4556454260478486,-1.3427605368278985,-1.7840597553354285,-0.7546291476452525,-1.0309728457860636,-0.6608638768472862,1.2145726915448758,1.4076434406351015,2.44630988482823,1.0475337741543085,-0.12750438480862367,0.009956112725667052,0.7652303808864489,-0.010897290085705419,1.9932763899983121,-0.8879607527807909,-1.4376143472364018,-0.8288605884343064,-1.5028722241536692,-0.9851664822941489,-1.1991061679550057,-0.10446681310406034,2.632785600362169,-0.956607365588858,-1.412264871404214,-1.0485216348585997,-1.7609770143300831,-1.073933405648613,-1.7197218241215224,-0.02824351312339684,2.6244409715125516,-0.7611682538804797
Bearing2_1,acc_00745.csv,0.17209564181539325,-0.21616297458291167,0.083806544536386,-0.058915576337295404,-0.6085109070507057,1.9937308399922415,-1.3292384030131204,-1.3525465344271768,-0.44589451491271265,-1.0420548080409342,-0.41866885616115956,0.6512260138340998,2.051506656100492,2.143969592754202,-1.321372347016939,-1.6663958208203178,-0.5526313651582506,-1.1128650616583937,-0.7381587163622908,1.9400404758838277,1.8997359748303582,2.0732710291257517,0.7051121710759963,-0.1752969398743922,0.11017964667312179,0.15050799511538188,-0.1159426865599599,2.1282341483741947,-0.8194947829671609,-1.4271429914467755,-0.8208672566014046,-1.502584333651311,-1.5231863128006071,-1.4238340413682342,0.38582841469032764,2.5609785659814643,-0.8694449230851681,-1.3879364706617048,-1.0154749803056033,-1.8448860947837233,-1.8200621793963812,-1.3931357354443896,0.29240286763139395,2.596382445601624,-0.7611682538804797
Bearing2_1,acc_00746.csv,0.12958046458295586,-0.2224743410549772,0.13678678966838853,-0.16105467338587653,-0.4353301848797846,2.061079223398641,-1.3280942381626673,-1.4601530261642819,-0.4202359206066304,-1.0351569298474037,-0.38119084282411314,1.116559165197605,2.041543937417153,2.1652586601078614,-1.3358205223083404,-1.7500214603260549,-0.6597876516752131,-1.0774407046185717,-0.7590625011162911,1.6732884341839769,1.8309416319276723,2.2228934632131363,0.7037355202546636,-0.18995085596204078,0.11991491262646393,0.09827970218896787,-0.11810447553943436,2.1301693003627955,-0.8847600643026252,-1.3935005436456278,-0.8142936903544904,-1.4999218833598706,-1.5622419767088547,-1.30266574826682,0.47205416171560993,2.4820733196121543,-0.9565980683269495,-1.380664854298274,-1.0249210794200456,-1.8976678163297027,-1.8414704407492528,-1.3817523326691878,0.2826885795751091,2.6499314803248604,-0.7611682538804797
Bearing2_1,acc_00747.csv,0.033787627268430785,-0.20514049194427758,0.18689481713078446,-0.043763072928989316,-0.48800574305026123,2.089856130204566,-1.3342240366792384,-1.443014251732503,-0.5160292686923075,-1.0193287177072952,-0.3269721511645032,1.8446704924147406,1.9104854555511273,2.2442203550569877,-1.3281895465810263,-1.795526287631499,-0.7432625217259697,-1.0386178132117847,-0.7358651772419217,1.427386197440562,2.0064054536763316,2.2330256084356876,0.5262159046501629,-0.1902893245939045,0.04257424755169069,0.032647688069049406,-0.2078056009470321,2.15827399606818,-0.8805625707168474,-1.4203506549985763,-0.8199839602241646,-1.4899706271264066,-1.4453519179257335,-1.2207333848455375,-0.02726335866089926,2.767449607764395,-0.9545938822109853,-1.3978695982413951,-1.0312071069584554,-1.8160287959810377,-1.7589194315715024,-1.4621396281342245,-0.01363196489727497,2.792954918186771,-0.7611682538804797
Bearing2_1,acc_00748.csv,0.20329571898326387,-0.002584129502579891,-0.04263455758220811,0.6506331326467133,-0.015682232599579703,1.9200858169754924,-1.2940514699491108,-1.3878920355045412,-0.37189632459779215,-0.9639794744828455,-0.13514211532455722,1.1371440875130772,2.0187071766336224,1.9941726087317655,-1.2991734105382466,-1.6264903515385465,-0.6091292761617695,-0.8732586892085369,-0.6980472497073538,1.3234730903810479,1.8602784569720818,2.071233207988802,0.7109365318744951,-0.15897377337277793,0.10482536420290704,0.48914453745242586,-0.023079322068133592,1.9598783388954493,-0.86673791797084,-1.4108919113429959,-0.8069133385537746,-1.4949685615451171,-1.0117116151457903,-1.2640635359673533,0.060602584712290984,2.498692311593507,-0.9350514805777678,-1.3831368164828408,-1.0084424690634997,-1.6982189894906752,-1.335836197113308,-1.4540761711256087,-0.08160701607323251,2.616493300676765,-0.7611682538804797
Bearing2_1,acc_00749.csv,0.1175989599718386,-0.1978173054542269,0.22251311015388378,0.09522840895213854,-0.43994644091750784,2.007034279548471,-1.3506089972242608,-1.4532194048595226,-0.3117291005261185,-1.0440414431798895,-0.39835700982791394,0.5072723048475929,2.0064280230146228,2.1644099917856963,-1.3278361919951012,-1.6552765938449492,-0.6113724087760621,-1.0855783525142597,-0.7928903350491494,2.0993894046421167,1.7841898722281824,2.130540837453782,0.6502308908924913,-0.17334947789227317,0.09217749789723503,0.42289626028912797,-0.14553825137365545,2.1761802495658493,-0.8998951320094906,-1.4389386185658557,-0.8065805385773785,-1.5022365340518984,-1.5277648594822435,-1.4587922387195638,0.20860418426198257,2.7314690776903814,-0.9676249503073259,-1.4036358029433533,-1.0194845158995829,-1.8658323433461201,-1.8013613348358701,-1.5614865513773077,0.2547786053048917,2.7002471767753264,-0.7611682538804797
Bearing2_1,acc_00750.csv,0.12102725455381737,-0.20751156744438085,0.12934014529522603,-0.1608676054425642,-0.2979231850449786,2.0347494323364086,-1.3237785512050035,-1.4282669028867856,-0.4497949780441515,-1.0349394756196872,-0.37562429869570985,0.7163389332038801,2.4314577759952694,2.0047636952435655,-1.3172283969640541,-1.728801886887111,-0.6582358021732022,-1.0026719648877194,-0.6984518405867763,2.1686225659123815,2.289728185686727,1.984316609379582,0.7212708630979076,-0.19042110549767646,0.10706305328481873,0.07131819404111421,-0.10285432439406594,2.095374451427824,-0.8599161214316534,-1.3997980902884732,-0.8199387186956136,-1.5039491832195442,-1.5408043999658514,-1.4356515863394241,0.5851808091053087,2.4140564513202123,-0.9059253157232681,-1.3479059382605771,-1.0255986364488896,-1.8288171355443077,-1.8274629287601505,-1.485603159615792,0.6435451963437929,2.421658135491378,-0.7611682538804797
Bearing2_1,acc_00751.csv,0.20926031059621253,-0.23257162223258201,0.1602564565179663,-0.13299448188901347,-0.5973028755791362,2.1799675299016243,-1.3799214402838276,-1.4958545066101068,-0.44837127688758516,-1.0744131026370551,-0.4584253736410874,0.8143435785895554,1.441424524245253,2.527256601906625,-1.38961125462741,-1.7613535749994427,-0.7302615344533446,-1.1166431554055716,-0.8275777405198776,0.8573048196740916,1.5594046356621116,2.4926611289270877,0.8094654527147264,-0.19380423795739482,0.03341161055252398,0.0451270146974848,-0.19457884569274445,2.2484324971167773,-0.8800811363126647,-1.4524540544017612,-0.8193126762913768,-1.5359015455646616,-1.5664653268602076,-1.4035472561830045,-0.05816228828114977,2.9408092010662537,-0.9503060651059594,-1.3987485989077548,-1.032203615675825,-1.9100351603555572,-1.8449343528318836,-1.7267747601730434,7.262837659885191e-06,2.9284924657324236,-0.7611682538804797
Bearing2_1,acc_00752.csv,0.228286487228474,-0.21057243698443387,0.07149197865284956,-0.027488161860808838,-0.48155673314195957,2.14056826704857,-1.3769185686970735,-1.4385824184563833,-0.487971325590726,-1.075337973146819,-0.47284817563184983,0.7362704783636432,1.9758408154864793,2.3270457558760502,-1.3775729235585714,-1.7698176550110922,-0.7252157311001991,-1.1329398324852906,-0.834289532765135,2.1263225635233076,1.7690641723501002,2.314660838849473,0.839347326489272,-0.18827585352020737,0.09459614571921131,0.10844804240472998,-0.14484353212804998,2.2137939221395238,-0.8872367791035682,-1.434899049305163,-0.8274251044448123,-1.5257670451099454,-1.5775904853531324,-1.2811957852765972,0.20859133295306748,2.706693296976199,-0.9378458823854244,-1.4052942313921586,-1.0262736850156031,-1.8859381587256958,-1.8713107784345973,-1.3848808420170442,0.14402368712433927,2.739614682190704,-0.7611682538804797
Bearing2_1,acc_00753.csv,0.09142571586190873,-0.19402270955323395,0.2230899785397452,-0.0710749926526026,-0.3942220142900471,1.9820582947430943,-1.3428223350434192,-1.397125760825691,-0.34228154664370286,-1.0434510796093248,-0.3062436257054949,0.8684248742356894,1.6856933237133664,2.229045755300916,-1.3454623471347062,-1.673893973846867,-0.542628679134315,-1.0514012518046822,-0.7565124300051074,1.7734145118960682,1.611310300264144,2.19369042305402,0.6292661626975643,-0.1709118460735902,0.0385349771396561,0.12262209240245879,-0.05265644027393842,2.089825898590249,-0.8614604153051999,-1.4248702472092025,-0.809342147704019,-1.5130707368729728,-1.4194772831889508,-1.295658062168035,0.18382623875997567,2.625909704644937,-0.9381172076417759,-1.390707230358331,-1.0151310923137264,-1.8416488168407947,-1.6981501156627838,-1.4231728605358425,0.15230168642202754,2.659499114291076,-0.7611682538804797
Bearing2_1,acc_00754.csv,0.2419744656875116,-0.23213615876438443,0.2885819462264942,0.029193424962854365,-0.6499058677187394,2.112723982380668,-1.363034868938007,-1.491956699358302,-0.4345336523137286,-1.0657510547163183,-0.45812075287546017,0.9056961946076398,1.5713216234297698,2.438614360524711,-1.3766649915830538,-1.7749980839357093,-0.6912106649246353,-1.1057134959790063,-0.8278813816883744,1.5352202488238622,1.603212559113095,2.393196948367856,0.833255667835585,-0.19195455652574683,0.06659029172770543,0.24140679401386045,-0.1606235750434824,2.219147632766526,-0.8899233607540865,-1.4393053000508031,-0.8171087844736273,-1.5225517580460288,-1.5798027678697468,-1.4127748662139274,0.0944447385330813,2.8300028872271996,-0.9613314800949019,-1.3956664897550306,-1.0309789745433466,-1.9029381962899443,-1.878127849244015,-1.5900942363177382,0.06698757429927377,2.859757148710105,-0.7611682538804797
Bearing2_1,acc_00755.csv,0.35052777227548426,0.6949104927729035,-0.5860683423304902,1.18995001321642,1.0792497373974157,1.9518778441685654,-1.3239796915863833,-1.4111046393996225,-0.45883255985128857,-1.0322821584206958,-0.20482662908369534,2.882833493823284,3.3982551923589024,1.5597912305094925,-1.3323275870833693,-1.6539836744236416,-0.6816091821039697,-1.0128571106043591,-0.705390218111948,1.727288810077098,3.73124931702467,1.5607714368295729,0.8552162828918586,-0.06478137511208693,0.22228816577734067,1.1111080139832024,0.1498721922707343,2.01126857181646,-0.8958407371117263,-1.432711756971609,-0.819453456888605,-1.5086579920483993,-1.0677509354576462,-1.1271185989371824,0.18276493780885608,2.4269628070337967,-0.9613337928945922,-1.3909640116826738,-1.0332271108300033,-1.7851357573514601,-1.4930907099608715,-1.3265911166135722,0.32149848919866136,2.452937899786089,-0.7611682538804797
Bearing2_1,acc_00756.csv,0.08949930066037064,-0.21619475658462078,0.09036004629514886,-0.1614288092725015,-0.4333499076916028,1.9949386920670367,-1.3418549526768453,-1.4395167046495825,-0.2702669305899101,-1.0166714981147884,-0.39509499268679854,1.2797361580840148,2.20927784747511,2.0029892755954872,-1.35465605233562,-1.6489646917515517,-0.48195295831746815,-1.0544729529268235,-0.7741974899414248,2.198286805949232,2.136845101036052,1.9626076859630242,0.6471725522484606,-0.19385240294100609,0.09670597643714542,-0.04145794289733735,-0.1599102426497428,2.126944205156318,-0.8950696510705183,-1.4386245645307771,-0.8071759439347007,-1.4959004900517563,-1.4674938167416978,-1.393523792182459,0.4956564801856362,2.4715752991306736,-0.9434472448264801,-1.3901870627287742,-0.9968422552649693,-1.8250618212948617,-1.7869491882008348,-1.4080157046732744,0.5431081228839925,2.4481016836984715,-0.7611682538804797
Bearing2_1,acc_00757.csv,0.1538530884641001,-0.18842267759718956,-0.05377034606510855,-0.015889949375438757,-0.18171932037559332,2.0972567104819064,-1.3681847640605043,-1.4657963782021743,-0.3651576027374555,-1.0410124679868815,-0.40665970166604376,0.6462556198182907,1.6583251304128643,2.347100097917527,-1.3576653624345159,-1.746058604665758,-0.6046020931414149,-1.0764062686634068,-0.7547956532433728,1.4169049039076083,1.5839057503762144,2.3152328368666146,0.7454136790008669,-0.17800320129230388,0.0462032365213701,0.12801439403202958,-0.025750182748128805,2.1613830074227818,-0.8962038681886585,-1.3939468834596362,-0.80998912142003,-1.5105328082867893,-1.5314361766021058,-1.4336395711485215,0.31596732368635927,2.636375794591682,-0.9439333383181201,-1.3543372541887742,-0.977926107469447,-1.8404479299899938,-1.8274582236142483,-1.4000030701878923,0.24549525889846957,2.6202887218823427,-0.7611682538804797
Bearing2_1,acc_00758.csv,0.21712502630890743,-0.19546228153297884,0.31902120585519117,-0.05779316867742084,-0.23393090475196987,2.084700661476543,-1.3543838518601778,-1.4223696368365777,-0.4890330857401609,-1.0403612005048002,-0.27758509144069166,0.9345166191769398,2.11055142743784,2.2012346557713616,-1.360360745269109,-1.7681752255872423,-0.6817217458643506,-1.1175324742031811,-0.6165313916474142,1.93468472476157,2.0222061315367754,2.1788367366849335,0.8018626916463896,-0.18547060818847858,0.06231647003307768,0.21090177336657434,-0.13059297374114193,2.1227843399324455,-0.8615073786686778,-1.4332154302413853,-0.8229837677195905,-1.5191462670445157,-1.4436208024872639,-1.3234229602106642,0.2873640176477636,2.590557201106947,-0.9023700722151178,-1.4069551576534371,-0.985888005899898,-1.8871582224991015,-1.7257476936289626,-1.369053131364554,0.2339518221319679,2.604266578470164,-0.7611682538804797
Bearing2_1,acc_00759.csv,0.24118770295908287,0.22013655730626944,-0.09759418763664914,0.9282419605223444,0.3179927656040096,1.903075615909823,-1.306717387071755,-1.3115250962341625,-0.36736420308140555,-0.995272686834727,-0.066780417984026,1.9831069522404243,2.4352301326786128,1.7895831023281223,-1.3305885360482252,-1.5380791063806047,-0.5415620875676146,-0.8581477150460957,-0.7147506988656186,2.4292323128375237,2.269647890099896,1.8094332535459352,0.8894848264509241,-0.01990535052627927,-0.20714701518840228,1.1679582797349626,0.14045545421169367,1.8482077824480474,-0.8869476309705191,-1.4313505120291001,-0.810085220319863,-1.4902842628129147,-0.3645597876784963,-0.7720063276316426,0.10573187310416872,2.027117268136559,-0.9592556222036308,-1.3840671977983583,-0.9733977754022457,-1.5065994657965385,-0.9832390326353662,-0.4953141259808566,-0.089519464211595,2.1294011079002844,-0.7611682538804797
Bearing2_1,acc_00760.csv,0.14423428853876358,-0.1908578616187255,0.0932375250268491,-0.0895947190405322,-0.31639673978073685,2.0513050149074177,-1.3455607103433431,-1.436546979893867,-0.3858428910541398,-1.073192891006567,-0.38493534948863023,0.2874626493400771,1.6700659074063275,2.3403625191114052,-1.3487028848017648,-1.7296898638476155,-0.6077238923096273,-1.1114505046676812,-0.7856543776017987,1.1571005469865787,1.6331071758855848,2.3152665784144695,0.7102610026220294,-0.1853616677198132,0.06508496923511192,0.10598299023121191,-0.10880528534504486,2.1568885356818974,-0.8813659966478001,-1.4249613628422237,-0.8119192527603958,-1.5149706411254082,-1.5552590223260156,-1.3891060154781891,0.19320452354022907,2.7299388903873134,-0.9490708123528284,-1.3940007587414938,-1.0297603486873235,-1.8777228172977152,-1.8782921839975268,-1.709336747356626,0.2785296443198327,2.7600711562153637,-0.7611682538804797
Bearing2_1,acc_00761.csv,0.14174239780983336,-0.21031462424041417,-0.016047037006119303,-0.10792737748514933,-0.505293918366185,2.0056376167102505,-1.344261421633907,-1.4179112315427895,-0.3830103084068504,-1.0431521225200326,-0.38380662639696345,0.8800211646786623,1.6197897147143814,2.311991188876377,-1.3468074677073472,-1.6606908894762316,-0.5915856021401374,-1.0291926629184938,-0.8078467301189123,1.3003737720252808,1.6226350114090649,2.2512030134511756,0.6980250183483465,-0.18125194340723877,0.09914820515289242,0.10644518751374657,-0.08994643435996667,2.1243829006023867,-0.8703118582970725,-1.41091285456269,-0.8117033544773563,-1.5129473836650391,-1.5196869090014427,-1.4219104423201512,0.1799122841015783,2.723403225547161,-0.9292659974918391,-1.3725930394035837,-1.0015580369522101,-1.8518790763147535,-1.797260800877435,-1.614593431494304,0.3006517332129367,2.6573602718423177,-0.7611682538804797
Bearing2_1,acc_00762.csv,0.07507110656737377,-0.21908449481918574,-0.007816242105408917,-0.20108721325473447,-0.4498275624690663,1.9810345160205527,-1.2984873565470523,-1.4202341841684332,-0.34795879038506944,-1.0230794453502756,-0.3572987213890514,0.6073550471465926,2.117544942375303,2.042362440607352,-1.318066463369054,-1.6384068353753345,-0.5895622341837595,-1.0664879919578294,-0.7103382711146363,1.4673680795331216,1.960171036301169,2.0828655208242344,0.6722444805214992,-0.19559171584179577,0.08124920867528244,0.0073809032904893065,-0.14726201142665368,2.1259977323920003,-0.8766541496282257,-1.423993386350233,-0.8150010160812322,-1.4892780553689813,-1.4938943080345417,-1.4129700686142284,0.38078346932781776,2.5576298636932044,-0.9388012797189942,-1.4002123909169721,-1.0420987161103095,-1.8678947672260406,-1.7744316156563253,-1.559236289962485,0.21075363845447664,2.7179538574080504,-0.7611682538804797
Bearing2_1,acc_00763.csv,0.08143794517493237,-0.21979118548169854,0.0972548855276442,-0.15637797480306614,-0.47142098597997184,1.9788162545804113,-1.326964949020852,-1.4187433418478304,-0.32106079637559704,-1.0354168035901472,-0.30936800556553185,0.9389703122098554,1.990628304352023,2.0188755781005137,-1.3393749492438176,-1.6521867983968408,-0.5750411258074122,-1.0245178862203552,-0.7519719160710597,1.7754667888438636,1.856008276639047,2.11023955835121,0.5407028598728895,-0.18935019330076472,0.10739210456750165,-0.014650500510328214,-0.09105284614327676,2.0221568909992924,-0.8257977379495988,-1.3800481750229598,-0.8047365681394893,-1.4942086425610046,-1.46209291599866,-1.3838828831302423,0.36573827177341617,2.4724463398769223,-0.8904417972374351,-1.3456138896140772,-1.0135131222892695,-1.8326244946949555,-1.739366720081483,-1.4973417678045846,0.33225831060391525,2.5648128223633297,-0.7611682538804797
Bearing2_1,acc_00764.csv,0.3645291909425306,0.9841141176034522,1.4857744283581646,1.5264852432354628,1.1187018482060453,1.9063214448632577,-1.3585048704833584,-1.2951609236121364,-0.41015287327602434,-0.9497420486894168,0.16834939865802354,1.4079717141331543,3.021403137126271,1.6281835581588306,-1.3494949701199062,-1.594477766513663,-0.5974256691966642,-0.7278525393834182,-0.5775763008328891,2.610809352966153,2.734914725609732,1.6821451369092335,1.0269039436890457,0.09115639040039673,-0.1186318673356666,1.4286375470844979,0.40649218261899883,1.8260083510296083,-0.8947920489934745,-1.4223966373638455,-0.8187350152762756,-1.4905049729896795,-0.507990864913309,-0.6971060562988053,0.10699032463740575,2.056800662543916,-0.9637227426797274,-1.3854835883938728,-1.0244818237389286,-1.4565517409650635,-0.6905724556571029,-1.0464352259326481,-0.025518748847310806,2.1585398917752348,-0.7611682538804797
Bearing2_1,acc_00765.csv,0.14219102237286607,-0.2275260054010705,0.10285423828003072,0.006745271765364129,-0.6769827022345769,2.10630450152963,-1.336478112826243,-1.4312131673578052,-0.4589411917239188,-1.0383849022606544,-0.40496551555651933,0.751965257804246,1.6804230485758882,2.327657943642197,-1.3268929342475393,-1.715303391385712,-0.623726678435621,-1.071821415199631,-0.7792617962861431,1.2506880857063132,1.6814023103076632,2.2612912378207066,0.7202747625007133,-0.1971266685137804,0.05244628530199135,0.08595444132137753,-0.24657251700136693,2.1694591763180915,-0.885983993540123,-1.4240540070785954,-0.8250073876957716,-1.4910055224759802,-1.5192323982767586,-1.4313237678906852,0.30241973095318064,2.6370174450591573,-0.8917295495602459,-1.3971602950159614,-0.9529546033341817,-1.8524621524456992,-1.816306666213483,-1.578421230442136,0.34754975484816936,2.601371873408768,-0.7611682538804797
Bearing2_1,acc_00766.csv,0.14280609793571605,-0.15587630883415138,0.13841400515129829,0.21401655295552527,-0.3583119166576122,2.0269474862197265,-1.3469043689346207,-1.440872308923126,-0.420323679787644,-1.017502848822989,-0.3047850285969698,0.8144313892660536,1.7742263420815345,2.2834663920407983,-1.3574593573094378,-1.6600029429248924,-0.7118803633246374,-1.0327317466511483,-0.7214881439054657,1.461872790352322,1.8393575912105136,2.2335546972841724,0.7130734776614164,-0.1766029521578622,0.018562862923271462,0.3235238445441808,-0.13109237924311448,2.0713860852307837,-0.887006703969123,-1.4227263618395078,-0.815567254368583,-1.498925888640396,-1.2490822158414157,-1.4739733442877343,0.038909391933921185,2.729774316819161,-0.9566098105517419,-1.4004694658880659,-1.0118497451739314,-1.771228694502608,-1.6226896579709704,-1.6718846852486866,0.1419749899851033,2.693237480891101,-0.7611682538804797
Bearing2_1,acc_00767.csv,0.14971722701510204,-0.22903992329699138,0.14586671650806088,-0.16329948870562566,-0.5798591349062683,1.9835383638819115,-1.31810066664109,-1.3960916166970088,-0.349221265122753,-1.0471421172574331,-0.3555554118816138,0.5149501484807826,1.8846184093123908,2.152512333091203,-1.3190276628327118,-1.683081118143901,-0.5623196921490251,-1.0883971953032316,-0.7530875878315068,1.2782356579125593,1.9202280905051508,2.1279946691291824,0.683729222102198,-0.1938067545384588,0.11198751178033169,0.023095610896667007,-0.20891653110063474,2.135822974759299,-0.8601031211756313,-1.4090685908166787,-0.8157468615552411,-1.5144841938805054,-1.52161418940947,-1.3910694169764741,0.2093483098485621,2.6897898758980134,-0.9358900778360181,-1.392923207850139,-1.0221752833200646,-1.8935559310061658,-1.8132998523673607,-1.5071724228224288,0.14363425380125966,2.7528179415548597,-0.7611682538804797
Bearing2_1,acc_00768.csv,0.15767356802697458,-0.22098666486442484,0.07438112354411441,-0.12906605507945285,-0.6061471457740248,2.0584241056492454,-1.3339824104931297,-1.4573171616154874,-0.33611486837300975,-1.0676029357665584,-0.4108355199367623,0.623296148884842,1.7121196345483485,2.2611897918951613,-1.3410736066465432,-1.6417488815395076,-0.6426264624879893,-1.1270008168601418,-0.7748956793071192,1.358023579242584,1.7245025858581766,2.2402969426543686,0.6943368245246784,-0.18691850143537653,0.08437684773009835,0.08102433697434154,-0.12900603966769092,2.191359398016348,-0.8966626692339962,-1.4397182940171782,-0.8079985280194596,-1.5095887912287975,-1.5190538357158436,-1.3833064018029515,0.025116851794764583,2.8247106416319863,-0.9540976761989507,-1.3975058423813576,-1.0427366722713927,-1.849273281907906,-1.8304926182692571,-1.5579205805456104,0.07552940591895937,2.8126901019263486,-0.7611682538804797
Bearing2_1,acc_00769.csv,0.1725622694121762,-0.24189448995503338,0.13289609713027925,-0.17845199211393156,-0.7469534097347513,2.060026457076383,-1.3076338142291941,-1.4631509517655343,-0.43400030201100703,-1.054245181149925,-0.4463242028628752,0.10488547700178047,1.7392445578416265,2.3197795743304606,-1.3267178807450821,-1.7315556510955044,-0.6723990006554917,-1.1154776720753914,-0.8308301033092492,1.1732723401154586,1.7639726924788695,2.2885179107167635,0.7312305776418464,-0.1880121772033487,0.09688322306140856,0.003221127747677691,-0.11022927136495032,2.1623501398989404,-0.8675836683929886,-1.4174676717773058,-0.8130681027901473,-1.534165282942317,-1.5332041253248276,-1.4312189101318409,0.047112036010415394,2.8324890222320787,-0.9296809564842766,-1.3952147282626453,-1.0148882590604238,-1.897509337920419,-1.8493093931924156,-1.639541260690907,0.10213825370883986,2.826498964504722,-0.7611682538804797
Bearing2_1,acc_00770.csv,0.18839036330214595,-0.19767538227335144,0.19443274468412747,-0.14926939295719413,-0.21672946020271322,2.050344516708131,-1.3525443287084133,-1.4297138361727746,-0.37816724958828535,-1.0730064743674692,-0.44110092648662996,0.5824057260667298,1.7644936594123808,2.2969420603708803,-1.352481173376562,-1.6941430652528136,-0.6391995938318479,-1.1141682959459513,-0.8145889538626312,1.6441381211795671,1.4776262770570874,2.3326916537225864,0.7494002302943324,-0.17463684833388,0.053636951488315654,0.11938671142471635,0.07121361876581846,2.152105952033866,-0.8797966317011486,-1.4008880109792257,-0.8127015596648679,-1.504232262051157,-1.5666842148855358,-1.407391073611594,0.16343176899574313,2.7507187481276394,-0.9291950168080432,-1.3753106047895343,-1.0178110469414943,-1.8630519030812513,-1.8740886138510084,-1.6315805134967256,0.013229093308547813,2.8681407997059654,-0.7611682538804797
Bearing2_1,acc_00771.csv,0.17708514865528555,0.27649016429730505,-0.12709408162785754,0.8594009573833735,0.3223407710889718,1.8535411380175975,-1.310345578494007,-1.3332186483591648,-0.3010857754257836,-1.0203618406670052,-0.20819552937208133,2.0519826580625056,3.4863260320883005,1.3966445941113919,-1.2959237869788616,-1.5993036278562711,-0.5479515607056119,-1.0912882815640748,-0.5166085575174891,5.088576370845243,2.8307951577416928,1.4292698387444722,0.6500903699980695,-0.14207730869320134,0.17964180735821098,0.4648021472389348,0.09714802688248984,1.8881195679432468,-0.8679687048421292,-1.3844516595295864,-0.7962285569205083,-1.485609231229383,-1.0236299168608634,-1.0379288275135996,0.5182083098544765,2.0889060450876413,-0.9298927348596498,-1.3171269080916752,-1.0035695845084187,-1.695538949001657,-1.2886722825859824,-1.0330002553049504,0.48507522412807574,2.1247202253658752,-0.7611682538804797
Bearing2_1,acc_00772.csv,0.1758838238300544,-0.21219202422513672,0.1034932604855736,-0.09651623294309172,-0.5076588929149717,2.0988210978680804,-1.354355583660608,-1.4411123965732102,-0.4987664301078718,-1.0489981484860742,-0.3644814282338147,0.7291793360459028,1.2031236401288727,2.5526230388900193,-1.3553135811304562,-1.8002594431155006,-0.7179785326212901,-1.0477905803668215,-0.8188492689691161,1.4996821829182831,1.186027121755441,2.5178230341606724,0.7571829719241367,-0.19106022958099314,0.13808203194436755,0.010462218507386956,-0.10224935739298575,2.1876422225170624,-0.8628383100991835,-1.4251233974044752,-0.8253930400307868,-1.5072082251167103,-1.526735069339727,-1.3795942729346997,-0.28721309805504847,3.031111525266699,-0.9271227923218166,-1.411722034098196,-1.0134539349688745,-1.8469909696064972,-1.8402436520668,-1.6933409371792534,-0.21330383575095374,3.0064259067166077,-0.7611682538804797
Bearing2_1,acc_00773.csv,0.21234437366778858,-0.13235078167194356,-0.23308322647851684,0.32476077539647774,-0.3202120195112137,2.0149421136355006,-1.3253106170199016,-1.4386220060903012,-0.3999955616526287,-1.0355655213442185,-0.05556345274546838,1.426749230715725,1.615117758186617,2.233725112351562,-1.3303729697168651,-1.6852512567460147,-0.6190456592791073,-0.9208840201511523,-0.6840030110540455,1.3447759967771997,1.6491988735325864,2.210975838028104,0.8895380881310946,-0.09338652819976032,-0.1930724797449584,0.9177554841228791,0.12855518344969732,2.0027659129101427,-0.8943540756698055,-1.4190225948079298,-0.8113181019693433,-1.4849567849426615,-0.9465619313243431,-1.1456528243863116,-0.11947269004742533,2.577747912565947,-0.9712532380489917,-1.3363618920842493,-1.0374469636839678,-1.558948751106245,-1.31471250253959,-1.2464269320985892,-0.17847747409842968,2.563080284990112,-0.7611682538804797
Bearing2_1,acc_00774.csv,0.16041242424547358,-0.1739316553015238,0.1848246204001356,0.04528126808772253,-0.26885267087349,2.050845176342821,-1.3493556411843388,-1.3925822147638347,-0.4480643327257946,-1.0364396059987258,-0.22808186985255877,0.8735944959737132,1.5257263229860025,2.346712571841847,-1.3553882215247066,-1.6536936186907576,-0.6833182722856378,-1.0578299206700001,-0.6833043459587145,1.3134490822878355,1.6216029098320375,2.2948577609697454,0.7485476963483385,-0.1784704983215162,0.07647174634915826,0.11753792229457787,-0.12001978889777855,2.099493392015924,-0.8923510383484273,-1.4328557255815555,-0.8194725599392236,-1.4931371511087193,-1.2125722832645582,-1.3124498484843248,-0.08045699166266496,2.736849023332903,-0.9679665101349999,-1.383880699548125,-1.0390836551238618,-1.8117247300328783,-1.547205345127788,-1.6587435088251221,0.08809401430745442,2.718726170250955,-0.7611682538804797
Bearing2_1,acc_00775.csv,0.23936605348451317,-0.014076120041176211,-0.29604676566200955,0.47609874153622544,0.03245678716811965,1.9344942669695433,-1.3458714004420829,-1.379571072820856,-0.2575734598652423,-1.0125505441835139,-0.15525497445609554,0.8174815055997641,1.8052257890150336,2.105752299325831,-1.3433535211731868,-1.6254300894983564,-0.4854234854995833,-0.9176414098099489,-0.7399065245421521,0.9409568011900793,1.645139407897981,2.168738409784462,0.9415993149702327,0.002556840932238549,0.5491449766599462,1.1379154563702112,0.3102749962465212,1.834268670279131,-0.8954002475502646,-1.3867212714793191,-0.8032663972318943,-1.4333586763948805,-0.6943698263530675,-0.7011452189843754,-0.23454019874659557,2.365814633146427,-0.9627143309871561,-1.3715232214380504,-1.0200606850066622,-1.7361190727471183,-0.50281856641063,-1.593235079258334,-0.1635979884090386,2.4290256827269827,-0.7611682538804797
Bearing2_1,acc_00776.csv,0.1989352716353904,-0.23594104760967985,-0.010100940951622086,-0.18930193282605207,-0.5093131397968481,2.0379276534666912,-1.3489031289597895,-1.4452131751903727,-0.36457097248187587,-1.0383512629182525,-0.4269858950158011,0.5148339913192367,1.3633325418382525,2.3903204721121707,-1.3627876084307848,-1.6928583001642892,-0.5717718338238149,-1.0870432302796793,-0.8059227156997728,1.0432026806101449,1.3683651020194345,2.3860503345976216,0.8150695863104116,-0.19281372830577395,0.07435653899040097,0.10813991088304012,-0.17567722900671595,2.2093860655151305,-0.8929619295779144,-1.4456592174220695,-0.8155055051067293,-1.497343905880661,-1.5503942045994485,-1.5037982421941882,0.02642206232296248,2.869223706531618,-0.9702190066558937,-1.4098272623360124,-1.0199949588572068,-1.8822145038796172,-1.822796429128646,-1.6272973591005175,0.03299261563496575,2.8641781063149288,-0.7611682538804797
Bearing2_1,acc_00777.csv,0.2370008565332501,-0.22497991375126578,0.2505747173497595,-0.10942392103164869,-0.3566799743899828,2.123073813985104,-1.3461581908022744,-1.4374593672450056,-0.4323392217115262,-1.0623190697756453,-0.4569764488305848,0.5974649337062113,1.8126321743751608,2.2716179225766853,-1.3566578140700551,-1.6540066846021149,-0.7142031658784026,-1.1296598098109008,-0.810134405531893,1.3870350480790463,1.7759892488682403,2.286398177955924,0.9982677706880095,-0.19026826296594054,0.05613305178370025,0.0882654277340508,-0.11308844333565733,2.227887251043922,-0.887825721305882,-1.4477786859568718,-0.8255473904230279,-1.5176043170729978,-1.558561448257411,-1.3206895775371565,0.5748365005920882,2.4289215403757893,-0.9616557535034401,-1.4108555131135387,-1.0317226131952433,-1.900005587857518,-1.8553877217167951,-1.523467865712231,0.5776162145013093,2.539774937849034,-0.7611682538804797
Bearing2_1,acc_00778.csv,0.16706208394467748,-0.20841794482725298,0.09026422531693123,-0.07500341946216357,-0.3994545333877442,2.086479021757338,-1.3480011570215504,-1.4368596297581557,-0.42489809843927684,-1.0856368384864552,-0.40191203275107495,0.3421187134831845,1.4887348296929377,2.43124080718384,-1.3464914563237602,-1.7118584304882207,-0.6775673252404987,-1.0965808427698913,-0.8465426312625569,1.1582839551516204,1.368683034597854,2.4286506275406388,0.7592337189667827,-0.18643743411041863,0.0978942361311731,0.08179466577856592,-0.08827122653496129,2.236142350091543,-0.8985840283186017,-1.4350912229691466,-0.8188945419142349,-1.5217161220696083,-1.5319366086002686,-1.4032941379644723,-0.15066007131356388,2.97699141803911,-0.9718168147696677,-1.3882613705049953,-1.0428777452618505,-1.8852382870633013,-1.822077601775911,-1.7401276821379568,-0.22688263064318648,3.0541132079734825,-0.7611682538804797
Bearing2_1,acc_00779.csv,0.13127825148523048,-0.24467709419461686,0.45400673508839173,-0.15974519778268964,-0.7616157141824714,1.9017139935699532,-1.2883782883675832,-1.3158004049028422,-0.3803693506213963,-1.03268592326243,-0.27453753987851154,0.4270447578510773,1.96920360623757,2.0505699710965826,-1.2863618784010236,-1.590778705562399,-0.5860224795818156,-1.0521414260934445,-0.6794053132764677,2.1759877863124824,1.8167987821634577,2.0047690085468255,0.6582961463502018,-0.18573329332943656,0.09774021135962749,0.2537320548814508,-0.23062188284356205,1.9905332227041836,-0.851812073121188,-1.4047750073504257,-0.8084300691384573,-1.4947718050962346,-1.3240169986182537,-1.1089248191908276,0.04275916668588942,2.607979310283457,-0.9240621707018841,-1.3753044952024678,-0.9954806034649324,-1.7447250957539124,-1.6276702908331389,-1.2324957708548527,-0.0010789815249911865,2.6146263734095303,-0.7611682538804797
Bearing2_1,acc_00780.csv,0.1475398784476803,-0.23199181931951351,0.33311963146069995,-0.20314496063117102,-0.457537034589119,1.9841246357446636,-1.289067641787056,-1.4412459105169069,-0.37467297412335837,-1.032142060537385,-0.35477007425171125,0.5135824783645404,1.8168346475487653,2.163789910456164,-1.3026985059180247,-1.6645361108927426,-0.6180924629647687,-1.0896252835421267,-0.7181984534462543,2.117800598903339,1.6132165832148793,2.154860728678172,0.7449704739208317,-0.18332598690065505,0.060254910307371526,0.14064778642130962,-0.10730750167695689,2.1611640376273744,-0.8920846040378473,-1.4057422262364536,-0.8176548164490813,-1.5002851933304076,-1.5073733388784785,-1.4374184617024293,0.31437769154326844,2.6141598607417778,-0.9630323568101302,-1.3650844086568632,-1.0371579229496004,-1.8466016038614932,-1.7891325603855603,-1.3835528985903804,0.22638072760964179,2.6490194969486183,-0.7611682538804797
Bearing2_1,acc_00781.csv,0.39155284114654176,0.8457086582736894,0.26988868110619224,1.5169447781265295,0.9613398187868778,1.8101829263792009,-1.262696721608583,-1.2843480557909823,-0.3890493830276649,-0.9539078950066984,0.011421280327209881,1.010166425398668,2.837614036909231,1.6223299768950274,-1.1956348127071028,-1.6975939436083813,-0.6749769769609407,-1.0890587338425655,-0.1656563649367857,1.9041910505875232,2.885392642020762,1.629232852985307,1.0898410957576181,0.10725562063624468,0.37069218252733055,1.542492144348863,0.41570528432353165,1.8128377860852278,-0.8984005870803629,-1.4409650920975048,-0.8127170351908453,-1.4530940131350942,-0.36245855361606144,-0.6113821376297764,0.09558708946921467,1.9786223631468012,-0.9755893896108548,-1.4147130813562994,-0.9713604966103385,-1.4504782194618075,-1.0409731418563741,-0.7104607366419806,0.20321734505519562,2.0362885780745086,-0.7611682538804797
Bearing2_1,acc_00782.csv,0.241679075697599,0.013118512265630567,0.3271959369526332,0.76867300487685,-0.09878780377103437,1.9154383124022212,-1.307589784801023,-1.3265147680041498,-0.4818610035365715,-0.9981118948964577,-0.3469919839864303,0.8183246096925164,2.9348815604356964,1.7816268762433938,-1.3476851903849927,-1.54374687797335,-0.71328281109766,-1.1053628531281159,-0.558349132093615,2.4008127139498807,2.821316215890302,1.776365787396307,0.8618995554626004,-0.15736689880809987,0.14867638554519605,0.42551537822349084,-0.015572327782134377,1.9623781167385494,-0.901416748467053,-1.4225137972997228,-0.822269129799622,-1.486207727538154,-1.0147962882760972,-1.0599846348471462,0.3545692730172068,2.245530252083142,-0.968348523271031,-1.40552881147577,-1.0199064044515365,-1.6956008283577952,-1.2464858209269918,-1.1997242733364233,0.3538911416111719,2.2750203306133194,-0.7611682538804797
Bearing2_1,acc_00783.csv,0.17262824974747007,-0.23902456377022732,0.10031790593302085,-0.070326720879353,-0.6700038278515246,2.0293433497298303,-1.3312244847985817,-1.3875960306206816,-0.45335710436780946,-1.0137556129640617,-0.3638032604923138,0.4752249291210222,1.6487734493300594,2.3164757476410407,-1.3464632656058937,-1.6476282572955012,-0.7180546018526598,-1.0872466873432718,-0.7066680725042248,1.3052291288398759,1.5296916328175585,2.3382658986401252,0.770195981539047,-0.1988817966821343,0.10959602269523415,0.04389448861072563,-0.23521395057427533,2.115369141150548,-0.9035845565384272,-1.4121398144617285,-0.8145959487740836,-1.4991003251180874,-1.3982139707204615,-1.2640038195101762,0.11605124992363937,2.6575538102543703,-0.9651358237529524,-1.3964808728865086,-1.0201543665514787,-1.8374363342954496,-1.6405753372698595,-1.3933020612809028,-0.069846736749273,2.7673882095236926,-0.7611682538804797
Bearing2_1,acc_00784.csv,0.19875635012943565,-0.20788851353091145,0.14062344929658602,0.010299562688299964,-0.41263839084206966,2.087003911955061,-1.362551154038839,-1.488969529131472,-0.40478789490522726,-1.0510625773316447,-0.3453318494901103,0.8076715554961252,1.778011667133736,2.3270864586328877,-1.3546863912130043,-1.7381168426549227,-0.6765902277765758,-1.0981353251172565,-0.7363139453138953,1.9316477565350771,1.573485083878142,2.3087458204852633,0.8016855052340763,-0.18877710752177457,0.018694682643478466,0.2455665695566722,-0.11814413697919977,2.130074600105015,-0.901362872599859,-1.4436019807636165,-0.8106092751721352,-1.4981024479693605,-1.39955288567143,-1.3324586144461552,0.042249800977369356,2.7504916195617564,-0.9645870376866351,-1.3949080178350552,-1.025290212073822,-1.847885961563006,-1.72043829605098,-1.4125822754995023,-0.06664556531810534,2.8055234163698204,-0.7611682538804797
Bearing2_1,acc_00785.csv,0.16975040047171278,-0.23265290226314583,0.08523652967496216,-0.12438935649664229,-0.4846227787621125,1.964979867232134,-1.3322954549225483,-1.3857309603486045,-0.29119523399999125,-1.0624647209046234,-0.32964641984725584,0.4546099802370274,1.4226346107826173,2.3054651575051595,-1.3267446385394703,-1.6487134986783354,-0.5524016645381195,-1.0898996455423395,-0.7589394069988227,1.5018242391582444,1.1446958724923184,2.3437574492195634,0.6815267644576954,-0.19563516842139322,0.06239502261106074,0.03819405545946512,-0.1727542987300558,2.050247793708073,-0.8448126191847773,-1.410221910704299,-0.7985126590505299,-1.501560821827903,-1.4303190757857358,-1.4158859973590332,-0.32270934536819956,3.029146974926549,-0.8953567222565307,-1.3576420800341538,-1.0000546654738462,-1.8635358881334536,-1.6929566163242733,-1.8264641640433972,-0.39865761702027447,3.0784333150786503,-0.7611682538804797
Bearing2_1,acc_00786.csv,0.13372800085846584,-0.20741951857375734,-0.025300669478244175,-0.09053005875709429,-0.29251988990733446,2.019864698745085,-1.3221528682710069,-1.4242421732207735,-0.3983292649113277,-1.0399438682294815,-0.4061960652458002,0.9493789904435012,1.6558245963114346,2.2787763156925713,-1.332731165503035,-1.6653365723137346,-0.6699032430714774,-1.0811710879025895,-0.7838681199847454,1.303129831802199,1.5852017560308032,2.2969470794489255,0.6927120546015213,-0.1951224625251238,0.07740260859073346,0.04374042284988084,-0.14204391007648443,2.206418564995738,-0.8763409910907318,-1.4232247852896212,-0.8236306063349289,-1.5082174539824564,-1.5631899503919424,-1.4443429265479786,0.1006805750656766,2.810818310118291,-0.9497758270739496,-1.3864578479302136,-1.0477991753624682,-1.8988368884556424,-1.8542633686700034,-1.7671750311620462,0.13743133579745725,2.864203273563163,-0.7611682538804797
Bearing2_1,acc_00787.csv,0.20915456172995778,0.27022328411714414,-0.25135835308188165,0.9239393978261587,0.3966295401889284,1.9923098071114431,-1.3214399374547157,-1.3889702017506216,-0.4183712679693586,-0.9941853896791079,-0.06527213874823122,1.487332483402539,2.917890988812128,1.7354033507407165,-1.3346496858603738,-1.6094974974774918,-0.6469263180633171,-0.9734289989902934,-0.5134233347231132,2.100042412711697,2.9012943098149413,1.7266676031792754,0.8453216496403003,-0.09480956000287037,0.39515594429834966,0.82747294826778,0.21950533412341042,2.06265710446547,-0.8932123221458382,-1.3973612795412143,-0.8247095091571989,-1.5217709587164938,-1.3030754602679022,-1.1508091658479598,0.5639310614166646,2.2730654450531325,-0.9565295184435428,-1.3821201472179878,-1.0145320326922793,-1.84948709566086,-1.4367759880380042,-1.5311955248887392,0.6156410471225255,2.3351558273977298,-0.7611682538804797
Bearing2_1,acc_00788.csv,0.08886863383539965,-0.23588794256082068,0.19897939141976484,-0.20370616446110829,-0.5930278545812075,1.9771942454308016,-1.2847024646340046,-1.402983358710667,-0.44713475920744356,-1.0601715437673145,-0.39703620108742393,1.03361926536034,1.6464289258053977,2.2589148620358275,-1.2932058438886107,-1.676927886626032,-0.6754697572203594,-1.1016698358406156,-0.7883290991022447,1.9675713603578742,1.5693776519019154,2.216528851262863,0.6581410161511149,-0.1980239665883393,0.0048282881108427924,0.013543533724284606,-0.21928268386690175,2.116287615933657,-0.877341304713833,-1.4023963365945955,-0.8140532795813232,-1.496012820874607,-1.4956016285129654,-1.3541994999196343,0.09886053375794839,2.722931032633341,-0.9313963922515581,-1.3520925510858375,-1.0086691071765908,-1.8345919305368055,-1.8111306084453669,-1.58684892180143,0.18128516692463914,2.715322514296347,-0.7611682538804797
Bearing2_1,acc_00789.csv,0.11377699299504629,-0.21870565926048724,0.08443748561000144,-0.10792737748514933,-0.5576171078202893,2.0498038085135737,-1.3228448069863867,-1.4149801431585545,-0.4251536182072951,-1.0439115666815375,-0.354737293852448,0.8159029119751668,1.5498313115336062,2.33272621275699,-1.3336717054112046,-1.6850660793060348,-0.6551598760379741,-1.0760079152990296,-0.7762802986899674,1.9225726197056905,1.4329810149664284,2.2953364976347155,0.7313463612597927,-0.1893700719357953,0.07518278406079595,0.1340229587049798,-0.122202921981952,2.173843897809278,-0.8866673978809871,-1.4136650187928705,-0.8202698060724336,-1.5203063511618389,-1.5116876206680998,-1.347678080253668,0.13324651748532285,2.734877267629177,-0.9246073953351478,-1.3930922247802064,-0.9524769982862794,-1.880037714155116,-1.8214048937141318,-1.385552457111278,0.05062340701430221,2.734170984443572,-0.7611682538804797
Bearing2_1,acc_00790.csv,0.24482628583184432,-0.2041909930709693,0.049821686288785624,0.02638740581316813,-0.44079531845231135,2.0644182321683497,-1.3357024170218141,-1.4436351116971753,-0.44768829120265585,-1.0257588373231168,-0.2757519322663839,0.26810475889140634,1.8412223771791059,2.2774015667934986,-1.346279089112754,-1.7407947977352158,-0.6794749120004158,-1.0940693961647467,-0.6398708109644986,1.4817781563109742,1.7687671057226952,2.26471611975183,0.8962619030070899,-0.19001868262503155,-0.0017193641528039398,0.2588162249893318,-0.13399550481557565,2.111287497767229,-0.9006720326015425,-1.4360430832012627,-0.8230859391737199,-1.5009381063574958,-1.1695942109121489,-1.383201640125679,0.011618530675490476,2.68973517813192,-0.970664770061307,-1.4211627680786667,-1.018581030001835,-1.761371132401762,-1.4246519236683,-1.759745107791359,-0.046553422867933625,2.7656615178300865,-0.7611682538804797
Bearing2_1,acc_00791.csv,0.21257799381747944,-0.17283073689375258,0.03592425166268021,0.26022233495369296,-0.38210165739659546,1.992450826765804,-1.327021382077344,-1.4205430040586162,-0.3245851938168802,-1.0473577302123196,-0.22932869508419848,1.1684243148998303,2.1768777503165126,2.0125011662902486,-1.33622684751249,-1.6258576532151932,-0.6115017833746639,-1.0497120348176214,-0.6677844214539517,2.680160630863075,2.0396139872853087,1.9762482190949406,0.8436621584381622,-0.17056950595272438,0.026636369043180612,0.3672785206241266,-0.08705603349899861,2.057011509743323,-0.8879493665325718,-1.4160595782354097,-0.8133136780999023,-1.508203046026211,-1.1833145246311627,-1.2814577388705874,0.2682485881528398,2.4705692029773036,-0.9558335960940834,-1.3786935893912171,-1.037561357454967,-1.7191918826535417,-1.585135657065137,-1.3185666800707978,0.40417965065577405,2.4095625883404166,-0.7611682538804797
Bearing2_1,acc_00792.csv,0.14792844688975576,-0.15565622542412727,0.01778495783267694,0.2282337166472691,-0.3077738947746737,1.9267384357716975,-1.2841025815423968,-1.3799723325117594,-0.3476539401865204,-1.0633421960963165,-0.11206360077165735,1.1568826536768284,2.316432140160075,1.8985524033794954,-1.2733607172164823,-1.661813295026938,-0.568710855732028,-0.9979316230206713,-0.7091375845640441,2.4771154453251496,2.170033570961168,1.8711423553182411,0.7810742461180444,-0.1522223409867061,0.05605685731450158,0.44954963691529204,-0.025686765763452486,1.9447982210774337,-0.8526475085748115,-1.4162328456584614,-0.8132089403078693,-1.471080829008802,-0.9149287396959425,-1.0020722210417825,0.19448846066650657,2.2713213003923842,-0.930193074182305,-1.3848251664045457,-0.9836359817524168,-1.6219847888474446,-1.3201779320435034,-1.0608309282650592,0.032515422840534346,2.387950803226786,-0.7611682538804797
Bearing2_1,acc_00793.csv,0.08607410709958799,-0.23123455721274755,0.17855467808422512,-0.214743173116541,-0.5531671365199512,1.9855620080830036,-1.3228044056675585,-1.3688827344479673,-0.46207170604349496,-1.0059983091398172,-0.28486211882780843,0.9242895688246695,1.567377016318849,2.2807422386234424,-1.3115814523218636,-1.7111620973835557,-0.6994267189682959,-1.0402548318626528,-0.6749793954696278,2.101349859484359,1.4124688234361102,2.2787769389195347,0.6516431554090506,-0.19592285545762014,0.07779794015506476,0.04913272447945162,-0.2417236756418197,2.103231608897134,-0.8682436579919902,-1.4069647653569042,-0.82188456138208,-1.495061205573003,-1.4672560644213566,-1.364565331439621,0.07899830569883691,2.728486270060985,-0.9163309146350597,-1.389734481493626,-0.9802766393295986,-1.8544379462733291,-1.7858025887159554,-0.9643776141657628,-0.1792131669994636,2.7284748005334136,-0.7611682538804797
Bearing2_1,acc_00794.csv,0.1367805770686152,-0.18759004875119314,0.22935285742362996,-0.006349484266505314,-0.3182560717855413,1.9350062689917362,-1.317186845011169,-1.3393706785744741,-0.32676845119715436,-1.0376159832346874,-0.4318662126084513,0.7318470625030553,1.818512896835768,2.0943981573978303,-1.3208879114779166,-1.6168881489911058,-0.5785205294420477,-1.0687903610784952,-0.8274234175447837,1.7821401031585493,1.7572470957490085,2.1232516953547065,0.6949980390319471,-0.1865744298868573,0.03618496157227595,0.09180894023348297,-0.1503804373781798,2.14313929847075,-0.885754701307852,-1.4147717386281506,-0.8027288267349735,-1.486221773316271,-1.5199088610595068,-1.4975680010703507,0.17407185109186762,2.716690354913404,-0.9514190266072862,-1.359164224144246,-1.0331732804819869,-1.864585541928866,-1.805569694377154,-1.4838564827589287,0.1946830468897807,2.70344414881829,-0.7611682538804797
Bearing2_1,acc_00795.csv,0.26071435222334755,-0.22571584177583268,0.1443855232023423,-0.014393405828939563,-0.49983170293459217,2.064791673914562,-1.3643102676552712,-1.4442451746083989,-0.38709682332508205,-1.0682256528845202,-0.4274582905139817,0.18207096871813136,1.6727111492099547,2.3734424506635623,-1.3530391134537774,-1.696830815794559,-0.6576292422261371,-1.096425707884611,-0.8439854992575052,1.0704603497896665,1.6131486750008097,2.3480621656518346,0.9102372577116419,-0.17275346130567623,0.10322126439815114,0.42828856191869846,-0.061865647894161324,2.182374262478118,-0.839431400968551,-1.4416355071608917,-0.8129167670923029,-1.5279688526289987,-1.56788139674153,-1.4926329647512457,-0.04822061440326321,2.9426152017947484,-0.9243911823887396,-1.3868408991273624,-1.0380932818044284,-1.9213327932888367,-1.8471143763102642,-1.8109932696957527,0.11454242583124978,2.8852971407234533,-0.7611682538804797
Bearing2_1,acc_00796.csv,0.1064649642665768,-0.243115946003092,0.20568584472144955,-0.07799650655516228,-0.8596613212002523,1.9397317845546695,-1.2881815366462621,-1.3905608614064668,-0.2556785475654274,-1.0371393320730715,-0.38368544847352987,0.5239637278496868,1.7579969802326314,2.1049901822788124,-1.3125494535765274,-1.51035798070317,-0.544849067499946,-1.0424050003167649,-0.769981710029969,1.6285840634933317,1.7154004419989695,2.0608650143625487,0.6965288624592759,-0.18093775525713726,0.046101151378741975,0.19010289565251573,-0.14480942741327996,2.0601930318356705,-0.8397475145043651,-1.3914182946198255,-0.8137212313047631,-1.5005115707300327,-1.4308874806768508,-1.421426123074245,0.19902220654631075,2.651214414138351,-0.9029748087460213,-1.3234231422701832,-1.0413102155358547,-1.8351596086400108,-1.7080461510214606,-1.6939395833203506,0.31566437792265084,2.632876662430864,-0.7611682538804797
Bearing2_1,acc_00797.csv,0.17032517633313551,-0.20815648971491768,0.21548928094905195,-0.07388101180228884,-0.4345133100420398,2.098904839241557,-1.3610014603028289,-1.3828297955944944,-0.5022838850598467,-1.0398997893361013,-0.42527780124359316,0.4791811052470256,1.7656999938042057,2.31314306140911,-1.3653947151982442,-1.694949611750443,-0.7687158014625023,-1.0896182107473944,-0.8115274124098937,1.4546931530024547,1.5818261201687789,2.3917978653838103,0.7901576632440168,-0.18191959710252104,0.10390202406454746,0.08133246849603126,-0.06458491607886434,2.2545398831701067,-0.9027101488979606,-1.4413119712057318,-0.8275335219076769,-1.5110049725981805,-1.5557142340310652,-1.361725771679068,0.08333370206068232,2.7853917015860326,-0.9677636545260332,-1.4162251938323076,-1.0497509881212845,-1.8861030113655064,-1.8543169238073458,-1.6305663807612232,0.06049077255620199,2.8763255369217897,-0.7611682538804797
Bearing2_1,acc_00798.csv,0.09542576573469576,-0.23004162128011085,0.1301769223058329,-0.17807785622730676,-0.5180871213083977,2.004056285942104,-1.299260305380512,-1.3987728675964906,-0.462276775920307,-1.0336688458773156,-0.3650867439907146,1.1414879405503873,1.9234216687444583,2.1173507039608706,-1.3209160614761073,-1.731049119200528,-0.675050147739807,-1.090934808637828,-0.7490618722716313,1.70624447871259,1.8244969293265938,2.2061257394118234,0.6422527360632996,-0.18701736633157318,0.06159645398879579,0.0851841125171533,-0.1443340407189506,2.1074681069516004,-0.8447987135662754,-1.4033901000048747,-0.823592679015151,-1.490159312999867,-1.5249802770369665,-1.3187173560732635,0.43405358201969524,2.451606231578482,-0.9193230870545249,-1.3979432251524555,-1.0284507820677793,-1.8641803417966485,-1.8124677033911087,-1.5248475477351386,0.41959061694700056,2.587624171638708,-0.7611682538804797
Bearing2_1,acc_00799.csv,0.1264889247542248,-0.2459081510518861,-0.027915935750954607,-0.21118888219360502,-0.7139794878265225,1.955602592390644,-1.3210499827949087,-1.381861381329631,-0.29051516599167865,-1.0548673189037767,-0.40002712949192826,0.628298776912336,1.868376652243009,2.1166247396893954,-1.3006020057894772,-1.5715286963286528,-0.5221787123273169,-1.1190372665092079,-0.7816856454469635,1.9933738791924431,1.6222719447923932,2.0801422567866283,0.6696742740907641,-0.19495712945749888,0.09191886127681503,0.04327822556734618,-0.22667633076666993,2.1023627617082954,-0.8653297477192327,-1.4169717000719422,-0.7982400115092096,-1.5034016517412472,-1.5370603465973207,-1.4241023093848986,0.2635018701303897,2.662477876520429,-0.8475666989305608,-1.3629793941798645,-0.9351502903415975,-1.8862093813455536,-1.823945559576156,-1.127419253891839,0.15907786679502375,2.5622013159887507,-0.7611682538804797
Bearing2_1,acc_00800.csv,0.1875094120580079,-0.22610512175364572,0.040766278243996576,-0.09371021379340548,-0.4835060042518179,2.068406376536559,-1.3142521929137032,-1.4841920018513688,-0.36971204993034207,-1.0523037865667222,-0.39671282697769034,0.4816626095265755,1.4381834881078297,2.358569833039764,-1.3347281584183308,-1.7095794332652714,-0.6085821726023757,-1.0532782377333532,-0.8087221615217176,1.193002345901853,1.1893629720236953,2.419953431968417,0.8247655623007737,-0.19938964944621831,0.07633452554623346,0.07794302175744389,-0.2391568632470439,2.178970614917053,-0.8433446975967233,-1.4198349918865414,-0.8186433235309923,-1.4968687808065184,-1.5301490990680622,-1.344934828373703,-0.0773335056917328,2.8687562198003325,-0.9418910039983156,-1.3815522755791707,-1.011072691047956,-1.8734899800445817,-1.8013714159732772,-1.5598713053776319,-0.2856232896624896,2.998840785374401,-0.7611682538804797
Bearing2_1,acc_00801.csv,0.12052691722231151,-0.20309124320854918,0.05698068344611707,-0.086414564004221,-0.36008408230519756,1.9785275716517237,-1.3290499760668355,-1.4022877059376087,-0.35666643463528586,-1.0178739995992305,-0.24574881303787363,0.823121724488936,2.384190908391994,1.9563772840143512,-1.3184726122485055,-1.6856689694698055,-0.5930156563503624,-1.017938506405834,-0.6836309863266838,2.947921021323932,2.1442349427622593,1.9155890481893036,0.72464937508074,-0.19114873992465667,0.0826639666429985,0.05699007828254034,-0.13909521136570893,2.0391665391548695,-0.8728731526282688,-1.4107804347358628,-0.8089250374446856,-1.4864914190046081,-1.4315006990791332,-1.414386428250072,0.5393083580296051,2.401677460712772,-0.9277379445058019,-1.367055715059862,-1.0004709020835008,-1.8332533305201515,-1.7435809067345829,-1.2559367872554374,0.567071403477651,2.3677977227642724,-0.7611682538804797
Bearing2_1,acc_00802.csv,0.05257665339067621,-0.2287164035260067,0.2460992332834998,-0.1468375096941327,-0.6587783567688108,1.9481142574006154,-1.2974907804394646,-1.3934569971320625,-0.2847974634659687,-1.041340186592991,-0.3813599355984019,0.6302416054059143,1.6102500615292177,2.118428580135516,-1.2520834876791611,-1.63578054078589,-0.531577254189438,-1.109786411412495,-0.7280504045084926,1.247334252406106,1.6390903512145512,2.1082476291642,0.627220111733008,-0.18503890987921937,0.06003996890439689,0.1200029744680958,-0.07546305070558573,2.1194011598839553,-0.8563731456613934,-1.4103840133825047,-0.8120649955136766,-1.5057820015402987,-1.5443458194825208,-1.3193154683128656,0.13735682075824046,2.689601522872557,-0.9071778652588016,-1.3820232542746598,-1.0131579766074996,-1.891451610328622,-1.8237760444774125,-1.3675434607706272,0.05344089387666386,2.7520001208873506,-0.7611682538804797
Bearing2_1,acc_00803.csv,0.057083010265884256,-0.2268435855789331,0.2948435391432506,-0.25140849000577536,-0.45075672673148187,1.9046657407698486,-1.2349046719263428,-1.3658297251963512,-0.41173023043791496,-1.0375706287119977,-0.34250250677438915,0.9593828097487638,1.85451937646518,2.0635911498146156,-1.2208321954773127,-1.633182334526633,-0.65328495359188,-0.9853501055489657,-0.7526523830645773,1.7997854603702181,1.8065543384439202,2.0161860133310054,0.6116107140045978,-0.1988390460818908,0.05827773426041966,-0.047004310287752926,-0.16505796201471826,2.133089300881118,-0.8694878935959631,-1.4179973945671231,-0.8121760026545186,-1.5219707493733428,-1.5121781072629255,-1.3550036612008285,0.17857035815440334,2.705250124631831,-0.9225724041895597,-1.3993416785127124,-1.0142449096980075,-1.8951447127587415,-1.7880113114965388,-1.498097923768101,0.3291798670829885,2.62902338881627,-0.7611682538804797
Bearing2_1,acc_00804.csv,0.11326651949020797,-0.2164193417964359,0.23497747522510498,-0.1053084262787754,-0.41980654103336396,1.9748202534040473,-1.3214589751538353,-1.420386716967661,-0.3177142797662381,-1.0492790939249876,-0.41447020758466,0.6093225675915345,2.1092511777172582,2.0223641041756877,-1.3394252670789926,-1.6196062792629806,-0.5592032921947346,-1.0788701769719078,-0.8063410249642621,2.1869993497937608,1.8876089636057614,2.0602912197623184,0.6903017952457663,-0.18951204659406415,0.04639429456981278,-0.004328094533721435,-0.1697525293433276,2.1364264204716648,-0.879551233821556,-1.4346291562556786,-0.80499739860384,-1.5028899454803004,-1.541563565122822,-1.4648223332076258,0.49451743860706393,2.4850580581715547,-0.9211198912497913,-1.3934747726777934,-0.9645806476793207,-1.8536055839434624,-1.8419301737864566,-1.3217718456782779,0.34511157817165955,2.5474050547643188,-0.7611682538804797
Bearing2_1,acc_00805.csv,0.22728681065825607,-0.1835806167255812,0.08335596599418717,0.033683055602352616,-0.1940353459417108,2.036850718213061,-1.3443134120436993,-1.419636390050942,-0.3800249500165585,-1.0670680107036035,-0.41011589561120854,0.43385380186766087,1.7413004550986844,2.2635911787151843,-1.3448626145556,-1.6882472453092559,-0.6203800430556751,-1.1082638719362161,-0.8097004245973043,1.373048227634522,1.5597476471946035,2.3061281470595683,0.8407829640322115,-0.17263990210120017,0.08388617965252525,0.2765337874864928,-0.03123639575494725,2.0829733186112307,-0.8711095954214071,-1.3991913089357582,-0.8165627390120032,-1.5085453495453207,-1.408893422845326,-1.2651866814501567,-0.05916161572514555,2.758481198267062,-0.9478963383610873,-1.3741931839397181,-1.0277549494073643,-1.8303113709566856,-1.5959019274397985,-1.6030795037224481,-0.19289736929942433,2.875955585401002,-0.7611682538804797
Bearing2_1,acc_00806.csv,0.22701520980844014,-0.08874423076111715,0.20361422794176842,0.5079002918993368,-0.44986422133151505,1.959755454247021,-1.3124619973931564,-1.3660363629782468,-0.39694788483238624,-1.0373540554759835,-0.06901275909816013,0.629491409510624,2.0969425282185967,2.051394207117393,-1.3148837831669946,-1.661281945571045,-0.6363779571675222,-0.9919982976168851,-0.5506011548740716,2.3224208136493916,1.8370973311510044,2.050099155793921,0.8761844514348657,-0.11689775453352727,0.16110417698645862,0.8256241591376413,-0.01719799723243695,1.9439336382493237,-0.901201945226452,-1.441093353332631,-0.8205727760314642,-1.4607868982127656,-0.9345122050568367,-0.8304072257334544,-0.0777822124268973,2.4398536433584708,-0.959070630100924,-1.399426877342116,-1.027115166217352,-1.6187247431043355,-1.4653576501389236,-1.0337058202978835,0.10744603897445869,2.4181460303935554,-0.7611682538804797
Bearing2_1,acc_00807.csv,0.16017025336086738,-0.2144638712419136,-0.10268857603156356,-0.08286027308128517,-0.4911544069677516,2.0046295207693037,-1.325956622336911,-1.410338771157642,-0.44615910398903375,-1.0048788606766665,-0.24946131010227948,0.8409593997057596,1.8500290312699827,2.218252523900196,-1.3453093947213233,-1.6493836317811614,-0.6809910981262745,-1.0243025267445254,-0.6819555399384101,1.5266179525202117,1.8800336982989712,2.1746354795290608,0.7861727632036526,-0.16613052366272324,0.12608505478637738,0.28300454944197784,0.009139919002377015,2.0483643075663207,-0.8846938942352593,-1.439972589900591,-0.8188846789212765,-1.4682199865958525,-1.2569535880604514,-1.185909967721529,0.009436533990780985,2.641920877856391,-0.9343047709523048,-1.4060143263854936,-1.012711595749135,-1.7741731207342204,-1.5998129546635953,-1.1818620770520967,-0.018650531706688643,2.6283746505226953,-0.7611682538804797
Bearing2_1,acc_00808.csv,0.1824811679345284,-0.11714116597113707,-0.05649600843893463,0.22561476544089534,-0.15594068268845154,1.9551956038484952,-1.318418359658869,-1.3498019946234994,-0.42590841452865336,-1.034329380619621,-0.20210912035333248,1.3127339383954733,2.095556942925648,2.051485868775832,-1.3350049143022102,-1.6220677169016973,-0.6965392173093158,-1.0789612829495767,-0.61676838760687,3.170899633401098,1.8002632943992791,2.052402712047432,0.7870819612134139,-0.13599964786271548,0.030735635666335873,0.6526083097088421,0.10467175329782806,1.9684196970517347,-0.8720385290631004,-1.4088462040971024,-0.808911708077582,-1.4904150540649685,-1.2396348138683217,-1.224330829870873,0.3003234593290908,2.435680244734179,-0.8763875385741151,-1.3747735445489326,-0.9209301093902834,-1.8037469708384548,-1.6024962981365631,-1.2041556048412154,0.3273268656829406,2.382741722794261,-0.7611682538804797
Bearing2_1,acc_00809.csv,0.1969345667110204,-0.21630739808986596,0.4828651171406614,-0.08809817549403284,-0.500585724046919,2.0884831057473088,-1.3691622587380634,-1.4202767095023108,-0.41858121093526746,-1.0842973869155927,-0.35750303987201615,0.3670835781042478,1.9252143547741971,2.272299150872007,-1.376865709386418,-1.7030876351808928,-0.6707467429775089,-1.1215499429689115,-0.78649755933538,1.4574183334607278,1.8420336844959686,2.2782246981750505,0.8795842030844556,-0.17424320037164862,0.11499390027738095,0.40718155268295025,-0.10644939614353222,2.124590729333508,-0.9044688007194065,-1.4166502689998612,-0.8243585602247079,-1.5125701954503932,-1.3674721441560478,-1.1780082096421793,0.07389561694504787,2.6584871797424756,-0.970355314527903,-1.4026393997820743,-1.0275213098695561,-1.837281166367666,-1.6142837197095417,-1.3396519469937624,0.05198083972490725,2.677629799974881,-0.7611682538804797
Bearing2_1,acc_00810.csv,0.17200232189736744,-0.21562626836339235,0.13306741897560875,-0.10007052386602756,-0.6038251645562122,1.9853899498305165,-1.329592225484931,-1.4370020674374107,-0.3563120417060934,-1.044318438048999,-0.3063743305336709,1.0289070669077058,2.078697092749278,2.0956103750750548,-1.3468074590559231,-1.6493382612650365,-0.6021103258158192,-1.0586973270817246,-0.7176803446136295,1.7787627268774615,2.114914701107956,2.051418015766104,0.8463424209174877,-0.16782245894288086,0.03907152018544532,0.3079632026988482,-0.045424864895432855,2.0989151433915385,-0.8703946124799281,-1.4419715513967575,-0.8169215181784122,-1.4933363904549735,-1.4387370456052557,-1.1358971517757943,0.42204401776454703,2.409742281504093,-0.9483741250049328,-1.3873546548539455,-1.034909824769022,-1.8231257170237196,-1.751032016052904,-1.099436745389614,0.46947494198746076,2.4023164785659956,-0.7611682538804797
Bearing2_1,acc_00811.csv,0.09954848217995216,-0.21160478018736675,-0.033057591004123525,-0.05779316867742084,-0.49984961678020795,1.9100672189531338,-1.3023673096865713,-1.310618134937976,-0.3825526142776457,-1.037233287200646,-0.3591294671669902,0.7799384769922982,1.9612246416160124,2.049792512685637,-1.2990989268528583,-1.598412100747766,-0.5646603212213244,-1.0842779651211447,-0.7128258675424595,1.8919954829113317,1.8383942677806129,2.037914353501596,0.6566635862781068,-0.18911646636166962,0.08378157898473931,0.03033670165637641,-0.1224386889206881,2.02068111272974,-0.8189256644712293,-1.3957970748164297,-0.8120191375255361,-1.4708005155023374,-1.5110734388735618,-1.3534060192924533,0.23333937881212857,2.5974922711014363,-0.7688406216670596,-1.3600622840262024,-0.8590399551983854,-1.8584283663202037,-1.7680135674145279,-1.2615662986069491,0.07104752364239583,2.5681314501707098,-0.7611682538804797
Bearing2_1,acc_00812.csv,0.17660605766998433,-0.24026310897423972,0.2840869692661445,-0.17882612800055653,-0.589931127722292,1.9832082757507548,-1.3409974568690586,-1.363161650991354,-0.39432250653794304,-1.0412679573476227,-0.4553737121307184,0.37580085797161356,1.6021004587743912,2.3107873758126534,-1.291678165034272,-1.7057306509812749,-0.5765981288584342,-1.0872823377323344,-0.8304183717391135,1.1203365959265073,1.4355099964798743,2.2908187183656357,0.7459519193514788,-0.20171520904193774,0.03627041624206997,-0.013263908662724387,-0.2846567570531566,2.153393866346842,-0.8739969684208814,-1.4302966392472223,-0.8050758022796575,-1.4864258789643459,-1.564273342950748,-1.432400440307788,-0.208783581574751,3.0160094849437655,-0.9494580966476716,-1.3969745457090337,-1.018137454235467,-1.9263992349848158,-1.801971997100686,-1.8520452286814069,-0.2820299574823569,3.1124364444451755,-0.7611682538804797
Bearing2_1,acc_00813.csv,0.12116196311839397,-0.19091781979112202,0.27262793521750434,0.08288192469351902,-0.5033803015304782,1.9745758579800772,-1.3094389594071045,-1.4071308049976083,-0.39850414439729803,-1.00086423627656,-0.0637730409559728,0.7290725137331358,1.8796157854510416,2.1375859795288883,-1.320567620334293,-1.6035085444893138,-0.6808922707838057,-0.9371007936970107,-0.6383545798533186,1.4839810249541856,1.7482828041977945,2.148972902494085,0.7491683871703675,-0.1742314551645462,0.013530763746205545,0.29378915270111927,-0.15250451884944577,1.948171037414047,-0.8675677624980953,-1.418249332979924,-0.8103541657041766,-1.4936500802040447,-0.926504935571458,-1.2442256345094955,0.20521180301737713,2.3762912775929075,-0.9322702082052261,-1.3547608245182643,-1.0203410009249538,-1.7394437841079735,-1.3101474198406737,-1.2607429200513507,0.08957220168616836,2.4626541625956064,-0.7611682538804797
Bearing2_1,acc_00814.csv,0.21606717517668406,-0.10543914873784872,0.5622792627784029,0.3578718013627762,-0.10816000647237763,1.9414784768462148,-1.3248143343360286,-1.3581546656521546,-0.4141504671557586,-1.0208631594091293,-0.10631329196880883,1.0282504934668908,2.002465366265136,2.0816494711899516,-1.333913669730854,-1.61337822414118,-0.6913028477323805,-1.1092265219257476,-0.43743719384328034,1.8100502999246144,1.8572743383050978,2.121802897039237,0.7993686501353842,-0.1736479745418843,0.14723953066960602,0.36928137551511,-0.0898672111438687,1.95234989504106,-0.8815787886947137,-1.4138672375647616,-0.8120963873093489,-1.487320719311436,-1.0606999507834347,-1.136523807406287,0.015864991102698223,2.524411922779793,-0.9597971873361777,-1.4021214371886368,-1.0049359089977175,-1.7294966070488291,-1.3299829735460218,-1.4466842056637603,-0.05037276553915281,2.614968889359686,-0.7611682538804797
Bearing2_1,acc_00815.csv,0.20584777837073626,-0.23490109940002873,0.12700948479316265,-0.15955812983937717,-0.514486902254142,2.110726702773553,-1.3485782932839057,-1.4389796160622972,-0.5059335434373241,-1.0471221839015197,-0.4449144089728758,0.1827865934962124,1.7740344284238985,2.3943213934061007,-1.3505215765841716,-1.7863280078687565,-0.7017691019505945,-1.084235413232714,-0.8257211467826308,1.119593618671004,1.7273525191959345,2.365044273409795,0.8511945210464117,-0.1967318162461196,0.0795769211567865,0.07886741632251319,-0.18833739037271627,2.2283144648991073,-0.900327083489346,-1.4200461188125177,-0.8294153802394658,-1.5087870805573407,-1.5792545922935277,-1.4649828660170048,0.1602265087283988,2.801465982242811,-0.9503656079037444,-1.408816241777213,-0.999466957686724,-1.9144820938106883,-1.8559563857065646,-1.8562843441556902,0.17446777114830433,2.8598918667802917,-0.7611682538804797
Bearing2_1,acc_00816.csv,0.12560236715600126,-0.19631785335446514,-0.0892131609365935,-0.05087165477486116,-0.28837591168906396,2.038237415523818,-1.3406143558052925,-1.4508686002861246,-0.3161534942314388,-1.045422160833173,-0.406619014067848,1.3698806596057307,1.4580141057368288,2.312365580718483,-1.3454513641292138,-1.6956118567672533,-0.5980204321159025,-1.065251986174783,-0.8430212018396379,1.0913625622630545,1.5639959419973812,2.3159856082238224,0.6971826428908839,-0.1958855881050248,0.09390893716574099,0.018165506549630877,-0.20781783736528123,2.1900629542518386,-0.8817624222274955,-1.4226516944883714,-0.8018594974850303,-1.5062354379263663,-1.5397059785202138,-1.3626896714259824,-0.12963408021012907,2.9321184597239514,-0.9600476321719519,-1.3955063438335162,-1.0193380550581344,-1.8767691590561697,-1.8495411938959172,-1.6683949626550811,-0.049582226795872146,2.925300981720268,-0.7611682538804797
Bearing2_1,acc_00817.csv,0.14418570729618724,-0.22443287211537397,-0.014836275512583201,-0.18462523424324148,-0.6378375146866209,2.030838461711944,-1.3542132821319426,-1.4088777062967246,-0.3429937927102695,-1.0173034835424934,-0.33938929759714204,0.6714479726550984,1.4110853370049243,2.3491231580543075,-1.3500808551774532,-1.612853027590377,-0.6321554479877846,-1.0474182127922056,-0.7224267311810233,1.7902184151448288,1.304392458893639,2.307709241353845,0.7269788317035206,-0.18999792995338285,0.1384310951729127,0.10767771360050547,-0.2106334579319846,2.129243107083731,-0.8656370606364518,-1.399790373736425,-0.8008777596231099,-1.506935500169803,-1.5431191208374795,-1.4059969713871323,-0.1557039663114649,2.9463932704532447,-0.9363731916818336,-1.3584041967541112,-1.0106719860219873,-1.8796901278122518,-1.841978418592788,-1.6108834582237406,-0.17996418688773225,2.96235786400772,-0.7611682538804797
Bearing2_1,acc_00818.csv,0.1187180727252126,-0.21513590966203314,0.005504906082931032,-0.16965979877824788,-0.4026902964524811,2.035389709947982,-1.323352522327545,-1.4212275899172575,-0.4111123554396584,-1.0358680698183116,-0.3510116254995528,0.994991363335716,1.6203848998998176,2.2939504080248665,-1.315389711174679,-1.7203836731915945,-0.641673348266973,-1.0685709228027078,-0.7634595538106961,1.3271885949151758,1.4580877427988868,2.322094019024311,0.7008511870566861,-0.18894720692248584,0.03850287870616431,0.015546388615268017,-0.0916861626993413,2.148353180108904,-0.8713256815386979,-1.4248909392686242,-0.8118513258824197,-1.5090140465510353,-1.539036417288942,-1.4234785729800155,0.21199917972868024,2.7106340521646173,-0.9389914930760362,-1.3821681823226624,-1.0372005736602778,-1.8865068157039828,-1.8185243915207476,-1.5755092286887864,0.03281164867491316,2.841441257876855,-0.7611682538804797
Bearing2_1,acc_00819.csv,0.13892868448675372,0.6676265104665527,-0.04085030705010531,1.04310167771617,0.6739836301522827,1.8200157473525655,-1.3001778462056806,-1.2252532441607737,-0.4184865386157199,-0.937577404926863,0.41298960667888845,1.8524478542872866,2.988756040166019,1.4862708885886315,-1.3407983284041123,-1.4852430971996895,-0.5678658549899942,-0.9385484468124458,0.06738945577994021,2.3942774587919655,3.001342929814297,1.5032768715589637,0.8858783964028712,0.44736876957786953,0.4241545733195525,1.8350630241932884,0.6061625125937522,1.6656460413752439,-0.8953498187632294,-1.4164735971518354,-0.8101975465435242,-1.3986354488001538,0.09570347753692396,0.028601719774701974,-0.10945895174558738,1.657247030870316,-0.944624882213818,-1.3913043235440419,-0.8046946626013296,-1.2979422318510658,0.06899697179761355,-1.0816135035485273,0.20653399771503586,1.60311451317707,-0.7611682538804797
Bearing2_1,acc_00820.csv,0.24304788063397006,-0.15324226481548128,0.12425241074191645,0.20653383522302846,-0.1821174300889152,1.9830164664135488,-1.3454962905012835,-1.3981308348780788,-0.41316030904497275,-1.0319889639385214,-0.016053576888287575,0.9908876831562601,2.157828173501001,2.074394576565731,-1.3388954745872768,-1.6584269774153366,-0.672507097261912,-0.9616762716503111,-0.5672971860515111,2.0516558976085917,2.0101881235196513,2.057622481734196,1.0205136905945937,0.20091678680246303,0.0724119392574612,2.0034569007967415,0.37555574009329784,1.8547224334380108,-0.8408028735883899,-1.4151698710531921,-0.8254987931903617,-1.4592448453068851,-0.8260877986348912,-0.3771449150734929,-0.07835339034403214,2.214293402852264,-0.8798834022570153,-1.3811608479511284,-0.956877110471751,-1.5838424366759876,-1.3740548326962618,-0.5562463187355183,0.0782520568189444,2.190404956388783,-0.7611682538804797
Bearing2_1,acc_00821.csv,0.2187790890316017,0.18478609768477897,0.23740436551212457,0.9778149655001355,0.08601223898584037,1.9202899402496645,-1.3063020182082303,-1.338154483662886,-0.43761937804734036,-1.0277219251242316,0.089704232669412,1.9446306937883542,2.3234997702701286,1.8866890927585778,-1.3219482424954039,-1.5610231655873383,-0.6575673230117004,-1.0101247924279495,-0.33284295977206924,2.400499820632687,2.3686426991985385,1.825159852725825,1.0291880097498507,0.4336187106486488,0.8906907300882506,2.288170426838078,0.490390486903947,1.8241086294026838,-0.8672637177504046,-1.4118448515837283,-0.8242171183550179,-1.4906374805298657,-0.6990751739570489,-0.3039195887846679,-0.08999639141766755,2.149909136620228,-0.9490150410841889,-1.366014272103242,-0.9821548235369554,-1.4503046867363838,-0.747146525709869,-0.5894912117308618,-0.035320776098655346,2.0178749288237796,-0.7611682538804797
Bearing2_1,acc_00822.csv,0.10119003996012925,-0.22821268370150374,0.19989759627490555,-0.13355568571895077,-0.6509930168685379,1.914552547851465,-1.26778107869113,-1.3697477435362002,-0.43274895223867377,-1.0671915115352415,-0.30675007339582777,0.4170552264643424,1.811034337006339,2.1513009208204847,-1.259793675901044,-1.6586556144002653,-0.6796072184159555,-1.0603789057236934,-0.7471885421203152,1.289722765114011,1.7393480016508533,2.1616225249541414,0.6734139996138182,-0.1994774025203083,0.004504214229694888,0.058222604369299366,-0.2095532593315737,2.0014268324253655,-0.8151725970905781,-1.3701942555030466,-0.8082297882290718,-1.5117089657711507,-1.4500190188246713,-1.4378809236508479,0.1485457821885184,2.6838278107070117,-0.9028754456893177,-1.3243659843019528,-1.037865266404043,-1.854490619570426,-1.731233655372898,-1.7886577293791226,0.18957056599780672,2.748038742751108,-0.7611682538804797
Bearing2_1,acc_00823.csv,0.07596527097843941,-0.20476143600132038,0.2390798069775566,-0.16030640161262694,-0.3174010542008406,2.043625266201994,-1.3413037790045452,-1.418435678571949,-0.42023038825210873,-1.0310578576977742,-0.36259474947456455,1.1082942621935197,1.8314705366546302,2.1622648229751027,-1.3479188612998767,-1.6924802901800198,-0.6576149760378383,-1.109692242527939,-0.7150514830698634,1.6041595016299028,1.8606606875014986,2.205638277979125,0.6760763483721977,-0.18773515251046666,0.03213897767366583,0.024328136983426178,-0.0953674515514013,2.1860343216198626,-0.88272111087443,-1.4127657038366428,-0.8222839734120216,-1.518328987352524,-1.53680650709715,-1.3977609413564451,0.2843062502761666,2.603350250725771,-0.9519389781993233,-1.3888175553735067,-1.0389701617669016,-1.8817885774028944,-1.8333112590597902,-1.719802734177665,0.2968663171936806,2.741433984327112,-0.7611682538804797
Bearing2_1,acc_00824.csv,0.11188671250243092,-0.22320943188966155,0.12283773183618121,-0.15750038246294054,-0.5504290143682348,2.0449657663080547,-1.3367780515437273,-1.439496024437047,-0.38302592621983483,-1.0562486516661032,-0.419588278094303,0.8874551743181119,1.8979978216516478,2.1820038410631435,-1.3501014783175638,-1.644402243461876,-0.6452428247165735,-1.0671957565891101,-0.7931105074809262,1.723575677730454,1.8023951319403935,2.1891545020986896,0.7034153998676187,-0.19821227767346775,0.025739158855722415,0.0004479440524697646,-0.2667204021393366,2.1007542677351627,-0.8889335103129081,-1.3912128131196602,-0.816170912715509,-1.4887348356603927,-1.5061814116985794,-1.3776994654309749,0.3115531970015191,2.583823736624352,-0.9149374255971302,-1.3685103951004303,-1.0135194166510912,-1.839258784208578,-1.7818717555975216,-1.3230949571639303,0.17960773174197636,2.630682654124635,-0.7611682538804797
Bearing2_1,acc_00825.csv,0.13027545698596238,-0.25192523203448147,0.09625517120845166,-0.2293344726949098,-0.6954935553209699,2.0422860978166426,-1.3425417637298491,-1.3926855201911152,-0.41043251693495353,-1.0487103447021562,-0.27067315831250166,0.3141621839277377,1.4925281810792552,2.3679591279459165,-1.3358172678853788,-1.6912415508041045,-0.6480630839660422,-1.0878690963734068,-0.6191395595925515,1.1622447085401726,1.5541179070331541,2.304132585934004,0.7507340270186043,-0.1908996231568549,0.02231384076029755,0.22661648097275205,-0.19092092169568536,2.0759920521067836,-0.8852265592586949,-1.4048794308936368,-0.8141360999749069,-1.5018484916988035,-1.3717414201935862,-1.255747524733307,-0.08894640266403699,2.794055807999816,-0.9471471219384411,-1.3675683305579107,-1.027004771724454,-1.8291340407507382,-1.617059802595051,-1.707004174977715,0.10110407873165286,2.742097258718682,-0.7611682538804797
Bearing2_1,acc_00826.csv,0.07794155904440972,-0.17799097546798362,0.14556828322534196,0.012170242121424289,-0.3017131012007469,1.9410854040145549,-1.2871536385881104,-1.3809268896398166,-0.3769621935765267,-1.0148415954145933,-0.32368337991395835,0.8048000948391042,1.4461417063237878,2.2732442803359283,-1.2814465019423897,-1.6497498479194088,-0.5900205475072702,-1.0515931762108361,-0.7105504490152388,1.6649296054798606,1.457517561125798,2.187829845784374,0.6109654640276321,-0.18720297463886787,0.04359673603284414,0.025252531548495348,-0.11209681661472186,2.04332207128343,-0.8522408337931624,-1.3796651000246023,-0.8125328435583261,-1.4888730807013135,-1.474932200411603,-1.420876599564149,-0.02982591268381359,2.8358524566824777,-0.8929006121741346,-1.3820931882943142,-0.9149529256150761,-1.8577391759166288,-1.7999513664464308,-1.020205134139349,-0.029649738439521754,2.627792487986368,-0.7611682538804797
Bearing2_1,acc_00827.csv,0.2867429060419819,0.9795395538362502,-0.773961806839949,1.4750415588245473,1.0029497130555054,1.8824180400974029,-1.3049080706797929,-1.3147302425562368,-0.43165870190570266,-0.99373367238064,0.5070713922867308,3.0398704437985673,3.37793522287851,1.383851684009294,-1.3059312834889873,-1.5548145114508174,-0.6494571564190715,-0.7890901473549237,-0.3229705321879041,2.383788907208261,3.673410519102274,1.344925399590032,1.2344324086955516,1.0167631826587455,0.6901571011028511,2.9055119305435073,1.161746721788032,1.6415250165161377,-0.8704194871777587,-1.4210727372575793,-0.830963038672276,-1.4192300279709262,-0.06905738188541484,0.5336204263864999,-0.05429646908345252,1.532273465577491,-0.9424214561120419,-1.3735101518943245,-1.0167525503559796,-1.1906159725946917,-0.2079435602738916,0.421203905190916,-0.3125823917724731,1.6043905867410289,-0.7611682538804797
Bearing2_1,acc_00828.csv,0.16540621474313663,-0.17851907452953839,-0.022791994418737735,0.0037521846723654086,-0.2607977292232421,1.9953586194662631,-1.3161796656915277,-1.3963233078737147,-0.4430413736278861,-1.0426028341955604,-0.03327777883621956,0.4580278272027256,1.5650014794871676,2.2835538409493026,-1.3074539828706402,-1.6569200752028053,-0.7083583744248377,-1.0179073516393677,-0.5466260767731428,0.9459299963636701,1.4073257467085687,2.329836462930216,0.9158317291100156,0.06471642111077029,-0.13455116792323568,1.6364722584642397,0.286214313764432,2.022849506716425,-0.8922233698439768,-1.4405285683947384,-0.8209036761362215,-1.496973720164277,-1.177191678790627,-0.750108031992281,0.052494847283132876,2.4180056006008015,-0.9649428067266215,-1.3879373787873779,-0.9879600211202492,-1.7483275385096047,-1.282835033974995,-0.9912349570536474,-0.1540458800037591,2.518516321870663,-0.7611682538804797
Bearing2_1,acc_00829.csv,0.11080268629120893,-0.2531616745275411,0.07324642825764505,-0.23831373397390598,-0.6814772370978327,1.985885617336951,-1.3349772415377759,-1.3582879332835616,-0.34499443447471256,-1.060872859773936,-0.3912640478280547,1.2448025086610492,1.57937184576807,2.2367604890029202,-1.3232288763416669,-1.6152603030968427,-0.5641879311611188,-1.0642618046099632,-0.8257409976916239,2.1625043740020007,1.5580981023833675,2.1486541942442847,0.7251898346343948,-0.19608914776542766,0.029609268038557596,0.08379752066954933,-0.21450199560000102,2.1693617637509366,-0.8668591557102474,-1.411762740501436,-0.8182089920314856,-1.4822269547812224,-1.5580799601949646,-1.3457789227800823,0.17810553595407838,2.6957110420215393,-0.9073569966641425,-1.3851004241951943,-0.9525569016086305,-1.855573202751089,-1.8560690064602383,-1.4882595823202294,0.1980207942431569,2.6769684106315474,-0.7611682538804797
Bearing2_1,acc_00830.csv,0.179467851935727,-0.18896516920958836,0.08292088611025986,-0.014019269942314597,-0.30238934829048253,2.0751621041080335,-1.3300918968041615,-1.425316280030184,-0.41266515923692515,-1.097964219652904,-0.44419492492561136,0.5276193203777276,1.448726689346522,2.402633576955218,-1.3451574314718127,-1.7134838772708254,-0.6511870214791528,-1.1708591153363888,-0.8084972701656024,1.1344564409338147,1.417096355602624,2.4106167962488056,0.7831749874054161,-0.1812830354086715,0.10232853639596115,0.25989468531524595,-0.07534000128901899,2.1080954018470814,-0.7933490624725198,-1.3990868915922317,-0.8194250961033018,-1.505074488556973,-1.5692334399125387,-1.4865259473989225,-0.04000178274518789,2.899783571242676,-0.8991957836900433,-1.3655279328523198,-1.0281409502694063,-1.9029856202610202,-1.8513700153362804,-1.8639656426952849,0.009891426307441286,2.940218793947346,-0.7611682538804797
Bearing2_1,acc_00831.csv,0.12539357253119215,-0.1912666143287017,0.0011419715333537154,-0.059476780167232686,-0.36702190117239986,2.064892254319688,-1.3255753548460791,-1.4150485117827603,-0.5057534414038333,-1.0544368747554957,-0.4084075249741981,0.5187240847303166,1.9775389980868787,2.261800248011709,-1.3369791977978678,-1.7328038498713851,-0.718794494241446,-1.1250134069149287,-0.7860535257592183,1.7549100623582992,1.9319069550653134,2.220409882722444,0.7192377282795837,-0.18759676365923636,0.05316066506833827,0.06854501034590628,-0.10315692169142662,2.179171015320677,-0.8649193089136344,-1.415097678556622,-0.8310807883926851,-1.491863079637456,-1.5870837660588286,-1.3924592116670547,-0.010422572866545311,2.883891510196527,-0.9454073066653221,-1.3881758284426169,-1.0311687205641356,-1.8854949414126327,-1.8628588610105332,-1.63801431095301,0.06478243579126175,2.8577131252159353,-0.7611682538804797
Bearing2_1,acc_00832.csv,0.2094767050490138,-0.0679517559223057,0.2350849990007824,0.5557896853873163,-0.2530695570729609,2.0040482475897927,-1.345718570574166,-1.4152836976679375,-0.4409611797361488,-1.0053753225295599,0.23766608505510542,0.7267132776756673,2.2207572079827433,2.0498108692058183,-1.3493748532518848,-1.7146252201481458,-0.6722347335362934,-0.8945450273122395,-0.4097312027287362,1.7860505166218346,2.17675538660778,2.0325598627300665,0.9200321231279973,-0.10072634492443731,0.12097788631953724,0.8243916330508825,0.11383717181290468,1.8675587974143377,-0.8989582632777701,-1.4039491425305948,-0.8168662098233698,-1.4924345584833498,-0.4475004221091077,-0.9862528068224676,-0.10767396995862476,2.300095629338771,-0.9644088575471688,-1.3668037188366153,-0.9221373878532905,-1.3986110518291681,-1.1381304757960011,-0.6420314715186309,-0.31290339444045034,2.29325605475656,-0.7611682538804797
Bearing2_1,acc_00833.csv,0.09809726217374175,-0.24565329690671195,0.14497441256518093,-0.21623971666304037,-0.6067352480043142,1.9271819911684447,-1.302790353704865,-1.403957711830742,-0.2966973151549132,-1.0488677166117173,-0.3556182462451745,0.2665619189313647,1.5432581228884887,2.2107079423020193,-1.3152928948386295,-1.592181311363313,-0.5602398915279104,-1.0791865467843158,-0.7190679950288797,1.1793814613983253,1.499368424147842,2.215963510589573,0.7210676796119428,-0.19117352487163244,0.1470153517621373,0.16329545326550687,-0.12895968128064472,2.1010193604259095,-0.8495702651256903,-1.4130839175017877,-0.8092964222558675,-1.50622395858507,-1.5143165117768054,-1.4453722616416647,0.1687045112491975,2.6970026941496776,-0.9276007975712456,-1.3638686343498936,-1.0192122931893643,-1.8385187570206778,-1.8094692548435147,-1.739774805450237,0.14449445707964714,2.7899128800210526,-0.7611682538804797
Bearing2_1,acc_00834.csv,0.10609581521836764,-0.13750652937546304,-0.039542115762475176,0.20952692231602718,-0.22537061171488373,1.9034471474014807,-1.2809382522123698,-1.3488625931539104,-0.35967798009984464,-1.0184767494476965,-0.25081781676208526,1.1314641718106806,2.176290022304334,1.9459287506433607,-1.2780767706334608,-1.6281271363199905,-0.5561694154134083,-0.99076204057984,-0.7279902905673264,1.9817314883482338,2.0805577245451197,1.923826549523732,0.6714704140347848,-0.1416941467217108,-0.07300600152986345,0.5931389260227192,-0.006761856517795773,1.9403011933165308,-0.8757259959310045,-1.4082487830059716,-0.805231891115143,-1.4632996233719313,-0.9981229893891544,-1.1545563383796702,0.16461980539490667,2.3839033360272195,-0.9217540509531774,-1.3608951947590666,-0.9851565350125426,-1.6334105777771715,-1.2805487568599627,-1.4225190604145734,0.23659588287956437,2.3604913070464324,-0.7611682538804797
Bearing2_1,acc_00835.csv,0.05627227361258219,-0.24805443889382706,0.28613965820631687,-0.1765813126808074,-0.8591672100681979,1.9420645814808795,-1.3126793935290406,-1.4159988749690586,-0.2640933965356799,-1.0437734916056909,-0.35577256726288004,1.2140051456418248,1.522131403516211,2.1346812647167828,-1.3250348777964502,-1.5948679987040775,-0.5410628431815812,-1.0898945067491754,-0.7759906866016785,1.4649817528908846,1.6398739476432338,2.1591980174684364,0.6251465360158004,-0.19865694636764766,0.046969646760589394,0.06592589241154342,-0.29348650370989554,2.119251242838933,-0.8770915955266014,-1.4071608637827866,-0.7989402196592327,-1.4826175613815273,-1.5447689025414284,-1.296337380822074,-0.11253001509516362,2.8335199986797717,-0.9513369395392248,-1.3835908565613402,-1.0150058299548215,-1.8560243183890583,-1.8296888099462476,-1.4985048740577247,-0.0765148878082396,2.8682365273101587,-0.7611682538804797
Bearing2_1,acc_00836.csv,0.14195498755037889,-0.1705356763031678,0.20545837074137357,0.22131220274470975,-0.3583104999657336,1.9885403321504944,-1.3045858568610758,-1.4343410086341326,-0.46012405071650697,-1.0062609186212195,0.17501392074651112,1.1799594494798187,1.8899237574733931,2.1104406424622253,-1.3161781498063836,-1.7052037221717937,-0.6664900780433987,-0.9823522272098603,-0.40190914147651396,2.0546585436698046,1.6801687466296782,2.139502605028339,1.0005995442625653,0.46588630612792464,-0.735115938199091,2.315902263790156,0.4995306682979662,1.9235843608736407,-0.8802434221531494,-1.441665937072791,-0.8338745442994677,-1.4979346593791902,-0.8923621512824473,-0.6031692780457414,0.2924752372655554,2.08476103147998,-0.9314220835628774,-1.4049837871897892,-0.9418458459575888,-1.7159979509801617,-0.8109557971820689,-0.666892833739007,-0.048255003349388204,2.1542161977033976,-0.7611682538804797
Bearing2_1,acc_00837.csv,0.40691953548562737,1.8741850418291197,-0.3143338834134866,2.202548790366548,1.3116275093319159,1.8347911876771301,-1.2847573410550803,-1.2279243669893676,-0.4823402581973497,-0.9592870115838219,0.4905151110772279,2.5302150154863217,2.7433757514219255,1.5803156277955352,-1.3596667187458344,-1.2940579394260496,-0.7271775769136212,-0.6857053311078031,-0.5003940310375984,3.2240771596577575,2.4018151305385977,1.6589779624687102,1.2281046495719623,1.0471667479334428,-2.100289972569123,2.5510066148394404,0.963131806184826,1.6240117844640893,-0.9062009867072692,-1.4153951839279804,-0.820963501097163,-1.391072866767141,0.5789174891391458,-0.13469432224785297,-0.5871293465704159,1.8339806250687056,-0.9805844861457177,-1.4092023825408688,-0.8585360480947156,-1.1152382544365003,-0.19377810322155364,-0.7059825774329715,-0.5374137844382091,1.9874446688486915,-0.7611682538804797
Bearing2_1,acc_00838.csv,0.34544646561343356,0.8402673886006007,0.2570076989023502,1.3779532962454017,1.1285392377369177,1.887566848297166,-1.3251506703377085,-1.286192987864637,-0.4818953361928202,-0.9980350260922125,0.6831937142951527,3.3124676594682305,2.930857660601064,1.5630445613001376,-1.3153724416505657,-1.6260300444715814,-0.6882279972305256,-0.8151415093739994,-0.05810200301370878,4.841299501598543,2.5256293681420434,1.5450684427977126,1.3924576571260603,1.179142031479128,-0.8486739602944038,3.2335179353822543,1.440200962703991,1.6468953426276591,-0.9036133003140302,-1.4089203067347296,-0.8301499447731997,-1.4669947197365143,0.2147266115822657,0.7453665461331735,-0.2078664020142859,1.469827958385287,-0.9686416739942805,-1.3609431332399888,-0.9129242890159862,-1.2826418500654189,0.20754772139997107,-1.1063489745938666,0.5451396163873475,1.406414179508217,-0.7611682538804797
Bearing2_1,acc_00839.csv,0.2564747285956504,0.4960543990424252,-0.7516130444655464,0.992780400965129,0.558443218942084,1.9912948423759909,-1.3474752109123813,-1.3918211267331928,-0.421145026518218,-0.9964555564237225,0.14590265846079256,2.07583898813111,2.2158157772227596,1.9839585009610181,-1.3396136475445013,-1.6060181510028335,-0.6394888710948863,-0.7881840246556163,-0.39752329919390234,1.7311101527097092,2.433626269443646,1.855525561526315,1.1871158329796307,0.4718967794852553,-0.6764488323893255,2.233477081738145,0.8967345496056379,1.796167780333041,-0.9048085552524584,-1.4515623813017602,-0.8212465005593581,-1.4463903462771397,-0.46393994014339507,0.34832876585351696,-0.20368097992539275,1.905411859606491,-0.8389518982857262,-1.4383953330178434,-0.6415780338530328,-1.5045885869579934,-0.1374162021890557,-0.08864510955684884,-0.504134132376213,1.7769982625557306,-0.7611682538804797
Bearing2_1,acc_00840.csv,0.0813487742010214,-0.1885934190391309,-0.007582698456531095,-0.12944019096607765,-0.2905327195975064,1.9946125527321152,-1.3160374127404646,-1.4449698779508062,-0.3504466630768589,-1.0387776325871285,-0.3974991412308323,0.7317753342556639,1.4813359204389545,2.2916870050251332,-1.3252127441438784,-1.625643301893983,-0.6509243750238156,-1.0737573297698817,-0.7736395191941179,1.2885471595372453,1.564420483676748,2.265427241479205,0.6591423559813793,-0.19046288584644624,0.08015862333145643,-0.029286747790591813,-0.14240694031537915,2.1205178825009283,-0.8574802428251397,-1.422951071522881,-0.806388360403396,-1.5004702869424957,-1.5034699891119632,-1.3323393293675587,-0.11213649856549315,2.861880575862574,-0.9215147210303323,-1.381110032638585,-1.0286362525619945,-1.8594102433090083,-1.7845438150323558,-1.678002788928822,-0.020690407275116195,2.8725041992655207,-0.7611682538804797
Bearing2_1,acc_00841.csv,0.07178613949242389,-0.21559726411670735,0.29294165918195136,-0.06153452754366916,-0.5431997384385324,1.994414730700722,-1.3395964199628227,-1.4022571330219897,-0.3968126038969486,-1.0159550264519992,-0.2930356896342097,0.48771488862605517,2.0023969643523456,2.165012144300777,-1.3571143720864747,-1.6253158847095581,-0.6346685976860831,-0.98037944263722,-0.7080849536103473,2.16191708199417,1.6669283014000364,2.1629703218700276,0.6331731157011976,-0.2038720920302839,0.05206270318563281,-0.09060492060685359,-0.2559587058182538,2.073890865224092,-0.8608872791949284,-1.395334833284651,-0.8106125413115289,-1.4808735575175112,-1.5025025025206438,-1.3494405561956497,0.07446434251581696,2.7494508973943748,-0.9256412863981235,-1.364771625067555,-1.0014328919081814,-1.803416823658293,-1.7981883324484245,-1.4226693573251672,-0.1171380768923674,2.821347774602215,-0.7611682538804797
Bearing2_1,acc_00842.csv,0.3389461403007694,1.3865185059867409,-0.6515550095544492,1.467184705205426,1.8428999861156066,1.7536219371479458,-1.2700312503423652,-1.1192800039284632,-0.45095220444356726,-0.9727202305988449,0.2947369245283756,2.3050823243381333,3.371852358678893,1.3052427500786128,-1.1682494281659512,-1.6591380552008033,-0.6401228754619431,-0.8345223335968481,-0.3597376876990793,4.205623687780995,2.816343387656119,1.3713122956341426,0.8834098858686827,0.3545099292300631,0.13121885501794117,1.6850029731303766,0.7107154695837665,1.5981618910016657,-0.8589054599562317,-1.3839282420651788,-0.8089150984189022,-1.4035855178915744,0.2765271561332068,-0.32510823050877075,-0.32220897482955,1.8456849268864104,-0.949883877949739,-1.3844843183675573,-0.9571021246297474,-1.0873202589664732,0.22503165432708838,-1.151652299160615,-0.38345132714111285,1.9012351594357702,-0.7611682538804797
Bearing2_1,acc_00843.csv,0.16742957239605688,-0.21446327207254695,0.028057549320082673,-0.0832344089679098,-0.4840698760417934,2.1204613101876606,-1.3613099625336138,-1.4826966221520723,-0.32369071692703255,-1.0849634923189926,-0.3956402942081928,0.6201072038304157,1.5162716692940355,2.3852151776562205,-1.3760971504869681,-1.7017968049139527,-0.568614896399015,-1.1355489956083593,-0.7889852472298361,1.3270195944326397,1.439327487698332,2.365067256534021,0.8128905628040669,-0.19201915853856746,0.0883519388965507,0.1133781467517661,-0.16276092136874373,2.2423915115329454,-0.9063287495770155,-1.449631189006007,-0.8063147389960734,-1.5115213569918757,-1.539828836541292,-1.47250534050345,0.019211341260234424,2.8850940380247914,-0.9746029894907083,-1.4158737822554204,-1.025179849425008,-1.8888801971162714,-1.8330743620408014,-1.6511424740317995,0.025098510197676723,2.8869520163832516,-0.7611682538804797
Bearing2_1,acc_00844.csv,0.1143128541158097,-0.19801717232577937,0.2911765253418318,-0.003917601003443875,-0.39047972082154003,1.8509096968792114,-1.2917054416205345,-1.265708671484898,-0.29487406375444086,-1.0229070306309662,-0.3573734523746871,0.9556143305868998,1.5573471302754038,2.118562111642109,-1.2651057858663002,-1.5734247745712238,-0.5203624853282158,-1.082618346966223,-0.7071303069274741,1.7119407808340326,1.571766598262436,2.063655048394293,0.6752974169081196,-0.18723965033876233,0.051463001025344415,0.13325262990075543,-0.12252643192490548,2.047188630431274,-0.7831787614198253,-1.3725295748842299,-0.8056773041876027,-1.4686066789312264,-1.5152563706291227,-1.3727524094571932,-0.13654296698352886,2.8806077010734112,-0.8899895781321783,-1.331682229132445,-1.0250655388276204,-1.8377504717592281,-1.7839941557728376,-1.7181034591280984,-0.10598697919285946,2.90353184404005,-0.7611682538804797
Bearing2_1,acc_00845.csv,0.2451967459737192,0.265404976311991,0.27344969769075145,1.0352448240970484,0.30976739470168485,1.8966072279426032,-1.278470544678401,-1.3418547113348842,-0.49186505288089133,-1.004620518105502,0.15625529369003954,1.0162678668373493,2.024324303407449,2.0360708594265344,-1.2699158924753144,-1.69004290054066,-0.70068815272235,-0.8652316545401665,-0.5490343808131357,1.5747711747203939,1.9080228515588984,2.0606938047713217,1.095031597930311,0.39130600207521155,-1.1530906646295502,1.785761980722927,0.526072882243598,1.6942439771108821,-0.8900884900436157,-1.378600625751391,-0.8202416547844115,-1.4872563264606284,0.29406407088916214,-0.893010327054353,-0.21246136912596503,2.0092085957280355,-0.969746746037868,-1.324929160717104,-1.0361157704675288,-1.0806705080535792,0.05994113419383657,-1.1470260621621842,-0.5724645832031579,2.0913241616437115,-0.7611682538804797
Bearing2_1,acc_00846.csv,0.3350043549519343,0.41614734670083975,0.3797318594147452,1.0490878519021674,0.9226957474739997,1.9002296113376596,-1.2926931748859827,-1.3237847763764605,-0.47345746564476465,-0.9835471514164076,0.7607365363528601,2.7890568799282813,2.721729689874179,1.6154316897346614,-1.310053273917447,-1.5497322448131636,-0.7152875652055399,-0.7714564299804193,0.08600404708359063,3.7948567343032957,2.4312032137507877,1.6073264815283042,1.4721905856338862,1.162343541314574,-0.6318733271065183,3.5481202190274974,1.418826584294929,1.7046687049161535,-0.9051273710272885,-1.446662821557039,-0.8275014959706909,-1.4575390497635268,0.23984374278764106,0.44246980327739804,-0.20008535348734943,1.5609757625849343,-0.9607584293305829,-1.4378804317644929,-0.7770159527088004,-1.214267097402685,-0.5710574743369227,1.0379921588643386,-0.47553159660271976,1.5667534401165475,-0.7611682538804797
Bearing2_1,acc_00847.csv,0.13838656470849872,0.18473492913862702,0.07782004812496757,0.6225729411498503,0.22785262786197638,1.8927208734992587,-1.2777521593412233,-1.3594161685417105,-0.3998354425773703,-0.9694531401882773,-0.14550996271210512,3.289612608057067,2.575360995951443,1.6797865176812512,-1.2295964627082263,-1.6676490238684893,-0.5488672875969378,-0.9466703242600734,-0.6707374431067483,5.244979053940732,3.04984329658882,1.296230117143417,0.5810873738226581,-0.17615603748796932,0.17418100114095794,0.22476769184261355,-0.14281830600280143,1.9121931410010446,-0.8444725793357802,-1.3989753327308743,-0.7944244896338306,-1.457600204508663,-1.2205626140846035,-1.0969456206928707,0.06772064473061623,2.4841357879954673,-0.7926310863213791,-1.3691897063486629,-0.8998775693981227,-1.429202488695984,-1.443629701927815,-1.104947764696263,0.13583327445954504,2.2398535762333944,-0.7611682538804797
Bearing2_1,acc_00848.csv,0.4308039318526805,1.762505361768534,-1.1122748153846425,2.039238475854806,1.4884528154861352,1.7198051638722334,-1.239582914240786,-1.1866921512551505,-0.4951267435285842,-0.8766874299347026,0.6367644745023139,1.4729559763176836,3.108206488677446,1.396719694273317,-1.134483476680414,-1.6927022425726181,-0.7490843177010091,-0.9378906013236947,0.3199796713670389,1.8991155165820237,3.1320124937899294,1.4327126053048382,1.374655715028923,1.2875133049510417,-2.5248581309344145,3.062042743561904,1.1892497245032942,1.6601084956510752,-0.9222111353841473,-1.413039693294064,-0.8147485291643904,-1.4206338694929348,0.41324947119328137,0.16003180646122883,-0.31618302967716516,1.6364219972481053,-0.988466153470124,-1.4039994934330493,-0.9390951340237359,-1.0899569733007413,-0.5584671833716728,1.0958484680038563,-0.575397231217152,1.6290651349281453,-0.7611682538804797
Bearing2_1,acc_00849.csv,0.08409058992199489,-0.22388624860934372,0.3450001808200492,-0.17003393466487268,-0.5086974915726872,2.008948520145467,-1.3308607317383496,-1.441320329227679,-0.21775812670561667,-1.0591459439160993,-0.4249170156031456,0.7471291812801155,1.6624746584431158,2.1572632808728334,-1.340140040184985,-1.5969221632804105,-0.50652706565252,-1.0704223496372354,-0.8747580774887478,1.4624426290300365,1.8023069313132076,2.1159095909242014,0.630489658466816,-0.18755715115498794,0.048792033127199076,0.06037952502112771,-0.12411255085431643,2.0602921532050686,-0.8482701443181724,-1.3889195232184757,-0.787207020802358,-1.479562000669898,-1.572334516695723,-1.360827843068099,-0.09613233266281154,2.845700665779416,-0.9134473297270487,-1.3265151111525302,-1.0120773440903046,-1.8683121885792875,-1.8249145336468617,-1.5379233981109839,-0.019239723199330046,2.8240355652097855,-0.7611682538804797
Bearing2_1,acc_00850.csv,0.504586179185874,2.100391014888852,-0.8538918340098437,1.8632075411978186,2.480457646109322,1.9196159480055437,-1.3376532309996485,-1.307794852108785,-0.5706031278895481,-0.9789700604853451,0.7703661897224611,3.7211363755169424,4.248850460848419,1.1262420380548726,-1.3953628628258046,-1.5110665381035462,-0.764449562659577,-0.7560093997605634,-0.06342552313047162,6.1061470783142795,3.757960651699393,1.11599950808175,1.8338992710505913,2.143836288938053,-0.046347481673477034,4.235253512395658,2.413947479250313,1.5891267045106718,-0.9278457980671242,-1.460327547129996,-0.8404274973470585,-1.419130976199797,0.6135620443759581,1.5711981485113555,-0.06303804038712191,0.8999062859531315,-0.9977142755496686,-1.441206696929974,-0.9739310893213667,-0.8731312945674319,0.757155025130987,1.812569795943744,-0.5260382015267897,0.8628312824579762,-0.7611682538804797
Bearing2_1,acc_00851.csv,0.15754502639553442,-0.13678652479252418,0.18669353938433023,0.40838014605712947,-0.32369766727995053,2.0017249350750816,-1.3382112551859504,-1.4119965317058558,-0.43024417494175266,-0.9643690080703152,0.06481895398069105,0.5917807120405595,1.9780637477490586,2.141217666205553,-1.3599071271364451,-1.6492598003062433,-0.685923798601388,-0.863617148243327,-0.5087252984033149,1.709281508072591,1.9812961119873338,2.094950266522072,0.8240379576657098,-0.11101902529287963,0.08608170775259338,0.777709707514884,0.10473338432679911,1.874494192966011,-0.8727566775544819,-1.4178809767522356,-0.8148706790177316,-1.44699095010605,-0.7889690427566594,-1.0010244979481409,-0.009294220402232998,2.3665190823943343,-0.9582367952487301,-1.3910876354293273,-0.9951101938227476,-1.5108788124100314,-1.0544240673340566,-1.4141465064071392,0.0499251179269033,2.362114499847875,-0.7611682538804797
Bearing2_1,acc_00852.csv,0.4520057793108988,4.403139641472029,-2.87215061057393,2.7534638834216247,2.718013962671789,1.8956766839320174,-1.3241011076203832,-1.3681965591938143,-0.5122617560762741,-0.8955543955705271,1.6493436805088078,5.156986221703296,3.706520056638198,1.0816077056555287,-1.308234881657556,-1.7727081055940528,-0.6997358420923835,-0.8268049106195677,0.9953036583299119,2.2023898016760497,4.137668036951491,1.1928832525533715,2.2304244828157436,4.631755257447401,-0.7581368431113924,6.581675050063164,3.9276286801490956,1.622731056914291,-0.9279825497711964,-1.4461068249700466,-0.8531579152399722,-1.4175875968356364,0.5537487298824829,1.55014676266228,0.17515814753872083,0.7383485740226624,-0.9944994192635539,-1.4448196820023989,-0.9318110878435404,-0.9351174165641085,-0.36928092274628666,0.8857016112802836,1.1181383648300072,0.5982878311660377,-0.7611682538804797
Bearing2_1,acc_00853.csv,0.36976296502327644,0.5963678771349064,-0.20288512021468727,1.261784103448389,1.1816689563377136,1.808928105704985,-1.3127784231732191,-1.2239348953740676,-0.4715682879947923,-0.8681560603713983,1.3761885012467236,2.564415761907975,3.3579081064882392,1.2307839111656078,-1.2526164007451257,-1.5650510599704064,-0.7045352411780598,-0.580093055106842,1.1499063786539592,2.3398865874729253,3.2132725370195474,1.2525684875269523,1.9859262442648935,1.5960452134125125,1.7948400700642135,3.9459180135289746,2.4406531016773614,1.65265998364974,-0.9150485207632049,-1.4499985981366132,-0.8454809600189424,-1.4322893249397193,0.2759011695252313,1.6476856852136927,0.2027067565573469,0.8181748144041937,-0.9598620510394837,-1.4258367409943453,-0.9182351058624934,-0.6198228054767798,-0.489473691508797,0.24642525258107262,0.0771129976389932,1.3014278425013273,-0.7611682538804797
Bearing2_1,acc_00854.csv,0.2491871306250239,0.310987181878961,-0.17315569757933424,0.9899743818154426,0.4499818161971148,2.0382928742180995,-1.3322839400801612,-1.3998515794079287,-0.4913832806060297,-0.9946053154628351,-0.22697064723991237,1.7825933389525388,3.119819752107255,1.73710925880744,-1.331503814865052,-1.7197283505406162,-0.6830484115492208,-0.9265143672055262,-0.7688361872860601,4.255459586113841,2.6449039149593596,1.7199646591666855,0.9054380242942974,-0.04996260727790058,0.06031779456022128,1.0778298096407082,0.2017013133676601,2.0296410639418134,-0.8901176835897132,-1.4352233400761165,-0.8284174493169285,-1.5010819968675861,-1.1122032442100929,-0.9248238394418521,0.33567468574236947,2.2682365442953922,-0.9634134360372312,-1.399691497444258,-1.04655694966078,-1.6636299282486695,-1.3061230401229171,-0.9917456564962805,0.16412015336424274,2.3416123302969662,-0.7611682538804797
Bearing2_1,acc_00855.csv,0.08584167622640398,-0.2165467382443882,0.09128474059257567,-0.04207946143917748,-0.6061015940071555,2.105738531170576,-1.3646272909226291,-1.4101141957294354,-0.4363912507312681,-1.0756059392076813,-0.360195802603877,0.8658991542061535,1.698700199520606,2.332352423182595,-1.3578927620456218,-1.6667602229400738,-0.7032873916653725,-1.0728627928894419,-0.8408247071531,1.6578474074125944,1.6595117016071212,2.2956119323985655,0.6386592579878589,-0.20055285498986777,0.1157996653670358,0.044356685893260285,-0.28595899700876254,2.124610091916644,-0.8498234258541812,-1.40957692819882,-0.8093286418009473,-1.4946869664501319,-1.500006312014863,-1.4179042831823885,0.013028290946193757,2.8168455085643487,-0.935223665283524,-1.3618533322512596,-1.0226051231265543,-1.8486301213393042,-1.8021440183904918,-1.5325209768275851,0.03689855876931594,2.794040112048447,-0.7611682538804797
Bearing2_1,acc_00856.csv,0.09418502362223531,-0.22508925619941175,0.1499439990644797,-0.1535719556533799,-0.5402209989781381,2.043248695401702,-1.3226038768572768,-1.4042314204180315,-0.4375869751537325,-1.021524752149789,-0.2400248180302409,1.4738384891308898,1.748117064360691,2.2192925644531325,-1.327697638763607,-1.717621330743997,-0.6086316362406259,-1.0549496002532976,-0.6959801521338487,2.97329143038859,1.5669464064218628,2.1380736846036847,0.7391203482150046,-0.1923113475642876,0.12231132724522607,-0.04068761409311283,-0.13017324015472223,2.1166548633762874,-0.8744880397099217,-1.4225867133968242,-0.8227155081240957,-1.4868864684344074,-1.398928123067906,-1.1618477695040255,0.09928027748425385,2.6373052631117013,-0.8985374520402833,-1.4084476620861657,-0.9874133208730679,-1.8117537999173376,-1.7595552658670437,-0.9402654297030251,-0.03743642637207556,2.6179809212559775,-0.7611682538804797
Bearing2_1,acc_00857.csv,0.10915485937507666,-0.22260757029899553,0.30942513545177436,-0.08267320513797269,-0.5825421049333184,2.088954550078594,-1.3254065864707125,-1.4158985775339132,-0.5203274305215864,-1.0178304013055743,-0.40290291846309245,0.7769988945907241,1.8619783597876942,2.259859595637682,-1.3182269847530175,-1.7554139983092645,-0.6687660009767664,-1.0321815243029686,-0.8419955615257506,2.4851289676412476,1.6828866211144893,2.19233584081525,0.7300803373311567,-0.1849537563265352,0.09811409894801194,0.10798584512219533,-0.15249319133951417,2.188978109260315,-0.8636723194757624,-1.424211144052456,-0.8219100524376867,-1.5143588077277677,-1.524489359980274,-1.4722480633330772,0.07224500577360633,2.7988536255599272,-0.8971222737335455,-1.4009587495630667,-0.9634719391884857,-1.8648979776364263,-1.8613612549114262,-1.6999019509543045,0.013348583400727844,2.8585915195427667,-0.7611682538804797
Bearing2_1,acc_00858.csv,0.19348721368164748,-0.20783371344497867,-0.07301288771270051,-0.0600379839971698,-0.3869279988977606,2.027431881846794,-1.337684676205535,-1.4126073976091824,-0.39457512361842506,-1.0845479366919024,-0.45026773155437133,0.8102757116346936,1.1558283612190867,2.5000633061702873,-1.355804794853676,-1.6426235193498455,-0.631947314102621,-1.113040543157578,-0.8590756540063217,1.0533980026974348,1.194936792580698,2.451426311060184,0.8137002649310047,-0.19279052540943953,0.09469202459255423,0.04558921198001945,-0.10401471299832503,2.1929522548266265,-0.8690837388713644,-1.4229663076050683,-0.8180664794309227,-1.5245105607812668,-1.548447142304865,-1.4448684354309664,-0.46854616915721553,3.2262058008042818,-0.9492634468437544,-1.3720864868819567,-1.0385099552536838,-1.8947419297262338,-1.8440976527468007,-1.8604162989748927,-0.46105421500752736,3.22490654808628,-0.7611682538804797
Bearing2_1,acc_00859.csv,0.11005049029382001,-0.22355788471015509,0.19249657792354302,-0.1616158772158138,-0.40384460048280346,1.9757902622771906,-1.2861202875853446,-1.3958511539091536,-0.3508130713766843,-1.0465675318400762,-0.3458002708187026,1.0448568812775512,1.5429231148585434,2.2037510673181373,-1.3033457027368491,-1.644548628151122,-0.5906035162930496,-1.0575234410399024,-0.7519738338852615,1.5334577670279046,1.46967390028185,2.223024837823547,0.6882950070270626,-0.18939489235039142,0.12427020952824493,0.15050799511538188,-0.11227970328763041,2.0800791280563877,-0.8164376897815262,-1.4041177614677824,-0.8015337776047985,-1.5016345060129332,-1.534374220567939,-1.33579280249169,0.07892286457487331,2.7354541849277663,-0.9132950171532424,-1.3602463547193027,-1.0175075428795586,-1.87073358777331,-1.8225018036219756,-1.5568475150341712,-0.007759866234143606,2.834071330114057,-0.7611682538804797
Bearing2_1,acc_00860.csv,0.055263978647048025,-0.19381299661795137,0.14826849311980456,-0.14047719962151045,-0.3344427969716219,2.036337507946327,-1.3418386942933738,-1.3870057425262416,-0.3778547694678012,-1.0520396929729303,-0.45165628027410615,1.1511204127240715,1.603455372302539,2.294068795193208,-1.3371439461120793,-1.6201107628235567,-0.6455605791188419,-1.0998513091458082,-0.8235780072582503,1.4001389982546129,1.5039668990619266,2.2943526071601203,0.6358843295101774,-0.18228718905585936,0.07758478993807379,0.042661962523966736,-0.11766782677185023,2.186529787705842,-0.8947507810383816,-1.4156936810533458,-0.8076515832833819,-1.51182395284422,-1.5573867173455793,-1.4533598764446,-0.07065834977751524,2.9410856093658273,-0.9635422945728476,-1.3929843075907238,-1.0174462105323088,-1.899893808721929,-1.8555660047892322,-1.7307344566877962,-0.15475779225002456,3.0146100989174904,-0.7611682538804797
Bearing2_1,acc_00861.csv,0.2313886503681502,0.08551483963423427,-0.02049016105771077,0.6246306885262868,0.40077417023339945,1.8974784759888597,-1.3014459158099239,-1.367010618630564,-0.44492098130959296,-0.961709249564657,1.0652596913297203,1.5456406199289194,2.401023488014404,1.7568159705490094,-1.3065773174894824,-1.5975650356330715,-0.7100685694337984,-0.5728506720651139,0.06173861484256322,2.8098804164660662,2.172522191606283,1.7500089284515128,1.458933968007126,1.944794002714805,1.4551896949790275,4.236794170004106,1.5813103039232241,1.7663588760691313,-0.9052645621001779,-1.4550950859056277,-0.8351014647035969,-1.4984778579519265,0.02253382078860346,0.2705713601762516,0.2801982082322229,1.3905843714686674,-0.9431936900635547,-1.4022509073576135,-0.8982045253545995,-1.3339013482084072,-0.5132567264722573,-0.36363267324419507,0.6181006430879917,1.416945352439267,-0.7611682538804797
Bearing2_1,acc_00862.csv,-0.005808289079718956,-0.20277151082649525,0.35626956822870876,-0.17938733183049366,-0.36881240244361596,2.0346457715876802,-1.3320393142687303,-1.4029296239812488,-0.4097400207683495,-1.0509291311411288,-0.3430645961374715,0.9099756879896378,1.7755047915547024,2.2439979285429144,-1.3358390258755561,-1.6913162947076406,-0.6030236835518155,-1.0861654827569216,-0.737120749932519,1.3212994974549193,1.8555954926906197,2.1862052461017853,0.5404319104281852,-0.18814462852628352,0.11427098596364947,-0.06472187278491404,-0.04867570897234653,2.0695459197390966,-0.839709492525144,-1.3806942331460932,-0.8096018780535306,-1.484062914713874,-1.533880347351267,-1.3638120947380667,-0.029058176826835605,2.8348358461283896,-0.922025681120708,-1.3438342478960987,-1.017967425769579,-1.8471245888701393,-1.8244580947287625,-1.6425544352636856,-0.019746661115831465,2.8571222901858215,-0.7611682538804797
Bearing2_1,acc_00863.csv,0.07391943774737512,-0.2221736515628581,0.2024474550113949,-0.08360854485453477,-0.47730319829436285,2.020463386739059,-1.3336207676026344,-1.4167886564210102,-0.3728765759768508,-1.024462984020628,-0.3540089685423665,0.7615205038907119,1.4261983593129222,2.360378681802585,-1.3111109007591764,-1.7024651371146988,-0.6331735446015705,-1.0604209087962813,-0.7315217365169012,1.3505866942010265,1.3269797476393557,2.3388347065240516,0.6846642512471659,-0.19982298094865256,0.03502485392426853,0.025252531548495348,-0.21523682112910014,2.180578075585997,-0.8999485705180401,-1.4366319742622995,-0.8159083977645796,-1.4842664750855097,-1.5289636316749822,-1.3219895744006278,0.0001947694992623872,2.8299364845674937,-0.9322380652938554,-1.394158850155396,-1.023173937774905,-1.815249896964562,-1.798935164089808,-1.6054899203834256,0.06314354330767796,2.795306228451202,-0.7611682538804797
Bearing2_1,acc_00864.csv,0.07094970473880889,-0.12372691951769801,0.3582781770826773,0.27200761538237533,-0.3118114391538876,1.932219249957336,-1.2811771737926407,-1.387240201415646,-0.45563582352617293,-0.9672894338053181,-0.05100153727449058,1.282939358548803,2.1877442768627398,1.984327520970821,-1.3153176288254653,-1.633693588827066,-0.6606429955368827,-0.8737329137980087,-0.6508590314593227,1.694368383054565,2.2183057547778477,1.970062459044419,0.7464245257613792,-0.042992935022112426,-0.4385752451418792,0.882012227606867,0.10780044269340672,1.8359191210061918,-0.8663916345652124,-1.4277698610209204,-0.8129740109180799,-1.4359585428620611,-0.9075396229676942,-0.6644513318619243,0.04422167895372467,2.256611331644317,-0.9506037042884012,-1.374498445856141,-0.9960529426479131,-1.6942551920262956,-1.3480223458666236,-0.3503721822865006,-0.10082560248647848,2.296547333139479,-0.7611682538804797
Bearing2_1,acc_00865.csv,0.08931405627305594,-0.23627584622664585,0.18666583150237515,-0.18481230218655398,-0.6175648969296602,2.0661645668745665,-1.344337916209816,-1.444826169447348,-0.36345642995670524,-1.0441665475683195,-0.3962366723534666,1.0475426176693774,1.8920836751064247,2.1891296822999373,-1.3449690566488894,-1.726143008681597,-0.6203011211323448,-1.107188344502275,-0.767026540043999,1.4262254679333777,1.6546493209558815,2.284163605636322,0.6834506415373973,-0.20743187361695245,0.030904354529947525,-0.1000029320183912,-0.2867962117676278,2.1988132457240086,-0.8875907743689606,-1.4338555588996587,-0.8122617267194643,-1.5056497365967687,-1.5181672339007097,-1.4385886332676983,0.11948616594853013,2.766036493457058,-0.9460337032013777,-1.4070111143020012,-1.0273086885184723,-1.864841461333392,-1.8158104162232274,-1.7129886805116665,0.0038529697080295286,2.8942740270483904,-0.7611682538804797
Bearing2_1,acc_00866.csv,0.008129941723251466,-0.19774589967993947,0.33542433853142906,-0.11896438614058213,-0.3262950422468111,1.8454477086071774,-1.2674382489768112,-1.2653918450417545,-0.3305933267352164,-1.024468371230943,-0.2831953026437479,0.8432661662225445,2.277807993965307,1.8444748754509328,-1.2648907814887724,-1.5280841668088163,-0.49986653039628176,-1.0339824014923058,-0.7249225760892016,2.27920040415791,2.087696501859721,1.814906077936288,0.5268334625662058,-0.18795611735139744,0.048119424999402576,-0.0431526662666309,-0.11498915037273431,1.9346828130199052,-0.8046468025879762,-1.3608328552830296,-0.7979071286214979,-1.4655292554726311,-1.4554023535357556,-1.3586313097148357,0.3340517027489032,2.5076874665614732,-0.851767703589376,-1.3499598474413832,-0.8463710584959748,-1.8283817773965012,-1.7594000239482404,-0.9540621676522304,0.08116071358956052,2.46937936618701,-0.7611682538804797
Bearing2_1,acc_00867.csv,0.26483852341594794,0.5888598699253302,-0.13506905481304843,1.262345307278326,0.582234485696356,1.9034688693351545,-1.325300957635145,-1.2855924653019306,-0.48809553096948427,-0.9807902352300971,0.8474307496103642,1.4760442307618487,2.924230899744618,1.5892338064336602,-1.339574803892022,-1.4982738441233512,-0.7338651728373584,-0.6178928691544251,-0.134472409922442,1.9657608907155373,3.011639704265105,1.5880172752902233,1.349789405384222,0.9459239483596246,0.6628065162405815,2.9252323479316518,1.2664952085891124,1.702081114325951,-0.9136038082206138,-1.4468914980654752,-0.8353209433465648,-1.4601111182998698,0.25056543241270507,1.071609832017397,-0.3488489272997747,1.4417779032183742,-0.9783066304192917,-1.3897726871052847,-0.9155830832809579,-1.0511320445754588,-0.2723457940836373,1.4184190222083075,-0.5530934539185359,1.3861079642169751,-0.7611682538804797
Bearing2_1,acc_00868.csv,0.09409927758458583,-0.20776904530344625,0.1305883861844894,-0.1664796437419367,-0.3994147336257934,2.0153075562039677,-1.350093480846343,-1.4010711270261245,-0.4165868880796919,-1.0459329837463849,-0.3712357739545281,0.757243644072356,1.6537446960356426,2.3248088870333117,-1.3445366934225744,-1.6789567713193214,-0.6814722434785415,-1.05493403351548,-0.7975395545341994,1.3818241213380345,1.5832916306118272,2.313185081275523,0.6415917488759078,-0.18614883999595572,0.07066237159223557,0.006610574486265065,-0.07382896775574875,2.0821064644538554,-0.8558949968799874,-1.4005102041464914,-0.8116881724558456,-1.4949885832117122,-1.5311373063184024,-1.417808899693563,-0.1841875552336397,2.975577101688384,-0.919061177447177,-1.371319844137276,-1.019013401275071,-1.853049153574801,-1.8116515432462053,-1.6212419922012702,-0.17669629202909914,2.945704330529333,-0.7611682538804797
Bearing2_1,acc_00869.csv,0.1019366988063168,-0.10357197256975358,0.2828804968937495,0.2160743003319619,-0.02663186428795954,1.8692030430764226,-1.2841344160886863,-1.3388612561746958,-0.4256274847157614,-0.9986880740249442,0.8025243069668148,0.8875003071407075,2.021226990753041,1.9056052707304136,-1.227855268575595,-1.639081898383579,-0.6441327009078532,-0.687384794084609,-0.23805357180336698,2.2148005789990153,1.8051998827243367,1.8701296774472815,1.1787458111185976,2.247324914573683,-2.9268400350844748,3.538568141855115,1.555874442333699,1.795466564634946,-0.8792532292351962,-1.4299021824977747,-0.8338562855922764,-1.487503238829632,-0.6060152417195337,0.11676909580172018,0.5487052338461847,1.5132712627723042,-0.9425484866963006,-1.364354453582529,-0.9803281286162185,-1.380145127596006,-0.9902733306091037,0.6794960857214112,0.4705186302458582,1.4051407208174493,-0.7611682538804797
Bearing2_1,acc_00870.csv,0.26808063045997454,0.5757418321244862,-0.6930507529201535,1.178913004560987,0.5286628671175531,1.9264586121941163,-1.334752868455194,-1.3412872529647273,-0.4391160084233443,-1.0071799287805165,0.6751334274070455,2.6029325727320654,2.3654720038679438,1.789418075692225,-1.3455106757243156,-1.5732840659813832,-0.6953831501263159,-0.8628327533025169,-0.02707501120957408,4.9556269800603125,1.7002199709905363,1.8152329395683753,1.360926354831308,1.756101396641095,-2.3696532647766237,3.2592469174433494,1.3649550156793029,1.7673082694739375,-0.9084105292156444,-1.4503890739637009,-0.8342667445963429,-1.4618245844786342,-0.2158620587058372,0.2635699112175622,0.023250698518103102,1.6592113637950308,-0.9705517451971392,-1.401882889535335,-0.9995570195324703,-1.2622828607985925,-0.1513643390359136,-1.0777853539179731,0.11209265139653256,1.819598990727403,-0.7611682538804797
Bearing2_1,acc_00871.csv,0.10205048340224272,-0.2248109805729435,0.2303985848009377,-0.1584357221795026,-0.5529410654775518,2.0345051197642086,-1.3324010124718457,-1.4572146091107265,-0.40459972613989986,-1.0444112646887853,-0.42362163011112286,0.5294580747877696,1.0814344220763192,2.523244996441783,-1.3386409222944882,-1.7295496146373674,-0.6411931869769938,-1.097196880818401,-0.8062238068462291,0.8198858027023744,1.1162230569054221,2.5121745206287427,0.6928919104859449,-0.19306795599784274,0.08152957536952704,0.0725507201278731,-0.18758133010874306,2.2104288362222846,-0.8844390965776818,-1.4337335923658592,-0.8156892228339451,-1.487130232077676,-1.554574434229904,-1.4504858970296715,-0.20305676509849893,2.981959734678963,-0.960093002761999,-1.3971137139261538,-1.041102005975794,-1.8758104770587254,-1.830172314023321,-1.8397264685748624,-0.22977121820846733,3.0835703567872925,-0.7611682538804797
Bearing2_1,acc_00872.csv,0.07642832419705535,-0.23164428378837698,0.5224824325916498,-0.18967606871267687,-0.6452373888258193,1.9177132272761754,-1.292397700526308,-1.3988191733886806,-0.31801137874407703,-1.0336753999899548,-0.42528327936824556,0.8907102973075409,1.8823208461125458,2.0878817261205924,-1.3263944582493155,-1.5857603213152978,-0.6043096278284833,-1.0966477445552227,-0.8028909561128474,2.858693797320403,1.6218392282844574,2.0857448207750884,0.6407732488312983,-0.19731516008007652,0.03801893601588741,0.05529535491324665,-0.1456017069727272,2.0676564290191335,-0.8596795383236326,-1.3971382922714026,-0.8078594528660266,-1.4902204182736651,-1.5142296354078624,-1.3811398652418445,0.08714584964604095,2.7575007013985346,-0.9054220878322587,-1.383988453139441,-0.9952146958426462,-1.8634692302877573,-1.80593931513947,-1.1647158835068538,-0.09455545952780825,2.752402047486008,-0.7611682538804797
Bearing2_1,acc_00873.csv,0.0882133853083505,-0.20117114490859886,0.2619201207281476,-0.08491802045772165,-0.4351214549567353,1.931763488858648,-1.2894601080662216,-1.3331903485753145,-0.3836658007920469,-1.0450401266815745,-0.32708456974659167,0.8931727557898052,2.2660825536638627,1.920961095663505,-1.298388837318835,-1.5517906576712304,-0.6364649202686485,-1.0914654536794182,-0.7077882438962235,2.194849579652722,2.0409459338381044,1.9645228655023417,0.7647280286858632,-0.11419330118637247,0.014412333314465278,0.9485686362918547,-0.006063446409959867,2.059210282781365,-0.8852755594865186,-1.3961001534115418,-0.8066048359578665,-1.4998463302764855,-1.4406156440612259,-1.1255418633258847,0.45778548634724314,2.366978739195143,-0.9022358161310217,-1.3593709930747009,-0.9366918417132368,-1.86019920514382,-1.6528806022246383,-0.8213324386234544,0.3132221855098466,2.3244757335333928,-0.7611682538804797
Bearing2_1,acc_00874.csv,0.0562340668468375,-0.22241325235407755,0.17710974096993176,-0.15263661593681765,-0.5931141679536645,1.9742364857114374,-1.3000689922593052,-1.4063184043231634,-0.3133182327080215,-1.0413641777652185,-0.4085449035162845,1.1379389448874155,1.4676400176994693,2.2460875116246353,-1.3241814298722105,-1.6439491326945888,-0.531769751699787,-1.0919691571256185,-0.7905238827786802,1.054502077078724,1.3892180938716259,2.2912361398620162,0.6236697988235012,-0.1839621157452723,0.11875303671447403,0.04081317339382812,-0.10210455173275357,2.1100547658372077,-0.8847768607211307,-1.3603612330788266,-0.805413453693309,-1.488153279559826,-1.5122329232220384,-1.448796985971907,-0.009724274281691586,2.8304550889539897,-0.9488446730557881,-1.35034913780793,-0.983574473264465,-1.8855990299619412,-1.789583416335263,-1.8444366522547664,0.22134987374182116,2.772587524000753,-0.7611682538804797
Bearing2_1,acc_00875.csv,0.6214202781275512,0.12750154553086399,-0.407123188386262,0.8451837936916298,0.8400733653683696,0.9765403381449775,-0.7343156815867471,0.023255453159864176,-0.15820575580709875,-0.9803085151525193,-0.3287545904694342,0.28102733440804945,0.7325419757900706,0.9681479632800387,-0.7218169918429307,-0.00903541050659592,-0.3163153678655241,-0.9791849827548439,-0.6856991831045163,0.8600864159787174,0.675853846570159,0.9564873592348905,1.0420937613780965,-0.17688967215119783,0.02631708089272808,0.31412583313264325,-0.07006572055081324,1.190995946535674,-0.8043799620799951,0.2286071472854139,-0.7097313067720705,-1.3059602790575675,-1.339329612780109,-1.1830353636587663,0.04117614466099544,2.0675648618474645,-0.7362893221681571,-0.04691084241246289,-0.8398926480262823,-1.6644830943768794,-1.4968402056049597,-1.4449002667171849,0.18836832698123993,2.0358895051525923,-0.7611682538804797
Bearing2_1,acc_00876.csv,0.8026731207977321,0.018786773205926952,-0.5282966627097704,0.8315278338298231,0.3618418110994178,1.0030810716262573,-0.789444913629883,-0.22782872002602458,-0.015478154238271544,-0.9674134370940772,-0.18628739598005523,1.139558472244805,0.7968451201709528,1.0057130712198283,-0.74094114731608,-0.33032415971878437,-0.1374290772316519,-0.9659543166196075,-0.5729629416545152,1.2703932091459442,0.6931410867843233,0.9798303683691207,1.2653872937696915,-0.20375663333414232,0.15757029341266268,0.20134969619419193,-0.2830046344727739,1.1902283284910153,-0.8404433595351125,-0.04189755342811807,-0.6868396777737668,-1.2969537008061638,-1.2850786180292377,-0.9205524145736268,0.18577161109060664,1.9281880831977887,-0.8128088275740373,-0.21133442398122415,-0.790446250256733,-1.619768940787514,-1.5069409871440103,-1.0141211000454013,0.25153091909015335,1.8974963791691108,-0.7611682538804797
Bearing2_1,acc_00877.csv,0.7139405230079579,-0.03207273458608949,-0.30327470687073993,0.6551227632862112,0.47396371608982646,1.040591779842421,-0.8397545277778892,-0.3192228888664251,0.038641966868330255,-0.8573184853632596,0.0754383125942889,2.1794900916567737,1.2909180873992065,0.7847438747104224,-0.9242311247956957,-0.053840416501407605,-0.20683436324080678,-0.8366518375424429,-0.29859384226505625,1.8849568838406983,1.3487929485250825,0.7758749210656618,1.3817502639709378,-0.1885621239003533,0.12455669310615834,0.31828560867545513,-0.1340559991438128,1.1964163888678025,-0.8544619501448684,-0.30923133886620036,-0.6834187183000957,-1.2604529322806572,-1.0008362890131905,-0.8512312630282487,0.5570781764617201,1.5567418982399146,-0.7745475174024006,-0.528078470824547,-0.7931352065865515,-1.473087198951072,-1.2371174876299562,-0.6579612240165099,0.691281931890224,1.4594101771892476,-0.7611682538804797
Bearing2_1,acc_00878.csv,0.7725150446387761,0.007924572624558443,-0.4567183707667152,0.7426705607564237,0.44181964486321823,1.0795744584622142,-0.7824150627288489,-0.4100623092557175,-0.09046417799822469,-0.8296724581586171,-0.15832578180865925,1.007952562416979,0.9339882882920555,1.0591687458287888,-0.8314241350630596,-0.4041475257741944,-0.26415691017563175,-0.7777621681555297,-0.5193574462618326,1.330620423451225,0.799745003650945,1.0992410748051764,1.4076132282167193,-0.19717901115679046,0.00018270600813459785,0.2726821434653709,-0.22392938403814255,1.256643616343211,-0.8470295402209989,-0.27359141860149333,-0.6890708438756535,-1.327445706882189,-1.2859757292748928,-0.907538144690999,0.3898666936822064,1.8488652869898012,-0.8000082096723697,-0.46033758084766513,-0.8137940620832839,-1.5655702506794598,-1.5584978017999078,-0.7514115841123937,0.19043635628009886,1.9240327068602625,-0.7611682538804797
Bearing2_1,acc_00879.csv,0.7286188053200673,0.027092440088486287,-0.14585825231135346,0.875488800508242,0.45897959555715323,1.0298977142113972,-0.8577192852099965,-0.3823653317868575,0.073155627162493,-0.6378647255486499,0.0819105610463594,1.6182503515511375,1.4782749592277158,0.7153599966436146,-0.8147680725830254,-0.46074833397297826,-0.12052520586854407,-0.6744727588970333,-0.044834355318651806,2.284661509934374,1.395905020812752,0.6898750929487387,1.4478326072834429,-0.16300120777524862,-0.04744890328303397,0.9436385319448186,-0.07642768625387826,1.1514563716223734,-0.8563654323412256,-0.3869281289482021,-0.690393127442538,-1.192888048444497,-0.9817460521395471,-0.780446950104022,0.6152531392251317,1.4704171096234695,-0.8404541387636504,-0.5398226261883508,-0.7568771892920568,-1.4341592948114938,-1.2401995735266789,-0.6344741337801884,0.7255463826366895,1.4233461298046546,-0.7611682538804797
Bearing2_1,acc_00880.csv,1.0647491748193454,0.16227707251877369,-0.4644719735849543,1.5633376280680098,0.5744476379621021,1.189122261091866,-0.9719369846094407,-0.5737774779668098,0.02510955722712398,-0.8105505029015917,0.8352971387111319,1.4414188281495497,2.0650547393336156,0.733608710780038,-0.8493504739925024,-0.6842561375257405,-0.29468890649197,-0.5107826207359794,-0.006343841006379609,2.5867387375982336,1.8280515962736457,0.7249582101895776,2.5570120464627175,1.1535178682033083,0.898747899380794,5.26888070190395,0.9596339254184748,1.1637595742166778,-0.9096422269462062,-0.8349757559629167,-0.7543423854716476,-1.309286392344636,-0.020539877944001524,1.0651232296304793,0.22738159434929264,0.8871538479115164,-0.9346267100512226,-0.889539821051715,-0.7842255098537564,-1.1470335084463006,-0.21111079147625023,0.32712554919434267,0.4033431932995341,0.9745257472786154,-0.7611682538804797
Bearing2_1,acc_00881.csv,0.8081459817580414,-0.0325948729435996,-0.5478829266532973,0.6921622160620704,0.3540173148273458,1.0051657434880872,-0.7871100547325458,-0.3197236726810147,0.08837902970164645,-0.7938276775436593,-0.017407828653280055,1.607528199418833,1.7882960173053657,0.5314545855033644,-0.8994483902664396,-0.08826874141937023,-0.0886157101206367,-0.8115138317764152,-0.2715854139115471,2.536103634653329,1.646783807959795,0.5476935189231027,1.5230038070927479,-0.1912867421103897,0.07982588574753441,0.4338349293091143,-0.20562324312157226,1.1548860967548387,-0.8640039259749217,-0.34578076917761835,-0.6817680787780366,-1.1824363532597337,-1.175968459341399,-0.7771051758386682,1.0204803725295728,1.2573535225947956,-0.7895948911074472,-0.4893178848893055,-0.7761789257675933,-1.4547588522984056,-1.3689266716754787,-0.6696784699543559,0.9708986218565365,1.3284718751616709,-0.7611682538804797
Bearing2_1,acc_00882.csv,0.8727342850806941,-0.04790050836317858,-0.4632068731702788,0.7871927312647795,0.08598459999629335,1.0789596747522163,-0.7629290326400048,-0.3642233725779716,-0.15142420178048804,-0.8526317484056973,0.059243738953003125,1.384621935349275,1.5013508213479398,0.8082697877040229,-0.8338553317064821,-0.27852185646048616,-0.28865134645300444,-0.7782225278465974,-0.297844169232032,1.948661047972353,1.2150142875253707,0.8480006416451545,1.6260322147474817,-0.20993868207047992,0.06229453167781442,0.2524995287946919,-0.3372035667764129,1.2175134858594452,-0.8518396418424578,-0.4256075098065431,-0.6992973635572229,-1.2737541799690975,-1.1178453908071573,-0.8823219133453655,0.7791861071368242,1.5054966287544982,-0.7900267810464405,-0.5612719295120984,-0.7893387436220768,-1.4352743049718455,-1.3491540499670416,-0.7700381495437136,0.5962467668041669,1.585303794126732,-0.7611682538804797
Bearing2_1,acc_00883.csv,0.9672565803976028,0.0339815461363109,-0.20195465666724852,1.1113814770252033,0.5368479227662348,1.0688090425558223,-0.7956978824272124,-0.4926767760345477,0.008788331730780845,-0.7828069322850582,-0.11699038624900775,1.2580993341473157,1.487878964532888,0.8162719915048703,-0.8031721927828857,-0.5730590750954202,-0.08474841570174961,-0.7323501179685118,-0.51204342287927,1.9947239242069734,1.4291860766892692,0.7905780902932208,1.8054417799764946,-0.18955336900487638,0.16408071249559011,0.4859091564746836,-0.1169076666428828,1.2695848611223497,-0.873393316453204,-0.4553427701947668,-0.6955389111214507,-1.1808902477795873,-1.307153251995266,-0.7977635491177172,0.7793439167876899,1.5304676064370235,-0.8079052704354598,-0.6817717584681461,-0.7763066702950607,-1.5240723109357612,-1.492739893032651,-0.4546306269893314,0.8668714611006751,1.4475222560481604,-0.7611682538804797
Bearing2_1,acc_00884.csv,0.9749470202359966,-0.07542229829342746,-0.19338372364145656,0.7263956496882432,0.10563799067179153,1.0932637190773662,-0.8169987362688329,-0.5322056549609886,0.128388130178851,-0.7077365778535581,0.2644384969043173,1.7965602632685158,1.4874003706244125,0.7004948221402719,-0.909956712009231,-0.24944698706330254,-0.08910101535485283,-0.6819560513416929,-0.03827553379966332,1.7476434518120576,1.4158169449316698,0.7193899116145996,1.7941610965343409,-0.20372046598354182,0.06910267488603139,0.4245909836584215,-0.32548349931538906,1.2260252649778363,-0.8726428835970206,-0.45275794756705384,-0.6781238131205547,-1.1459247787738724,-0.9639085033730428,-0.8439797864912181,0.925786447720779,1.2636674463894264,-0.8376011614265141,-0.6208478558227828,-0.8123518846662839,-1.3706918642377954,-1.0831316842762866,-1.036982926032011,1.0585412949179047,1.3168958049686834,-0.7611682538804797
Bearing2_1,acc_00885.csv,1.0388733607022889,-0.012283094677697769,-0.370522219581338,0.9892261100421934,0.37087999384465836,1.148684652177269,-0.7866774642058045,-0.49033842311103926,-0.0909980611680221,-0.8551418567595567,-0.13384634378322097,1.974702092446701,2.0595438247022146,0.6620003393140526,-0.7779675591676518,-0.5677709742078302,-0.24869849903228988,-0.8196574004600198,-0.43517798023335497,2.5423121183536854,1.8488426901573505,0.6749366598975838,1.9408148510254482,-0.19052617559730797,0.005333573481844954,0.690046289594148,-0.2533137023285016,1.2962739984120673,-0.865288677539464,-0.5352011909303444,-0.7282671757136925,-1.2372964414161918,-1.1640695725040058,-0.8437937368588042,1.219973082646112,1.228606681977288,-0.8466785436289971,-0.6349853085917032,-0.8669941376504269,-1.493007768998257,-1.3242673221558257,-0.9583502544190642,1.3124080577591135,1.3076495727631874,-0.7611682538804797
Bearing2_1,acc_00886.csv,0.9341703832667722,-0.052857684660312564,-0.5894924463837322,0.7041345644340653,0.18233179476708372,1.1424803774040704,-0.8120218021984916,-0.6582687233539359,0.058553063982332856,-0.7901077896671478,0.13329185373851982,2.679913998541412,1.8012138145654566,0.692608180780354,-0.9504074929668699,-0.21378875873437017,-0.2103430469959783,-0.73257643539102,-0.21665222364100495,2.6275858705099493,1.7204386538677263,0.6732765095188267,1.8420646023697067,-0.2094742197598776,0.06956952134364493,0.3178234113929205,-0.37002804324044164,1.2401702338199228,-0.8713603054691126,-0.6323570401555278,-0.6835292177487565,-1.1415690763560016,-1.1462009422789574,-0.6739794289546774,0.9981464658344906,1.2798593472272364,-0.8365231584496959,-0.7574215938587608,-0.758190629254272,-1.3846362321042491,-1.344261792921654,-0.6671004489641722,1.0842937043384935,1.3005372473705235,-0.7611682538804797
Bearing2_1,acc_00887.csv,1.0603194782402554,-0.06811456633386435,-0.37498258260436185,0.9085998264745402,0.18390857317101125,1.1239783010241897,-0.8013028197041127,-0.565222074390873,0.0046932326126514715,-0.7790579350812118,0.011632022376488228,1.6988307702926968,1.9760408992173408,0.6589873113298056,-0.8888749771955263,-0.38733252094871,-0.209510039437208,-0.7877287340991467,-0.23483329456971772,2.5684035473521,1.6788769346294354,0.7158411779632974,1.917871089256513,-0.19980183305111082,0.06502712587564767,0.4098006706173131,-0.23483405417159708,1.2523119627874089,-0.8794489424704068,-0.5388572662652197,-0.6948719693856206,-1.1615261065400164,-1.1935051276678705,-0.7954434162700654,1.1411261341817946,1.2359536516539784,-0.8289241151791249,-0.6551086126284248,-0.837451410006686,-1.5132682082568505,-1.3609724540162562,-0.3017061640331103,1.043717416002967,1.274286633961687,-0.7611682538804797
Bearing2_1,acc_00888.csv,0.8690355501841246,-0.11408545788914508,0.022130691569431087,0.6459564340639028,0.04386936489467295,1.2084156352784063,-0.8542528800433447,-0.8392209217471057,-0.11482202181461457,-0.6661881557334008,0.4713868687769531,3.1013912893874998,1.864335904586409,0.8505806452258055,-0.7950777007460734,-1.0647612064309004,-0.26365540358477835,-0.48926402830502697,-0.02422803515058017,2.6715981024974016,1.8009448102982206,0.8251955848477458,1.7763911776839552,-0.1971727104783011,-0.008424668953426579,0.5319748189673023,-0.2287952932274339,1.2758328068887956,-0.8627071512444737,-0.7451866879000388,-0.7085946685044869,-1.155871930072902,-0.950046690258533,-0.7277321715889291,0.6193706116153359,1.5308911545288275,-0.8468353892105254,-0.8557584862957532,-0.8171989584523328,-1.2936749224299031,-1.2109676777486877,-0.7067911644890063,0.5929689086089067,1.569989183149831,-0.7611682538804797
Bearing2_1,acc_00889.csv,0.9209584454595673,-0.04324576745613465,-0.02542847930724774,0.7780264020424711,0.21762960022300717,1.119027776131177,-0.8683186871255002,-0.6623430476161771,0.04164884017633697,-0.69894875678978,0.2682737231525733,2.603588809955636,1.8028789733902983,0.740385575260767,-0.7622892639033085,-0.9335756080517096,-0.1370391328609478,-0.6376529810610235,-0.09183930106886204,2.948567833304811,1.6572896803667976,0.7216245560923222,1.9828969860858423,-0.19956712580940802,0.046682984770588146,0.4908392608217197,-0.2222633788017504,1.262652393918638,-0.8848204886786538,-0.7259350300983554,-0.7051710899422172,-1.1741618551514301,-1.1203422906629015,-0.8596413219617856,1.280585240917259,1.1859110659257301,-0.8501882590232055,-0.7290916794029897,-0.7986496568499487,-1.4080627888016395,-1.3950970945794963,-0.4480014753430425,1.4139411854425126,1.0855388485782282,-0.7611682538804797
Bearing2_1,acc_00890.csv,1.0283349238519282,0.07043146798554813,-0.1667844204857239,1.2095921472642237,0.5231321078174901,1.0189931411617081,-0.7734450343927438,-0.39985701139111113,0.1371236824694949,-0.8098888419743815,-0.022487429372301616,1.628935279079098,1.5050374661733672,0.6323924347475489,-0.9690701159863148,0.3378757023181776,-0.16003498809504962,-0.7149308496102554,-0.5146892163928826,1.8992458337984717,1.2276820886239315,0.6588968381031121,1.7752146461984366,-0.19690439653605396,0.07933072038918292,0.5909820053708907,-0.22235108873106704,1.1872255297345626,-0.8531251755646662,-0.4019481053625868,-0.6792065952759521,-1.2005037073187936,-1.1557138347541644,-0.7382381290501606,0.9070088272499287,1.3298029709030728,-0.8209385993492602,-0.5546975959629131,-0.7640641411929217,-1.5071579872773233,-1.3761894445708829,-0.43771934940108415,0.6851238105489615,1.4649448133194267,-0.7611682538804797
Bearing2_1,acc_00891.csv,1.1147679355266842,-0.050731327016975136,-0.15818357569747388,0.9104705059076644,0.31290779867215957,1.0610614535518086,-0.7509466009018575,-0.589129919542395,0.08449991165713067,-0.6972276406870874,0.4459668319974839,2.7348477574616883,1.7768261522379558,0.5100786347129598,-0.5708576966277843,-0.9748194658631936,-0.14130604078319248,-0.5477857679822559,-0.08474338510231087,2.2946049875101617,1.8240943231636324,0.5124158959503079,2.1568393295858774,-0.14548538343353695,-0.1606775217314897,1.348369285684316,-0.11959911263207049,1.1933953785859566,-0.8770340923319321,-0.6736330212661158,-0.6936417815567435,-1.178015367900858,-0.5834828884659851,-0.27964600625621105,0.8081129925881001,1.0589455444531157,-0.9071266180566108,-0.7956680294721687,-0.7832662115769098,-1.2650098566472778,-0.8328659605605769,-0.5024151520753873,1.0454039687335501,1.0860555610160976,-0.7611682538804797
Bearing2_1,acc_00892.csv,1.0307839303360404,-0.032506685809517835,-0.33100455609617924,0.8986852254789818,0.2523833575444326,1.0487050566043508,-0.7398488944988704,-0.46237042090848546,-0.03318819760797535,-0.8228325199458837,0.3156842183460893,2.3920883702375355,1.5382011777232203,0.6603259330543261,-0.6993046894003697,-0.47911013593475177,-0.2839167818643874,-0.5811463441932185,-0.33102720135374547,2.487926907616188,1.374165582104557,0.6609133644967742,1.8548342062799479,-0.20432927914975307,0.04073580246279358,0.42690197007109476,-0.25150466671619437,1.1894492153470013,-0.8624965186823613,-0.41155441019131,-0.7049825778768947,-1.1963574394178995,-0.996069448521764,-0.7081633517754481,0.9205905432682027,1.2593236041023026,-0.8213635362942123,-0.5743499202221896,-0.8090048571177337,-1.3377181830448202,-1.3436350063226021,-0.15299758608345607,0.7281112475667347,1.3076383189098855,-0.7611682538804797
Bearing2_1,acc_00893.csv,1.0941660823875405,-0.06118708212038962,0.35518673697252784,1.0294457178543637,0.00897508757743166,1.1523486521934863,-1.0069841009081448,-0.94070700850177,0.3876530749707094,-0.6243687285800602,0.40281233532095573,3.4059636202510952,1.9616319730713363,0.67213357587437,-1.0545588696378043,-0.9415733837299226,0.3502722520975584,-0.4891110094659375,-0.0014823571382975211,3.096816965585288,1.7633163667382472,0.7136493535412441,2.2421165069724616,-0.17160646457044038,0.12992272083695625,1.511524926419043,-0.2151156020294919,1.2347123356604868,-0.8741058938225827,-0.9874020619587736,-0.6634827758688169,-0.9816837541998763,-0.8084324937080715,-0.19596254369464805,0.7049286106249566,1.1786536021556817,-0.8783672137724567,-1.0928360773449064,-0.6321687482314047,-1.2844195445606743,-0.9558176723426655,0.18417014096533194,0.7085376253344247,1.127289839207928,-0.7611682538804797
Bearing2_1,acc_00894.csv,1.2870863549737057,-0.1239673197833058,0.14181115313974585,0.8360174644693213,-0.033662373074803416,1.0398961274498775,-1.0099857349113708,-0.8457655470479591,0.5756872204061073,-0.5177045468222277,0.3258650850266684,3.6228267021417446,2.0233829796271676,0.46173189307497026,-0.9654474745156447,-0.5592975601791745,0.3649105614296411,-0.47178608563599006,-0.13051785484792366,3.9429692078350373,1.5559784723195185,0.43776531810659985,2.4004031390200473,-0.2060395814253829,0.11354352111510316,0.6151703298235368,-0.34105858653048715,1.1342367692351143,-0.849831220926865,-0.8256900849803888,-0.5597522857028588,-1.0808583250784543,-0.9951842186061128,-0.5034608983514016,1.2497312384937027,0.9253509215412635,-0.8971211505095085,-0.8177338890630458,-0.6900706856500451,-1.2375652436545999,-1.3094781805965827,0.036592288563077516,1.1006951923570432,1.0156053192716297,-0.7611682538804797
Bearing2_1,acc_00895.csv,1.4701644212180118,-0.1519555107737715,0.5204079091956675,1.0657368988569729,-0.21665585446737906,1.0475977988921474,-0.9555249363394425,-0.7535407849821196,0.4432125174541316,-0.5933262634675753,0.8402003850755059,3.117084741243102,2.1029764016577417,0.3886266462393723,-0.9580525259408871,-0.7019654301590511,0.27589126865758834,-0.33228852409616905,0.16159633227332215,3.034148602337604,2.033298723932574,0.40336646175817387,2.687475832666002,-0.20284639175397526,0.06960623590064453,0.6435184298189947,-0.25119352960770563,1.0762930527730348,-0.8319509413913594,-0.7768353539654197,-0.6468790061730275,-1.0046043129881248,-0.6560436013890512,-0.4096276460511959,1.1233711961302948,0.8267756535492348,-0.8260135205944547,-0.8588152217498154,-0.712370114038062,-1.0427945990991192,-0.8703608960837163,-0.15597648043985696,1.1856397920798418,0.7986360498930842,-0.7611682538804797
Bearing2_1,acc_00896.csv,1.4990067816619608,-0.16163353414061024,0.29270990970880423,0.9190756313000356,-0.3912797096771347,1.166929775909973,-1.0839501934084574,-0.7539711637822293,0.4341403228721724,-0.5993388560206406,0.3264176705315326,3.1036969991900576,1.988228277670254,0.6490401001737005,-1.0855194190217006,-0.7787028726346605,0.3444108771090361,-0.5171303033960105,-0.021985706355873234,3.1521903891508964,1.6632197861502063,0.7103582212720525,2.8564572258748906,-0.1965602997962651,0.16688996937678413,0.911438787928239,-0.20356289965790142,1.2510015866531463,-0.8524721780533505,-0.8460808003064694,-0.6470245054565834,-1.1799943134035933,-1.0187404451743003,-0.5879285223204201,1.307023561615499,1.0140047590090329,-0.8683954850111051,-0.9101565084687964,-0.7366434752932597,-1.3706546688315846,-1.2241121383297133,-0.4127443691052713,1.258372161886989,1.1131239524094987,-0.7611682538804797
Bearing2_1,acc_00897.csv,1.4703484399306996,-0.15351313472647385,0.13645365913659624,0.7830772365119066,-0.0667859143611995,1.1580004028871982,-1.0980995171595425,-0.7258132278300562,0.20066047709992088,-0.519227000428324,0.5032423796483928,3.8446733091212053,2.2353866448012414,0.649542317608955,-1.0745074291273953,-0.5644513644734208,-0.1149361828468826,-0.37705824748389455,0.06135143955310311,3.621075938980555,2.0130783145277613,0.6501732553604069,2.9812904931049546,-0.18807507631583903,0.04070324725676082,1.2380582009193823,-0.229674101100379,1.0958819598346075,-0.8422898044644953,-0.7604795484112333,-0.6349066201426813,-1.0706271516319343,-0.8210944392633388,-0.5963538689638043,1.259329701994742,0.8901235183219814,-0.7559598569924052,-0.8185928829202347,-0.7697268662106902,-1.1536068100342078,-1.029236317248989,-0.34089567833571427,1.1930819779715154,0.9440387271339221,-0.7611682538804797
Bearing2_1,acc_00898.csv,1.5303401919797592,-0.20069041208497818,0.31097168229309713,0.8635164521362471,-0.4116494242672593,1.1720513911186903,-1.19122608917747,-0.7404272814129597,0.4113621968286199,-0.5732151268240304,0.6521948781763983,3.4335524150995504,2.337119497414444,0.6005257855389338,-1.1880614408296133,-0.5339784110828488,0.23108515836303936,-0.49031802373179995,0.20246221730013944,3.6260359545055154,2.123286911133887,0.5530455727082038,3.016098093544868,-0.20303389978790107,0.05145334603997281,0.7498238048019608,-0.25030035752873825,1.1227692461304788,-0.8781030456341289,-0.7371046400238678,-0.607923262139852,-1.0481915552377172,-0.9834308968495635,-0.6276082736910394,1.3225129933174902,0.9068357322206565,-0.9040688870651405,-0.7482538450040092,-0.5504798748673783,-1.2815429765617683,-1.2208206431468143,-0.10695952380621582,1.2601363654048092,0.871830767362761,-0.7611682538804797
Bearing2_1,acc_00899.csv,1.6586913079334225,-0.1513501164037051,0.16237412820652156,1.1590838025698704,-0.13047695666953724,1.1101958299398078,-1.152352780269824,-0.859836152270354,0.805347572143676,-0.4188378655500253,0.4889904453972968,3.9395768073261137,2.264564214100386,0.3313931327068273,-1.1584352487298462,-0.5274492782218178,0.48776314035440727,-0.2667539380146013,0.13326414280137905,3.848399198349569,2.0747434819875967,0.3468778787440845,3.0954170429666723,-0.183490455792757,0.15818560152727743,1.2921352829759347,-0.15001806906724224,1.05272657461688,-0.8043833132499403,-0.8461338757868843,-0.5517304020675643,-1.077213185323396,-1.0123856762182126,-0.25130726254304386,1.3908553056466522,0.7270929330599306,-0.6898393193028522,-0.8707969108188378,-0.7265776831113658,-1.2275738432995482,-1.2738294831052877,0.18145506885685142,1.4159944657560157,0.7504511955860286,-0.7611682538804797
Bearing2_1,acc_00900.csv,2.2028057068781335,-0.14260421915045077,0.4875418234133154,1.4230366705836948,0.0067579492641355755,0.8146957858834992,-1.0891853358956598,-0.8600974714778504,1.6581188415283425,-0.39946444231652656,0.43547503868875087,2.099570219465756,1.396385449770093,0.06844364095627208,-1.0935636154389436,0.06343791547559673,1.0433396601412601,-0.32506741012116314,0.15987086704168868,2.3848949310393817,1.3288693531715863,0.07598967498343887,3.344607502184643,-0.2032561939247599,0.04102095407525061,0.9008082504299422,-0.28722095345317994,0.7710478374913161,-0.8284170899472832,-0.3761872667923627,-0.33204153140004466,-0.8868090330204254,-0.8047013661514635,-0.5234273794521507,1.1486936213484866,0.593414982031391,-0.8171940708478832,-0.2906715219123319,-0.4232342020161195,-0.970992508141603,-1.022319978184179,-0.15037557087733514,1.0505173988141128,0.6270400425449041,-0.7611682538804797
Bearing2_1,acc_00901.csv,2.353674204086624,-0.11353412941816288,0.1448712168358194,1.6811904323548341,-0.014722213602971441,0.7343090685965324,-0.7246015603063205,-0.5119810525264312,0.5238120001573398,-0.3513509874350982,0.5823651379066757,2.4321962612252754,1.6046102721402875,0.10149895274777399,-0.7960043522769202,-0.00021790566582486641,0.24354895775752233,-0.2660864891558104,0.340653843697609,2.8067038710723353,1.3513229969494915,0.11373181576285267,3.807854728042671,-0.19972303598152846,0.15969304677641397,1.0812192563792953,-0.22742909757789728,0.6359149276938058,-0.7127223595238416,0.3046451386599256,-0.4915599101885377,-0.923390888505312,-0.757441922767637,-0.5264219354855707,1.0598825493947728,0.5323425077908258,-0.8119072011723609,0.09126616229689814,-0.43054374459630196,-1.065375737218521,-0.8467214377089131,-0.003529448627010773,0.903676080277349,0.5431385267359294,-0.7611682538804797
Bearing2_1,acc_00902.csv,2.4813722630292845,-0.091638251842738,-0.04133725175573062,1.8923901403545564,0.24034243501948355,0.6912661479709287,-0.7964096983712123,-0.5627674965723485,0.8794099803709867,-0.5120119629124437,0.16443052130197594,2.8080790963904643,1.352985838300089,0.1451545926728154,-0.8165143216988024,-0.3921035323006598,0.8112206087517183,-0.37109368404141857,-0.11894986932381973,2.8938646588962387,1.1368604056314413,0.16098380002993246,4.058640442031501,-0.1899299863954217,0.08384049652838836,1.574383756843753,-0.18221736195571436,0.6042639746269063,-0.634233118566505,0.3226558004302617,-0.42516651324437554,-0.8669482073675311,-1.0104210288030533,-0.5647345860286962,0.9131898680171113,0.6844068439299769,-0.6502597127590717,-0.05861503664502389,-0.3599564547051046,-1.0098422129324005,-1.2320359829706442,0.022249305114661562,0.7702449997495536,0.6963462477039221,-0.7611682538804797
Bearing2_1,acc_00903.csv,2.5280655087693527,-0.10937723987576105,-0.02696707448564585,1.6473311346152861,0.11737854659975733,0.747871127969676,-0.8390420237827869,-0.617421483716913,0.9575193453823496,-0.40860619709358487,0.4036667046573603,2.4575625367112766,1.340890534230259,0.1353164415178738,-0.8497069366927,-0.2067971083530786,0.6209033084241783,-0.43415869014998226,0.24345715569624116,2.6362252677173528,1.150520684834333,0.1957549086593684,4.147343615959848,-0.20207336279395943,0.08769746997440889,1.2879755074331234,-0.2930150743926613,0.6910764815339849,-0.659459532924726,-0.1868469899455902,-0.40211671191511594,-0.8012584857303087,-0.7595644604614328,-0.5758228845506048,0.9916220586483253,0.6145206977032582,-0.6133557423370087,-0.4217917143158833,-0.3722691910657576,-0.8486131647836326,-0.9939756069064992,-0.30930300844181446,0.7842130143322655,0.732816898954935,-0.7611682538804797
Bearing2_1,acc_00904.csv,2.4678937621854473,-0.09483853775539076,0.2747787355243295,1.9735776277521464,0.03304047753668785,0.7777495670821176,-0.8203674198115075,-0.6895447971071436,0.6981867772974515,-0.39325519417503657,0.21716247286934018,3.4256305323371685,1.8712942524024483,0.11176288210468327,-0.8045863964869312,-0.449865997573288,0.4538266893568064,-0.4330443959961122,0.19814273739794713,3.35511049387277,1.6850474787715646,0.12235626641781264,4.190040896174357,-0.18168442667228238,0.23660192388003295,1.790538019309118,-0.14755789990341037,0.638747434011789,-0.648889024367436,-0.22130996195716468,-0.4207619648987403,-0.7843875222011018,-0.8299114322805191,-0.541452829812761,1.1832163796346191,0.5032613089928587,-0.636800390368131,-0.3320250957151291,-0.5045193462210097,-0.9549161171808681,-0.9258094497859758,0.04194927299666147,1.0573291589718392,0.5258705521129446,-0.7611682538804797
Bearing2_1,acc_00905.csv,3.09657401603194,0.09526259180163096,0.2532282026739401,2.7364407005801947,1.1140654012037632,0.4157782234650928,-0.6763539266727208,-0.3635498256733354,1.2353133015708582,-0.5647462888024151,0.2588552519445719,1.5455213310543683,1.1241993751816861,-0.21233908586861103,-0.7554151506421447,0.37625444159610605,0.9604128570738345,-0.5198798854000597,0.013899462130565199,1.630141416408034,0.9547412520152212,-0.16818136578998932,4.283392839867916,-0.16817352253098736,-0.006563657941248001,2.101750856215774,-0.0506766958835097,0.25523370277495494,-0.5595250555037344,1.444497063038397,-0.3160487960239826,-0.7508308847461816,-0.7132780055057906,-0.603257543663833,0.7969096232085418,0.23890880690931957,-0.609978334524092,0.8800857981701182,-0.04394422102375473,-0.824133696045549,-0.7889882525923443,-0.5449625255136435,0.6495593947998832,0.3183217518390554,-0.7611682538804797
Bearing2_1,acc_00906.csv,5.375525852788864,1.073128712551339,-0.9527117713244458,7.146006260340556,4.64166364752832,0.08732101407248812,0.014121894842541626,-0.46290623225011046,0.80852817379021,-0.44529701169484315,-0.09561494750928064,0.9889405305119909,0.514785763614133,-0.42086562720499004,-0.06530658943049464,0.38369364647680365,0.3464484705943677,-0.5003180197354294,-0.10965986729443959,0.9749740726764687,0.48077410698147877,-0.4076418988836362,6.041166699864739,0.148735790215236,-0.09501830039608737,5.297999130703632,0.9173347671424572,0.12730000270699865,-0.43833355278781266,0.7968949760144762,-0.3242712243025132,-0.34352055025451533,-0.8500504260833209,-0.13027306632510527,0.7355412593861672,0.13053637668372484,-0.29142697807364354,0.636724611510617,-0.3712916142160507,-0.7646732504253932,-0.5902428564747542,0.4094610104552485,0.477399783695632,0.16667148722430525,-0.7611682538804797
Bearing2_1,acc_00907.csv,4.87322585085364,0.9771843796449466,-0.5596166369402644,6.659442539784952,3.4560077633494086,0.10589387954251143,0.1519566431530441,-0.6687587102151399,0.6591756475454086,-0.5709836632878841,-0.21406143868115585,0.5761198259893486,0.6654908325575537,-0.3605030662095175,0.025098249128127737,0.12609537344551233,0.28883070525719146,-0.6145858920370615,-0.3287777819529204,0.6810587806265553,0.5866838556985611,-0.3201479597242461,5.486960768045228,-0.03846829208760233,-0.00836546821221608,3.922500017880553,0.40103371524270304,0.2025630739248556,-0.37847449723241217,0.75822673823225,-0.38347430035409813,-0.5305071764305608,-0.8461046965282857,-0.434785671163412,0.9966997799328474,0.15731765381271345,-0.21968719837127923,0.5163155836475348,-0.4561289311845294,-0.7447579709497556,-0.826333728476867,-0.14210693003932104,0.8851377788955925,0.2241449955331553,-0.7611682538804797
Bearing2_1,acc_00908.csv,4.333901074031884,0.7950462696221176,-1.1120600898635922,5.226127958125192,2.9587688839287507,0.03585321062838839,0.3455153853557398,-0.6343552695457972,0.4992053652529295,-0.6784915283809543,-0.20999097308643175,0.8066685504300288,0.335313299564017,-0.35841032466855954,0.3750008779259407,-0.4182303563938927,0.3496692957252604,-0.7714963229193624,-0.36966089402222846,0.6960567031528594,0.2375968680192695,-0.34347424221406014,4.74316498951511,-0.11224700759312982,0.07192364339404458,3.6348592423831643,0.06428075433012698,0.15589604068991253,-0.21136875399154983,1.0680528653985848,-0.33478316190100005,-0.6683246316700457,-0.9041015384283301,-0.12005502827939947,0.4871957144331158,0.3520900834984119,-0.15672020861448158,0.6776454800315216,-0.22955248373105364,-0.9965786879904656,-0.9153261136624428,-0.10025194979670508,0.4813475450851846,0.40855529566326315,-0.7611682538804797
Bearing2_1,acc_00909.csv,4.154380896553589,0.7773198550124243,-1.2153109035970635,5.657506635403631,2.988096065640203,0.07185585751120917,0.3889475649903563,-0.757798624866262,0.2581197059075325,-0.7713986950043774,-0.30161526148801965,0.9898167302150779,0.7932022999489527,-0.31824207044695657,0.2405067925914114,-0.19644028303075756,0.2283004020635005,-0.8645641717156697,-0.6335754360144648,0.5139225390706962,0.7403609966045492,-0.3292571434571516,4.86637641075891,-0.11954557457051264,-0.15468433458149575,2.9582024207524555,0.11159239689147067,0.29201451314809435,-0.3671620686119685,0.2651135468011777,-0.3799938771458079,-0.641096897922819,-1.0807899263192207,-0.6467902779874177,1.3244932220176406,0.2699387152677457,-0.03319909712189733,0.10949010322074303,-0.26479720362270776,-1.077380725926193,-1.0714845282199317,-0.7001694783066912,1.4390785067743845,0.24889705730835252,-0.7611682538804797
Bearing2_1,acc_00910.csv,4.119661385610141,0.5275318388759441,-0.4909126478578232,4.730397908347277,2.575128029635485,0.2543945830940442,0.11849248691955647,-0.8135634343689401,0.5162804948684027,-0.6275928719408015,-0.17611599783275034,1.142308826229944,0.8143127863814126,-0.21283456506718784,0.07566934700731232,-0.3215138432942099,0.20481429969249929,-0.6921752040166796,-0.3613231756552677,1.8005051255965228,0.584328487586006,-0.19651030739159508,4.787187650937755,-0.15566192353020364,0.13044991441993048,2.32298928878902,-0.0423643870810114,0.40787807417709565,-0.29795589184669996,0.03628380888353176,-0.3368381732380292,-0.7479350891634586,-1.039331501361662,-0.2710419865159047,0.9399038945580175,0.46027278915869774,-0.2879826641901443,-0.10607161656489132,-0.27324017178659765,-1.0748201264078707,-1.1706016269820252,0.09741769361013237,0.8689069904742319,0.49856155633956795,-0.7611682538804797
Bearing2_1,acc_00911.csv,4.565234404863067,0.5246589128443598,-0.6831113032749357,5.540215034946743,2.9633192032038314,-0.05182362507715276,0.5239430070541575,-0.7389040038902289,0.3697433182345352,-0.8902364346169114,-0.23774010185992595,0.8811005752375008,0.4814206650180548,-0.42247695103175215,0.463280107409951,-0.2976135874628287,0.1744555886201494,-0.941058270459712,-0.5172410466920202,1.0528496360658772,0.30056532637566774,-0.40612811818318156,4.843794520451796,-0.15276724591407873,-0.06666726752896669,2.7344989360056915,-0.042071554776254044,0.25695594539490113,-0.18123163694272112,0.4016434281739544,-0.32929032441828926,-0.8917074900741997,-0.8069676457931454,-0.33804531603762134,1.0223447964818575,0.25872339712365955,-0.11823029201787075,0.07525304891570107,-0.21328268280878815,-1.1610970840275718,-0.9379785498327362,0.534839022417409,0.7475136048358267,0.2685650989912023,-0.7611682538804797
