bearing,file,h_rms,h_kurtosis,h_skewness,h_p2p,h_shape_factor,h_spectral_centroid,h_fft_band_energy_ratio_0,h_fft_band_energy_ratio_1,h_fft_band_energy_ratio_2,h_fft_band_energy_ratio_3,h_fft_band_energy_ratio_4,h_fft_band_energy_ratio_5,h_fft_band_energy_ratio_6,h_fft_band_energy_ratio_7,h_wpt_energy_ratio_0,h_wpt_energy_ratio_1,h_wpt_energy_ratio_2,h_wpt_energy_ratio_3,h_wpt_energy_ratio_4,h_wpt_energy_ratio_5,h_wpt_energy_ratio_6,h_wpt_energy_ratio_7,v_rms,v_kurtosis,v_skewness,v_p2p,v_shape_factor,v_spectral_centroid,v_fft_band_energy_ratio_0,v_fft_band_energy_ratio_1,v_fft_band_energy_ratio_2,v_fft_band_energy_ratio_3,v_fft_band_energy_ratio_4,v_fft_band_energy_ratio_5,v_fft_band_energy_ratio_6,v_fft_band_energy_ratio_7,v_wpt_energy_ratio_0,v_wpt_energy_ratio_1,v_wpt_energy_ratio_2,v_wpt_energy_ratio_3,v_wpt_energy_ratio_4,v_wpt_energy_ratio_5,v_wpt_energy_ratio_6,v_wpt_energy_ratio_7,temperature
Bearing3_1,acc_00001.csv,-0.31156053053327665,-0.1318413941518831,0.8325540248472647,-0.2070733874407319,-0.08750595035107225,-1.054433749191307,-0.414500171200956,0.34204974657217097,2.080680241783322,0.0906944745450514,-0.5791227259876378,-1.1416217821799584,-0.8221225338534763,-0.7269239795293713,-0.5005614025657901,0.9262238882482229,2.26978601691233,0.14266149126106992,-0.6170714270409285,-0.19205746869975687,-0.8397572341112737,-0.7200256896590211,-0.6562065059847492,-0.20251276882086983,-0.06010099966367452,-0.5127451053218219,-0.27675798403552604,-1.2077179945208318,0.049052014325182636,4.261054757599298,0.6921200777084464,1.302015664718774,-0.37912518849614524,-0.9317291901108083,-1.4335318477014551,-0.5015284608943611,0.14722742646072032,3.8330911540546353,0.9244735467956144,0.9578309199002734,0.17304582140602998,-1.4285970299674495,-1.5775013348087097,-0.49747607543940686,-0.7611682538804797
Bearing3_1,acc_00002.csv,-0.20758015752993156,-0.22434096179618915,0.03219627011619875,-0.34868382052823366,-0.46869667876888355,-0.941914698453321,-0.877708277074646,-0.5919862758721646,3.89243556076283,-0.6216705528246904,-0.6326078356520577,-1.2007579224683322,-0.8140511149501705,-0.7301336293173175,-0.839859867152181,0.02631487301813359,3.925055470908591,-0.30019306982101157,-0.795497228238721,0.23303214556767596,-0.8036835327416424,-0.7196666659076005,-0.6331083410484241,-0.1930946231123473,0.09180112411599901,-0.43971793468134934,-0.20195774481753012,-1.1036112870633112,0.033825091462394916,3.542895050370245,0.7618228306054798,1.5154188076401698,-0.6212403693783534,-0.5678251458717325,-1.3632751930182632,-0.5203790733659321,0.1024914933391425,3.110493877697977,0.9479679948193259,1.0484205068925905,0.24127185131625284,-1.293134154448634,-1.4266998081758437,-0.49678108821972844,-0.7611682538804797
Bearing3_1,acc_00003.csv,-0.18946128257392122,-0.21020016312570378,0.38438061297617404,-0.30434871796319013,-0.4327829652187104,-1.0129127002933016,-0.7962074743151226,-0.5115018365305359,3.728996556493051,-0.7212313355416697,-0.6506827737824693,-1.209324845169868,-0.8063561931482613,-0.7319889364903926,-0.8111907895533864,0.3645489292924128,3.7287271116535377,-0.5686605711778216,-0.8318837348979647,-0.14895468109339,-0.7988635625896935,-0.7219184284450774,-0.6649667598578304,-0.19677811078581042,0.023669619173311042,-0.4970303977156443,-0.21506125613436805,-1.158466841040525,0.11306740146255838,3.118113541680523,1.0561417447502215,1.69045904880987,-0.6993552213614096,-0.8163825686736654,-1.335278319516482,-0.5634695718235004,0.158017451475253,3.1146920399502993,1.1091185434447852,1.3441242704955214,-0.09980366577453648,-1.486946147044433,-1.4115924675116522,-0.5185759429842016,-0.7611682538804797
Bearing3_1,acc_00004.csv,-0.10630344555753299,-0.22513765187132886,0.11056223926620203,-0.2893832824981966,-0.6000370934486706,-1.0786462392998732,-0.611563525866354,-0.4647775607294167,3.4046062273961613,-0.779958409823373,-0.6474142682202279,-1.248124583107197,-0.8154540721788399,-0.7323007669515336,-0.6209696228043972,0.529150014637628,3.2115955409147103,-0.602570349886204,-0.9175032640280084,-0.17180558873132112,-0.8044618643913362,-0.7223994293387912,-0.6750879199169625,-0.19952863118587696,0.1380511845983063,-0.5141316971694259,-0.23447523979100784,-1.1377207749007003,0.19742409536194075,2.886796001748978,1.1527185220873282,1.4296508066953404,-0.6369158936277086,-0.7864001269596029,-1.3009735775732636,-0.5231670892210267,0.2632440120574414,2.7444417187699286,1.2731210560048656,0.9168760805582808,0.07191690102523636,-1.4163853243877411,-1.2728830689828905,-0.5340852361694914,-0.7611682538804797
Bearing3_1,acc_00005.csv,-0.10049495919765383,-0.1972912910331814,0.4748370430073592,-0.22540604588534902,-0.2932212678975488,-0.9186168339171944,-1.0703588559926334,-0.5045829910449376,4.213559229564166,-0.7645845305684559,-0.6787090396255839,-1.1928715018733373,-0.8098363781106057,-0.7303086172762209,-1.1191638116086202,0.48912221039160814,4.255695001550041,-0.586031797647077,-0.872982479729789,0.042339233028521626,-0.784873148438648,-0.7214769154794123,-0.6660679173718059,-0.186289618293656,-0.0406124227863975,-0.4230788325101024,-0.19058043110521672,-1.0575327117580362,0.09817895601709908,2.529674621304524,1.2173174988960285,1.4953260115094869,-0.7678784148957426,-0.7761206018822039,-1.2729747602790502,-0.43838034723734,0.3170831809127864,2.254996071019101,0.9922858566436278,1.4046428549224688,-0.17087268012924933,-1.0551207007234038,-1.3768369458967091,-0.4329459073909067,-0.7611682538804797
Bearing3_1,acc_00006.csv,-0.1305616275264257,-0.21143106622154648,0.23120044072024554,-0.2409326851802799,-0.33124400180830693,-0.9744333484120651,-0.8088402406160294,-0.5023137729647889,3.742439811958151,-0.7182627348386348,-0.654779400860602,-1.2128978650550415,-0.8104712580834318,-0.7299804674516073,-0.9059760015625186,0.5264500016589893,3.780977973295778,-0.6016919098351876,-0.8963590548009073,0.0549994355164342,-0.7958301385781815,-0.7223547592043186,-0.7052051766104299,-0.10606498708668707,0.22033774469321815,-0.22895597384555488,-0.1654014384900319,-0.9546275412266733,0.30385517390382466,1.8506677731589525,0.9823636856548139,1.5960004115607331,-0.4219615743072137,-0.5751289199813256,-1.2671475274869557,-0.46955577368110124,0.32480381313753964,1.472230875558381,1.199800513910722,1.4697176455996976,0.09362888277475388,-1.4523596592463237,-1.1486202327586337,-0.4595103926118122,-0.7611682538804797
Bearing3_1,acc_00007.csv,-0.1900705035253206,-0.21895338208004078,0.1578566383075121,-0.33409252094986486,-0.383745137387853,-1.0057487772423768,-0.8789022540724625,-0.620034496552999,3.969568415570986,-0.7496879638337144,-0.6517379199553296,-1.203903167792605,-0.8168781312037637,-0.7299601561536154,-0.7866069416599532,0.11831961602041978,3.9240681958482444,-0.6599675536769537,-0.8829949260004604,-0.041856422560048255,-0.8013686929729867,-0.7200761456413286,-0.7275006526052331,-0.19473251555497786,-0.1636187680188901,-0.4685282319593417,-0.22765612846260833,-1.0841504969465943,0.426423682844619,1.8931487731895087,1.3827047821316891,1.374896686408228,-0.6923232334802114,-0.660188069253629,-1.2927889025437873,-0.4535019285593901,0.6801182362921742,2.0202705170696063,1.3961967056465396,0.7229960136172878,-0.05599296781876836,-1.2166942277370565,-1.2932898941082749,-0.44346962360614345,-0.7611682538804797
Bearing3_1,acc_00008.csv,-0.23825376952738342,-0.24004714469520552,0.25327426582191276,-0.3511157037912951,-0.7339024830093067,-0.9425225442897293,-0.8287932762922352,-0.40554247993825215,3.6841061923968796,-0.7083908025090229,-0.6277658666857933,-1.1899523533388656,-0.8091092133407416,-0.7258182334036124,-0.8481036808344651,0.46566331077974427,3.6182083752092065,-0.47805472100446417,-0.8393403182689791,0.16122218054828769,-0.785622696894653,-0.7167106366959837,-0.7218377750240289,-0.2018734808115036,-0.08671787040191549,-0.48193195315284615,-0.2708606904812005,-0.9929567971119014,0.48484161551154015,1.9019665944824127,0.9124922330579662,1.5104005858532166,-0.4390325405127121,-0.5956107039073917,-1.337742024723854,-0.3890743229361878,0.5385408723860843,1.8542778658086225,0.9546185510800916,1.1750022812619128,0.06965842371298546,-1.0646055836155608,-1.309322001740654,-0.41067270113323767,-0.7611682538804797
Bearing3_1,acc_00009.csv,-0.20631726754461066,-0.24440911064634516,0.2665554502043008,-0.40648781501177145,-0.6081288952206942,-0.9814053389853749,-0.8359560503489687,-0.32383160612230927,3.6273639460675198,-0.6678402689578449,-0.609857962436773,-1.2077385922384425,-0.8220261568638595,-0.729683162978572,-0.8520691463511918,0.5077038482797306,3.579720913375007,-0.3740317170878981,-0.7689510793857376,0.04806884165416896,-0.8143222757600421,-0.7219841884779933,-0.7185403612024325,-0.18356532488231653,0.051663613740422026,-0.4045909412087169,-0.2024760715564591,-1.1296805664468756,0.4148719974527818,2.4055862140010693,1.1459642446822467,1.1500535678222443,-0.08521029344238408,-0.767096852417785,-1.4105568252741123,-0.5020181961165509,0.44217780468422985,2.155855334853964,1.3818948550867756,1.1937026244338071,0.15246807760312206,-1.34455587661369,-1.4558247165179696,-0.5224642294377615,-0.7611682538804797
Bearing3_1,acc_00010.csv,-0.11876544050393051,-0.22762681433234438,0.25618647331962285,-0.27572732263639,-0.4913842204047215,-1.0111340098701946,-0.7986417463867954,-0.5314203216440364,3.8007955561292834,-0.8403392202828738,-0.6642500391029809,-1.214281449760216,-0.8196475394074825,-0.7301092002948713,-0.8251489620067933,0.43613116945671543,3.738100603148355,-0.6575273751410337,-0.909347348838126,-0.05133739259987582,-0.813950717143501,-0.7214382240922947,-0.7199762559522853,-0.20783880697187626,-0.0012895130787293448,-0.541863534121504,-0.3421317090050561,-1.136650257719435,0.7523674409243376,1.7995903113093297,1.2520290336871234,1.4341870528384868,-0.598612964721034,-0.5722205888895838,-1.3439962778574144,-0.5077380331277433,0.6351978615074427,1.8387849642008856,1.5172602568563784,1.0734600979171602,-0.062090581605624806,-1.333791915586346,-1.3408266184694393,-0.5009835071446851,-0.7611682538804797
Bearing3_1,acc_00011.csv,-0.10725370617262574,-0.1805216241141999,0.2847552617867494,-0.18462523424324148,-0.31037201142006005,-1.019851970578968,-0.8536283543123613,-0.2676756682209374,3.672756032631409,-0.7887383893198457,-0.6549985232655429,-1.2460473089924502,-0.8291257412755898,-0.72955920867572,-0.7749634130968962,0.24421794937553562,3.7326091377378567,-0.5034471766950663,-0.8516286598164488,-0.011815731258178634,-0.8182164789160001,-0.7234776142364922,-0.6960792118927408,-0.20004969900213726,-0.009782443661202208,-0.5045796199970434,-0.22726810509882386,-1.1288773913586634,0.5267658514454634,2.051288306553289,1.0653592561451959,1.5802820685104133,-0.3541467664710849,-0.6336250164115523,-1.47566730519718,-0.47289860747693424,0.5938808565304617,1.99013950197131,1.2113378776070727,1.1601603277884989,0.40107131788546235,-1.4001321317484983,-1.3893979380577288,-0.5416731360432249,-0.7611682538804797
Bearing3_1,acc_00012.csv,-0.18253832942266834,-0.18514011798722455,0.5104562530782811,-0.22914740475159734,-0.3417026791210679,-1.0810469535727676,-0.6045441358361381,0.07079808717784547,2.990550626428371,-0.852355551141372,-0.6204237878679828,-1.21611862962984,-0.8163888743047691,-0.731007882857828,-0.6254865573849226,0.7250271482471733,3.0484891505037615,-0.6237652990098235,-0.8641596018606004,-0.15381106704771885,-0.8201694557722677,-0.7229291855430717,-0.6910935836251342,-0.2033401935366655,0.043030653090301844,-0.5136694998868913,-0.2963610910873005,-1.2705599300993284,0.866619624671772,2.8862121394322076,1.041793805758623,1.1996131416472584,-0.5429635148107825,-0.7132611360383133,-1.3931944593951713,-0.5364074887326739,1.129800668933018,2.564670342067768,1.138733272091382,1.0170016957296775,-0.10745273423255151,-1.3758506099285257,-1.3921897195940993,-0.564563954031433,-0.7611682538804797
Bearing3_1,acc_00013.csv,-0.18871505487915605,-0.2509612289218821,0.2184749100802695,-0.3324089094600532,-0.8206793730273396,-1.0573535421357145,-0.666560400964826,-0.288162596708694,3.4022083220167185,-0.8854296111673495,-0.6711692565335315,-1.2127354953472158,-0.8201470173830894,-0.730905358387883,-0.6730707758832009,0.5041013811205619,3.427762258529391,-0.7788177297390659,-0.9702207963773202,-0.20642654041284536,-0.8001874334755087,-0.7229881327813048,-0.7109305069218752,-0.1978410466606666,-0.014059931593048284,-0.4954897401071955,-0.24115067404154483,-1.166951211394758,0.8845117914675288,2.044230952281414,1.321934520153369,1.2662149303910126,-0.7304519378328634,-0.6064698338657997,-1.3127600465813387,-0.5172049659027098,0.876963782738301,2.311260919298785,1.0272143478397342,1.1805947694634813,-0.17286580650824981,-1.1317531537195955,-1.3422457181688598,-0.5222649859750764,-0.7611682538804797
Bearing3_1,acc_00014.csv,-0.16794842663447349,-0.1954224080565771,0.863738466406007,-0.2564593244752108,-0.3764341378168398,-0.9621633127938851,-0.8201414838195197,-0.4824467244037303,3.7810966151296186,-0.8138885123013053,-0.6560887524575058,-1.2047816120071468,-0.810071338245408,-0.7294615218992262,-0.6447086824831262,0.20161614591773586,3.569576525720919,-0.6728182844158138,-0.9161265936414738,-0.1043600196865577,-0.8048021699265266,-0.7208122988391155,-0.7098882124764831,-0.19659218724090058,0.07269653044765374,-0.4762315200015856,-0.24410668901637167,-1.0356020556890433,0.6154667657940402,1.5289003734837088,0.9686407447051736,1.9109834850158647,-0.6045981741503327,-0.7195744217891439,-1.2485399330425269,-0.48345991337572647,0.7613919488046936,1.4110184579360439,0.8891165955037118,1.7266567522728633,0.1277501496973122,-1.2985168804276235,-1.2743385284560624,-0.49438745489596003,-0.7611682538804797
Bearing3_1,acc_00015.csv,-0.08599762229931567,-0.22175474101722653,0.3384936794864665,-0.27853334178607625,-0.44329690305690717,-1.0320853196815716,-0.8255079486359461,-0.3069962652008679,3.680677750834994,-0.8571615782603815,-0.6800794688023267,-1.1590085510851533,-0.8238324400467081,-0.7319142017806417,-0.8804515386468842,0.7262159435744477,3.6457411050069704,-0.7676463260144197,-0.9557147232888047,-0.054784569763726955,-0.8041454697749995,-0.7232557997836571,-0.7016290027860099,-0.2007930328334608,-0.01314883143972936,-0.5209105906466006,-0.2502895658747544,-1.1423649885867546,0.5624100218334841,2.402405882092066,1.2753180848562833,0.9872296693176542,-0.43354852644236713,-0.56601849090674,-1.286298323576356,-0.5397472164415257,0.503321274363097,2.1960187912838194,1.4345006295317042,0.672520443457632,0.002656344248917366,-0.9093361018935557,-1.3323093660078227,-0.5325956105312166,-0.7611682538804797
Bearing3_1,acc_00016.csv,-0.1230902491927798,-0.23031224072597903,0.34156888163011373,-0.20071307736810967,-0.7245692669872223,-0.9877535925570395,-1.0342008112084906,-0.3685208961520939,4.099783541309446,-0.8923814800667408,-0.6563558170519589,-1.2053570670623168,-0.8271399158607315,-0.7308865772827504,-0.9780921299970519,0.5564021070959977,4.037368899023868,-0.7835764821527972,-0.9938129532765353,-0.11312427052220841,-0.810782006210265,-0.7236763033065956,-0.6960781361364815,-0.19658698151177123,0.08823553715183438,-0.4734583363063778,-0.22444557421024547,-1.294126625866375,0.45565608003242514,2.789288628715734,1.428244512629928,1.2001613630212125,-0.45314808951106045,-0.8447872742364199,-1.4372035700148609,-0.569436533994775,0.8003837939627939,2.823779450380137,1.3885510346799692,0.9819125118539391,-0.03257096417798779,-1.4959779896511485,-1.4751438123118343,-0.5887068769957506,-0.7611682538804797
Bearing3_1,acc_00017.csv,0.043752422429211645,-0.16726365192341416,0.2634348382297767,0.015350397157735325,-0.3051941260671611,-1.1032703326413784,-0.7452983032139383,-0.0191824508274965,3.377928865093,-0.9815296045699955,-0.6942622667106636,-1.269595153888848,-0.8310876731506032,-0.7327951225232037,-0.5627037743780958,0.5373338998470801,3.222653004333162,-0.8316251560441412,-1.0271554469394892,-0.3351934532912026,-0.8069310625544239,-0.7256442030984166,-0.6448219126667595,-0.16048563976306404,0.1959460700735491,-0.3354154145893663,-0.19807883598383233,-1.1427562127638815,0.29236724586223983,2.6961874512913773,1.0153001212411674,1.3056360674264373,-0.29234873553676644,-0.5599808618483538,-1.3260645613646844,-0.58841982837407,0.7125155704567746,2.457840948201048,1.1596377681402974,0.88831466997416,0.23857866472691025,-1.1282735470309837,-1.3985232777328735,-0.5883762577100763,-0.7611682538804797
Bearing3_1,acc_00018.csv,-0.12945776980656742,-0.17269611989303385,0.6332050803350802,-0.22690258943184838,-0.11235512592998584,-1.039556275350825,-0.7742947438043383,-0.1222847897848654,3.464683115255124,-0.9010487911658535,-0.6827013833961109,-1.2472907054066866,-0.8208045696993689,-0.7293545330337593,-0.763112199395145,0.602120361548494,3.5544043279752113,-0.7910135837913959,-0.9793498256500394,-0.28305494476127063,-0.8061543144978334,-0.7223168886522173,-0.6742094766055408,-0.1991529103072392,-0.011248566616368154,-0.49918731836747254,-0.2576061663913217,-1.1496635867789815,0.500474420684168,3.149653935805616,0.7459834601468038,1.6363945906628656,-0.5771349588635187,-0.9814100440833344,-1.2554071443209793,-0.5383986750756915,0.4908607981279135,2.9207506089454562,1.060700546576075,1.1854679652538689,0.0545617820243016,-1.5827902884058542,-1.3176839374061322,-0.5567354844466992,-0.7611682538804797
Bearing3_1,acc_00019.csv,-0.05297021678762504,-0.21599050239765305,0.15191665352557066,-0.17920026388718116,-0.4841674035139127,-1.0544300628861414,-0.9635334348583061,-0.2287647547745624,3.892870994259312,-0.9225597651581585,-0.6953409095938954,-1.2696202289962333,-0.8287142881374977,-0.7319667471146825,-0.8158843955601413,0.5881283988455245,3.7062200725184176,-0.835964398156717,-1.013463560961428,-0.1903450859323668,-0.8230030774185509,-0.7251297098562357,-0.678080379559285,-0.2027881004667477,-0.03832149502254443,-0.5033470939102843,-0.3279675362322891,-1.2296980159929918,0.4951331548299301,2.9245635595135737,1.4438929468454813,1.1564695221460926,-0.6506068618436354,-0.7787404489506727,-1.3904454398163923,-0.5720347654091362,0.5585462326995887,2.771328666846902,1.4564636695612536,0.8208151831168079,0.03128594175054105,-1.2870673850519994,-1.4504980550352689,-0.5856720992473804,-0.7611682538804797
Bearing3_1,acc_00020.csv,-0.12978859445604454,-0.23957119486410827,0.45848746367603127,-0.34344591811548597,-0.6558700466722045,-1.0631263379698581,-0.916137016208008,0.2451213242599393,3.421592734132311,-0.8954190530437083,-0.7012531281689133,-1.2339050426872669,-0.8232657295122975,-0.7300927827209039,-0.8181749752310602,0.9098760677468454,3.4142826186630457,-0.8326038247483963,-0.9819615470319856,-0.2582362757524099,-0.8113432121812553,-0.7238415699419851,-0.6393613545626698,-0.17757904054999718,-0.01063076514448003,-0.37239119719213726,-0.13262262855555595,-1.2518753350995124,0.5442491362063295,3.608482492408555,1.0555303943354997,1.0878750930691918,-0.741091978128694,-0.656366579532285,-1.3370957540883928,-0.5659867800961363,0.7220455796909545,3.4462217262210473,1.2991835341673004,0.6565818221562815,-0.30846287267417344,-1.2484895914412177,-1.394211449466925,-0.592389986298082,-0.7611682538804797
Bearing3_1,acc_00021.csv,-0.09541879820013313,-0.239203040265269,0.4540263461482541,-0.25776880007839764,-0.7229008337960666,-1.0121205015316577,-0.9607654610607428,-0.24609295643644152,3.8924479145683546,-0.9168443041639793,-0.6817569967936824,-1.2564394966848567,-0.8299687022624487,-0.7287035493367099,-0.8872279288564184,0.6666643890850794,3.7605371558442124,-0.8183378979716941,-0.9787061742375964,-0.19096231068008143,-0.8107412209667263,-0.7217185517671318,-0.6560286264090035,-0.17849912229935397,-0.09905415124093807,-0.3620687912155304,-0.19614986852897207,-1.2078061657195773,0.18485571748936241,3.540374189204883,0.9775819569168147,1.4125730560001746,-0.583286118113094,-0.7533149146249831,-1.3779490372260934,-0.5657618643576057,0.25926490859000945,3.306532935781647,1.0521236890242167,1.2530101898716188,-0.019475975313463685,-1.4509888481985869,-1.4329150148938097,-0.5625516565875612,-0.7611682538804797
Bearing3_1,acc_00022.csv,-0.11728203962568728,-0.1606555391561069,0.6543652750381844,-0.06153452754366916,-0.3478716807057982,-1.1100158158946338,-0.8668493815872286,0.5047452756137797,3.137163242685397,-0.8848581932115989,-0.7040298904300715,-1.260059911878799,-0.8306738437920193,-0.7316876284006392,-0.8255266684427094,1.5232148730732047,2.8364503269366157,-0.6644123270087728,-0.970513108577199,-0.3904851891647706,-0.8146219979273777,-0.7239891691630781,-0.6592213380409805,-0.19030393222157133,0.07786166467458887,-0.43940980315965955,-0.24017273373663836,-1.4118278635428612,0.5556885399678628,4.981434415943755,0.7663201185799782,0.9435635049317783,-0.6465147528904038,-0.7862843430741835,-1.4642361607377146,-0.604073673432622,0.8598570819208214,3.9074439806427,1.3887882032959127,0.7922811762697041,-0.4538349849492976,-1.602713061077454,-1.496473640029387,-0.6169662521098187,-0.7611682538804797
Bearing3_1,acc_00023.csv,0.77894717961538,-0.05181713709499095,0.9979145188033174,0.17791243989622815,-1.5476590493352005,-1.3259086698501121,1.7082029893965098,-1.135306070118491,0.1539613428222934,-1.1510674926969267,-0.7922308234010927,-1.3526973598549563,-0.8649909319027839,-0.736101684309971,1.4410436791048504,-0.9816430382451012,0.5920142285875396,-1.1464115861880426,-1.1492523087368565,-1.0660253806050055,-0.8881108712485429,-0.7281017498894253,0.01596327188392564,-0.19003258260269015,-0.013952191764382112,-0.4002770999050604,-0.847741205134642,-1.615420300363523,16.291833541114162,-0.6012363885856328,-0.4957213281924534,-1.0069770038526182,-1.5139920753882845,-1.6314067260144633,-1.9003917065767082,-0.7359663149958828,14.005161075594858,-0.07099360654730648,-0.32238336340252277,-0.9527081239972193,-1.372186901881269,-2.3831769876415647,-1.974565444022316,-0.7348604585757923,-0.7611682538804797
Bearing3_1,acc_00024.csv,-0.11072617563200078,-0.22103860612722528,0.8329751750814846,-0.2983625437771927,-0.567059753005236,-0.964026512295248,-0.7718433406939469,0.0839081912151533,3.280913554582877,-0.9153943313240395,-0.7032285338774008,-1.2104633127362647,-0.8112767096382234,-0.7163255503705106,-0.7629206149303718,1.0334945358540852,3.1294340717180567,-0.7662195127564152,-0.9664538397108592,-0.3347596508337074,-0.7981183804992465,-0.7080629803826742,-0.5539941253909472,-0.18818474633891902,-0.01362326822008911,-0.4233869640317922,-0.16921210394964817,-1.0097020892635442,0.9935779602160302,2.7152406622167007,0.7284800072602731,0.7772466781990972,-0.5547544700772854,-0.43037179462456376,-1.0615493872764286,-0.5088610312553954,1.0074817318074591,2.344276444101193,0.9669845677608195,0.7273919336935899,-0.3648983076847894,-0.9950464699923776,-1.0335480086431768,-0.5247236363268961,-0.7611682538804797
Bearing3_1,acc_00025.csv,-0.16775562798615787,-0.2130456726006227,0.3923181974909341,-0.29312464136444505,-0.507589450582336,-0.9228370672567353,-0.5139782623528368,-0.09849911694109675,2.940301743550902,-0.9042715426357919,-0.6208110184907291,-1.2002724851410211,-0.808432643990659,-0.7018645936445133,-0.5133032575043324,0.8027555686108626,2.773051998364162,-0.7866313446397107,-0.9285319887524055,-0.3724730886029619,-0.7969564353926964,-0.6920855659435856,-0.578149172492488,-0.10721263134840989,-0.02606560087551767,-0.13512992549102368,-0.07053148914598568,-0.7895686914857595,0.47485711455144025,2.6248963937508405,0.7750034630285134,0.5169406336798018,-0.577057031146811,-0.3116601697509804,-1.1365918901521244,-0.23847542136026484,0.49176568753215216,2.6405217648384967,0.8095294233101125,0.1542616638748497,-0.17843145497802754,-0.8566974030719021,-1.0268529384818679,-0.3042671821189947,-0.7611682538804797
Bearing3_1,acc_00026.csv,-0.20755337078743258,-0.22263748033157857,0.5468234486163652,-0.3374597439294886,-0.49196876882633633,-0.9004814433025019,-0.9350196814738361,-0.1540562254398036,3.706760834365954,-0.8233069370051707,-0.6765500000323144,-1.1795059564483708,-0.8019377743055471,-0.7204373195746361,-0.8563373756917508,0.4844901301831131,3.7838120253989738,-0.727001708963027,-0.9530237785930822,-0.16235246864125003,-0.7864919063364034,-0.7139758155261731,-0.5867863818897527,-0.2011950637718021,0.041219796311997084,-0.47777217761003443,-0.2521195329552979,-0.9622327912076944,0.20300260301611517,2.2549398358039574,1.0443473890065136,1.1172187790993398,-0.6939408679448342,-0.16819350855968496,-1.035458054743477,-0.5562346795824513,0.5741603902428017,2.20390141158646,0.9626758183069873,0.6948773141847838,-0.10663876895298952,-0.7037563174365125,-1.045835642768036,-0.5371837942972741,-0.7611682538804797
Bearing3_1,acc_00027.csv,-0.10141928049434891,-0.18667169661046498,0.6213037946633715,-0.1397289278482607,-0.41759615889903723,-0.9974443636218108,-0.783491114127902,0.034606589491273855,3.2953035818240664,-0.7566164658235486,-0.6507326369669749,-1.2376316634365747,-0.8284395891421198,-0.7257504807367924,-0.7384901399179551,0.7471160956816947,3.302458471224216,-0.7003119503208355,-0.8561607746898424,-0.26352677243825046,-0.8150715967303898,-0.7177250428454665,-0.5805779152034316,-0.09858157326580122,0.17987743439574289,-0.11494731082034451,-0.004699409519520672,-1.030399261750157,0.25691241643259133,2.2939892781695295,0.8547655901946869,1.3029615678159563,-0.2266674128985282,-0.5347527270442449,-1.112127054920311,-0.5833919921912082,0.3892001297544768,2.2395573270332703,1.0480393846918763,1.3941606589562976,-0.1981463089650857,-1.0430522872340282,-1.1787384569423505,-0.5769870277064368,-0.7611682538804797
Bearing3_1,acc_00028.csv,-0.3013503814840053,-0.22913325171221458,0.3735627437276606,-0.34213644251229897,-0.590803416523491,-0.9605309038028607,-0.6572599899307768,-0.06209480084821042,3.1392413047170664,-0.7782622755695224,-0.5967658740989159,-1.120110306470292,-0.8231309786953733,-0.7229888235829323,-0.6713448390903912,0.8401463655920178,2.9438254996573816,-0.4241650793285967,-0.8233420708759966,-0.14960431619994566,-0.8181179718393023,-0.7154831339616308,-0.6746487092430677,-0.18183186382382457,0.13425726225606183,-0.40551533577378623,-0.17326851453251493,-0.9896141112668083,0.5255906002404801,2.0077435083871777,0.8003944888700385,1.3284814256820212,-0.3950681144383028,-0.023389597949401406,-1.3494713631412243,-0.5015748523720138,0.4657660213021849,1.9919018131300927,0.8302454183961027,1.1677423055382277,0.20377382880866288,-0.7690423162248111,-1.2841248003936978,-0.5200493472963188,-0.7611682538804797
Bearing3_1,acc_00029.csv,-0.15145949309594692,-0.1657885126510772,0.35198921865292404,-0.20856993098723126,-0.4192311921976832,-1.047436556120475,-0.6268535168523413,0.5034188095693002,2.674633057844333,-0.8018827403534998,-0.6722612930062973,-1.2129320033349638,-0.8227795315000002,-0.7263725089495267,-0.6049999195748044,1.1936064066253291,2.505035234890082,-0.4133843977941659,-0.885224662433376,-0.1737687061222419,-0.8273372944819735,-0.7166378835006846,-0.6613624082864874,-0.18278466817482533,-0.10895180662011157,-0.4389476058771249,-0.1389818140174698,-1.075690312228318,0.5844909815167416,2.0613843540167824,0.8863044846030397,1.4892530967745656,-0.45513006989769617,-0.3380442964338215,-1.3142627135588505,-0.5319834348709692,0.7395186834105417,1.8227155215343145,1.0426640221734527,1.0763439022208106,0.3064282211995366,-1.0877997311111591,-1.3078877634697628,-0.5371084418418398,-0.7611682538804797
Bearing3_1,acc_00030.csv,-0.2597317497131191,-0.2485667243259017,0.4486027246254822,-0.4255687452296382,-0.7309189929773106,-0.9646973117717912,-0.8705902312470001,0.23574957898526872,3.265016384429376,-0.7345323634172332,-0.6299151686270329,-1.193425197363766,-0.8187073823538084,-0.7245402762619118,-0.838676535717204,0.9862413734310486,3.1546554137395715,-0.44714276018475646,-0.8178341204814963,-0.018196707674692215,-0.805871852318276,-0.7171106076400408,-0.671720662804988,-0.19241890674079687,-0.14921115295092405,-0.4649847194599095,-0.18974446511266846,-1.1987164370292802,0.5746049884166631,3.0867119435624844,0.8581866038284125,1.2022318112641774,-0.4772979348029841,-0.49589776076729,-1.3930880479583914,-0.523404478636306,1.053098682938068,2.512106893510558,0.8445216799338442,0.992386427962762,0.08979012972839355,-1.1524036060161544,-1.404837604179368,-0.5212951414167437,-0.7611682538804797
Bearing3_1,acc_00031.csv,-0.19863505970323705,-0.22343508763087278,0.5630601552308776,-0.31295384335556153,-0.4938067693623833,-0.9912953222270855,-0.7788221188406748,0.2150090778335035,3.15926327007898,-0.8152521179610827,-0.6708881084435409,-1.194009082646729,-0.8143022243009124,-0.7247627703845709,-0.717436386756213,0.7724929064605307,3.1476477768968096,-0.5457348843488454,-0.8420440850496111,-0.11241362061808426,-0.8167841556281646,-0.7160234376992162,-0.6679410937959888,-0.2033505754702774,0.1499203368649543,-0.5002657786933867,-0.3401088683027124,-1.013722531428977,0.7597715320175455,2.3031789001698346,1.001250837756759,0.9005642294765263,-0.5305561099446475,-0.38807400505121276,-1.171547905242722,-0.4864374469278,0.8758668358828977,2.293576864944821,0.9374869310815911,0.6217792131648766,0.10074378486331281,-1.1107832212207003,-1.1653863027982034,-0.4834864568310597,-0.7611682538804797
Bearing3_1,acc_00032.csv,-0.13752277088966977,-0.20319984595366106,0.7056580251687616,-0.2781592058994514,-0.42081617343170097,-0.9780841701203884,-0.8010404252206464,-0.06946774480311813,3.4415360181428842,-0.8565675091736443,-0.6727976899830698,-1.2387367495314663,-0.8151917718347316,-0.7260171191230675,-0.7486225290378781,0.6002501664658738,3.471292853953995,-0.761745165259789,-0.8959667409719445,-0.20547437274365507,-0.8033223665652961,-0.7173609207905495,-0.6490789445899444,-0.17585211705436832,0.1326907639585865,-0.32617146893867355,-0.15915167403397457,-0.961586778357968,0.4421314265997644,1.4621645556967033,1.1418776266095165,1.4579244789211108,-0.5179432846927735,-0.3908757108483534,-1.1902213697015205,-0.5074144154700831,0.38427186139977987,1.732142701765875,1.0205866064956044,1.3703574873331303,-0.0413718381307215,-0.9956680594538341,-1.1432783412219114,-0.5163486831622661,-0.7611682538804797
Bearing3_1,acc_00033.csv,-0.15638244653122718,-0.23756102023041276,0.43128861261521045,-0.3206236290313707,-0.6264556157385477,-1.0013564823099113,-0.8216686381116826,0.06499071447021268,3.3507024901464475,-0.789009016044271,-0.6624564922423033,-1.2290603749622881,-0.8258108565410317,-0.7267704586047498,-0.8257160530006308,0.8873879868132232,3.318150801699473,-0.6560192892132997,-0.8552223973542765,-0.07658468203931759,-0.8109314543257454,-0.719197481610115,-0.6276558710762647,-0.19116935021152326,0.08381468435289803,-0.43771507979036584,-0.22480738417516205,-1.095083517099023,0.7515591343664588,2.52874089495973,0.7092955656415243,1.4516728343166494,-0.7091144067548834,-0.2860874298126829,-1.2554341639836557,-0.5319967194429929,0.9068054332967639,2.14305848686948,1.00797771828553,0.9848492532247143,0.011063375093230918,-1.147824277572518,-1.1876152157944844,-0.558740614495246,-0.7611682538804797
Bearing3_1,acc_00034.csv,-0.11962179878456203,-0.11943261675286529,-0.14139802062594625,-0.0892205831539074,-0.06304172668842406,-1.0515963180641275,-0.9462335675568062,0.7178231738792874,3.0865457233441114,-0.8664564150459129,-0.6789603948727878,-1.226898607630678,-0.8312225218069711,-0.7273969192543138,-0.62711773621987,0.705749140392437,3.131624187380709,-0.6925403381408645,-0.9375578750842996,-0.2472927740188172,-0.8374873233281213,-0.720093036214779,-0.6467507624766019,-0.1952575980584546,-0.0875646643060529,-0.4481915515278177,-0.24153048025249535,-1.017428822003293,0.3570706742084835,2.258701418196187,0.8599864718228595,1.2778938081588653,-0.45448332320590423,-0.25698683967316166,-1.2136633667169885,-0.5159396036838539,0.6072783575345322,2.135643084469747,0.9683727324926092,0.9861134333938402,0.03331514276596652,-0.8949924981507448,-1.1881727824239978,-0.5461695289330669,-0.7611682538804797
Bearing3_1,acc_00035.csv,-0.1148303205316587,-0.19769371325220647,0.5438897755929194,-0.23999734546371773,-0.3382261278898787,-1.0522027098663205,-0.7993007426466898,0.20512818758560414,3.2409120508989635,-0.8821420211502767,-0.7026430099491237,-1.2561858244484863,-0.820698540308736,-0.7253261720483517,-0.8201122779537309,0.8658549529032036,3.4234388062309122,-0.7645929639779138,-0.9440193305796399,-0.2878328468843941,-0.8225004044673072,-0.7175656613679389,-0.6413968222207588,-0.19066789699906397,0.14538297254708457,-0.4266223450095346,-0.20681003220447128,-0.9961629341073046,0.42207667617842687,2.3609516648782347,0.8783744170117195,1.3819248508156687,-0.7884369175341814,-0.45156655643007065,-1.0616339792413754,-0.5077408822073132,0.44622456461789456,2.296291272381971,0.9549446244507,0.98959327018693,-0.09871968650137201,-0.9446039022799091,-1.1199017251930607,-0.5183254018480761,-0.7611682538804797
Bearing3_1,acc_00036.csv,-0.18677257547126866,-0.19841799401488358,0.30993172517344647,-0.24617058759302757,-0.4719503876610642,-1.0006575093471104,-0.8618561560648458,-0.06069103832170376,3.523125460178952,-0.824544103159461,-0.6539207513272343,-1.2089018395932731,-0.8169775694897047,-0.7257812314789183,-0.8856653951016299,0.964007638139591,3.4481701238788354,-0.7792168256212222,-0.8760270982914069,-0.23656483511164977,-0.8033010766443717,-0.7186211511497865,-0.6494503388667456,-0.18939692296648125,0.008852124152689534,-0.38656524718986607,-0.24628732697424427,-1.033677889173274,0.4267551854571079,2.4070898041109516,0.8132676627392271,1.149333417399245,-0.42462569376411924,-0.4147508510009552,-1.095442005914096,-0.531903399457576,0.4894818138988827,2.840582479718707,0.7247620701813264,0.9016619204550664,-0.011009651971335029,-0.9791666097233629,-1.1494600771946968,-0.5377828347200355,-0.7611682538804797
Bearing3_1,acc_00037.csv,-0.16414939399953832,-0.19413005089995,0.2516228645519726,-0.23214049184459615,-0.33888775906573637,-1.0210801059533654,-0.6892431742477333,-0.005130309839583954,3.1927072097455786,-0.8430763043061149,-0.6812714239070023,-1.1922700909046866,-0.8184189113850321,-0.7245256317707571,-0.7226239510543586,0.7994910678976608,3.239704399008299,-0.7526566033354036,-0.9089521041436385,-0.26718388953465677,-0.7957717676249989,-0.7167735242042393,-0.6272211761578419,-0.203275760469375,0.014273540182114118,-0.47392053358891245,-0.2691796173052763,-1.0395244304334488,0.5058545765197685,2.1719225381379643,1.0725092267202245,1.1391775888182163,-0.6239422927669055,-0.2758798153824301,-1.1648676439743981,-0.5374739232186099,0.5891736281107349,2.089146157215883,1.099073940547831,1.053551400356765,-0.15973690871133794,-1.0540922213184725,-1.0910727694727052,-0.5515511518615119,-0.7611682538804797
Bearing3_1,acc_00038.csv,-0.3077824258147212,-0.25111485386140503,0.4100446400833929,-0.39956630110921193,-0.7392652722898354,-0.918706366875271,-0.8877916537722946,-0.24080160229168954,3.6705585519625132,-0.756976584702422,-0.6396547668130561,-1.1408114108597462,-0.8121281100023181,-0.7232764030209262,-0.8557894983451004,0.5513320450727466,3.626270383371236,-0.5485201483299876,-0.8442578936500312,-0.059562741561521707,-0.797803440998818,-0.716214205539275,-0.6631924254704181,-0.19580029774055271,0.10648320944255053,-0.47083921837201487,-0.23900899650286175,-1.0481776660488442,0.3041991051624743,2.677054965069693,0.8727722107327299,1.6322628533530563,-0.6543760109928537,-0.6277348566739608,-1.2542406139239435,-0.52438922669159,0.37374082892751176,2.362443882895164,1.1633702669872314,1.3949502585200755,-0.1531499100224387,-1.339693654653533,-1.2676614676482807,-0.5323806049382758,-0.7611682538804797
Bearing3_1,acc_00039.csv,-0.29227092819074346,-0.22006740857548357,0.3137306284993085,-0.33652440421292645,-0.6172874186045954,-0.9168129625687524,-0.7182461857952783,-0.3547293697674044,3.442540634719377,-0.6977271142214739,-0.6261701169488323,-1.1624658565895165,-0.8074633538260781,-0.7223454787646205,-0.6663751033462477,0.44434767756378857,3.2268203754290026,-0.3114091844131073,-0.8087984282320937,-0.1435747405457485,-0.8000834598002424,-0.7128017183611797,-0.6976957636566623,-0.19081039821334678,-0.008653755113067303,-0.4671416401117377,-0.22882278530001765,-0.9449052583726982,0.4861206816011802,1.5990435715119389,0.8378291647251199,1.2779564130397219,-0.18036584428080227,-0.5697416111617996,-1.0527873559908885,-0.4979086019193563,0.82392336621019,1.2785861340770697,0.9170068418270574,1.1558484261200814,0.35231143827151523,-1.1216045546350832,-1.1456123664577411,-0.4922071975648239,-0.7611682538804797
Bearing3_1,acc_00040.csv,-0.09444389814031308,-0.22944164569532108,0.39511126736840607,-0.22877326886497254,-0.6680831863066456,-0.9787816668406278,-0.6991443223803839,-0.11039130676645229,3.3067867920444955,-0.8977715262283892,-0.6438476909391871,-1.219858101165137,-0.8156769814612287,-0.7243442932542222,-0.7697331278754969,0.9485799465821744,3.2114185485426807,-0.7724206271025799,-0.9301445905219936,-0.1796451618391531,-0.8071680658062063,-0.7162941813678391,-0.6020577299887498,-0.17250773743990014,-0.0540274683683106,-0.28719283144491914,-0.22002602705271448,-0.9957183811212695,0.3958428258303083,2.0060486573155654,1.0350644436678282,1.2086652320807645,-0.4099885943262414,-0.44477197515504896,-1.163557176485128,-0.512576657216732,0.47155615589676925,1.9953581323745493,1.0417736381590208,0.797743651040508,0.32398873539895634,-0.9849392584360454,-1.1845243960562337,-0.5205260193090042,-0.7611682538804797
Bearing3_1,acc_00041.csv,-0.2159294707089476,-0.20051197847486676,0.24824787371937482,-0.28732553512176,-0.4575382126817176,-1.0100050969338674,-0.7155912002740668,0.16172586955507762,3.1045756497115016,-0.8566247354939487,-0.6425962853215643,-1.197385898707332,-0.8139885736959419,-0.7254956929398847,-0.7053580654424828,1.014015463551884,3.013447390833503,-0.7366876009120036,-0.906652932872113,-0.2844434516083142,-0.8046212798839109,-0.7179086135054279,-0.7191527346555922,-0.1922071572709469,-0.050940628575759116,-0.46128714119963243,-0.2126003716967893,-0.9904717246644706,0.4704778225793683,2.475560257730936,0.7680324048338064,1.0031336219520637,-0.31964277924482176,-0.4080540941519227,-1.076078215253947,-0.5344847747027937,0.5294214237463323,1.889901666589242,1.1906592837106875,0.6698702033873516,0.1829322129110618,-0.8638811364992429,-1.1298104963697306,-0.5463576322755543,-0.7611682538804797
Bearing3_1,acc_00042.csv,-0.21676059613891102,-0.14555222787383867,0.5110300651810753,-0.2007130773681096,-0.23453696897600898,-0.9769452758015297,-0.9527757253346928,0.6508548480685468,3.095791088277476,-0.7775330433180618,-0.6133150597312946,-1.1992817986140945,-0.8173938778476026,-0.7271893503554231,-0.7403524136933268,0.7666202985136334,3.1881144143069347,-0.5252717360725283,-0.7847465338051269,-0.12068105602761905,-0.8174721278401441,-0.7185768529372586,-0.6946887714293226,-0.19206548377575913,-0.05998213246095921,-0.4828563477179154,-0.2325173664184793,-0.9705767591570006,0.3564889062932323,2.1370715417903945,0.6110159168979158,1.284086504368866,-0.04688606266276827,-0.3023082883809174,-1.2471226925415888,-0.5001758438920324,0.7607646685892467,1.5649771758076394,0.8428693770442993,0.9192246570939785,0.653362115707849,-0.8209205267790437,-1.3422543823436053,-0.5155184948360239,-0.7611682538804797
Bearing3_1,acc_00043.csv,-0.3141499891390611,-0.1711617872586218,0.06090486071654373,-0.26469031398095716,-0.31507383639566894,-0.9383106616848047,-0.7481213627713134,0.09518924345995362,3.1112864048301825,-0.6370515658660002,-0.5755163112068733,-1.1804710273946963,-0.8100188304087613,-0.7227583679217598,-0.6212832265089704,0.25339526184279204,3.182189514434166,-0.10655090632353545,-0.7585729355657658,0.07987027216271916,-0.8038551314151048,-0.7133845108968461,-0.7229542589507788,-0.20289362948129686,0.14049418055869933,-0.4791587694576383,-0.30381435861585515,-0.9280664301115217,0.48293795889390023,1.449876248452559,0.5894672236755943,1.2793040177035293,0.15730827452035076,-0.10031413441665438,-1.2416669898634114,-0.5102696912678195,0.5733332178529746,1.1690540872527875,0.8197444899945426,1.208542695734993,0.5739770805356097,-0.7086391149814754,-1.2676615631047117,-0.5081051670188332,-0.7611682538804797
Bearing3_1,acc_00044.csv,-0.26699766854130424,-0.14784493407294605,0.1751901649709859,-0.18911486488273957,-0.2941674050596838,-0.9139062356207127,-0.8257240050546445,-0.02181763467655918,3.3449582883645737,-0.6552427994263609,-0.5635168131373988,-1.1784925440648606,-0.8160356227425177,-0.7235028559303475,-0.7726827583604624,0.5210876251627,3.3220342723592897,-0.3227040827460169,-0.7631171936716377,0.2676336131283244,-0.8094380447192318,-0.7132849806862056,-0.6567468201196773,-0.17297215640629854,-0.03817640652239258,-0.32925278415557113,-0.22185610438371423,-0.8834946845547009,0.3427775704940282,1.6766167702455512,0.7510648110030249,1.029835273815994,0.24109987931774565,-0.14501417951964,-1.2587474984242029,-0.5137287834751244,0.6994872519310372,1.507621527016027,0.8288028570968579,1.0433923666067484,0.47891924990502976,-0.5271499076023403,-1.3688038843608372,-0.5333075996076717,-0.7611682538804797
Bearing3_1,acc_00045.csv,-0.2592977904263213,-0.1690892450528429,0.1501931372441303,-0.20538977595092014,-0.33424383310905886,-0.9115227358807422,-0.6319549301210887,-0.17771270946885956,3.107256011848901,-0.6259014113116977,-0.54519070327019,-1.1511598130018939,-0.7950462672243107,-0.7226221181285668,-0.48848247749744317,0.013646388524095752,3.1474200117950746,-0.2864852518943938,-0.6715305535484763,0.07481346172754202,-0.7881284473084235,-0.7120555809990962,-0.638558143106285,-0.18286857985816318,0.2312591884930179,-0.40551533577378623,-0.17008662428553842,-0.9312791769646425,0.5559362675023776,1.465741163174298,0.7340896912811702,1.0723401811144264,0.20695804735922346,-0.35624684581182475,-1.1388106537682998,-0.5217438592573194,0.701902089829715,1.3965119162531272,0.6738060889273565,1.0464816936986154,0.6392950427734063,-0.8052700915593547,-1.185935641811765,-0.5173430182041526,-0.7611682538804797
Bearing3_1,acc_00046.csv,-0.2429585861887271,-0.22530521389504474,0.1445781655887164,-0.373750924932098,-0.5756445134831432,-0.9100841095193246,-0.7196642521489047,0.024163384172415685,3.08999600484453,-0.5835982492541986,-0.5597536807600239,-1.1226545110291204,-0.8114074572512842,-0.7209135503392513,-0.6686636612008505,0.23894359218460404,3.234518140922884,0.029344024384707797,-0.748908993147303,0.19905814179819753,-0.8061561485999758,-0.71721649154454,-0.6675106179276871,-0.18915106124757738,0.08797354032213095,-0.46328999609061583,-0.1913646175269488,-0.9458048541377411,0.44913049432111235,1.1063365901837283,0.6407325370594122,1.9607240212888322,-0.1224873088258473,-0.4676744217868751,-1.2122488262157922,-0.5135319214455987,0.5038275194429975,1.3861521115717732,0.6124211062063165,1.7214996383710899,0.5090973742726894,-0.894050169092322,-1.3203678429778798,-0.527747004145936,-0.7611682538804797
Bearing3_1,acc_00047.csv,-0.1452711782665195,-0.1503278617368925,0.2507615786206193,-0.09427141762334276,-0.4514717387839582,-1.0014085388599523,-0.5852470547378255,0.48405128946416687,2.587734411152749,-0.7781715731456729,-0.5984136669232067,-1.1884540578688694,-0.8253809400319386,-0.7200793762942901,-0.6692470045413171,1.1557056845874778,2.5613422444701253,-0.2777338628852438,-0.7583125134301142,-0.0010614216595832063,-0.8288593769981626,-0.7113779950867927,-0.6616996618204591,-0.20114761419807478,-0.024225398624924743,-0.4902515042384696,-0.2721373677817644,-0.9529681041647566,0.44260803429436896,1.5334261476475417,0.839459612045429,1.3802134985733832,-0.022459753444480143,-0.5384903819013461,-1.2699493592752267,-0.44167657727431997,0.5525125252946553,1.2041854235121632,0.9413611506631693,1.354533392398311,0.5735747727047251,-1.0463998675851627,-1.3306158741629708,-0.4810511696060503,-0.7611682538804797
Bearing3_1,acc_00048.csv,-0.3547369415448312,-0.218018110422289,0.4518199915920435,-0.41565414423408,-0.4804747250698157,-0.8857183186756296,-0.8735499305966127,0.7009898514743452,2.838963385886072,-0.6708985954485175,-0.5712660241659561,-1.1432715480710682,-0.7986762475115542,-0.7126398959032829,-0.6315705129486403,0.5751025043947273,2.913533170652571,-0.18434954002811055,-0.6985425938470815,0.018352981282713208,-0.7874569122066424,-0.7050624280585599,-0.7049447021779054,-0.18933687032156826,0.04061116516324355,-0.4652928509815992,-0.1436376230192492,-0.9459720509041789,0.6527889066179737,1.9463950343345973,0.5081717999764752,1.3852091172045986,-0.3050540956422647,-0.27776950616366197,-1.229835312943733,-0.4252205500142976,0.8726613453815358,1.501695950110059,0.5919742254555269,1.2014216992813695,0.31390822608347557,-0.9084318521325381,-1.2101121628282578,-0.4450979918521908,-0.7611682538804797
Bearing3_1,acc_00049.csv,-0.2900240147795298,-0.19437751367343864,0.4920537979999887,-0.32642273527405574,-0.19465888161823156,-0.9028763537002854,-0.6926728429976483,0.20338340916163958,2.89481684415522,-0.5829115372440862,-0.5795035000052339,-1.123998549839903,-0.8049442692589072,-0.7161181713350947,-0.5275280613368449,0.19212067469146454,3.008596615459894,-0.08345895639815622,-0.7044427595487928,0.03759323962961963,-0.8019299776766852,-0.7074774924976885,-0.662053634317861,-0.1913884731045712,-0.035165156554195,-0.4486537488103523,-0.22919885257695935,-0.9524350132538236,0.4758771790397263,1.4218663843526744,0.9056092897442054,1.8585032750233084,-0.5789740894463656,-0.40569098646247603,-1.3135255817413072,-0.4397092918341314,0.5959123552263924,1.249741798156824,0.929093206964179,1.4834009485411874,0.362316440151068,-1.1360376464758535,-1.2521395521706786,-0.48716555464671374,-0.7611682538804797
Bearing3_1,acc_00050.csv,-0.45091402216366,-0.20383037844286409,0.5342131702793764,-0.3988180293359622,-0.47516902588250737,-0.7926766308304537,-0.6517009234810354,-0.13568245236972898,2.920578162800614,-0.24645212932141347,-0.4386100076845964,-1.0593735075075428,-0.7958893030064956,-0.7082259529579552,-0.6849279526434477,0.16527964864356154,2.880194946684806,0.8314467614508333,-0.4458557931006238,0.5265540671657005,-0.7929859717686348,-0.7024998386227396,-0.7100456796602347,-0.1834208926446541,0.017014928585885984,-0.4800831640227076,-0.13816040400792792,-0.9526424324960057,0.3711954720477452,1.8230280580730434,0.8376624605458952,1.2322396322225901,0.03270323709752284,-0.5536131445110987,-1.2114449623339953,-0.49013925594736585,0.3262665104841438,1.43678064697002,1.1606716062578295,0.8226787740788791,0.7757841379691238,-1.0799370122944933,-1.218862246299629,-0.5170430896272586,-0.7611682538804797
Bearing3_1,acc_00051.csv,-0.40618724005514373,-0.18424388695382854,0.5713589634874446,-0.3788017594015334,-0.4356120719292332,-0.8865128234807051,-0.6342196206532189,0.8145354597997674,2.1596524037233373,-0.2143349339589991,-0.5735544274047925,-1.0360587854995396,-0.8208801696639423,-0.7038982651676511,-0.5526863385169855,1.016217893523799,2.1273454410586528,0.3647648991028576,-0.4451023764463564,-0.1824267839984795,-0.820374985997414,-0.700249826730096,-0.720210800490132,-0.2024402502826631,-0.07174197048027212,-0.5415554025998143,-0.23691067803971733,-0.932693732053291,0.4904526175277468,1.7786839158821257,0.8050058935667868,1.1514420532529615,-0.17327908378207352,-0.3713447646875415,-1.1739600785850157,-0.45680921194272994,0.45960434781221754,1.7865200365249747,0.976412096334323,0.9979181609651008,0.21967759634156506,-1.051751796797764,-1.1186045079475424,-0.48733833410570815,-0.7611682538804797
Bearing3_1,acc_00052.csv,-0.37692600636916596,-0.1602540324321632,0.5605907750371729,-0.30210390264344117,-0.23644471923871765,-0.9055520570065013,-0.507287148374071,0.6299236557125798,2.117766172994766,-0.31126617846607124,-0.500762022389432,-1.0564678890371813,-0.8067737189234995,-0.7128757179242928,-0.42624693881779424,0.6903546077434697,2.1077843170880133,0.4590523135017408,-0.41245046564205745,-0.17815944725693966,-0.8090971959856711,-0.7051399205336271,-0.6744000069502052,-0.19217667489567616,0.07749798605127967,-0.44141265805064295,-0.19800087953886888,-1.0443244350903311,0.5424550879793697,2.03753161485884,0.809440095890691,1.1238157460811187,-0.1481234764026878,-0.4171401074320554,-1.1384852656632944,-0.5458393205575196,0.597733699497481,2.145841682159281,0.8691263107954811,0.8662392574662136,0.3605883685019963,-0.9929000064856048,-1.2133830795706868,-0.5326003683712781,-0.7611682538804797
Bearing3_1,acc_00053.csv,-0.4045275114865657,-0.04909129354102207,0.586449915067718,-0.27105062405357944,0.11366795589301633,-0.9665519973684902,-0.32314867108232503,1.4757677102861275,1.0692813164435637,-0.15457494440595076,-0.4870142550103436,-1.0626415678820753,-0.8130044579799481,-0.7070299813042438,-0.2327992248673147,1.5058762072119416,1.1019984079381184,0.1994644757183887,-0.41878801844480956,-0.47933680950196234,-0.8339488203897735,-0.6966709137413849,-0.7011818310256401,-0.19796364038011804,0.043101277438932266,-0.48439700532636415,-0.23793903422883184,-1.0239297156418359,1.010188379252383,1.8079773809889443,0.6324935970049472,1.0452280239984952,-0.14180969012117706,-0.5033737064294751,-1.0648294918273382,-0.5070671135157581,0.5692253397767816,2.0948178016465286,0.7043033254106613,0.912385878642218,0.3684598405751007,-1.0741480872317755,-1.1145495419541491,-0.4906345345745507,-0.7611682538804797
Bearing3_1,acc_00054.csv,-0.4626949397317469,-0.1719805634232593,0.37059461266940624,-0.3614044406734782,-0.2718771570589633,-0.8804685662238377,-0.5489482529498626,1.5747413128418124,1.2380765120078292,0.14266228116163263,-0.3820184959178435,-1.0668796742727173,-0.8097403837229041,-0.7000950730528521,-0.39733540372948195,1.2847460052967257,1.4215268946122457,0.6321160078735962,-0.2751681996519808,-0.24484049180790693,-0.8393394914195972,-0.6934875148385459,-0.6643170135387295,-0.18844026712541334,0.038160144885562255,-0.4782343748925691,-0.19224306967210744,-0.979369466143822,0.5709889596067095,1.8187526360754283,0.507906752489357,1.4462988569623092,0.12648767254172788,-0.6007966022872634,-1.2747946001264705,-0.4437289785471421,0.5928164843326594,1.5320877204963936,0.7890782460958146,1.3393880257759783,0.6148588470304962,-1.2323635470776546,-1.3004670817922277,-0.47805374976566267,-0.7611682538804797
Bearing3_1,acc_00055.csv,-0.5244655701368326,-0.22165783153287136,0.37769963430944775,-0.47065211956793146,-0.599855657995233,-0.7737791624592494,-0.36906020406724394,0.5451994413718358,1.4316601541972398,0.8188144205116129,-0.2821612441065556,-0.9609853498409227,-0.7757648347311323,-0.6925347691674298,-0.31724220443595896,0.6834102663076393,1.565286774538989,0.8149028945409077,0.14914337708517045,-0.18255611956871354,-0.7968087553489906,-0.6813673752953011,-0.6365167487412564,-0.2007467969449199,-0.018823246101313227,-0.5081231324964756,-0.24622529970425866,-0.9454262068267336,0.5556892169817015,1.5177145505563125,0.6478492697265122,1.4654197231247834,-0.02416499095892919,-0.5397706102939556,-1.1315281876474463,-0.5039255922397124,0.43935936340936077,1.6059778241449143,0.7903210315687388,1.1560979762146448,0.6442804697960357,-1.2210226556430517,-1.1175078428279677,-0.5120799818663596,-0.7611682538804797
Bearing3_1,acc_00056.csv,-0.4851858990595456,-0.12660840913232269,0.4691321862662564,-0.3503674320180455,-0.1684097995488222,-0.9009336706386886,-0.18152361597216882,1.3064755956562961,0.647753187191863,0.6089623119834017,-0.47678957843365277,-1.0358503487710877,-0.8046210301151848,-0.6958077601649748,-0.002567831419533044,0.841873604021283,0.9450282014316898,0.7379497217467763,-0.13816473606494284,-0.6032696853056182,-0.8268947653632972,-0.6916754591258029,-0.7067913294607369,-0.1963284856006822,0.01607785711727375,-0.5088934613007,-0.2546365462595198,-0.9395540382812789,0.8727445604593992,2.139252791976022,0.6347786156750207,0.5426998834382126,0.015602960537645476,-0.26011114766230653,-1.0980781914347804,-0.46325387998368245,0.8113244885193363,2.0782641204419035,0.7394486028614731,0.6690683860966723,0.11988537385527495,-0.7335615840693374,-1.1694200157048602,-0.45765162117158714,-0.7611682538804797
Bearing3_1,acc_00057.csv,-0.4192978211939141,-0.14379818058009675,0.7126132251330899,-0.3322218415167407,-0.0070969435622278915,-0.8908491769739301,-0.29648362198961015,1.5987098607568735,0.4895789934822481,0.9562942582492722,-0.4624154832829176,-1.0503694108589159,-0.8094362297060884,-0.6988526575987191,-0.04147320699419584,0.7329015213074591,1.1226142090362252,0.6232122455731985,-0.1371453952099556,-0.30984720583620057,-0.8307835673839925,-0.6903227093892834,-0.6238835845075034,-0.1905276051037953,-0.21159517060550656,-0.4179946624022214,-0.17462129227505055,-0.9636005886109988,0.2675397946327775,2.8520538415871015,0.5061127355835003,1.1597537874416226,0.03361459615144747,-0.723421883659558,-1.1628580379110638,-0.49285227579104535,0.6988161366810913,1.680352660131566,0.9312142836991403,1.2850913037653908,0.09829993102112952,-1.1774043985837965,-1.2017994092642879,-0.47503855230340203,-0.7611682538804797
Bearing3_1,acc_00058.csv,-0.3579198264024705,0.10909479874475968,0.7038610549275243,-0.18294162275342965,1.2148483771141976,-0.9441817831341471,-0.34166794148750906,2.335825957018268,0.13227244346107694,0.6229647181486718,-0.44790424536892287,-1.1090547571805143,-0.8228945270486111,-0.7063591778417149,-0.016702902660308706,1.8300008319425285,0.21433541352375712,0.5861119172185932,-0.11980676167953173,-0.8705328610455918,-0.8539874854814291,-0.7004436497618246,-0.6547440145829294,-0.19729584037911715,-0.008101084870847599,-0.4930246879336774,-0.24719870521593068,-1.0335894879778198,0.41596587351368935,2.6956187211378886,0.9129864254700537,0.47513517222141155,0.22326930711419815,-0.7044142401269882,-1.2134004632230986,-0.45222198669577734,0.5542609198132731,2.3440840930705455,1.0855946633585398,0.41109893993023133,0.532599587946721,-1.3426177667938615,-1.1977576066423594,-0.4718848582440726,-0.7611682538804797
Bearing3_1,acc_00059.csv,-0.5653618186123384,-0.21206973616426697,0.5494298065782722,-0.48636582680617474,-0.6352432879717813,-0.7446026291350538,-0.3482597024631548,0.8110017574280048,0.6780128647938477,2.159007073010782,-0.25241165186691555,-0.9787123141940683,-0.7895839806645087,-0.6883251130332744,-0.5177809975445961,1.3083575420830467,0.8445120155030514,2.0803874542237493,0.8156246554267633,-0.4095787148084035,-0.8002181866250923,-0.6788272773555124,-0.7240050903492903,-0.2008670440409837,0.06501222245281481,-0.5119747765175975,-0.25086272974875284,-0.8688155904692683,0.4245260151837112,1.6392095806529328,0.8921415171189041,0.6473194929950444,0.10290089830610355,-0.4540535175663495,-0.9500295693355847,-0.4798791979617397,0.4178612399039992,1.7540767342792127,0.9680944038073388,0.7129079257446094,0.15136420513337123,-0.7414443876985785,-1.0639662430348764,-0.4621858907370277,-0.7611682538804797
Bearing3_1,acc_00060.csv,-0.5497110317891931,-0.17049119531896867,0.4089041845370418,-0.45419014055643847,-0.22398142603286816,-0.7586775271960797,-0.4745996744076885,1.58113404058921,0.41551544284086384,1.8035894026393564,-0.2471851332592984,-0.9569327441598421,-0.7832950387689352,-0.6868207957724576,-0.35817492632365133,1.3482866243888907,0.7824791023783441,1.6214471734933529,0.3619863823166434,-0.6435915990561945,-0.8091392754893061,-0.6789274257056458,-0.6696644965494366,-0.20374132296248465,0.03987656624512104,-0.5238378401026532,-0.2927961717906611,-0.918774141189279,0.38845944115301095,1.7490690929109416,0.9445231242400243,0.7402457058469485,0.2872969558245181,-0.5796534277900814,-1.0907672726341726,-0.5020226114736563,0.4212015920707335,1.7947081248372505,1.051514958044639,0.7905230001465602,0.5211965120136756,-1.2376968127138501,-1.0591757856454727,-0.5258732803468943,-0.7611682538804797
Bearing3_1,acc_00061.csv,-0.5042268176246931,-0.12628637381326485,0.029447978590266616,-0.34213644251229897,-0.1305189599960128,-0.7395129692180883,-0.3421437231614056,1.0440224600519867,0.5269033365289781,2.012692556843638,-0.32640173528263344,-0.8724540596817753,-0.7862967902253201,-0.6775021834307562,0.4838357190062652,0.04871722254567002,0.38428110213586353,1.1251448521058072,0.2648442485453633,-0.7511884815268779,-0.8266063610729746,-0.6843009722663174,-0.6598558422742079,-0.19409227573397103,-0.1004259840135453,-0.49333281945536717,-0.22096867198164782,-0.7692188102716765,0.2873832605296759,1.0687976034921651,1.0550393766570607,0.42526640209350763,0.23247768551760004,-0.44021066223382066,-0.9525614975331521,-0.3453414901536611,0.4657417461986998,1.8229695969786026,0.7735724866312206,0.45697662187327726,0.3010268370605164,-1.1365111576709674,-0.8957623113042374,-0.3458087095277697,-0.7611682538804797
Bearing3_1,acc_00062.csv,-0.5703117431274819,-0.230397166313363,0.3596775256600517,-0.5469758404393987,-0.488621296432524,-0.6978653727495527,-0.5973645715916213,1.2651547069847808,0.5089607051852778,2.7162051372164266,-0.21845634844733725,-0.9846186968963802,-0.7811980222809566,-0.6749329837027382,-0.4335115883577232,0.9279440180333809,0.7529463515240921,2.612516801834267,0.9999544583043953,-0.4765294377167757,-0.7991470085048185,-0.667222103924335,-0.6866924813907604,-0.20462588294953113,0.16934366106503276,-0.5336980487967254,-0.28966279169670023,-0.758024480689042,0.161173361718603,1.2037463017277934,1.1116633427995841,0.780768214003785,0.2038213226765866,-0.6048596638370183,-1.0859123017026389,-0.3686091724967695,0.16063877448802422,1.2510760284169453,0.9775071327373428,0.878716663955795,0.571683841918229,-1.1269418743512014,-1.0613799636219916,-0.36885538969585124,-0.7611682538804797
Bearing3_1,acc_00063.csv,-0.5210723826993179,-0.14204988910433378,0.34666275716284717,-0.38329139004103135,-0.1192199039174778,-0.8282863413243391,-0.5338924545327881,1.7704478564171526,0.4855186731579937,1.53940981622681,-0.2745070421266113,-1.0042342007641376,-0.7900636745889704,-0.691216471570557,-0.3120549432812112,1.3158622857168032,0.8070086794237792,1.3630146131730214,0.42100164296059234,-0.6409349137420631,-0.8204184388381063,-0.6819341312099176,-0.6574174527033351,-0.18550099003016038,-0.09804278451003563,-0.3616065939329957,-0.24378553856387392,-0.974665800222177,0.36054473709364726,2.179432384415714,0.8691589786674618,0.24532354092714595,0.7012779970552324,-0.6459452540892584,-1.0324227723602093,-0.5446765472316575,0.26522505089176684,1.9991408119855083,1.1244398376051898,0.7565871081792664,0.45535009872391585,-1.2005118083491455,-1.0565505853918395,-0.5475852310597399,-0.7611682538804797
Bearing3_1,acc_00064.csv,-0.38557860743811034,-0.06769852163266842,0.16950276520837604,-0.2841453800854489,0.340206509602023,-0.8503153979904513,-0.28846278050866714,1.8523575190733166,0.29913043194839367,0.8110427285184079,-0.3443573758617458,-1.0305579941660175,-0.8136783002384028,-0.6901314767048795,-0.14574621854039727,1.998927648382365,0.1264401384706539,0.8843439448194764,0.1946791958891311,-0.9068543229696249,-0.8456348742653025,-0.6843457591630955,-0.6330613882557894,-0.19506612761681788,-0.012744729285523945,-0.43016585750896685,-0.2446393551717104,-0.8756620014850426,0.4838753927545249,1.7614664369176678,1.040664259752566,0.39537699059832415,0.2875639428677475,-0.4712003375089627,-1.2532729055935927,-0.3482786361498461,0.6160701740190982,1.7647712353235527,1.0574297425231427,0.6387820181108654,0.20631945221808895,-0.9733634529084294,-1.2621994090491677,-0.36488606831621284,-0.7611682538804797
Bearing3_1,acc_00065.csv,-0.5020217635586857,-0.13738497199060404,0.3996922566272469,-0.39283185514996477,0.017030101892655282,-0.8348069231610019,-0.344138743710665,1.5928635194669423,0.6156504123238614,0.6895077859092031,-0.311545239089057,-0.9471124841338502,-0.7738988651068609,-0.691917818509951,-0.2097006875782559,1.5765201128018853,0.7309873022475905,0.5763562072132622,0.032503124334896376,-0.6459755152484791,-0.8050670698635586,-0.6850042340089967,-0.6701681856592457,-0.19649044967471857,0.04844845563277193,-0.5039633569536639,-0.1885954186632828,-0.9595938939468001,0.41830836540431293,1.993619572147385,1.1389775821468135,0.4493673751804088,0.1257722415922277,-0.7080772271759386,-1.0104608070041103,-0.48347249672511006,0.6508249900487262,2.0573197838451662,1.2486718244539943,0.6079901706721628,0.017248791267238998,-1.0278153796136147,-1.14818392743737,-0.5047485905092185,-0.7611682538804797
Bearing3_1,acc_00066.csv,-0.5389440364947553,-0.18649842691838878,0.20274759883719365,-0.4255687452296382,-0.606086972927675,-0.7258647580434966,-0.28625075161135616,1.133299453765516,0.5453289105855678,1.3451989287911885,-0.11831578991490449,-0.8516421195896517,-0.7786515479207399,-0.6582641066230014,-0.28632345100245915,1.410611015881813,0.5817644644557257,1.2166636308488064,0.7148894951982602,-0.6303935866690208,-0.7953269834552502,-0.6538868369585881,-0.6526932478800253,-0.20426279612946038,0.08620552326008879,-0.506274343366337,-0.3468911724657929,-0.8516695611519153,0.4386835168372573,1.7405317663077433,0.7264068289228691,0.5938002285962913,0.04226377048596406,-0.30334138732416294,-0.940952255259419,-0.4311481355290766,0.4926466813041046,1.5587190665043087,0.8058262299124412,0.5477054098361768,0.3978559218159065,-0.6528584540026134,-1.062978341995116,-0.41512876943087956,-0.7611682538804797
Bearing3_1,acc_00067.csv,-0.5771241729080853,-0.20967199144843326,0.5274457885029781,-0.5032019417042924,-0.5313433845144833,-0.6958715702773517,-0.4238539186875248,1.298958317546033,0.5432162901965952,1.6615880936254352,-0.10935183050267264,-0.8382294891828684,-0.7848750717348467,-0.665961347547159,-0.4255514610825394,1.4111144162168774,0.80026282124477,1.501823187379406,0.769112856077876,-0.777963476825918,-0.7987807146195712,-0.6602350628322902,-0.6224630246765245,-0.1976220144760854,0.07744923515143749,-0.4600546151128734,-0.26774982877081294,-0.8519576702493522,0.3635701094521085,1.9909837499145653,0.7868062959107703,0.3191052800800743,0.43948945447418375,-0.5554152624078381,-1.0557395640724954,-0.3871104696996735,0.6461074768472804,1.5218640233989853,0.8205060119101135,0.5995235778475193,0.5182658399288822,-0.9942154298411112,-1.158819805262353,-0.3559550532801819,-0.7611682538804797
Bearing3_1,acc_00068.csv,-0.4362104306863914,-0.07111148625441234,0.42090091753844056,-0.3275451429339302,0.2421260043054328,-0.8684477089437519,-0.14850564311883133,1.5511015663389183,0.21231774505661305,1.0478894636836824,-0.37557752437953945,-0.9254422438486436,-0.8051792563403428,-0.6980684734121738,-0.09743440948127471,1.7277685594602499,0.18062378174300675,1.0973306705094246,0.19258293979760435,-0.8488453826567228,-0.8287044894111476,-0.690691989061391,-0.6842607629265641,-0.20723688975121923,-0.032236097638199436,-0.5215268536899801,-0.2973599559326097,-0.8228075842083443,0.3117877437473096,1.4341591392808586,1.0602422811448775,0.40589369778814904,0.15374358342529199,-0.23059160100389783,-0.950199981237223,-0.47893097308241034,0.38507625576316196,1.8801753111021657,0.8820579406309357,0.6574114311022077,0.1805242524599207,-1.0194070053192128,-0.8029045448633054,-0.5057073057428787,-0.7611682538804797
Bearing3_1,acc_00069.csv,-0.5272680191988279,-0.1151743787260244,0.5138241349171638,-0.323429648181057,-0.1870113445375237,-0.7936764589951066,-0.15537551992903326,0.8510245187705481,0.5656181096195975,1.4752569743605808,-0.19339389620057978,-0.9188701847285453,-0.7861702190491088,-0.693534021446658,-0.16718412221904413,1.1684994158524107,0.6619089245010097,1.2654896679665921,0.5296277014232093,-0.7900022525057772,-0.8050302468702086,-0.6864940645959943,-0.6564013118594872,-0.20258524078827359,0.050961089393914125,-0.5152101574953399,-0.31666966959989207,-0.9111969320694561,0.30270022296760846,1.7115922859601682,1.1831519925759126,0.2775142988021252,0.37562565978871876,-0.40101060465482924,-1.0526814712062977,-0.5179208310654142,0.2897141090969878,1.8854012887754912,1.2425261933951437,0.4737232994718813,0.4380971604349033,-1.0014324569694786,-1.0342486382531166,-0.5424251007862243,-0.7611682538804797
Bearing3_1,acc_00070.csv,-0.4705395711289576,0.04059197240334227,1.0595511262651767,-0.26244549866120814,0.44502312667027344,-0.8159993001611913,-0.38803326194685966,1.7633094801492248,0.33541205950137737,1.2211420499444363,-0.1873005014529946,-0.9287739309556954,-0.7918267205512032,-0.6863638658772149,-0.29406953499050886,1.8507695159244153,0.46459388923868294,0.915947733863129,0.5048793496079291,-0.896899324990161,-0.8127675335645492,-0.6794694721132485,-0.6115749847036075,-0.19831187042134035,0.09811625240002639,-0.431244317834881,-0.2848703233967335,-0.861405033107308,0.5414086804676274,1.7152478863259004,0.7740010867871239,0.39691570062810994,0.3990102017278284,-0.39142941910745926,-1.0450132589734096,-0.4393271714724174,0.23944734134644596,2.034354834826918,0.8578588588554171,0.5307364019500798,0.5605791846648578,-0.9378495355099766,-1.0300954021929543,-0.4811634263605083,-0.7611682538804797
Bearing3_1,acc_00071.csv,-0.43599185343734226,-0.09917151192938822,0.21818719181840257,-0.23924907369046805,-0.11864201380245964,-0.8132069110334373,-0.4135477462177332,1.7159784857812113,0.33841017934916123,1.4347921982283058,-0.16030296951036194,-1.059213600183743,-0.8004945516756169,-0.6827485260651516,-0.3241068433709542,1.545680309913291,0.6110165374964849,1.2619062844328803,0.7420229739175274,-0.803026105432424,-0.8319336214158282,-0.6760523305670961,-0.6201303865744635,-0.19614691197239956,0.27259320394039327,-0.48439700532636426,-0.26438360712112763,-0.9933956862450428,0.5482271435075055,2.2208210194379996,0.9604708227147358,0.7305976010928908,-0.022778857193730476,-0.7882667888122856,-1.1055290918047633,-0.44464234700076344,0.27391600725261445,2.5915826823894337,0.9784104081605633,0.642288896680629,0.15502214947906973,-1.07332580634529,-1.1667518713290927,-0.46103156440211523,-0.7611682538804797
Bearing3_1,acc_00072.csv,-0.5223196131664285,-0.2082394451252048,0.17384900597974917,-0.483372739713176,-0.45506663507009326,-0.6898653935050756,-0.4716553970517113,0.8169397309024735,0.7389302105554915,2.424117888400833,-0.09895468022487611,-0.9907668345546153,-0.7799752677458397,-0.6795934162834107,-0.5931111985129084,1.2658411214031007,0.8678841494991756,2.2535437461976153,1.4846119842648302,-0.8790014412095571,-0.7874591997425002,-0.665977592953563,-0.607082164380754,-0.19054959610845162,0.061064232229549216,-0.40474500696956184,-0.19872783644102257,-0.9149881357486969,0.1524498561373814,1.6354194126116997,1.0324984530183932,0.955698044202076,0.25966919940754507,-0.631189138414227,-1.1614331864520153,-0.47443191414083863,0.36799501767436743,1.6745744936255742,1.1131238340074991,1.0288170290294774,0.3737778734189377,-1.1755568579724511,-1.1537087571886109,-0.5056941407586545,-0.7611682538804797
Bearing3_1,acc_00073.csv,-0.5637383844292168,-0.058198764810896426,0.8684551836207294,-0.2787204097293887,-0.19555368854964564,-0.678718768685786,-0.45877410735007185,1.106703765116407,0.58204879995784,2.062891857464595,0.021897338446440026,-0.8121075238340189,-0.7515306665406912,-0.6798855815867364,0.0917753408409635,0.7957552078267789,0.40655811477259357,1.1517338991035013,0.8098668340911203,-0.7531134612608533,-0.8141541745858931,-0.6808736003447252,-0.64953106582094,-0.19801509603893466,0.18191947477007347,-0.46020868087371825,-0.2853986192711679,-0.8311383430888727,0.20455586739998383,1.5555704302249747,0.9531751205687435,0.3865880214564997,0.2257929265247426,-0.37331852669058785,-0.7697608429294991,-0.5287804690093014,0.22143864847322473,1.9370142554396275,0.974292219687454,0.3696175166558207,0.2931310174470843,-0.758277420829461,-0.7663901770654542,-0.5560227630716823,-0.7611682538804797
Bearing3_1,acc_00074.csv,-0.4315108370483642,-0.11062426143096717,0.3968027679525239,-0.3022909705867536,0.10504183653090365,-0.7469250431376534,-0.2984643289172649,1.0245631167028277,0.484216032366082,1.9596257948090905,-0.18097036997228702,-1.0283495503220623,-0.7816929552112042,-0.687716239524525,-0.3298559566849479,1.655555762089009,0.3257779836071725,1.6421984917599344,1.049709933839618,-0.931961376555276,-0.7969933575065025,-0.683432822611694,-0.587812528816369,-0.195064635890794,0.03867135314895701,-0.42123004337996384,-0.21979801216568035,-0.8608549727735326,0.1261404481618461,1.894461813009086,1.002484326591224,0.7000339706777223,-0.04830329686709002,-0.7821706931555942,-0.9136974961016853,-0.3903947309774971,0.12432839715052979,2.3676974842259404,0.8706965393264081,0.4827809014764611,0.23705996488676548,-1.215938518239342,-0.9218203779760774,-0.38840843840902883,-0.7611682538804797
Bearing3_1,acc_00075.csv,-0.4922206797550675,-0.17278257573855502,0.6478217658577022,-0.4051783394085845,-0.29804752096360526,-0.7872437519031764,-0.4042220382705844,1.3518178802212382,0.4281993015770142,1.9505695627212174,-0.2556480261928228,-0.9946622518865555,-0.7914015847984119,-0.6871430348517795,-0.26490751113598043,1.2075456993471616,0.5831000238238614,1.6364096149382183,1.0887789295403103,-0.8879818900733429,-0.815901888642822,-0.6815010414680263,-0.6217735380694299,-0.198819558689891,0.10777698039824066,-0.4545082477224577,-0.2458847978833441,-0.9140663855369978,0.21307057523145165,1.9827350680107532,0.9564371929136329,0.8923660952451995,-0.0016615047371091414,-0.5090147035298306,-1.1322377292262684,-0.4571665194784696,0.08083877951887308,2.332925564584137,1.0577081803304358,0.5560150892578426,0.39279685343730547,-0.9830073614682666,-1.1360443465892267,-0.48033201569075384,-0.7611682538804797
Bearing3_1,acc_00076.csv,-0.40194447537561967,0.06962074388600922,0.2830546712040561,-0.15750038246294054,0.6516539336747292,-0.8228416581073993,-0.25084104483238706,1.6522849386491762,0.1403059243724173,1.4265673769861476,-0.2565322710491041,-1.0934326513355328,-0.7997162290948132,-0.6894214793654289,-0.43021514175613523,2.3411257902612044,0.17475791445914346,1.2711877701672685,0.6869462183705909,-0.9855749432474659,-0.8329623618217152,-0.682429846481561,-0.6027830317700323,-0.20150870637906804,0.015639699704812084,-0.5056580803229576,-0.2696192558970954,-0.9199330036232637,0.12728145435313393,1.831069335828177,0.9761438956672774,0.9035838407034538,0.30373493811300617,-0.6613286450423568,-1.162141434589328,-0.47189524959923773,0.09772362333478711,2.147006239344056,1.000687201032724,1.041087944025689,0.47002440443461424,-1.187383182313721,-1.2754073771069419,-0.4718498406436549,-0.7611682538804797
Bearing3_1,acc_00077.csv,-0.5093859245336787,-0.12551522692787498,0.00196248260161314,-0.35336051911104416,-0.09181669348270499,-0.6546248174990293,-0.5616993104868093,1.5515439202981185,0.43051255019201107,1.949277857293362,0.07084730818088457,-0.9268528131387052,-0.7896745867074207,-0.6540151460952004,-0.27173896283862264,1.2613316923274294,0.36814014852043736,1.8432194917174867,1.2919804818439071,-0.909050805906275,-0.8182671227698489,-0.6491768696306188,-0.5843848993114164,-0.19691507687713927,0.1204998373092533,-0.42723860805291414,-0.2398755169217829,-0.8237957234782134,0.4923531507442028,1.331872372977963,1.0146761410483123,0.6687814048741343,0.29728529591849423,-0.7740598709868377,-1.1652736978845926,-0.3109026863724916,0.4052968569936363,1.698999924712283,0.9994673332828301,0.8334501355217253,0.31508655460493634,-1.279467939267451,-1.193031613014671,-0.325512105325796,-0.7611682538804797
Bearing3_1,acc_00078.csv,-0.47627202163492166,-0.17164237869809126,0.3959688038182375,-0.3090254165460007,-0.41938482131976945,-0.7094398429301331,-0.5025929991287473,1.2018107496636417,0.7483347811469454,1.7467396397118946,-0.09479051612488355,-0.9820974636047317,-0.781411651217693,-0.6801427533336247,-0.3896355606729564,1.3007997030516842,0.7466383468244391,1.6699976597438824,0.9285356276402402,-0.7965933095374289,-0.790377051562848,-0.6735521201606688,-0.5859774230497766,-0.19683554557777702,0.053412112606272495,-0.4620574700038568,-0.2362922466746929,-0.9281977337390286,0.10487943307325245,1.7985860499412463,1.2667550866548383,0.7773682521061547,0.06081037950537398,-0.8072528752945228,-1.139555714100184,-0.41005851586477104,0.023113842071211706,2.5663782263040433,0.9355603524162399,0.8083235943173636,0.3145569931989734,-1.1990848467981576,-1.196722637465826,-0.4331666373910121,-0.7611682538804797
Bearing3_1,acc_00079.csv,-0.5372236066158713,-0.18331214540661536,0.43553023747458247,-0.43249025913219785,-0.33561505463687913,-0.6637014429103419,-0.30012311267333985,0.998745715485952,0.39454605074797533,2.093337532948555,-0.08745959530456585,-0.971517253165049,-0.758389229119116,-0.6656755873009101,-0.06580736277296344,0.5932456466907602,0.4986451025168373,1.9791575912515633,1.1906160858154866,-0.8767260533924686,-0.7880858573065024,-0.6612274700243008,-0.6216831337915946,-0.19962911064215688,-0.024074221430642233,-0.46822010043765194,-0.2796570436256839,-0.757198692475126,0.4008829303218926,1.1697765236578117,0.7233462172623616,0.9975491884956337,0.03721098350808736,-0.5831683621603999,-0.9663993638281638,-0.33618175204496625,0.3978651270646284,1.1138713460182135,0.8834437244026757,1.0977917230718732,0.18005550014705887,-1.2511963540908382,-0.9549678072369011,-0.31464303200938537,-0.7611682538804797
Bearing3_1,acc_00080.csv,-0.483155774725364,-0.048991749232493276,0.035344356481462336,-0.28938328249819656,0.317292167268397,-0.7906381992451723,-0.29066143829990654,1.5703008666804095,0.38517756542445303,1.0109574857587618,-0.15742474221873082,-0.9901043202241735,-0.7905263585371355,-0.6779224537290339,0.02741423988740778,1.227568805082989,0.3064910186426327,0.8355322607485964,0.6187677788735314,-0.893582958215885,-0.8090907498218426,-0.6651004655380558,-0.6450950599885296,-0.2047106291340149,-0.06925963844015942,-0.46683350859004796,-0.3255036644227506,-0.8361424817514869,0.3316209645736116,2.121364706456309,0.8028878160748396,0.5266286811934139,0.03507315352697505,-0.4210847604309859,-1.0111310412421652,-0.4134649022116571,0.6106199722595121,2.391698581512237,0.6166864770247661,0.4696164955053132,0.276785443365723,-0.9989522801471162,-1.0374629173334537,-0.41292430895932347,-0.7611682538804797
Bearing3_1,acc_00081.csv,-0.5380893186177957,-0.15150810317991678,0.767908547965227,-0.3782405555715961,-0.2597378349293946,-0.6982390342295062,-0.411816453506862,1.0864023192216579,0.5670564187341047,2.0341440631453707,-0.18910279253062173,-0.9629276376240605,-0.7732668386328602,-0.6674133808408218,-0.32666974033988916,0.9520033703843719,0.7989714180828548,1.9118406595586002,1.005249377874275,-0.8406324758624435,-0.7842817659069807,-0.6623026459347324,-0.6442598190132789,-0.19350244310789297,0.06476682002447337,-0.4531216558748538,-0.24306119195811582,-0.754429465427527,0.22570948028026588,1.1549300337068817,1.100793766311793,0.4222314991184711,0.2388356979431655,-0.41012045667055674,-0.9203540349327229,-0.4112027198875433,0.3032451480244319,1.4762521534506807,0.9772064772746476,0.5326033195789829,0.41262045300360706,-0.9138696913922492,-0.9926470811749982,-0.38478177246241985,-0.7611682538804797
Bearing3_1,acc_00082.csv,-0.5158449013283632,-0.14873242462456454,0.3256283604122105,-0.43305146296213504,-0.030127167021382927,-0.7485722960960806,-0.068455072898459,1.106534457021546,0.17170386615525954,1.4865404409650371,-0.12197927749235273,-0.9456507099682795,-0.7750416047797782,-0.6775921595858593,-0.14159399953497406,1.5521887708532223,0.21477172062393624,1.233452208898821,0.7516934945604894,-0.9329093256991835,-0.7968125987241422,-0.6734851776225171,-0.616780812517219,-0.1964702319993293,-0.02971832145245982,-0.4631359303297709,-0.20102708978472483,-0.8257824929597477,0.4620147433152864,1.887901644458189,0.6734313273020902,0.5598206873285156,0.14048792793018783,-0.3247989575361655,-1.0772097388965778,-0.3699912862527371,0.10078816187913173,2.448006228008251,0.7519172838691964,0.8019530855443809,-0.008049590203883869,-1.125490951306639,-0.9242930355042945,-0.40178514369599994,-0.7611682538804797
Bearing3_1,acc_00083.csv,-0.48040775563806615,-0.15087450867737465,0.8634495401291928,-0.3864715450773425,-0.2835373093419635,-0.7730208900182296,-0.4428672954024222,1.586501569519492,0.367524198409717,1.7743615922396139,-0.24640313590194507,-0.976514104292967,-0.7942202101996271,-0.6818080869947054,-0.07258120836562709,0.9835335001566857,0.45994838111068403,1.5795219082825078,0.7976747864116015,-0.9660409903727344,-0.8054772836361136,-0.6789673030859779,-0.6371919536542069,-0.19630715117577616,0.07252285113157038,-0.494873477063816,-0.2090141638859007,-0.7247572746235267,0.16936090633909595,1.7563417707345752,0.9192017462803006,0.5916094630713427,0.004413329675213895,-0.5720943575407336,-0.9911832654851308,-0.31656887912358705,0.2262421335023815,1.6818249202218418,0.9938590978084857,0.7729602381761216,0.030005526521892693,-0.9962927065377557,-1.0517965182415252,-0.31492332108545823,-0.7611682538804797
Bearing3_1,acc_00084.csv,-0.5863611391010004,-0.2146566498499359,0.4040189284050998,-0.5002088546112937,-0.5136160535711912,-0.6844440768905529,-0.6331341712421813,1.3440629045086736,0.6301783000128479,2.3214421063928383,-0.036646451854576725,-0.88616261876548,-0.771905892646357,-0.6852905417360471,-0.4646398195716826,1.1945327040322105,0.7109224806886938,2.295666160997816,1.2057851972129374,-0.8011844590017544,-0.7823744331355297,-0.6774231445911774,-0.6767495348515813,-0.20280357376268193,-0.0019219438979681616,-0.5158264205387195,-0.3071987168188037,-0.8452986780200991,0.47726092086772137,1.386248818500904,1.0027394414796909,0.4201097864007714,0.33027483927494694,-0.6806512178453941,-0.8500461293543845,-0.47690016804054586,0.35334623975121,2.03972968543955,0.8692009499760909,0.42424002160902086,0.4732103856365915,-1.1393722874491592,-0.8951495257028188,-0.46484506222727223,-0.7611682538804797
Bearing3_1,acc_00085.csv,-0.4900588417832806,-0.11292394149955795,0.6137873695118449,-0.2787204097293887,-0.24559715644652558,-0.7036309068180013,-0.22577226467846612,0.7926683442208126,0.4983197454803699,2.0843081176856226,-0.29215831329266423,-0.9435356361825862,-0.7940306034388671,-0.6758190014625475,-0.35502946673618807,1.500460651185468,0.29896270970854344,2.1295875366303147,1.0164113298138409,-0.7864792703465842,-0.8057467396846257,-0.6680516152564294,-0.5876910737916582,-0.19998812562458712,0.02642508583868517,-0.39195754881943684,-0.3562570347308552,-0.6701673883636943,0.05501376152503072,1.3923975720556896,1.024158129333859,0.4087286613138393,0.04066603243649777,-0.49809955914673554,-0.9349435324118471,-0.2509938644972082,0.40517554250254295,1.9297232456356819,0.7786928504851477,0.3932722728725154,0.16037066393759522,-1.0048465149668726,-1.0756225396530772,-0.22186517279211304,-0.7611682538804797
Bearing3_1,acc_00086.csv,-0.4832155161792821,-0.07530653403482025,-0.10270657768973458,-0.34793554875498406,0.23876744698819383,-0.7706691130941341,-0.24104732401073553,1.2675442164350534,0.43763444738052293,1.3517822666107682,-0.27193874660681516,-1.0126038284917387,-0.7910900075831996,-0.6832686914555349,-0.1803534512784128,1.6114478466771547,0.3342733275061678,1.1113157955831192,0.6425419029013558,-0.9878199890871283,-0.8048450558808481,-0.6762629431332424,-0.6332931626813777,-0.20865211146933815,0.052582891945927815,-0.5278435498846201,-0.3462820344989917,-0.8599204350745983,0.13787800221615948,1.6566801162870608,1.090683572675404,0.6847045011941129,0.14924902868841206,-0.5614240067923008,-1.0539056592026068,-0.43714462612549027,0.30248708345253544,2.065958188757149,0.9711690727992917,0.9290997021029888,0.13821126127280317,-1.0623587699991641,-1.15021678408354,-0.44066354027341775,-0.7611682538804797
Bearing3_1,acc_00087.csv,-0.531187498519548,-0.09257392090138436,0.2358800685342057,-0.302478038530066,-0.06351873098406523,-0.6853111635651256,-0.5789177699978081,1.4205818569881457,0.5517690225273534,2.0582188857572317,0.07813456959636031,-0.8743445899682413,-0.7829988700051818,-0.6784319966481589,-0.07078994075101766,0.5923432893506185,0.5999768913702871,1.85793098181385,1.080251805322611,-0.8410129759705056,-0.793421069337025,-0.6724815359023664,-0.6509024854369476,-0.2032038355667109,0.09960477524787491,-0.46174933848216704,-0.3340194792554482,-0.8307495097996574,0.11903052559955397,1.3824218587658317,1.0056282212139376,0.7558459878010875,0.34171425671271294,-0.5548527644815466,-1.0491123800481021,-0.44161663658442035,0.03984083585119515,1.3946034658051427,1.1242948411587363,0.9836553433100652,0.4874032570340182,-1.0665106932662296,-1.0872338195916231,-0.4508455803900347,-0.7611682538804797
Bearing3_1,acc_00088.csv,-0.4678072817655743,-0.0737067912092956,0.365750545940391,-0.31501159073199814,0.23478023007692214,-0.8071484482971759,-0.3994582992968119,1.81337186946469,0.24118100537909076,1.4125460445003772,-0.0663203614937933,-0.9014242772207967,-0.7913929171741635,-0.7003699301481603,-0.03164830073048394,1.1911812096850705,0.32016594319151315,1.3003664679104145,0.6887179853542857,-0.775884212084546,-0.8251808088738861,-0.6915528424739295,-0.6395538032816207,-0.20257450446804448,-0.017299426368635795,-0.4734583363063778,-0.2711492672090115,-0.8739943110994779,0.3473718129263143,1.2330218321793631,1.2135226833960224,0.4727671066664332,0.33417269233670926,-0.5107541295505699,-0.9791947992906161,-0.5072784424653909,0.140142462670164,2.087639169439532,1.1255244679193446,0.8598114507231478,0.1009317793016431,-1.0250290132734654,-1.0160921709016117,-0.5241850523323047,-0.7611682538804797
Bearing3_1,acc_00089.csv,-0.50582791111571,0.0585262781102567,0.5676619018917805,-0.16180294515912613,0.2989337547890722,-0.8002311796305279,-0.29821591047122026,1.3287225424838836,0.42264635638366527,1.5145533888607348,-0.2200516589811005,-0.955257743416544,-0.7778360847460146,-0.6941574296343265,-0.40624708133842313,1.9568446045452401,0.39103054339750504,1.2650724196026575,0.8692522904444046,-0.8764656967164375,-0.7836743531853102,-0.6872144068947864,-0.6453322245164796,-0.20100741344787493,0.022990221656771403,-0.5215268536899801,-0.24855330592464714,-0.9187539351017,0.4094451597149369,2.223915233692046,1.0908217565800415,0.4370374863235599,-0.09052814825786769,-0.7057075023264187,-1.0268190449200127,-0.40543020464227386,0.5400945299409846,2.273732057277588,1.0896610884612274,0.6235034114408141,-0.16913224504511312,-1.0966587034571549,-1.0681864355073003,-0.42461605221359244,-0.7611682538804797
Bearing3_1,acc_00090.csv,-0.5700169146642748,-0.23356316558721843,0.49445645825034235,-0.5290173178814065,-0.6594508392607665,-0.6081522594458465,-0.6730964453708069,0.6855203696091031,1.12106479345387,2.409993259535815,0.20585719014609113,-0.8062864972114696,-0.7779745632795031,-0.671991428636411,-0.6169424958793872,0.9432778747010588,1.1583537550270138,2.371562117707905,1.3304443851105634,-0.6118701411012331,-0.7932508854165098,-0.6638445387827919,-0.5971533746825333,-0.19465045956273777,0.048718431755265454,-0.43247684392164,-0.2401573893039167,-0.8514661460624905,0.22769257529804182,1.6389863287183435,1.0806908311445207,0.6717212362188392,0.042617497454210326,-0.4883838807984273,-0.9687488088673248,-0.4847445941389811,0.28916793945263203,1.8826508055227733,1.0181693251158106,0.7399354820973917,0.12167151492981731,-0.8801136978345229,-0.9752311282179679,-0.4933111361252964,-0.7611682538804797
Bearing3_1,acc_00091.csv,-0.532843527837282,-0.17036675479908872,0.5205557506415907,-0.3819819144378444,-0.34385736343372786,-0.6242239420748674,-0.5003961120305062,1.5102067117232307,0.4412049859485997,1.6659073680866325,0.14771586333077677,-0.8897101147563826,-0.7590707964064688,-0.6579967535964318,-0.38807031753482557,1.6900146757969636,0.31488744942680463,1.707289469299082,1.0828973771833064,-0.9659749868798972,-0.7692145821419679,-0.6515151928031444,-0.60602115732188,-0.153981457433692,0.1491037879150515,-0.2506792461246829,-0.1654685561448478,-0.8226520799881308,0.5795950835808625,1.9095209365220096,0.809503711084052,0.5197974717860723,-0.00656316912278712,-0.4374633526995131,-1.0133351216547117,-0.3992315190615487,0.9345954923513159,1.7005102381956196,0.8842715942851714,0.7512985855439253,-0.07296518825088509,-0.893642955556527,-1.1279052896901458,-0.3939550259320955,-0.7611682538804797
Bearing3_1,acc_00092.csv,-0.5215543465999898,0.11069795007212209,0.692861516274698,-0.1580615862928778,0.5664244249285836,-0.7284360933901309,-0.37051464423378777,1.5407096612044822,0.31481048629286895,1.5577917318814671,-0.02879412582076683,-0.9657986067276855,-0.7745572512645573,-0.6832285357553267,-0.2781493314467688,1.4213324854269827,0.47397352331229947,1.454998677303791,1.0360169632010041,-0.8482089908991776,-0.7963005247983811,-0.6781415459563199,-0.6025804923115199,-0.195458469431332,-0.012370707781272524,-0.43293904120417465,-0.2461911308533838,-0.8102748173136507,0.13544318912188275,1.3401019546464992,0.8342563929858166,1.0198732461099402,0.14401342013638047,-0.452958520532456,-0.9642150505950217,-0.47347440310971245,0.10088021381009872,1.311071899934633,0.8650647698245264,1.0303064739295054,0.3388234756974223,-0.7676605670772892,-0.8804330227571814,-0.5012916839847926,-0.7611682538804797
Bearing3_1,acc_00093.csv,-0.4252649735764489,0.2480347822893658,1.4355083352232108,-0.11971265791383172,1.334276384202656,-0.7701390845387032,-0.3771792374786073,2.083630239914368,0.06682090603960225,1.1880102239930004,-0.12741963298740028,-1.0291022727643155,-0.7866229390193451,-0.6841285739746797,-0.4793861518890683,2.6194731238295823,0.09816547504683042,1.0069804329668353,0.7557511852547952,-1.036090205995528,-0.8160921288794435,-0.6763121114614606,-0.5898112257249495,-0.1964242441436808,0.03451395957137869,-0.43632848794276197,-0.23687511686354043,-0.8669107390622541,0.24344088931362987,1.5913908074905736,0.9245382641728948,0.5702922928809341,0.4824394523397276,-0.7883764429804156,-0.9925461937785489,-0.4229260579951626,0.5840367792739756,1.6004090576398613,0.7874040053133377,0.7668397423643878,0.5767277289409758,-0.9811609550899628,-1.1587645930628128,-0.43030147459060997,-0.7611682538804797
Bearing3_1,acc_00094.csv,-0.5043801817352247,-0.15421255136339013,0.5257064300258408,-0.37636987613847184,-0.18153011032982727,-0.7487383421972805,-0.47295309737807234,1.8063386901524676,0.5413912363521368,0.9476941893913834,-0.2258988432616334,-0.8352301541792762,-0.7740380510245124,-0.6861194082647302,-0.27145310416092944,1.8929963218710275,0.48903941586915095,0.6627327000800916,0.3941375812881261,-0.8650414391604715,-0.7879024963444939,-0.685613361848638,-0.6540108784014875,-0.20354072318736677,0.08615454918001662,-0.5092015928223897,-0.2594014844827689,-0.8351074508469586,0.1790185355136443,2.055456479179414,0.9518165693665572,0.3066670789899829,-0.04681885333492161,-0.3753970886849107,-0.7620537734684658,-0.49571374173019706,0.28366702104949537,1.8854163722065398,1.2812848982963556,0.28983376401472943,-0.15923255845550177,-0.6510756130329346,-0.9089214322007626,-0.45478250203731047,-0.7611682538804797
Bearing3_1,acc_00095.csv,-0.5613472797469872,-0.18063019232186875,0.18903560045908355,-0.47981844879024,-0.2495011864250945,-0.6308468364618613,-0.6191354540375038,1.3160491194736341,0.6439017226178619,2.1828334933239577,0.08605964644318863,-0.8965729111631716,-0.7595419739114845,-0.6786573327538858,-0.577289584033028,1.8505717477789123,0.36074014500993934,2.059292370616397,1.4854921366383755,-0.7706529759792319,-0.7788031038629519,-0.6677479673110245,-0.6001775491172557,-0.2047262471603639,0.04191419005848894,-0.5027308308669048,-0.2530730541156712,-0.8459801137825034,0.14201572734228077,1.6772844550993808,0.8435153734219231,0.8089788063216365,0.3095573017862106,-0.5579420496260548,-1.0599197176548383,-0.43788504023317226,0.2551262464197716,1.610317844312994,1.0728699679605678,0.8237761965866628,0.4445207604260595,-1.266720227437795,-1.0231992240383683,-0.4423132745791669,-0.7611682538804797
Bearing3_1,acc_00096.csv,-0.49031489328252637,-0.1277362545616066,0.21995395850826663,-0.33895628747598794,-0.14423948905001407,-0.652372973148387,-0.38610707890488966,1.695670649870004,0.2598840074279861,1.3489664158782293,-0.11878473037614048,-0.9177108781239469,-0.7509986041313961,-0.6572369072909718,-0.375372789301106,2.0331759359421957,0.23095870271318433,1.219660086020547,0.6935029304396347,-0.8555104873457032,-0.751607976532993,-0.6565152687103166,-0.5866082536843998,-0.1845471572043515,-0.016555740230826822,-0.35944967328116734,-0.20590057747750537,-0.8528080796923722,0.37274314136375736,1.849980535979041,0.7744327734439193,0.6757898835723033,0.15446287010742316,-0.6823082814974127,-0.9282998408118718,-0.4274180878101095,0.49281211840843286,2.275044998642186,0.762721670450253,0.7397479511861693,0.1828708565191958,-1.2237143590487947,-0.9650005065656011,-0.45624483852718906,-0.7611682538804797
Bearing3_1,acc_00097.csv,-0.44559938966429663,0.42702073387547534,0.8210730292437415,0.08999050653939085,0.70475847009402,-0.7216251578026904,-0.3633451004258086,1.7289184206898758,0.23857483344824265,1.323592392386489,0.029900585999313264,-0.8259890869880365,-0.7835383582041265,-0.6899151130846276,-0.6882187064016182,2.8601800434636075,0.19786287065286962,1.3356047187817448,0.7661670539699187,-0.9389850875566966,-0.8059661959439469,-0.6828870085286312,-0.6011119799845425,-0.1862156032007447,0.04762191430643183,-0.3904168912109881,-0.16041710572570245,-0.8130833948186973,0.38853423349649086,1.0676072574166007,0.9790348362690818,0.2595112153712376,0.507122191463347,-0.2834230489582388,-0.8759981097393653,-0.4894825683039383,0.39945117705367533,1.4968827897957235,0.7946317889873656,0.44366976621430226,0.5902527428986653,-0.6012499636369069,-0.897046275167936,-0.513603724319787,-0.7611682538804797
Bearing3_1,acc_00098.csv,-0.5364155787772595,-0.09719597412254831,0.44950524898614386,-0.31239263952562424,0.09639159625385788,-0.693931684503273,-0.2861600310962833,1.5258902355352926,0.2806799284887452,1.2307366259139825,-0.028368149904005165,-0.8010832599977042,-0.7642871670429034,-0.6774142914773902,-0.005252893521202006,1.1629828484685483,0.2706612647087708,1.3067738928509967,0.5753097715652135,-0.9111471143753881,-0.7779176163564807,-0.673862189137816,-0.6370762477031597,-0.20349274258585132,0.15896973545690252,-0.5014983047801458,-0.2870227389473582,-0.7517186419203229,0.12266907542780593,1.2173498659552378,0.9122732984245661,0.4309632756638589,0.3665166956744952,-0.221352008790008,-0.8830589876235838,-0.4552339158592017,0.1462418442021944,1.604439168644317,0.9333560051571428,0.633681565042922,0.18538365846806076,-0.7709451932263744,-0.7534243755678282,-0.4932849802666714,-0.7611682538804797
Bearing3_1,acc_00099.csv,-0.6178221519391689,-0.21642952198010845,0.2658544948992791,-0.5095622517769148,-0.522850827906309,-0.6110891700313315,-0.4581143450575661,0.6851350614866204,0.7796318184127541,2.3097309296179867,0.030772497062550593,-0.8181002539275931,-0.7163130291706403,-0.667079933497332,-0.44791533516584614,1.018857058982396,0.8326948149793297,1.8524885819063712,1.568608054653238,-0.6535198926093617,-0.7350350327742013,-0.6624817120553379,-0.653760117902043,-0.18612186236739856,0.14548861622465278,-0.38995469392845344,-0.18246371294071334,-0.895137597505159,0.11309009520430684,1.6517983700808552,1.0329742141111213,0.5712024043865925,0.18115052203190904,-0.37631569924992797,-0.8969531841962864,-0.5409096696749458,0.07902876219372067,1.7777263276136046,1.2373980626119263,0.8664114036854839,0.11493092629261728,-0.9376493608826133,-0.9260475788524591,-0.5651130795681643,-0.7611682538804797
Bearing3_1,acc_00100.csv,-0.586554180829616,-0.05794122779791396,0.7216944880274798,-0.3511157037912951,-0.07542797782806936,-0.6942029058340816,-0.25924122743732125,1.2645130647622373,0.4577082958759445,1.1477742619219056,-0.04288061503616325,-0.6989299939049571,-0.7545398629356899,-0.6742543288714885,-0.11126318356822197,1.285348064184533,0.3702672492794518,1.275701147935105,0.5544417327172213,-0.7979215964565979,-0.7772273031699276,-0.66533365035142,-0.6859470920978673,-0.1959481588727403,0.0713276254389456,-0.5030389623885946,-0.2470092393277039,-0.8279211445654591,0.36943223536703573,1.1933554560531263,1.0212653944144046,0.45265563829406863,0.18927053007132907,-0.31202065854112354,-0.7895140905816778,-0.536034504378931,0.19690764538781036,2.0250742200849667,0.8759166989621175,0.5570839103089744,0.1361481591904235,-0.8412878282418567,-0.7593800990368297,-0.5182394997022542,-0.7611682538804797
Bearing3_1,acc_00101.csv,-0.5728457038122593,-0.1260569668816137,0.489249159830145,-0.38422672975759353,-0.21102355025783753,-0.5924456672676647,-0.49919372094232295,0.8148179481118225,0.5321562865536938,2.9643815806196585,-0.06248682113004894,-0.8519474033975089,-0.7457321491302656,-0.6649580993471659,-0.5273839596490335,1.1528460195929955,0.5331444629171661,2.6619955017725743,1.8941808515499001,-0.7906030406625828,-0.749023920767448,-0.6599817286047597,-0.5908338243677438,-0.19600294282207026,0.016582357955287348,-0.4115239004467364,-0.2600650634867457,-0.7434327899177069,0.049253069079868345,0.8362876021940129,0.807945460903951,1.0836661028282544,0.3921963772568009,-0.3354170142828781,-1.025226233537932,-0.44651744148514755,0.2466138146188054,1.2076137981484338,0.7696771653589014,1.2334567364940843,0.5223696854589425,-0.9301075822386464,-1.0791468696212498,-0.44492189525519277,-0.7611682538804797
Bearing3_1,acc_00102.csv,-0.46758751365096524,-0.10705608513757377,0.48007139278458266,-0.3546699947142311,0.05614645368520677,-0.7127938680332176,-0.44696792373413796,1.9389674728948016,0.11790937710215926,1.556173893119366,0.0398392562346987,-0.9369382879939883,-0.7738225499991256,-0.6822294327597125,-0.18550833003725106,1.686315788027676,0.09820418936874671,1.379290045534152,0.8881784526582328,-0.8668429985215985,-0.7909259111230417,-0.6782255767386683,-0.6023340876308229,-0.1977328226266336,0.03167109905345794,-0.4179946624022214,-0.3092104833697877,-0.7686183628614462,0.07966469558469283,1.7364886632985517,0.7877526867830775,0.7707307024897069,0.13668728945796768,-0.6067234429385292,-0.9688542360812337,-0.36322520580672635,0.25045410973077326,1.4970753026012538,0.9936438705507387,0.9418738524293292,0.14401161987948405,-1.0477861506549497,-1.0157490623111844,-0.38090339592079575,-0.7611682538804797
Bearing3_1,acc_00103.csv,-0.5843949316311862,-0.20365753742950593,0.4139534762773871,-0.47514175020742955,-0.3582097963674484,-0.6563673023476816,-0.39734642664480263,1.320394391620002,0.45712748543135523,1.6040898691209133,0.046835599942329116,-0.7706874729334477,-0.7488344328635812,-0.6719050197998326,-0.1883129175078672,1.3142678413460855,0.39719458864576324,1.4264369525565292,0.7673575327321035,-0.7341591247241677,-0.7691400445303539,-0.669016616787846,-0.6823110548956828,-0.19229661636859707,-0.020931080000945467,-0.47083921837201487,-0.20820906090800692,-0.8886144527908436,0.40850704727511306,1.6454240610611357,1.0344855413109402,0.4595599091631441,0.3540340522684635,-0.6757249657661814,-0.9466703084243926,-0.501821687665595,0.5173641227048047,1.5883377930697424,1.1897916471459997,0.5019124781550202,0.2916350799200282,-0.8518399198319521,-1.0790730963515152,-0.4775852171714105,-0.7611682538804797
Bearing3_1,acc_00104.csv,-0.5309919742093175,-0.13047852237557606,0.5490012884323378,-0.34643900520848464,-0.35225302542024733,-0.7134192630680241,-0.20310510841722082,1.080407314652719,0.28041477679017696,1.8416554239163405,-0.08567451841699489,-0.862170055518951,-0.7737347219032438,-0.6806680613968921,-0.4378139931510065,1.7551593523126616,0.44275301775328335,1.6572552335734911,1.049695641326673,-0.8942748788964607,-0.8071466847444859,-0.6728730513946424,-0.6129202683141879,-0.1948945460925851,0.03609221452138668,-0.47669371728412024,-0.2067255657322054,-0.8894926993959651,0.5737337434129594,1.9272955749917766,0.8213342391010596,0.2948854207346271,0.3503035832833571,-0.6791718675521539,-1.033161682238268,-0.3655889840004851,0.5088475768176262,2.3466136741719983,0.8174871776750353,0.47721142864652427,0.3096782475215425,-1.2164012322678113,-1.1014634847466358,-0.3778081689171255,-0.7611682538804797
Bearing3_1,acc_00105.csv,-0.5404219567595389,-0.17262026379941325,0.4399819752501404,-0.48879771006923617,-0.1369196757496576,-0.7357520300450727,-0.20742667539776155,1.1161201616405738,0.3072940666936094,1.7298815540863535,-0.12031902555018065,-0.8642583264848162,-0.7528819247978664,-0.6870945449695425,-0.09353020690201502,1.3954732887108727,0.0419786764587199,1.631461432849878,0.9075173896130219,-0.8079318101521896,-0.7760434607815921,-0.67640671827786,-0.6547040251530784,-0.19573514199707603,0.10916964386013889,-0.48871084663002085,-0.24012983484027817,-0.7502073292127696,0.26213797474141315,1.2909096538430325,0.8759991947231083,0.1789714149751878,0.5741784598312449,-0.3920595989999982,-0.7451926274438719,-0.5087852966943901,0.3835673173039535,1.9341451398314538,0.6570238200894605,0.3001735871384747,0.5638013778062315,-0.6157638903738929,-0.8006875373517442,-0.5498512724085965,-0.7611682538804797
Bearing3_1,acc_00106.csv,-0.6166114953627195,-0.20404705617592123,0.2088505604868762,-0.5164837656794743,-0.3834562602833039,-0.5084099197100826,-0.6195612773038838,0.6239678931923238,0.7379672948091689,3.1959395991961874,0.21333541825733668,-0.8099163614502455,-0.7221830229957995,-0.6643174624507097,-0.49846212776117976,0.5769973009116851,0.8152458978316766,2.9707648142675773,2.0085270878693464,-0.612172993854543,-0.7404721242454139,-0.6602865534080219,-0.6472085496766544,-0.18905975994737248,-0.12225413058714896,-0.43771507979036584,-0.19596746531271592,-0.7397198851260754,0.16127689628070724,1.1563440462177441,0.8184982657813319,0.6296276841690223,0.6100402779400204,-0.5141799290624511,-0.9243503948562034,-0.46551624927773716,0.12224735415720243,1.239058015874158,1.113021936548447,0.945139660342139,0.3745312944808153,-0.9483708885122689,-0.9617965188420309,-0.48063197202669505,-0.7611682538804797
Bearing3_1,acc_00107.csv,-0.4304050778339766,0.06075735369550466,0.7131383441116724,-0.20015187353817238,0.7907857790397839,-0.8214678546143885,-0.30402610772818434,2.325175779944834,-0.057475590855005615,0.7180434994427254,-0.17821037302747142,-0.9792323451644059,-0.7784162907099554,-0.6928889527216276,0.09071116315130277,1.654233736739001,-0.027911136852577307,0.6483632188225277,0.3521286938270059,-0.9424815273760245,-0.8173452083393599,-0.6868187871469982,-0.6184770654733257,-0.1939588460747871,0.12605591157714566,-0.41907312272813557,-0.2541780463363341,-0.86729903367185,0.4150456282761783,1.7368090540996866,0.6958773192653656,0.43882712409418684,0.5001534955372973,-0.5719866057620648,-0.8040376412243487,-0.5446996474285931,0.3705241696511994,1.921993211599883,0.7352531131826513,0.6408263850859562,0.45291552688549896,-0.7593189151821552,-0.9633923857344073,-0.5239089461612673,-0.7611682538804797
Bearing3_1,acc_00108.csv,-0.5097579369749015,-0.06289713243973377,0.8177348956959004,-0.3337183850632401,0.22661716704257429,-0.7271886504724627,-0.3564227174507626,1.6086177462676028,0.2598474505734863,1.4445502644210202,-0.06346375283612908,-0.7996409982205472,-0.7700089733723655,-0.6742969735108635,0.09546923939585117,0.8287870774871519,0.27006048016619133,1.204333374691427,0.9627635541870266,-0.6444391636385287,-0.7970949781161789,-0.6723292041730808,-0.6310976261847824,-0.20240648272977174,0.10068888126822824,-0.4941031482595916,-0.29068114540256473,-0.906399678940451,0.4030779746789255,2.0303940870975894,0.7858852400312659,0.8222997489692266,0.021281775764526847,-0.7145018141569304,-0.9609899278436632,-0.4585657344338329,0.4408184990282664,1.8039379656473324,1.1857952600088686,0.8834769871511918,0.026884965374192382,-1.278952859090259,-0.989117350011308,-0.47725383723981685,-0.7611682538804797
Bearing3_1,acc_00109.csv,-0.5576986169299436,-0.11960972381990972,0.6647395043536705,-0.402746456145523,-0.03512760560000837,-0.7030845288561799,-0.32838404968614227,1.2080790867517945,0.3835817432261986,1.8389386456360715,-0.03980470715901198,-0.9094795998999475,-0.7670499076822237,-0.6771047903611239,-0.06835847386488803,0.7464434668854744,0.49779557084004167,1.765962723197608,0.998381858783956,-0.8287909528652986,-0.7919253604270101,-0.668105365561712,-0.6717640780492617,-0.19662109772909753,0.025732802766775052,-0.4763855857624305,-0.20556177100998613,-0.9272628135433193,0.3673053545639292,1.5712591920948396,1.1330574249416285,0.5062169112222628,0.183746777880579,-0.4158399253933005,-0.9845404877439292,-0.5337415294084054,0.6330520822837955,1.457337839028773,1.1700365235692314,0.6697789682001125,0.23342871064970572,-0.8808848029275036,-0.9873720064334598,-0.5485679095806101,-0.7611682538804797
Bearing3_1,acc_00110.csv,-0.648997930412292,-0.22720700584279865,0.4028560589191692,-0.5703593333534512,-0.5970556943566104,-0.6284172675609759,-0.503292815695924,0.7965779161267672,0.6271664754738737,2.7430993159739048,-0.017041782653498504,-0.7127796791563619,-0.748360119484013,-0.667779387836627,-0.46758086047668507,1.0149215033309997,0.6227463489985678,2.539970900559168,1.477383189537506,-0.4453032565045196,-0.770845285618157,-0.6568916026306757,-0.7116957183795184,-0.19634942063494334,-0.05578262701307449,-0.47746404608834464,-0.2825757098301491,-0.8738115762766807,0.32243212265066684,1.0813813311025695,1.138466549655711,0.662883983856353,0.21603293110140886,-0.2891785031114446,-0.967494662743776,-0.5428959848353018,0.09977692840580697,1.788714291493439,1.005452302414466,0.7651727491393396,0.367583850442587,-0.6747329161714342,-1.0190951959527335,-0.5486762951294563,-0.7611682538804797
Bearing3_1,acc_00111.csv,-0.43835304319066004,0.04800922086886358,-0.1686103860970724,-0.1500176647304439,0.22022615685801147,-0.7900302153488331,-0.33129383678539137,2.023891958585066,-0.05701816781954678,1.5216428305386935,-0.30026921550685526,-0.9635033632161948,-0.7829762374919321,-0.6909604705462772,-0.2064017402914743,2.0065198350488984,-0.002196398561766264,1.2549174052006784,0.6275746937887693,-0.9880945134591083,-0.8065752621081855,-0.6822699582978186,-0.6560373022950313,-0.19199018799452816,0.014431044687343368,-0.43940980315965955,-0.21806265260037158,-0.8723855099833034,0.3250898129813745,2.147094904409425,0.5425771453176997,0.7139184842383799,0.39481574071004694,-0.7425321519770673,-0.8586733211678388,-0.5219177264503978,0.2070528806822468,1.9233769781841665,0.9031277827572115,1.1281913869873599,0.14130938953997438,-1.086743149294792,-0.9417520806877568,-0.5351076758008343,-0.7611682538804797
Bearing3_1,acc_00112.csv,-0.5871499490651755,-0.18142810476676252,0.6372056462672274,-0.4916037292189225,-0.45984910752757535,-0.6340110160634063,-0.5032501344429205,1.4052640049044245,0.46250434550998437,1.9039301607389978,0.0006654849128776927,-0.7299692150521336,-0.7442138559275977,-0.672608582009132,-0.4194169865036957,1.6809950968072727,0.37277927124303467,1.7264134394121469,1.0951874457581918,-0.7311479143534705,-0.7677539262278449,-0.6671193854071699,-0.6636849537983475,-0.1955144766041754,0.15646003429180066,-0.4679119689159622,-0.239535967758846,-0.8361601362064873,0.18654093391640622,1.4650390953214498,1.2078928638418374,0.37412350392937843,0.09791704375891189,-0.3386250567551269,-0.8426795060665984,-0.532506802845043,0.05111676695805288,2.009777227842008,1.141556123028295,0.37406385668925946,0.1828413086489613,-0.7371904951925459,-0.911006365690998,-0.4905985412192359,-0.7611682538804797
Bearing3_1,acc_00113.csv,-0.6130019327989107,-0.16335835049380662,0.7269284236785329,-0.4375410936016331,-0.33765784443584157,-0.5877058451380339,-0.552222837357027,1.267392974555508,0.5158319806720861,2.208681613979636,-0.006651309226024961,-0.5683227631110148,-0.7481159043759097,-0.6570650746221908,-0.3888541206595096,1.1242866647417802,0.6632273365683728,1.9182723546670255,1.2418838206819884,-0.5721647489319955,-0.7919384662995181,-0.6519396074941012,-0.6234235705594922,-0.18450891805762729,-0.029786569580790716,-0.3938063379495754,-0.16749149847161163,-0.8440792956294167,0.2514564036778924,1.8747798063794976,0.5163728649943243,0.6725751091598542,0.21674984755990487,-0.09540106230060931,-0.8901325271557713,-0.5288303110020307,0.33172338462996515,1.4737822031642454,0.8953856264078484,0.7968573613062316,0.25599065592119963,-0.6654971325420064,-0.8474313802417476,-0.5515992834667247,-0.7611682538804797
Bearing3_1,acc_00114.csv,-0.5282113245523854,-0.10200816254572166,0.4300980133285026,-0.38497500153084313,0.08350093869752896,-0.6127733411900884,-0.5123031802222537,1.4725021077127325,0.08991301186495691,2.701568693717609,0.1489746590283681,-0.7777722455134226,-0.7441734609944981,-0.6624097036346668,-0.06799161149925624,0.7491869915815478,0.06234037603408486,2.3805183622488335,1.739706014929294,-0.8441774025398389,-0.7528369190281334,-0.6619436323944027,-0.5977926626170718,-0.19282520131117356,0.10119033354192845,-0.46328999609061583,-0.17074515462783726,-0.7688354510653498,0.06195591323455196,1.1982554539998609,0.5241606277391464,1.5064458450749052,0.06324114752341985,-0.6009260351888227,-0.8327719854873953,-0.4808125222238603,0.4211696858487017,0.9398115626619914,0.7364545688623847,1.31783475169513,0.2992953006511226,-0.7354864275060664,-0.9527908342917765,-0.4877367173718569,-0.7611682538804797
Bearing3_1,acc_00115.csv,-0.5575163614469948,-0.04092292949434451,0.8754075498759467,-0.3584113535804795,0.30177105437413626,-0.6671450912152425,-0.46337315128618545,1.7685922207824678,0.2769487601887369,1.5022677991320126,-0.0043842804703310935,-0.7989511458495053,-0.7489938430656349,-0.6756942080273924,-0.1925788859053714,1.5320285752912526,0.21068902316732513,1.3331396830704019,1.013323971868169,-0.8108958666821728,-0.7874823527052527,-0.6684535273644598,-0.6141025211719411,-0.20193170734504684,0.07462857049499949,-0.47838844065341396,-0.26840189275700355,-0.8596172737785571,0.27184126185645296,1.1737556644863554,0.9850870102706587,0.6355039108986759,0.4147353831327102,-0.5093376836022598,-0.8293181000726726,-0.5701910138967092,0.11756710077306559,1.9156727740588315,0.9171718659978397,0.7914097489723357,0.2058780539339913,-0.634666916150273,-0.8722089985599295,-0.5942722661285199,-0.7611682538804797
Bearing3_1,acc_00116.csv,-0.5045351920118207,-0.07826479635422828,0.5325681623026834,-0.3361502683263015,0.16739603381670037,-0.7181886104719201,-0.5097474058384404,2.1684480774706154,0.0985127000872144,1.4101774870831816,-0.011489884373016014,-0.820440001229046,-0.7713136769430291,-0.6814001541320562,-0.4221454904683726,2.031165412090564,0.3220838084831358,1.332812046760718,0.8517068304580003,-0.9185522788041132,-0.7878279886326066,-0.6746044339956603,-0.6025453385953753,-0.20041836265612742,-0.055441432674706956,-0.45943835206949385,-0.22864398198336244,-0.8374911331153152,0.1959560402011007,1.7522035566239451,0.666853065604145,0.6010670716908244,0.2584902788975467,-0.2148698295406383,-0.840329821793594,-0.5424182564280402,0.3533911394850648,1.4204874751618073,0.9105449109102131,0.669581872503886,0.19468938256592988,-0.33906626585090616,-0.8704688547483633,-0.5669621013851421,-0.7611682538804797
Bearing3_1,acc_00117.csv,-0.5993298042283097,-0.1484147525311784,0.2579210667410501,-0.4349221423952593,-0.29503900534050653,-0.6154810602898281,-0.3626127701061934,1.092216416168873,0.31776641145459256,2.200395918378935,0.04418226450934646,-0.7345029282347002,-0.7165196962673354,-0.6582138050373479,-0.366813240531311,1.2892721759849466,0.4309665314691732,1.7805238163258295,1.5809893942193523,-0.7627109554738166,-0.7273118562842464,-0.6519887007225009,-0.622735254655733,-0.19538370117839254,0.18807636124712104,-0.4489618803320421,-0.22524276380212574,-0.6960512423579998,0.16380005495633845,0.8647030595199016,0.9182704238219294,0.7207330437165426,0.0027734207804761394,-0.35930663435236826,-0.6799309836466344,-0.4457318584368697,0.2000342704988891,1.2731616892140052,0.8243986744066171,0.6947211667320362,0.2416820428587623,-0.519462193092262,-0.84710250224542,-0.436919505164894,-0.7611682538804797
Bearing3_1,acc_00118.csv,-0.5414646319700106,0.05244725301443775,0.03635857572542056,-0.2813393609357626,0.539717495692158,-0.6841629806337214,-0.5271524241695971,2.2510628466527547,0.21268004293828846,0.9258892160702427,-0.015692322009705256,-0.8403493862958457,-0.7555687648543348,-0.6624102207023334,-0.5319223417036132,2.348605490087853,0.4680083198707606,0.8283136037579474,0.5834888585721214,-0.791848024698454,-0.7807265257236623,-0.6594102926853848,-0.6152332026508193,-0.15945577996956542,-0.07942848232105768,-0.29196887003111044,-0.16658725655870135,-0.8652256908893788,0.04332151317599712,2.0184231556830485,1.0465097415013342,0.4016549470238568,0.1774136855580481,-0.3314579024438449,-0.9365923580434212,-0.5325609156267136,0.18951127450740377,1.5703716427893453,1.4408791739186095,0.6933652043271443,0.05937353719252227,-0.6523106251886716,-1.1060878872445472,-0.5308574724134211,-0.7611682538804797
Bearing3_1,acc_00119.csv,-0.5881423882586241,-0.21439615666722345,0.6842083158232061,-0.534629356180779,-0.4245994630916118,-0.572902962263845,-0.243379187382368,0.8901621129016346,0.3122291387833174,2.043117952142852,0.18122239652912497,-0.8403043341968232,-0.7186871809738902,-0.6601541212200852,-0.25480934824866125,1.2948001994918652,0.1826574426980499,1.8884663041003498,1.4617644345587901,-0.7831077505000621,-0.7472090102407525,-0.6493369864615439,-0.6128370344862717,-0.18622459329673327,-0.06004826611186076,-0.44018013196388395,-0.17380483890021384,-0.7878319987646751,0.5209295287768827,1.617216667547487,0.7914307706958769,0.2577557827648985,0.2114621810333944,-0.3403522510526905,-0.8688969245987966,-0.41832031913665524,0.6766883710807303,1.5125976110937795,0.8703983537897862,0.5346420789524402,0.1307892752159843,-0.7853285123541319,-0.9506908272064525,-0.4039926804854366,-0.7611682538804797
Bearing3_1,acc_00120.csv,-0.48778369423663154,0.25538639298186816,0.7501566796277513,-0.05442594569779716,0.6931368432487073,-0.7607185290278765,-0.4121414545880073,1.7104277125538894,0.36632124480235073,1.2753338535618441,-0.13293498871457965,-0.9106400459606669,-0.7722050511563412,-0.6816489770698991,-0.36904276017312027,1.9304811467315315,0.39121148874947725,1.2049025935873734,0.6525618445464493,-0.9175402124504785,-0.7869112568537813,-0.6747145651755676,-0.5795063375154069,-0.197560249455838,0.03804289481831532,-0.4749989939148266,-0.21994036558192562,-0.8624319557121125,0.14952363939123875,1.6590573639899884,1.064038717372181,0.6028579836773992,0.10231817210300323,-0.446532244829595,-0.8920836222854039,-0.5283089453582739,0.2277462901224941,2.3060446949792963,0.9508012526009251,0.7652797498918249,-0.1373753703275161,-0.7761608701978935,-0.9085516377653349,-0.5411269935752784,-0.7611682538804797
Bearing3_1,acc_00121.csv,-0.6551707560017462,-0.16606633381432714,0.43067903396697566,-0.4715874592844935,-0.2919050567789252,-0.45922330494551955,-0.4403064484217481,0.507230908055847,0.670521006219574,2.5702474480470667,0.3094495942514286,-0.7072890167783457,-0.6940734649186472,-0.6300426272895521,-0.35991963620526407,0.8824563480147393,0.4067730023565046,2.3273445709422877,1.9346680707465016,-0.6122065141465487,-0.6844465604795054,-0.6307917411656069,-0.6144217886454449,-0.19227287040534344,-0.0935407812080771,-0.45142693250556015,-0.22004412609869492,-0.6665056174263995,0.09919225369317877,0.7403500907936064,0.939604916224266,0.759052731956921,0.19459766085097532,-0.43646716011472875,-0.8996256541455979,-0.3254946775427302,0.07542943950673271,1.3194747027319753,0.8812114834708016,0.5485280252401215,0.4230347568737931,-0.865005005865238,-0.8379563441253819,-0.35688238517602033,-0.7611682538804797
Bearing3_1,acc_00122.csv,-0.5349656339137392,0.20095529249390168,-0.3601267415872198,-0.1358005010386999,0.3456599100075313,-0.6117826910450305,-0.5018815925357694,1.7958573814248522,0.09696908675277606,2.0740706056978286,-0.05303457955145986,-0.7196589137206191,-0.7539508486856817,-0.6661209878152093,-0.4258660646722362,1.6604325290804018,0.28094716227007094,1.7000749341662569,1.6042569985171633,-0.7125093243872372,-0.771830549763433,-0.6586950477752529,-0.6075745422463288,-0.19828489295289098,0.011150833709396735,-0.48224008467453594,-0.2041339688971728,-0.7417507245889114,0.2267567289232262,1.7561403659964652,0.7171135021990795,0.5716144617652812,0.08759701039023979,-0.3481381799116472,-0.833447043926584,-0.4467958758236457,0.1885098746278436,1.4985325397668872,0.9970566428936607,0.5499580498154455,0.28931912010604177,-0.6981329751153615,-0.8666617954331317,-0.46925157356323693,-0.7611682538804797
Bearing3_1,acc_00123.csv,-0.5319539879697627,-0.0679866676376963,0.7981711580689347,-0.3584113535804796,0.11155206518331989,-0.6375381540298682,-0.568773258709772,1.8516636848809014,0.2871453505564033,1.747831690131189,0.026443544546098964,-0.8158682878749859,-0.753629157127765,-0.6703199336069073,-0.3704926181383293,1.7298927854395327,0.21096171081085732,1.7532926641183297,1.0894184558520748,-0.7886224504831106,-0.765818306838641,-0.6610244301890372,-0.6020832966340933,-0.1920227248828882,-0.00016623171239255185,-0.4186109254456009,-0.20580360614364862,-0.8685061513431883,0.2349479606583705,1.1715632276236854,1.0147999917120996,0.8549642147436064,0.30116176330412975,-0.5016501452502646,-1.0090126737812173,-0.49697934227346396,0.2871740562031168,1.2660350350348355,1.0347979540378327,1.1021071705866177,0.38441842873769266,-0.7099895320280669,-1.1447164665554261,-0.5202290284287368,-0.7611682538804797
Bearing3_1,acc_00124.csv,-0.41997850691606303,0.19447302907811848,1.06077195592046,-0.03983464611942852,0.9081392108170186,-0.7367679458547381,-0.6709855788928509,2.8715107651291034,-0.022757171883382884,1.0480753629921282,-0.039972352934969396,-0.9793528775868556,-0.7679344969123186,-0.6851385886272979,-0.13196676162021742,1.7186254040016329,0.16979070885539163,1.131989311681229,0.39664970794928955,-0.8999373982734068,-0.7899654458888145,-0.6814638794577474,-0.5872657924168895,-0.17917683324051406,-0.12300939283212234,-0.3562142923034249,-0.19369797861936008,-0.9499177039812833,0.27288804930508165,2.2330009492173937,0.8056012280606878,0.6625537307927977,0.19161212523136015,-0.6414590845136134,-0.9264370608126693,-0.5408904962859037,0.40547460254342843,1.7946457906634297,1.2249720798876744,0.7008169107378556,0.25653106377791063,-1.0585323837710694,-1.0028200253231623,-0.5583815825648938,-0.7611682538804797
Bearing3_1,acc_00125.csv,-0.62075186473495,-0.19262877333224293,0.6005735802432334,-0.5187285809992234,-0.45448898007810073,-0.5003234769915552,-0.6207262423280638,0.8509306371986624,0.6724718090215397,2.737556626159137,0.29414675086427583,-0.7039923300163494,-0.723358003929371,-0.6370929257442584,-0.38830443425814604,0.7971672319428883,0.4572659887154047,2.6174885208252183,2.036706439544599,-0.7224417755620569,-0.7182999590490782,-0.6337625809769295,-0.6436851449486996,-0.19305275605812036,0.17846523763982802,-0.45065660370133576,-0.22042093847853822,-0.7942177473330834,0.16812300059900256,1.306176477978752,0.8956307213182645,0.6816113399089904,0.3217959990391448,-0.504530851032353,-0.9359688946672724,-0.434611088933439,0.04210178181372953,1.7202168698290667,0.8473365915407042,0.9371099437019383,0.256794531407818,-0.7803637266456098,-1.0948248610786764,-0.39210876801229483,-0.7611682538804797
Bearing3_1,acc_00126.csv,-0.6369760412457399,-0.17322346770949465,0.5221760833674777,-0.46672369275837067,-0.44097132208448275,-0.549134839100915,-0.4936452324721171,1.0393685564825574,0.4758944501856012,2.368264619561253,0.2742302122732705,-0.5498576477183745,-0.7253119979333594,-0.6593109177018478,-0.2411875038628148,0.6887595932328003,0.5148156649397082,2.146560277528944,1.655415389073754,-0.45487954503832095,-0.7429983585942443,-0.6550187663985381,-0.6464644678569957,-0.2038380047063497,0.04746764617628331,-0.4697607580461007,-0.32349051413674107,-0.7168612977383183,0.13722064801944664,0.8389280491935645,0.8777898261151716,0.7202666961161168,0.479846131473192,-0.2318358079054203,-0.9306536146223605,-0.48727775134203766,-0.036093985514103755,1.0209325735059265,1.000004055463152,0.9105032517720668,0.5304833215413357,-0.6660373802449241,-0.8849886553095389,-0.5062404541476072,-0.7611682538804797
Bearing3_1,acc_00127.csv,-0.4757413635354383,0.08078066223332069,0.8805946046704434,-0.2633808383777702,0.7406696416647839,-0.6687082607377326,-0.15000554486574974,1.4281477546170671,0.0538527530931052,1.386594646742188,-0.05091186690929645,-0.8804118084896768,-0.7737579988062643,-0.6599717314685182,-0.12921922078825296,1.5100602684428313,0.11686920245961155,1.310999575836885,0.9127798742783659,-0.8508258832114972,-0.8032833688423707,-0.655739061584163,-0.5947049541455052,-0.19914521535667856,-0.03590257220037845,-0.46822010043765194,-0.2539586748836458,-0.7915775538791636,0.09088401733796653,1.1883460606552494,0.8688574167012199,0.8999987934265562,0.4880463857919829,-0.6106465135245126,-1.0201825859924423,-0.4442952616137153,0.051561310084791874,1.464283827552193,1.076592985768802,0.8782262434397746,0.6205671627010916,-1.0072071765149546,-1.141479254674989,-0.44667536182486467,-0.7611682538804797
Bearing3_1,acc_00128.csv,-0.46916150600100337,0.1381485571938202,1.2266410967335792,-0.16105467338587653,0.8128876727383453,-0.7302505008242504,-0.4135246100588449,2.138841917788308,0.09696512853757351,1.022190657496826,0.0326784924416026,-0.9196367442600559,-0.7682094677460275,-0.6787708090903473,-0.4775941404376261,2.66282811838454,0.06350619341055878,0.967310382602726,0.6285293476232962,-1.0091963813559532,-0.7749865192443659,-0.6729936319500195,-0.6038059772773006,-0.1807244837737915,-0.13977956787357618,-0.4008933629484398,-0.1438092573555854,-1.0092732297612386,0.6292941524105721,2.091249263039632,0.8363110123805912,0.6084501751846781,0.28660646160608827,-0.6506343073877703,-1.0655081682050103,-0.5278385450957869,0.4792829883062962,2.745158738305822,0.6960484615023942,0.8783303979431243,0.08623548736900301,-1.0476065658855849,-1.0890311369781354,-0.5389673814668196,-0.7611682538804797
Bearing3_1,acc_00129.csv,-0.6024932113652116,-0.2232243177641367,0.17290872365466797,-0.5320104049744052,-0.531297285751204,-0.49359872144991424,-0.5659696554435711,0.9301401494615135,0.28947137910481124,3.358600386887987,0.3073446993636994,-0.7491084386654959,-0.7247942407775133,-0.6393723632399001,-0.4509934111889518,0.7547753908240203,0.4583975602794321,3.0948306818856035,1.9466028380589018,-0.5163018724673637,-0.7255597103548208,-0.6402433837704932,-0.5953479680128677,-0.19613611077783732,0.022785314271391077,-0.47469086239313685,-0.23475274883101765,-0.7515782650330209,0.11981953224866482,0.9280838708006318,0.6899091063083737,1.4906553360355523,0.24293969843402893,-0.6885663272644917,-0.9379573616927589,-0.48153006818355276,-0.07866508899165987,1.2090894579775027,0.8596914194014597,1.336566890765965,0.6496425154996573,-1.1745399890072965,-0.92068459028646,-0.5035287084692103,-0.7611682538804797
Bearing3_1,acc_00130.csv,-0.6208851544951653,-0.1023082609123442,0.43825067100733117,-0.4190213672137036,0.035081844212883524,-0.5986857935668909,-0.3433427331282141,0.8898276981259814,0.32502641652406117,2.5228994393925324,0.033763437006114914,-0.6990552835377364,-0.7285475349866786,-0.6561746664987617,-0.45363877810735004,1.3907773190740462,0.3862422672434189,2.0527706988598067,1.774778155948579,-0.6469441408550785,-0.7600429893293879,-0.6538629390855742,-0.682705597892829,-0.1996414931527643,-0.024905690543698074,-0.5156723547778747,-0.17460926519655987,-0.7978058394853598,0.4335507297040423,0.8169028374335259,0.8826965330347638,0.7310022221827955,0.3594002570388586,-0.4657456747168235,-0.861560664730915,-0.47909049003174725,0.40089110484980406,1.013126427053268,0.9218617141185732,0.9825330211586261,0.45715220506680665,-0.9023560107729522,-0.9349743186313826,-0.4810601487125046,-0.7611682538804797
Bearing3_1,acc_00131.csv,-0.5666704124293551,-0.128940407261065,0.5876423827253355,-0.45119705346343975,0.072381013375524,-0.6796858707147415,-0.5906529915118012,2.1028754985903286,0.21060938421115027,1.5521035521216617,0.06892267275861935,-0.8689568856350135,-0.7529858267307306,-0.6782954963921213,-0.4254965952559293,2.0092235472716777,0.2857520440581568,1.468778938741973,0.7938672667349399,-0.8507267110564736,-0.7734838717392394,-0.6711529094552631,-0.6669072345824137,-0.2036724310498294,0.08088192332854148,-0.5118207107567526,-0.27813331444569145,-0.8941324693277248,0.4439976435765714,1.3640180376909774,0.8512853054100775,0.7453987214687496,0.33696390162327067,-0.6616217287631309,-0.8202111514839215,-0.5606254751193934,0.38882289587510366,1.6684205353120587,0.8044263488915876,0.8632420040616916,0.46124153221248254,-0.9282258694546588,-0.9395021463709614,-0.540954010848677,-0.7611682538804797
Bearing3_1,acc_00132.csv,-0.4959094039566403,0.2362153599290185,0.6172396755800867,-0.07313274002903924,0.7031714796152416,-0.6240936314855924,-0.44481808782632104,1.583146339467335,0.10437538447337301,2.2428337473131212,-0.05579197346942528,-0.8152330910314615,-0.7565758143629923,-0.6613893861386372,-0.4671166820055721,1.6615544747200395,0.3228777771142431,2.1439203617604763,1.1181658680064899,-0.7516864020645071,-0.7778687159544786,-0.6571651305608102,-0.5743330819239099,-0.19569220701911114,0.0366180400252595,-0.4290873971830526,-0.278109284805735,-0.7953823107719934,0.3221479077927793,1.1643854272465586,0.7650278873816704,1.1457286430043676,0.0910616946375096,-0.6261469156548883,-0.8971407417889182,-0.46152265496399925,0.32160503905958565,1.1693742986830729,0.8862224949536762,1.0062978531349394,0.4991585197247027,-0.9728608301218697,-0.9844275325987346,-0.45863436973047716,-0.7611682538804797
Bearing3_1,acc_00133.csv,-0.4220785665770294,0.38485011924014967,0.9177513653131791,-0.049000975341736995,1.6344068594571222,-0.7971586661974918,-0.459573706655282,2.7165938197757145,-0.20260295852864366,0.9629078300464353,-0.1137039770479732,-0.9823379323804556,-0.7900732925332643,-0.6878313765408253,-0.18303625299233597,2.45457505229861,-0.22590801567029323,0.7759473902345507,0.46199468456269827,-0.9937178348676815,-0.8266640271311001,-0.6825706583302206,-0.6393688122931347,-0.1831339809609583,-0.01954842327768079,-0.42954959446558727,-0.15429487062172764,-0.9262314383501833,0.7615717703830793,1.6873592483327846,0.7277439519852348,0.28455000930189683,0.612801796917015,-0.6030786614807314,-0.9096408419995506,-0.5319626663502431,0.38210386966013576,2.250056238027109,0.6805335803731825,0.5278670933927033,0.6306670955030409,-0.9108826317472415,-1.040145776453037,-0.519751422314272,-0.7611682538804797
Bearing3_1,acc_00134.csv,-0.5706287510673129,-0.19056591501068265,0.17364542411330344,-0.48524341914630026,-0.2402012879543337,-0.48620206054612,-0.3418065375963268,0.8795136764473647,0.24197514067823553,2.5421739891392274,0.11663735239359668,-0.4580642337391312,-0.7621237810194342,-0.6076256914756947,-0.28673814256612323,0.8787455520303366,0.39534483888042016,2.300256619022753,1.3864783777885423,-0.6222540026017259,-0.7759966790029269,-0.6042958708888623,-0.5765123750838373,-0.1904156598716792,-0.06256358889889346,-0.4277008053354488,-0.21705298280314458,-0.7496912563785063,0.20782078655997785,1.0376901645848167,0.6751311638351901,1.002695987063061,0.5842951087918625,-0.4942826495767621,-1.16593011369005,-0.3625643901610253,0.17813643264917792,1.2137402055132351,0.7759265535189492,1.0361741625436929,0.7332956022709066,-0.8675686951948492,-1.168158510529174,-0.40400608575627306,-0.7611682538804797
Bearing3_1,acc_00135.csv,-0.6000031204255081,-0.1445650666337286,0.3767492268892707,-0.4425919280710684,-0.20696323667163974,-0.5580838834887156,-0.43599715926845883,0.9428442098851573,0.397610012541097,2.6398154497805773,0.1046970589457016,-0.7201747758535963,-0.7494758712965329,-0.6557302740795843,-0.27484052752153976,1.144223582129814,0.18141986245957029,2.2198304828690403,1.6933217440206785,-0.6310473767689097,-0.7796414614342495,-0.6496532935501433,-0.6373470591208377,-0.19996090150988927,-0.10310478966610692,-0.48439700532636415,-0.26744769870248997,-0.8108837708463822,0.5238933281004752,0.8356647214549691,1.12628621379106,0.734849650294264,0.0007981195850063948,-0.15295115932113168,-0.9905493510325074,-0.4948689189442549,0.5005124884913119,1.1054611409496145,1.013692875306752,0.9164375652311995,0.1580546708152449,-0.7774807152438009,-0.8458724949336192,-0.5289138492139479,-0.7611682538804797
Bearing3_1,acc_00136.csv,-0.6522703189804231,-0.23739689091096322,0.5282630958379485,-0.5791515266891349,-0.7028752625391657,-0.49594598210054885,-0.3258189218679208,0.7592171519712181,0.326297755714663,2.448238780337458,0.38300038001672604,-0.42625963976823694,-0.7176025589490188,-0.64535852683439,-0.16428924477707557,0.3688994062253337,0.5629019019486786,2.2962923962159247,1.6387275740360938,-0.5194885748849157,-0.7253896144886555,-0.6437063365811667,-0.6890468515068013,-0.19531044473874742,-0.014799674729928552,-0.5185996042339274,-0.1609598940582205,-0.7935419639476932,0.38144940334078004,1.1143763001715916,0.8346507188548288,0.5913108450877195,0.5190347982814343,-0.43143772734799635,-0.8917384505138078,-0.5142606138272908,0.3274335144747909,1.163934019771461,0.9977430907730757,0.843862009892931,0.5174713217465806,-0.777249384298503,-0.9973181065278114,-0.5080462643023418,-0.7611682538804797
Bearing3_1,acc_00137.csv,-0.5505100537298041,-0.0041104948832078846,0.3193506739647125,-0.29387291313769465,0.19744349651378879,-0.5664768367120787,-0.5661225092795142,1.5740898058203134,0.1902917107752703,2.358670892834624,0.26976113549577535,-0.7797367017120557,-0.7345200749113057,-0.6523465802011276,-0.41513139221889495,1.4474248689984388,0.2529213071698868,2.2660459514049984,1.2983024935766425,-0.6133173630338212,-0.7513499985838411,-0.6437897807358337,-0.6282249008307791,-0.1914942607279363,-0.05436649552385338,-0.4435695787024713,-0.1999959910759696,-0.8932570976838482,0.3021956373274615,1.3021713863260984,0.7607655252200234,1.0494218846856143,0.305108514977404,-0.6473378155922255,-0.9938480729859712,-0.46340987475526896,0.6128909613326933,1.153055935177644,0.9098409955730735,1.204546365101435,0.3581862566107866,-1.115742238819691,-1.0417868845981706,-0.4842515493595455,-0.7611682538804797
Bearing3_1,acc_00138.csv,-0.5966158920150535,-0.16831301599604068,0.674449746089947,-0.49141666127561,-0.17752278962349521,-0.6067607087446756,-0.46717838000475626,1.6810694263376822,0.12195980224581948,1.9992739291665458,0.0018062865326347274,-0.7417082100086573,-0.7274716497009761,-0.6577067335479244,-0.3289560708783129,1.442037248466847,0.33428645513242344,1.7519126081289162,0.9916192227042101,-0.7092714947107129,-0.7478608266257221,-0.6373504680615908,-0.6616393529091207,-0.20477730027009666,0.07853862759830174,-0.4990332526066278,-0.3339199537022363,-0.848331320023313,0.4255229968208415,1.451089993257184,0.8119526944236861,0.5909387549940773,0.1490721561579007,-0.5517018347331006,-0.7306800006289391,-0.508332335876489,0.22587049224354974,1.5353862644444625,1.060517520094079,0.6393179809203535,0.08681593516486917,-0.7997159053223052,-0.8207559370503128,-0.47209041112244304,-0.7611682538804797
Bearing3_1,acc_00139.csv,-0.58866884042394,-0.15942479014927904,0.4783228526541664,-0.450822917576815,-0.10809469108083307,-0.5313685961114222,-0.4283743176770841,1.340801249256141,0.015524257683709752,2.696520497640591,0.18700493742569485,-0.679502493719602,-0.7350405247209885,-0.6500824402344402,-0.31036673747669313,1.1682160258568837,0.01975140119138076,2.668585037980188,1.765151540430622,-0.6652826912662755,-0.7473780883113906,-0.6397668463377301,-0.6361926458101843,-0.20024513159744547,0.02990103075735694,-0.4688363634810314,-0.2369546922652949,-0.7920278893517287,0.5133354664730824,1.2978573453710298,0.6123341441217786,0.7470541351044786,0.31499952890245425,-0.41025490622078353,-0.9576350008908956,-0.41995555812423985,0.6317032554229846,1.3343837032213128,0.7151520798415706,1.0512914843429868,0.1784079790688096,-0.8180472738348179,-1.0662869843353824,-0.40341620278449664,-0.7611682538804797
Bearing3_1,acc_00140.csv,-0.44765940339975185,0.3467905332192834,1.1612976679723201,-0.08772403960740804,1.2508550493543709,-0.7214717976528479,-0.6238812551212696,2.436444814519644,0.03107002454099132,1.6362092655350788,-0.1633502980862303,-0.8841545450953819,-0.7965205211772056,-0.6736839960051978,-0.5019924004480607,2.2396561796595864,0.24186341444909945,1.4975812747387922,0.9033745672149279,-0.9492191262168612,-0.8143988734625248,-0.6681172366637474,-0.5808404651445357,-0.18851252917150363,0.23088522288108096,-0.4411045265289532,-0.19339382612347963,-0.9512700441369852,0.8957551547774092,1.4825568774739397,0.7161127653688191,0.949489083472026,0.13239160431061,-0.5071673288569173,-1.1643654143225073,-0.44463785132631833,0.7126259141183322,1.953486819899785,0.7261191145333129,1.0566812022983387,0.29177627737611667,-1.1864657121479902,-1.121664467789476,-0.48757177688581504,-0.7611682538804797
Bearing3_1,acc_00141.csv,-0.4755304506679972,-0.04351177327145767,0.6609537389474498,-0.325674463500806,0.28258416013035315,-0.6712746061289762,-0.3765831218785145,1.7051418067771216,-0.05809824177886086,2.1845817689627967,-0.09495785031107343,-0.9181591600234043,-0.7681392531814702,-0.6677812532813465,-0.2980746997560465,1.540388555914516,0.14981683732274514,2.054817086786513,1.0793748922382311,-0.8662687429137298,-0.7957946550596372,-0.662672220917399,-0.6055849039033134,-0.18908884887442542,0.13001630463009164,-0.4341715672909337,-0.22034950440201662,-1.005675570179588,1.1797933349877325,1.9091718406457694,0.7483260318687478,0.6788575255489894,0.028247081967422524,-0.6424244634231341,-1.075032080579815,-0.49143952481309205,1.4767876462625433,1.332489088284504,1.0487941903899891,0.6464798768849253,0.1733856697163041,-0.9724044039487977,-1.1598030327595423,-0.5214801795482563,-0.7611682538804797
Bearing3_1,acc_00142.csv,-0.5882291472235059,-0.22438942809262494,0.37656422444056353,-0.5415508700833386,-0.6208321450726406,-0.5634055026138659,-0.5176429308144826,1.472843905938003,0.1578312682854041,2.457851483464063,0.08587797870378264,-0.7261556042003042,-0.7227983626454716,-0.6421495303339442,-0.4599584002797854,1.4919682237919978,0.31794991091447006,2.0122009337581273,1.5957036443123649,-0.6368573686481348,-0.7287023660105153,-0.640219972830412,-0.6372202192279111,-0.18971386119272504,0.15066031364050264,-0.44018013196388395,-0.17979492178667283,-0.8710332262698025,0.4500436040166348,1.2649021884799225,0.6594428402360109,0.7951852503042453,0.5071202427427792,-0.6064783129037903,-0.9398113865653126,-0.4679191134314155,0.7921404093691325,1.201578740825604,0.7347080914231502,0.9082974211016586,0.58340890337284,-0.9763792807831201,-1.0576017100247423,-0.4712439320606028,-0.7611682538804797
Bearing3_1,acc_00143.csv,-0.4749057459510946,-0.06227620228756833,0.4112770868425549,-0.2820876327090122,0.38265543971275223,-0.6915811226279571,-0.25817592695846137,1.5231865947661223,0.12813057835786007,1.5524204372660215,-0.08522055305674799,-0.8390582232906736,-0.7877988811124558,-0.6703057271930561,-0.34407513922938077,2.0153784864117013,0.12031766805464174,1.404134612570837,0.8098129971889572,-0.8247631884925073,-0.795782998628325,-0.6636202239443687,-0.6174513686075357,-0.19820544945587817,-0.022583094923857964,-0.474536796632292,-0.2442762437411357,-0.921601198285246,0.5762682864823989,1.9117783471680072,0.8736006086440149,0.5942568324053691,0.09756050241150821,-0.5517612163175629,-1.005169272133433,-0.4765668262904058,0.5193403008588198,2.1682080790034424,0.8858816999244614,0.7094850953356452,0.11335894612738437,-0.913750712275623,-1.094123345598134,-0.47320658924244074,-0.7611682538804797
Bearing3_1,acc_00144.csv,-0.4414094947014659,0.05739958091307996,0.6234653173356817,-0.19154674814580103,0.6960825354935275,-0.6573603129501094,-0.2539953581926145,1.6043692128027813,0.09731712558635079,1.4206549938260797,-0.2058385935421122,-0.8895408236711988,-0.7738010059354782,-0.6526186738369997,0.0847113597153733,0.986518103865642,0.1445749656218463,1.396997431382454,0.6743641554377297,-0.9339322799707509,-0.786073587031159,-0.6513465809954418,-0.5451468107350999,-0.1991334997019437,0.015862307102669813,-0.4600546151128734,-0.3030258872615397,-0.8276581180157968,0.5587378647766792,1.5983702906959174,0.8014529102943984,0.5121330239322933,0.13116102883581518,-0.6603458975235519,-0.8941664535094981,-0.37491222835773275,0.5644867946096729,1.7561929928332827,0.6844298458485464,0.718892907207819,0.2542826216645041,-1.0337419773739058,-0.9325986817469292,-0.4008000694319228,-0.7611682538804797
Bearing3_1,acc_00145.csv,-0.6080535332475585,-0.2130334832260038,0.3843325989139102,-0.5312621332011555,-0.5202491526548018,-0.451955486127633,-0.4182293219904981,0.8777563579247447,0.17766991345699656,2.963791389912463,0.31218547695901927,-0.7250870170832697,-0.7069640754099134,-0.6148021853819277,-0.23340348922565612,0.6046222323073908,0.16193481318981953,2.6017374952315304,2.389149088534804,-0.6744703855417069,-0.7110609049185708,-0.6089921051829043,-0.6384383350284688,-0.19200554550561194,-0.0032591221014028325,-0.45527857652668213,-0.2237409690068599,-0.6913033692153626,0.4335782435641936,1.0856246172533572,0.6781153495756158,0.49096106670489903,0.44989816126720894,-0.428421076137325,-0.8563535573510815,-0.3897595924701515,0.39954305626297665,1.044761356154749,0.7999787010548518,0.8938054235651111,0.18152230322434026,-0.8128578843755211,-0.8684389770511823,-0.3684914693738417,-0.7611682538804797
Bearing3_1,acc_00146.csv,-0.45112052119344187,-0.09206086924417532,0.6930821724718186,-0.3924577192633399,0.3541506697718497,-0.6402616588023661,-0.2196830473226454,1.6375883970123717,-0.15325820635179324,1.7630517096529585,-0.045073033459067186,-0.8419651695182011,-0.7628254141951305,-0.6543109271793669,-0.377499763905818,2.1670652031729336,-0.12152740264126237,1.7117750101410003,0.979657260633413,-0.8656202205818242,-0.7905739505139672,-0.6495047686542629,-0.5970253697962301,-0.20209289137130346,-0.07616123096432334,-0.47083921837201487,-0.24583012453425596,-0.8364900586627372,0.7304287640814969,1.0334728633938048,0.8182143526382218,0.5833295796554221,0.3280920074607643,-0.4443932441827187,-0.9535425832849549,-0.43821620710507697,0.7067196595311176,1.031640871307076,0.8844757690698618,0.896958145679432,0.1890963227931071,-0.6032305679225453,-1.026156257671286,-0.457094757890116,-0.7611682538804797
Bearing3_1,acc_00147.csv,-0.49472813266827703,0.08637288000854274,0.262342528235941,-0.2802169532758881,0.9314677651490149,-0.6794144340523118,-0.18372296460112705,1.6560959322207378,-0.10363270471245033,1.4062796837174323,0.0022283741662593205,-0.8894658741810373,-0.7677426737629206,-0.6482910725024097,-0.4157232742229935,2.487251921406543,-0.15242662122354858,1.2698311299902103,0.8710415289059099,-0.9110972080946048,-0.797286584612715,-0.6363695917490945,-0.6512468996421245,-0.20325909517766116,0.1497811443356876,-0.47592338847989585,-0.2691862339335946,-0.7514222127608358,0.5430581053883768,1.1812472421849098,0.5945536640617051,0.64846961156889,0.31124431603722413,-0.3402230132899665,-0.8476856984378365,-0.44591842911655427,0.4989758735841726,1.5729462768253923,0.590001371430648,0.6214839029214115,0.45989548672252334,-0.6497414591427593,-0.9710781269893743,-0.4265218436760282,-0.7611682538804797
Bearing3_1,acc_00148.csv,-0.3313341250490016,0.18786721795371833,0.4827830443624067,-0.15899692600944004,1.4876995902400585,-0.7282435998012826,-0.6756717643174309,3.21876266903654,-0.2727772429552265,1.1385826774887602,-0.31224059516233327,-0.9560222181804987,-0.791982152618328,-0.6789435062091418,-0.11755759438033819,2.3104461902470206,-0.367008323459648,0.9433939294358852,0.6255961150344896,-0.9622427699322399,-0.8120616318005753,-0.6742227800049774,-0.5537824388010248,-0.19200886688362087,-0.19682382712212812,-0.4035124808828028,-0.1951352998603744,-0.8511669281255551,0.20208974000434157,2.0188817032888715,0.407093966683699,0.892819392239062,0.34281261698586174,-0.4746196657159455,-0.9640643219444794,-0.46246560551333343,0.9731846656323141,1.489476571141187,0.30853583505895343,0.7851158246493802,0.7781528797082502,-0.8801239378118358,-1.040171889226281,-0.46483683315457164,-0.7611682538804797
Bearing3_1,acc_00149.csv,-0.4468517426691063,0.3539036553678676,0.7846323215327123,-0.07481635151885092,0.9943897227538279,-0.6457925191087909,-0.4972030729855449,2.3324931263080035,-0.062445946594847056,1.3729247598173593,-0.11090882211373439,-0.8324948446064243,-0.7451878978017688,-0.6613568636699911,0.05186157232535819,1.2297351983938023,0.049159762855145825,1.1975460439428123,0.6778715426908072,-0.7838071574754876,-0.7710757827308039,-0.6577306107634318,-0.581422208984223,-0.19651323585977254,0.05701161434665723,-0.4460346308759894,-0.21430164821411624,-0.8361908029885822,1.103918732286924,1.6058002561157418,0.5349894043323979,0.41251306409667676,0.07135748669628122,-0.3637307446265968,-0.8665612245477992,-0.43239426443408074,0.7209919807341447,1.8044208103727644,0.7629169641463867,0.30913952472765366,0.17469871750917246,-0.7981303310301983,-0.8907425743590611,-0.40733718654477047,-0.7611682538804797
Bearing3_1,acc_00150.csv,-0.6526086263842086,-0.20921462970466975,0.18761080227978125,-0.5784032549158853,-0.42782089598331735,-0.4233764032954017,-0.6427391622134795,1.4565350313431198,0.28083833883246995,2.410366068370638,0.2632973165872445,-0.49895094088730296,-0.679419661931012,-0.6031670166911112,-0.46123788821192485,1.3671304667760675,0.22799806190784352,2.200526859021237,1.7133846597009301,-0.5981283275737314,-0.6787449810423992,-0.6033312741446646,-0.5954269016966061,-0.19313390955908294,-0.1453938008540553,-0.445264302071765,-0.18923549033008985,-0.6639225750291707,0.4076130179811154,0.5197236854525934,0.6398858748632582,0.45084934242171315,0.6169134795631387,0.046580495334245464,-0.8184092248653527,-0.4718239538276691,0.1756575488827134,1.259090111876739,0.5366804722267646,0.6822347859753937,0.5557494470757656,-0.17951434240979114,-0.9055478244353836,-0.47452477567347645,-0.7611682538804797
Bearing3_1,acc_00151.csv,-0.6370143351733225,-0.21818197017022248,0.28037041792152917,-0.5578257811515192,-0.455906183432885,-0.37030298622115326,-0.4746477698632171,0.7394421835500345,0.18616978497256464,3.300464722127519,0.3783795237162788,-0.3722595932001739,-0.6941420717352488,-0.5925901285932683,-0.23065453810566205,0.28134831844847524,0.34985708138879756,2.8861774665828346,2.043408885491377,-0.4057747304551929,-0.7241691781159015,-0.5900036890565808,-0.561131719136576,-0.19400329332173616,0.09793159041104167,-0.3677692243667909,-0.2383498457773011,-0.681794236382552,0.3936375301471952,0.7390070494556872,0.3516434096103112,0.8403024731748269,0.586297604237201,-0.3353113374519922,-0.7448259950541646,-0.45135109309147203,0.13581465192789366,0.8391769380754789,0.5965095961828354,0.7540134811405197,0.7712045457590242,-0.4457773686205524,-0.8947134888078948,-0.4137179980726481,-0.7611682538804797
Bearing3_1,acc_00152.csv,-0.4054665829073688,0.17858258016275594,0.8024225385448076,-0.10007052386602773,1.1576322013975548,-0.678791106251107,-0.6185294188968683,2.7935140968626553,-0.08114889344520156,1.0704766230221687,-0.11740072301567248,-0.9144747073862061,-0.7816912734720413,-0.6586452689625137,-0.12965079285159792,1.8778371622083794,-0.04974658051219801,1.1020072864113886,0.6046127968625254,-1.0002746317778686,-0.7881150060347045,-0.6559969455260435,-0.5435646220157635,-0.1957707700223005,0.056937028380434976,-0.40905884827321837,-0.20606349040561722,-0.8341078376006985,0.629398372967925,1.8882274599838569,0.7805813346050037,0.5396142672840472,0.07561304052639073,-0.5825535374864529,-1.009975539177205,-0.38748468174524126,0.49325689814923174,2.1590758914970296,0.8394873199357324,0.44016483759954433,0.28072647943912543,-1.1731381612122618,-0.9892212798557596,-0.38989673378582934,-0.7611682538804797
Bearing3_1,acc_00153.csv,-0.4533089282846566,0.0023745225547221935,0.5512033506097119,-0.2409326851802799,0.6147641981210424,-0.665567155787903,-0.15711903265984525,1.7824651599714323,-0.2175070684805944,1.356139806723335,-0.10904180894777712,-0.8827163492809658,-0.7689211264980221,-0.6438618459295256,-0.22098201963144085,2.087060512945155,-0.17294901502731916,1.2658221816346806,0.7085082044783525,-0.939518932235443,-0.7831040542256542,-0.6383341278749513,-0.544994337027405,-0.19361897486785073,0.08754248759876292,-0.37593470969156945,-0.19259850778581086,-0.7594033209330961,0.643735831659497,1.562354736154057,0.4185101959258845,0.8801589231160002,-0.001317094747387475,-0.4560090758435569,-0.8678320993770724,-0.3850801116652442,0.2365152087788264,2.022794473168291,0.5347261064551091,1.1103101686991967,-0.15383145788621752,-1.0093175978678885,-0.8035580659863453,-0.3935158896934311,-0.7611682538804797
Bearing3_1,acc_00154.csv,-0.5200883108505756,-0.029975452250869786,0.2818574760438042,-0.2263413856019111,0.0663225237868932,-0.6063057363740244,-0.5097835169807481,1.5748696103518371,0.11153544944864645,2.4980726284374,0.02556857646789555,-0.7411398563878142,-0.7600775491092051,-0.6625623929405335,-0.43780177415297095,1.319117824268454,0.4056460790794853,2.2983268449400502,1.5196363943555038,-0.641462447003193,-0.7794698784347693,-0.6592115438265513,-0.6012994805443291,-0.19967156666549565,0.012897818566927335,-0.45835989174357966,-0.24606732600909317,-0.8088859252834191,0.3992712215880945,1.015812328370883,0.5641918700417634,1.0009343900900354,0.39587857412527055,-0.42054574570089165,-0.881239304652174,-0.49312119904186485,0.31014513579371145,0.9205216771433333,0.8545512881351294,1.2657250452054594,0.27501894207756444,-0.49271125928418547,-1.015256266034055,-0.5163908200433462,-0.7611682538804797
Bearing3_1,acc_00155.csv,-0.6690614948907876,-0.22370194562057083,0.22923267450728554,-0.5651214309407034,-0.5625755275490268,-0.38082452480107554,-0.5149264671409678,0.7296359569604003,0.252664457635814,3.268985962160238,0.5505637561142135,-0.4074185488347542,-0.6627955314287759,-0.6111058854613926,-0.43895406780270396,0.9284524409600426,0.1631495039938841,3.015536040967593,2.1122052621705536,-0.4921468606845133,-0.6814892105887344,-0.6021828957686102,-0.6082635492199384,-0.1947619385028865,0.04249784786564984,-0.4937950167379018,-0.20602523852868057,-0.7728003066621861,0.9521048099174817,1.0590996194817637,0.5992646742647199,0.5042840575236209,0.09847175263225925,-0.3211256265257243,-0.7134824986787395,-0.4675714735732621,0.7557397733842657,1.3512284424367003,0.602200192037349,0.69201639356609,0.11695774643684984,-0.692786097897988,-0.7471088082167725,-0.4597560115112619,-0.7611682538804797
Bearing3_1,acc_00156.csv,-0.37863026371612596,0.16332225096354663,0.1613929301958021,-0.16947273083493541,1.54385280370247,-0.6725574369102063,-0.40827089885241585,2.757694792176598,-0.34355711524891863,0.9279855350634352,-0.22026194969010368,-1.0335248930834984,-0.7926677078893882,-0.6492629133313867,0.6997316349363017,0.3348355285286337,-0.32075871201268896,0.9037487145416041,0.37576620866726984,-1.0334507619468798,-0.820575797272477,-0.6426695850717061,-0.6096550732862794,-0.2001451316525521,0.011074632079742387,-0.5035011596711293,-0.30837863147553707,-0.7925317683374719,0.3954621708701255,1.7764239428985202,0.49841977395881754,0.6982957715113228,0.43274006586302055,-0.39850003649038296,-1.0749056820605893,-0.399535948564545,0.7095663165673814,1.6445856637247216,0.35517724620197094,0.9685664199660393,0.42997796731093757,-0.6308717840717021,-1.1381790148128148,-0.4164661448848634,-0.7611682538804797
Bearing3_1,acc_00157.csv,-0.5881827996807892,-0.13974671420167878,0.508109905735253,-0.41771189161051664,-0.1823673387811292,-0.48465667867331985,-0.29322049149659735,0.8250552390899824,0.16287761486717833,2.5626290221207646,0.4081058249474541,-0.6732802576713245,-0.715890724648951,-0.6286706332485981,-0.21254970277124055,0.8504609340157915,0.17150695389675602,2.4304634958392546,1.6877111042431063,-0.7741058734957258,-0.7349769074624889,-0.6194075465953303,-0.5963738560101053,-0.19233389119527858,0.07535565779667698,-0.4468049596802137,-0.21826600890659514,-0.7547349163814178,0.5449181310559964,0.6716233143434546,0.7223634659891485,0.5804835754237094,0.6176223107321173,-0.1508094183474703,-0.9387416140472139,-0.4910312406323294,0.5533996847259747,1.0471351928662997,0.6157280015294562,0.801355284397292,0.7137926283327671,-0.7612515645571626,-0.8699619759567035,-0.4986466063362672,-0.7611682538804797
Bearing3_1,acc_00158.csv,-0.5890669381755708,-0.1927964387199851,0.37176941187752616,-0.48543048708961256,-0.22927691643138917,-0.5146182356599885,-0.5760332154924818,1.4612562293947429,0.03005271626531274,3.063640262548953,0.16003414312455677,-0.7056123530179644,-0.7425796132696922,-0.6380460053940276,-0.5143982149490796,1.295428933803397,0.2504930283712801,2.448727616687727,2.4427110520209347,-0.6844105780693481,-0.7647351482641673,-0.622686318758354,-0.6185438953400212,-0.1981448664482878,0.14277983425351212,-0.4893271096734003,-0.21999927266609992,-0.7764146029186603,0.3962668519634002,1.0845738008561059,0.6606583212229294,0.8500330038188404,0.35321366062565857,-0.22276995068519603,-1.0409133683129839,-0.42854784777870375,0.31057158662089407,1.317015461319409,0.6197232639808908,1.0418958325782923,0.5810075836556253,-0.8590690214783576,-0.991653439290959,-0.44618003517762383,-0.7611682538804797
Bearing3_1,acc_00159.csv,-0.5780307175464561,-0.2246193560580202,0.4194275071476468,-0.49029425361573553,-0.4667393043312769,-0.45739827600428384,-0.3324164938604752,0.6428362595839072,0.2790415859567568,2.827235499739047,0.18893338199613108,-0.727467944649485,-0.7137688637678272,-0.6060140494834174,-0.2739211198905275,0.7489647379779781,0.29390374210897835,2.4102628047569126,1.9547994886740956,-0.6867317963553153,-0.7312534512623905,-0.6034317006829991,-0.5934095140042027,-0.19914862512916168,-0.12097231484716171,-0.4320146466391053,-0.26054505216705515,-0.7607979698451419,0.2122838957215065,0.8454798954432864,0.8548297317506743,1.1766010586508604,0.07689987398255958,-0.5978876971458155,-0.9311982246420457,-0.3931719049414284,0.09194976413556766,1.1170004448702195,0.9365807443833711,1.1257030909585526,0.39717865198088737,-1.0164993640949271,-0.9635708350109867,-0.4142138501788544,-0.7611682538804797
Bearing3_1,acc_00160.csv,-0.5565014795460602,-0.14967195847943474,0.6311491203992166,-0.42107911459014014,-0.020515936166065417,-0.501392075768034,-0.40885598409473445,1.1854279836518553,0.06989966892245268,2.755095849092502,0.031278041030312856,-0.7528855030311219,-0.737921143406581,-0.6179020769274332,-0.4698442405352024,1.4276248528818618,0.2450504154681601,2.3451265758886497,1.6063338128340183,-0.6668673164160174,-0.7655921355758671,-0.6126113998122383,-0.6289365255397431,-0.19327300118410687,0.2015825376291136,-0.461749338482167,-0.2474325782029546,-0.7887311719278192,0.48242199248473067,1.1810078135864868,0.6657523870588403,0.7046908363666712,0.43429298341202094,-0.5115380839572882,-0.9075199747243254,-0.4425783951692759,0.6180894983092422,0.9543296020573321,0.9220574505729062,0.5865775446199418,0.7487906140589147,-0.7727256912082824,-1.0032434466494555,-0.4837702392533161,-0.7611682538804797
Bearing3_1,acc_00161.csv,-0.4904096028065916,-0.0879316589736093,0.3422240249913695,-0.3138891830721236,-0.008735197703117852,-0.5469567617436926,-0.3966360291819133,1.6269944575277762,0.024069071796852394,1.9088701295608155,0.0449946366827107,-0.768135421721944,-0.7509328955959733,-0.6156865319695508,-0.22038990669447192,1.4914196836055236,-0.02130205248735967,1.696635685886417,1.24887442035305,-0.7091607643386271,-0.7586998931836804,-0.6138567518105852,-0.5842060605605391,-0.19210008879606705,-0.022033641756715593,-0.41814872816306625,-0.20947814664707443,-0.7444442096202057,0.4627401719085045,1.1993681597318047,0.6275128722117373,0.8096854941641203,0.2765675808847783,-0.4723685259210906,-0.912515215873569,-0.4096471598795722,0.5079790594290216,1.4197977022765311,0.47330225024105244,1.0530042733588094,0.29860115729706804,-0.5042557575482611,-1.019151902900557,-0.450132059358874,-0.7611682538804797
Bearing3_1,acc_00162.csv,-0.49340811742556,-0.07142595518841047,0.31602048987415765,-0.26656099341408135,0.0459379393260815,-0.4870005821814662,-0.5210195148406173,1.6601948749145454,0.01023889332376482,2.316009940916366,0.18120807044358886,-0.6826925463973862,-0.7360849152567844,-0.6094364698497946,-0.2810945935850704,1.137687347578765,0.1625473313785873,2.2597513590239036,1.3870579874395241,-0.7773090289813378,-0.7305572061835574,-0.6046891310506163,-0.5045837491658739,-0.14928333836850197,0.05270176201425488,-0.2271071847154164,0.0015519137659251816,-0.7838783604049544,0.23388176910189695,1.6452552577828898,0.6270348296887496,0.6087707550788548,0.523915501652035,-0.4717094484357874,-0.9632228147574065,-0.446021414210536,0.565367331054764,1.2846228386697478,0.6825576666252035,0.9015246077206577,0.5231518985776415,-0.765782661163153,-1.0480112758548907,-0.4554673332939754,-0.7611682538804797
Bearing3_1,acc_00163.csv,-0.5788917812619101,-0.14595982269154253,0.7081062650148648,-0.4164024160073297,-0.15383420399058423,-0.5063622617946739,-0.25392795351607644,1.438814880711579,0.0406900215505919,1.52986581547214,0.08905652740159246,-0.6506426391589166,-0.7429535538477463,-0.6096278885788045,-0.08105923311411195,1.2140604140907858,0.043128145120056784,1.458042312683132,1.178914845546995,-0.8304653337092556,-0.7629538393239917,-0.6078365507855925,-0.6208575049659645,-0.18636270099364372,0.07054656246434692,-0.4102913743599774,-0.1709154533672427,-0.8426730364454595,0.9232484097002884,1.1394499829181688,0.5780520741747184,0.6532069179013696,0.3836587124809134,-0.3131222546473803,-0.991495068748414,-0.4645823950433547,0.9063775377471125,1.1721915727392638,0.6017991787337578,0.9371468005369176,0.46604887135778506,-1.0265445571018248,-0.9111396072072113,-0.47126309256127236,-0.7611682538804797
Bearing3_1,acc_00164.csv,-0.5337593664141989,-0.1094529163106044,0.653410036315913,-0.36308805216329,0.18407174284687836,-0.5503536884995028,-0.503695581574934,1.469820887251817,0.10231284963439714,2.5219548610796916,0.05359184749170227,-0.7151814644405562,-0.7435367653143843,-0.6232094132379433,-0.3299619776233783,1.217722405541204,0.17005198666853563,2.2184552707681964,1.7688826458150555,-0.7750287152794076,-0.7573810235408,-0.6206710419014888,-0.5921439350765102,-0.19530106207116493,-0.12197944691931785,-0.4327849754433298,-0.23678560841046356,-0.7812903134333672,0.6480859361649823,0.8987936532009426,0.7632686690699674,0.5813869624349914,0.3359038498189678,-0.13873577836482304,-1.0204266250230354,-0.41695064846765495,0.4892184122634778,1.504530730023767,0.6179855225945305,0.5878566922676475,0.4553486307726696,-0.47856992075157223,-1.0557747223228815,-0.407651375590208,-0.7611682538804797
Bearing3_1,acc_00165.csv,-0.6085917221765071,-0.11680864014315644,0.3757933414711582,-0.4100421059347074,-0.10871582364256634,-0.5220027112933256,-0.21258552416229434,1.0393466196128414,0.15757792720673922,1.8297618747246576,0.24496289631942228,-0.5112231301991936,-0.7183886015709221,-0.6343325975174514,-0.19156822023183692,1.0773492175407664,0.3333927954802517,1.659321392221445,1.171544806039651,-0.6992489328181852,-0.7254416574358606,-0.6316931628180127,-0.6267695160605019,-0.19012982517062613,0.02973169919049804,-0.4052072042520965,-0.24240080096274835,-0.7545563717893429,0.6055060736414001,0.9256503628478089,0.7827059993020056,0.3820759926767374,0.4355548299365067,-0.18879155614907345,-0.9176917367854515,-0.436173550765467,0.38226087538723247,1.6353191940461977,0.836539553466801,0.6850858975908328,0.17689261299935502,-0.8016044079180481,-0.8383704254923994,-0.4753769331639536,-0.7611682538804797
Bearing3_1,acc_00166.csv,-0.5255569043024337,-0.09091921142224,0.374442005728071,-0.36495873159641423,0.23920982424591306,-0.5406340895546469,-0.3955944350673487,1.9786327635282015,-0.1498300320605534,1.5352031348712163,0.1218678503669082,-0.7318358426350506,-0.7425821470970536,-0.6042323890454926,0.013848490748857668,1.130740070486421,-0.0636334296641524,1.4737260722471814,0.9834225603899142,-0.7958918908659861,-0.7619562465354177,-0.6023370116080915,-0.6341032414589857,-0.19894723185419522,0.00016191564527839183,-0.47299613902384313,-0.27461206170311575,-0.6808185522080686,0.16124278087932167,0.9286559817846025,0.7203669444377029,0.4211958122732662,0.3342331210329304,-0.13572174220523606,-0.7503799299882158,-0.3992928864932436,0.29395741926074875,0.7956290698451361,0.7278706400048152,0.65910418615565,0.3929040123936168,-0.3218407213777895,-0.8274370379468776,-0.4078679069892803,-0.7611682538804797
Bearing3_1,acc_00167.csv,-0.5715558144838162,0.11361979697988245,1.435045849360787,-0.2532791694388996,0.366039499992266,-0.589904148612942,-0.27526299954734745,1.4811122317777463,-0.06976729274522288,1.9255866329470894,0.15854916906286304,-0.6693553653393898,-0.7344259591780075,-0.6443720890592222,0.2781427780421053,0.8510350784420713,-0.23096543101542946,1.3322192191881006,1.0942158662917985,-0.9103097027173584,-0.7766412606371706,-0.651849275798085,-0.59161007648543,-0.19266832806911166,0.044726520941302715,-0.4489618803320421,-0.22514263626776373,-0.8131083209205895,0.3816208258073208,1.2247138946706853,0.6424897697871977,0.7422557705070595,0.4684747913772585,-0.18254781930196226,-0.9867816506238605,-0.5066462036666673,1.3281668065094483,1.0840888459291227,0.561526539364421,0.94580581788847,0.38924899352209796,-0.773137879634015,-1.046354487143693,-0.5119302777692969,-0.7611682538804797
Bearing3_1,acc_00168.csv,-0.628756819557078,-0.20981189491823418,0.2723749744829184,-0.5514654710788968,-0.40361223361568915,-0.43433165802044016,-0.4785100646887722,1.302669228107166,0.056985922161784636,2.543657431579631,0.3679438294112774,-0.41147515692508807,-0.6868655939261845,-0.6081968371358436,-0.3869581937894344,1.1064331531234497,0.2445683051435972,2.25669535035924,1.9205895736375223,-0.6121460187548627,-0.6713734796435733,-0.6099273356034077,-0.6285344453789423,-0.20424896835907977,0.08570603167433004,-0.4937950167379018,-0.3270219587265572,-0.714084305395755,0.5951042590654659,0.9162500437173726,0.42766970949851724,0.6140141903631288,0.6205247115360427,-0.07840329845562845,-1.0433102088614372,-0.3785616419578786,0.7206399911868898,0.8396915763812651,0.5115366241321191,0.8824614341134753,0.6820482457465711,-0.5413411583716811,-1.1278525465470437,-0.37629494557502047,-0.7611682538804797
Bearing3_1,acc_00169.csv,-0.5873303698580983,-0.09947151819444466,0.7154959904004802,-0.40181111642896095,0.03220318687081236,-0.5882419717207478,-0.28554900329976085,1.4205143791618386,-0.012947517328221374,1.9112494398720743,0.20839767885905294,-0.7264623395967035,-0.7305169289414725,-0.6388128943675524,-0.08346290049538126,1.0649307381073039,0.059369895350196884,1.8108014611482666,1.2435293385641866,-0.7196556174177271,-0.7382561375502302,-0.6364269840563975,-0.6265814829443428,-0.20228827846322497,-0.059182084037566696,-0.4751530596756715,-0.25417452351597036,-0.7311782641843171,0.5930219284304157,0.903598903163375,0.42517772670026416,0.4873150386036613,0.6626748899902276,0.02479822272648887,-0.8759280402487688,-0.4918800152003907,0.6844050861285483,1.153683027159387,0.23414905879061823,0.9400959074879461,0.3925461781309181,-0.1439262929499673,-0.9031003735135842,-0.4883453505950615,-0.7611682538804797
Bearing3_1,acc_00170.csv,-0.5702158320923214,-0.179606719950688,0.2823114111893313,-0.4878623703526741,-0.2024059374063735,-0.573447767173196,-0.3897062347264921,1.6675265630883331,-0.08187380102362118,2.1254692503253256,0.06562736555885793,-0.6930877601739374,-0.7413368992622318,-0.6383066561948771,-0.14725308185749128,1.2364942601950584,0.010769741706415037,1.8651080405249107,1.3453433823080827,-0.7920732501279626,-0.756742305896746,-0.6309118149805569,-0.6071446028023795,-0.19215089647894223,-0.051609082128405155,-0.48840271510833105,-0.18428357365257556,-0.8233455311299952,0.8504546049849461,1.4213985056953484,0.6778826035817155,0.4849464321097125,0.1270098732602305,-0.18203455633160281,-0.9610865492745532,-0.45031923049278255,0.6515263903656637,1.3410860791824946,0.9098667921405088,0.6850735760614536,0.09194301345271502,-0.8693093206311298,-0.8158474617326483,-0.4642873155855313,-0.7611682538804797
Bearing3_1,acc_00171.csv,-0.5940830378335251,-0.19213955632507337,0.4152796986623783,-0.5026407378743553,-0.4034066933281642,-0.4639130591447209,-0.13373109699009375,0.74659648752399,-0.12887169546177168,2.7160845112950933,0.35910562914641314,-0.4955799041431958,-0.7208260262327062,-0.6137618531051336,-0.1519116965892994,0.9212082785350483,-0.14207968668826965,2.635699302607585,1.6982160561474167,-0.6663621176831487,-0.7278382488953598,-0.6093090937166142,-0.6341919384516826,-0.18460009711177386,-0.3295079993072144,-0.41599180751123793,-0.18302009881244674,-0.7129118269586052,0.5834565825269777,0.6770512868865938,0.5392951773464794,0.7685869898844258,0.5457622194567684,-0.4097970046272008,-0.8285276853477183,-0.446139110553534,0.39386857284224774,1.0615539366628348,0.5621851616016404,1.0531805001292758,0.3567233292820961,-0.5832929618833113,-0.8506151024928719,-0.4639710025768016,-0.7611682538804797
Bearing3_1,acc_00172.csv,-0.5741115276608416,-0.1513096579650801,0.2770296156428401,-0.40199818437227336,-0.22131195700032422,-0.42139822100055807,-0.2657874564681529,0.8779677665528343,0.031440553761889506,2.5528945155108085,0.27338568749084474,-0.5692005140665962,-0.7364851211955605,-0.5776828162785387,-0.18717112673476105,0.9499829392920767,-0.15403006795430974,2.3592945821884133,1.8922949201175938,-0.2230062535060493,-0.7337822946897979,-0.5816247504790245,-0.5983646933312641,-0.18729993504739084,0.1077462169591767,-0.41922718848898044,-0.20374675800994058,-0.725731429964413,0.3761062679328738,1.1340248327582865,0.5578827779736326,0.9114246742777684,0.25090982448082666,-0.2068227268857251,-1.045418376023953,-0.36670094864779784,0.3684918710402419,1.3109935477487715,0.6705164861094478,0.8692138845487464,0.5572846736088071,-0.7549272748096489,-1.095961222642449,-0.38258764843534143,-0.7611682538804797
Bearing3_1,acc_00173.csv,-0.5344337893478239,-0.11564803013693299,0.7107179895085011,-0.3853491374174679,0.11360849686671723,-0.568986449273737,-0.4132311733417057,1.876775710796418,-0.08794434507625862,1.7966621190252605,0.04170014694119321,-0.6311549379643521,-0.7385901308740916,-0.6351021605681293,-0.025224965269915498,1.231817533130345,-0.061081425789478117,1.5632291341847864,1.0209703753770414,-0.7789451578590612,-0.7509790437895376,-0.6337033436736829,-0.5974288223952988,-0.18969780331806343,-0.07729940295571165,-0.39858237653576667,-0.2070683563939415,-0.8147296315681082,0.9491096766976579,1.0381026942344447,0.3403274416579461,0.7579247953386735,0.42521179555544414,-0.2634486463555104,-0.8996629984859924,-0.4704021159305742,0.784568360704284,1.1195704892892493,0.5732665111487832,1.0611538836721979,0.3772875594470026,-0.8899164254379447,-0.8697237893048915,-0.49127870989391154,-0.7611682538804797
Bearing3_1,acc_00174.csv,-0.5878239097318746,-0.0687652796219915,0.8393040207623126,-0.39863096139264986,0.07023396314864394,-0.49706853752966723,-0.4447603714844646,1.4162542096754074,0.07767931676588087,2.3867296131438134,0.0709199385298686,-0.5210557481291604,-0.7184959180100585,-0.6316320192169174,-0.34872645793712964,1.3385751325820872,0.1271572868565535,2.10397765369987,1.5717240858046526,-0.6545521225846497,-0.6946434765443056,-0.6180662452760828,-0.6244717151732345,-0.19750022157154362,-0.052291560889086576,-0.44433990750669566,-0.2421771951450887,-0.7290370055263474,0.6679684386537792,0.9146660748383876,0.5827866805106717,0.670795534966197,0.38985255295935206,-0.07383119320506105,-0.9811126559694444,-0.4469561622764056,0.7201784539568777,0.8917304874964866,0.563504430834114,0.6470452782899393,0.7523405844390096,-0.45978040597632663,-1.0363891288612255,-0.43076001809536835,-0.7611682538804797
Bearing3_1,acc_00175.csv,-0.6030407609672345,-0.17784047881297196,0.323665662439864,-0.46185992623224775,-0.4555450365618276,-0.4104671785027438,-0.5752299368279306,1.3127167295306905,-0.03666762445987552,3.3406549431356876,0.1411143952165614,-0.6495630416987438,-0.6966806071369251,-0.6009019864261237,-0.3500354632451348,0.9475067580564352,-0.01213837892335186,2.9600009639673988,2.233978157929226,-0.6258990791266835,-0.7149639203876881,-0.6016893613703473,-0.6084380431024117,-0.19596387577422789,-0.03522508966674441,-0.4471130912019035,-0.25499007114696814,-0.6823122085107921,0.28979055051015284,1.0656548114331632,0.5585355216073751,0.8290883852883575,0.27917944366614456,-0.3603580424015521,-0.8251875755913803,-0.4074706683041894,0.319704284017686,0.8679235552962103,0.6106088339003247,1.1552596956659291,0.35021330614019275,-0.6929068665471536,-0.8530207395075355,-0.4173523644189837,-0.7611682538804797
Bearing3_1,acc_00176.csv,-0.5294459668429157,-0.004394647019763458,0.565372038810243,-0.3286675505938047,0.19197444862217614,-0.566272339670322,-0.3482332583702435,1.7682942464891185,-0.10598055468535221,1.7321710445017167,0.17568660409749204,-0.7876609874310878,-0.7562622914376965,-0.6269213749780903,-0.38750776092310635,2.087592793174913,-0.10755048190626189,1.7037831996970378,1.1634820031924225,-0.9339013731838844,-0.789947736317314,-0.6236156905672519,-0.6182272636079037,-0.20028246638237823,0.06038006887322394,-0.4646765879382197,-0.2795684244569828,-0.7725957689479686,0.3324324784757852,1.2951483145639302,0.49581568780978114,1.1394584724523549,0.43053585783938864,-0.4172785808502796,-1.082967542024903,-0.4441596683935011,0.41536620469031604,1.2416975485310764,0.5112535059294125,1.3202653281810184,0.6022743016349593,-0.8825102038164344,-1.089698930044567,-0.44909541107082385,-0.7611682538804797
Bearing3_1,acc_00177.csv,-0.5479568551038089,-0.13788816003305898,0.25113874296303357,-0.41658948395064216,-0.05729462167938852,-0.45081840002247653,-0.36838028149221075,1.1455662474415167,-0.09608676493249049,2.858273323667332,0.25981459341256485,-0.48413338644836634,-0.7427927655170069,-0.5924563211536173,-0.18068847315853245,1.023997592212176,-0.0571532675399982,2.4472237356048345,1.6027202863165826,-0.7739184521695314,-0.7693382676458747,-0.5995737188246726,-0.6227812970464076,-0.1950012820048035,0.06142275825610184,-0.44511023631092006,-0.2789758627547736,-0.7611884589563876,0.4997265352520465,0.8291986450621245,0.5355047774631606,1.1623827650984861,0.23957763827208264,-0.36894339512923235,-0.965281037489546,-0.4175631069280696,0.8349113210006043,1.0606821611360024,0.49947447615472373,1.098319336302534,0.48803528944024244,-0.9358903709634931,-0.96850804922939,-0.438379385379874,-0.7611682538804797
Bearing3_1,acc_00178.csv,-0.521602695550958,-0.136655724269327,0.2553046436593531,-0.4018111164289609,0.07549710518247076,-0.6028665821158443,-0.07273623224704936,1.20808028691015,-0.12229828589763501,1.8338163740025752,0.06584851765591687,-0.6115316610007249,-0.7554693595985895,-0.6599265338045827,0.019010699693417378,1.250687215512464,-0.15576858493956744,1.6489221199441473,1.0460584010516427,-0.7327952789352887,-0.787842402519562,-0.654264591720752,-0.6055028544879172,-0.18472736781886004,-0.00285937219464401,-0.36484197491073816,-0.20971375184525795,-0.8833646997281738,0.6656763832936161,1.699271809268341,0.3616438422122064,0.9502275803720328,0.3748081305766281,-0.43652235242466714,-1.0401435005778674,-0.47658959297479936,1.1345027759219382,1.4943020145232497,0.6215862815488133,0.7992763702931245,0.531783599519346,-0.9144873418471283,-1.1233079704149778,-0.5058346978590121,-0.7611682538804797
Bearing3_1,acc_00179.csv,-0.5603449605433065,0.3193411676279947,0.43371805709855077,-0.10306361095902644,0.6740791502301408,-0.5632769749636132,-0.3886483635673621,1.6230812399799919,-0.07245845304985685,2.2277300628369336,-0.07358431698160096,-0.5793832230681665,-0.767520815171309,-0.6290666492774635,0.010901033534206917,0.6643931293986775,0.17919178215766987,1.8501948509771093,1.3064933350539443,-0.6553496509646303,-0.7710402683403249,-0.6269868511296945,-0.6344933284060342,-0.18925597220584717,0.07234498621767406,-0.4535838531573885,-0.1985903380214908,-0.7678110517013704,0.30968068749108785,0.9424947305604096,0.6222537753840877,1.01219005959328,0.4061948840770067,-0.3392414203843284,-1.004748783097163,-0.43117613276598754,0.3311077723352207,1.2983877239201473,0.5169872662627721,0.7283515657358777,1.1150549526378615,-0.7088920856836223,-1.1416541674502276,-0.43829302819119437,-0.7611682538804797
Bearing3_1,acc_00180.csv,-0.5561672975313894,-0.14233227229175333,0.08420970374763452,-0.42837476437932454,-0.050181462853388564,-0.5244394654078016,-0.43590728923553135,1.4892424380812586,-0.1911012279702447,2.9380448161641994,0.18386327720939494,-0.7220417230830817,-0.7263733121547677,-0.6412645424800076,-0.03923510620869029,0.7719857017942926,-0.17397591950002866,2.4760967203786155,2.0551216435991577,-0.8258098062019837,-0.7511089280081872,-0.6402943313647655,-0.6426187549439293,-0.19728159299049966,-0.038514911937286525,-0.4751530596756715,-0.23063479057173877,-0.7523158524670943,0.11678987878394485,1.061048060181143,0.4498305711560657,1.2751126044096512,0.4488683528891457,-0.4921445200557293,-0.9293499838932506,-0.45802400723534764,0.3416188936301079,1.1011052434670823,0.4465324300340575,1.4760104812857107,0.5259794010223259,-0.6989771451784597,-1.1105578945754508,-0.4366645189097912,-0.7611682538804797
Bearing3_1,acc_00181.csv,-0.59083674579816,-0.17957386628188673,0.4386279779582922,-0.5357517638406535,-0.11041459913653466,-0.484390417416333,-0.543332890132572,1.7255641801640913,-0.009029561820020515,2.3591925033897736,0.14588506041565524,-0.676971552823148,-0.7215844823877287,-0.6185685245589534,-0.44506075829939507,1.6513920917924896,0.16423473974515151,2.021700742459061,1.288380295099924,-0.6014836403706885,-0.7347370737807111,-0.6176638845939503,-0.6289773878325485,-0.19797377161153445,0.042939362177302716,-0.452813524353164,-0.3021013298314605,-0.7628657922052607,0.46342078725906893,0.6880103181335128,0.44557784260840116,1.2548256253001124,0.36136375529848525,-0.35759376442150764,-0.8712673195039936,-0.49255098437970013,0.4195683897089989,0.8436107440885557,0.7017423806243908,1.2974387561849148,0.468102341449335,-0.8088122154381719,-0.9168323141622721,-0.49940925597720215,-0.7611682538804797
Bearing3_1,acc_00182.csv,-0.5113805127324432,-0.020462967928127258,0.9159132412604784,-0.36065616890022856,0.47344574169411324,-0.5334961924820418,-0.08971538870104703,1.072568979937685,-0.10989214596155808,1.990044422068495,0.14733935557248337,-0.7308284085496639,-0.7489392295612798,-0.6212679020964023,-0.3735603870091434,1.843178366636176,-0.10604959770803805,2.0723614268794415,1.2411803314076804,-0.9221046688627706,-0.7535335833206125,-0.6186799715990774,-0.6080811852950164,-0.18559209764130497,0.17649749241789175,-0.3734696575180514,-0.23714146710096443,-0.7416678270412578,0.5014963225368446,1.1888742664132959,0.6929233150815257,0.6770389860913529,0.2119605058319961,-0.17034144089200617,-0.9591156015372683,-0.4371729243879973,0.6303067380060857,1.0847788302006771,0.8144343241522333,0.7340641315006134,0.3315147482000937,-0.5304516323111815,-1.0200179480543072,-0.43774660006661786,-0.7611682538804797
Bearing3_1,acc_00183.csv,-0.5023582222968137,-0.053207290168014995,0.67938974761661,-0.3251132596708688,0.2577746109501657,-0.6130543901847734,0.08260881411436034,1.032211231235352,-0.12252816502772501,1.4747423231793264,0.1028577151667728,-0.821715574154166,-0.743908357077655,-0.6540866787040747,0.26836392732564396,0.8635814381808942,-0.18477540058977976,1.367069414991401,0.8730507821961931,-0.8992435049159347,-0.76755891885952,-0.6548141255867309,-0.6117702089699266,-0.1784948119909042,0.061278794318222786,-0.3924197461019715,-0.18159535267245888,-0.8550282939849325,1.113724050660476,0.731567968490493,0.7201170616102419,0.7744215287505198,0.3445158709711299,-0.35603487977205506,-1.042928432886317,-0.4703542912299535,0.7134935189919775,1.313428160565068,0.6431540003383976,0.9408495810612957,0.5518255415037814,-1.0347246890239363,-0.9591346602283056,-0.4784263792140659,-0.7611682538804797
Bearing3_1,acc_00184.csv,-0.5797710102104936,-0.17199396032483527,0.23859547606823803,-0.45849270325262415,-0.22540900114321427,-0.4992570044429823,-0.31331701864142875,1.0453719900538845,0.08292026716628198,2.5851095067639576,0.0532732928252341,-0.6515167387813202,-0.7081989322476795,-0.6375585575693968,-0.06532857287236632,0.7490728566964676,0.07618476648092738,2.25515618244439,1.5724804060322461,-0.7943723579508531,-0.7376291029140528,-0.6369155490438094,-0.586380070050401,-0.20313013972041208,0.07037715759109528,-0.4791587694576383,-0.27496159004703363,-0.7624343783199133,0.33999834100620624,0.9577683652699261,0.49251589509663096,1.1953660019730945,0.2909480170573857,-0.40832599924248664,-0.895237215296695,-0.46070382158516027,0.4732149742424613,1.2377287454931838,0.5990019486005139,1.0389359881831453,0.4787816444942384,-0.8274984677198658,-0.8820658287798211,-0.4932828405076472,-0.7611682538804797
Bearing3_1,acc_00185.csv,-0.5494144746938865,-0.14683170749565164,0.5090696029555224,-0.4008757767123988,-0.11782905050722564,-0.4993707402978612,-0.30480759701556753,1.0820611351833522,0.08721065171107921,2.343422928252827,0.18291438873093896,-0.6484068183226772,-0.7134531519281697,-0.6205158614585855,-0.3180592422331255,1.455800513109959,-0.004873887011707739,2.111409744856798,1.4364836257830487,-0.719930810948473,-0.7169207132103528,-0.6113824912742234,-0.5750634838720502,-0.1882344468953577,0.021547153004909073,-0.35128418795638877,-0.2639691565098414,-0.8029263185174041,0.5704195221632213,1.3214546331519883,0.6820461666395213,0.5621389465843684,0.2071249087255906,-0.4406229555964985,-0.7773222647967125,-0.4638778988324497,0.6094200927148901,1.7929720944981025,0.5782790005269522,0.9481321455925609,-0.04891223753806568,-0.7157168268748807,-0.828681924494278,-0.5026726372613901,-0.7611682538804797
Bearing3_1,acc_00186.csv,-0.522681679506811,-0.13751199997290284,0.41721531129732775,-0.3920835833767151,0.0065067360707565915,-0.5559747376567559,-0.09933326758047985,1.3812181338209515,-0.21423304524947762,1.6838300530812207,0.030138835561261918,-0.6602283030614575,-0.7518191590277313,-0.6137662013295774,0.12017124817275214,1.109585132963562,-0.21472585925060844,1.3621026508455552,1.1099301142455817,-0.8489554527393468,-0.7716109387452404,-0.6189395545278082,-0.5951704127962764,-0.19219694406709678,0.07820681302556327,-0.409521045555753,-0.1907853911000797,-0.8634001118268776,0.3859785398165993,2.120507919951102,0.4734071283906789,0.5459384878416699,0.2595347980541085,0.00434579635282147,-1.1200887874188303,-0.4354459248707519,0.6593056260652708,2.077634624285425,0.5005937582383663,0.6759997629155658,0.3391063763212923,-0.7873932981542485,-1.0214555101788174,-0.4622399972167469,-0.7611682538804797
Bearing3_1,acc_00187.csv,-0.4843351609091268,0.11574156849599938,0.4414372957517507,-0.16891152700499812,0.7648365184993204,-0.5980587184039431,-0.37566877689419403,2.153337967757221,-0.27004212969828184,1.629860146596152,-0.09455156120748774,-0.7903665071998204,-0.7549557830030236,-0.6319335794854304,-0.2135132213276954,1.9022773127811077,-0.21444908931407525,1.5016414197653518,0.9530724024820394,-0.8104181062288462,-0.7722428899912006,-0.6275670448985388,-0.5732812493260546,-0.20040846820287256,0.008280997840479323,-0.455278576526682,-0.2906527102167401,-0.7725386264409787,0.3892749804592842,1.1958585574995935,0.3745875484016833,0.7531095185197405,0.6926182959472968,-0.3787424546077027,-0.9552842099530023,-0.41900766989177357,0.3866596759755477,1.064551171781899,0.4808031729502937,1.0959539107817535,0.7011382914744528,-0.5746394951517925,-1.095855863765547,-0.42643689675989027,-0.7611682538804797
Bearing3_1,acc_00188.csv,-0.5796112830961144,-0.18245102897104842,0.13437792151832237,-0.5138648144731004,-0.31788917253619725,-0.5369182913364119,-0.396434706025454,1.6076667511264637,-0.11920905652632142,2.178426009302128,0.4057641712432074,-0.6331994888282707,-0.7244350588808018,-0.6350074845841824,-0.12021762426874123,1.2180232700510296,-0.15242125315130223,1.9761658323669886,1.6616521828654442,-0.8237950029669615,-0.721834375321977,-0.63546187276853,-0.626408660788497,-0.19533416138127338,0.08373450603754554,-0.4335553042475542,-0.21205960679922842,-0.7692656653993899,0.21923835042537582,1.4796232116364543,0.4154001286671127,0.4719096640915517,0.7342551093893812,-0.14561224910188625,-0.9049481564952044,-0.47954063660050344,0.2765534233212272,1.3943230615433222,0.35601980137170475,1.079225868547511,0.48539178570313074,-0.46723822419698036,-0.885711338269236,-0.4965633639003756,-0.7611682538804797
Bearing3_1,acc_00189.csv,-0.4644287975441647,-0.01134665417952758,0.0937151915414446,-0.3064064653396268,0.5291827812734179,-0.4391044678925504,-0.1537069991086234,1.2658379091474787,-0.27961335827682104,2.152341651295922,0.10707638235761163,-0.42019975307374197,-0.7046194436855268,-0.6003201630988391,-0.2204624281821652,1.4846138343846855,-0.2401223106738466,2.0868315185995097,1.2931252843088739,-0.591378973218901,-0.7185960780331847,-0.5998958673487396,-0.5201124456856572,-0.1455405343268715,0.06716518056349229,-0.2583825341669268,-0.019922988304499935,-0.46555263346605874,0.3207631603711457,0.5604031771656804,0.2568596049347623,0.5177925786320373,0.47920039484373705,-0.04030428353595137,-0.751196891764879,-0.24607612929187078,0.49717937524208294,0.4114132486181629,0.34458909733760934,0.6474405828949412,0.4753043544781193,-0.25937880692234344,-0.7978378315944793,-0.25132729237291807,-0.7611682538804797
Bearing3_1,acc_00190.csv,-0.47994841778841585,0.39591599893306656,1.095040299000808,-0.14159960728138501,1.285673391011503,-0.6533140825972659,-0.2726915989106195,1.9436840062706338,-0.15887347095754856,1.2888563111675453,0.0816370966674048,-0.7980451419056899,-0.7661117069286687,-0.6443394186127265,-0.6761572566202825,3.057089352629061,-0.09280431206004897,1.1963381969727294,0.8360267628340436,-0.8341553654134679,-0.7821977653088681,-0.6352668491954424,-0.5856865968170855,-0.19525083543480878,-0.002305996591847368,-0.4244654243577063,-0.25345744173965334,-0.7598318111987177,0.6618801436108311,1.1840445887356097,0.4618709157517565,0.4192220216845033,0.5826693473421344,0.059665047271473835,-0.950084738608974,-0.4926210739152796,0.6505613265724631,1.441129203873162,0.419528518096418,0.587753268576735,0.6513359065918424,-0.24883024786346603,-1.030610156719913,-0.49756670685016635,-0.7611682538804797
Bearing3_1,acc_00191.csv,-0.5435160209664908,0.35888521664948575,1.2749558601291262,-0.1625512169323759,1.0322969101510548,-0.5693375045868277,-0.31711203217153333,1.8361131049403505,-0.156863244919163,1.57433090011753,0.21726156436192004,-0.6406810490628343,-0.7409802258831594,-0.6411593815511448,-0.3267593886850974,1.9270592054374993,-0.008608834876538905,1.445257310050701,1.089113898307383,-0.817218555426763,-0.7614527780332568,-0.6277700745653981,-0.608235559111145,-0.19313023373119126,-0.003948903358510522,-0.385486786863952,-0.21088154920270388,-0.76183907756912,0.5454474871923123,1.0835150853747761,0.4137155171274522,0.6886248097643283,0.4828560562009409,-0.18463781491563366,-0.8263184556234141,-0.49143824282193466,0.871050054394122,0.8737887398107014,0.5767168299472494,1.0400003080327136,0.15007805109512706,-0.3339366879795912,-0.8687632298344651,-0.5298656725690687,-0.7611682538804797
Bearing3_1,acc_00192.csv,-0.5830055077878618,-0.15392441951883787,0.2284961096616339,-0.4362316179984462,-0.11303885053370227,-0.4915516251324384,-0.29468428984616124,1.5163011258954386,-0.0998531452257645,1.7929703158645813,0.13864590900510299,-0.5336048806442562,-0.7378782049382064,-0.5871915973822665,-0.2340151533385599,1.5159214717717775,-0.11673684128573233,1.7360447658812965,1.3696436390248636,-0.6887326180705523,-0.7509636126981688,-0.5868013388571554,-0.5959212016349131,-0.20234607661414175,-0.04195189258409878,-0.46190340424301185,-0.27867541063918994,-0.7807180944340294,0.7285232056600546,1.2628646325504473,0.3944947914710671,0.45640231431207434,0.7717394550034171,-0.42488382926800117,-0.9022526823441638,-0.45802734283662355,1.2541482211126944,0.7879549478333846,0.43868860711197893,0.8554624149574912,0.6585789509758688,-0.8805174663726105,-0.9157112738739611,-0.47008028621896647,-0.7611682538804797
Bearing3_1,acc_00193.csv,-0.5752794229438183,-0.07773171128087265,-0.05607855812752573,-0.407610222671646,0.1632966440280009,-0.47227699474941265,-0.34159313351136794,1.346276856520928,-0.07181257525340294,2.2857130973077835,0.16590596093124105,-0.6702638066160637,-0.7392870385809901,-0.5834232380860453,-0.16029397087797095,0.9672603816538975,0.09073646484011938,2.0710851298622774,1.3956332358958377,-0.7478093307540243,-0.7464751908849517,-0.5848775797115222,-0.5666058259346348,-0.18899592112323513,-0.0070459390563182905,-0.37824569610424263,-0.2394676179094333,-0.8366950021149587,0.9468783750096494,1.523850686253046,0.28430854089747476,0.7262144078261612,0.5954064342291989,-0.3277578458809592,-1.1270764187533877,-0.43872380096144253,0.8554543485302656,1.3345154191986184,0.3536360344813275,1.1907359197073977,0.5275561117152835,-0.6815629668851534,-1.182839955925929,-0.4478274632869895,-0.7611682538804797
Bearing3_1,acc_00194.csv,-0.6696332354859478,-0.2269203559328286,0.3428084574649636,-0.5696110615802016,-0.5638905343204897,-0.298493319384172,-0.2662468520921358,0.22355237199060313,0.13227323095264648,3.360736447047241,0.4330664768626315,-0.41246815760631217,-0.6720196929260026,-0.5509272764773923,-0.22610278831968492,0.2223249301051387,0.1673494193138382,3.084541395453972,2.258395989756089,-0.5050941157914481,-0.6751085025632335,-0.5443325120059388,-0.6505414545690036,-0.19731689913847247,-0.04013707793562663,-0.5115125792350629,-0.2277425946518513,-0.6303194680020254,0.3058480336676545,0.360588476887058,0.5843439565938103,0.7529509733879179,0.5782914653757655,-0.2551268281822217,-0.7502346658357619,-0.4369207637261016,0.35282592830219545,0.415352260529007,0.7590324769202023,0.9347004210486946,0.48747120621927753,-0.4900564246862341,-0.7977461331417899,-0.43957368315423784,-0.7611682538804797
Bearing3_1,acc_00195.csv,-0.5086333120678691,0.12656632420207944,0.3802140227647957,-0.23681719042740662,0.6600727800251094,-0.5360910952713138,-0.35873027350597003,1.5364863023880992,-0.13173580250485944,2.3351768535729067,0.012959966883448481,-0.7236308400399114,-0.7297197006462708,-0.6227755740560947,-0.3037537313224784,1.5984148571115875,-0.1496987207706816,2.448278885721652,1.0083349291134733,-0.776354672090341,-0.746239928498099,-0.6185166086777881,-0.5864142857183381,-0.2008759148167497,-0.0481449516796101,-0.4378691455512108,-0.28635064477002037,-0.7068917770798763,0.3498685085523041,1.1302952354190963,0.3865053667168681,0.8495189062125823,0.3411485328605378,-0.07319775575107623,-0.9146139093160138,-0.4248274407305123,0.3690120261876274,1.3514446965760274,0.4618157828598231,0.9760853308287968,0.3841586363763673,-0.4225040152251202,-1.0181363910984476,-0.4201285704898669,-0.7611682538804797
Bearing3_1,acc_00196.csv,-0.5144972944146621,-0.004994551449614025,0.3909400080504548,-0.30678060122625167,0.26802060614802453,-0.5204606078692332,-0.20509912460041355,1.411280945803979,-0.1241668550721756,1.8006202706154026,-0.020095050586010375,-0.7523684895962511,-0.7367421530669876,-0.5938639495326317,-0.3318622497719401,1.6357389403956222,0.020113637445195984,1.8254112980963164,1.1459695283877376,-0.8254119442065352,-0.7429568034984197,-0.5863269169754112,-0.6130908018723987,-0.19071240477957463,0.017651499064906803,-0.46174933848216704,-0.20973847992437827,-0.7100137552267184,0.4877488576788411,1.0690593514019098,0.4715645343073612,0.840578759980599,0.15716321802573782,-0.027157151846418977,-0.9158497652944825,-0.4175570637186219,0.8191318286349927,0.8825895037836864,0.5910449448781967,1.1211974003996221,0.060700113291391605,-0.625669560256119,-0.8991673669637894,-0.417398294367593,-0.7611682538804797
Bearing3_1,acc_00197.csv,-0.4912064977906191,0.047360212020919175,0.28907626860077834,-0.31145729980906217,0.7455616629118883,-0.5815039925210788,-0.2099885100026047,1.7817655238781023,-0.18657986015020678,1.3627312760252872,-0.00982275567243105,-0.7636795385463883,-0.7473036215481907,-0.6282666757043056,0.3716471071552341,0.559906196313635,-0.15027552047115314,1.3087400875052426,0.7930247257918882,-0.871142044257003,-0.7799301100316803,-0.6239645195510266,-0.6180743458916602,-0.18885043717489033,-0.0030367372563715974,-0.4615952727213221,-0.17426496240721356,-0.7757629669715906,0.28198871608607323,1.0578782180211013,0.728962020054488,0.48803305229302635,0.6774728901365614,-0.19580649428754904,-0.950484036479967,-0.4851028638208875,0.38511626024342366,0.9866072598698221,0.8474486002015215,0.6205286136778215,0.8515539896042816,-0.5415050553127227,-1.0335398367542494,-0.49971742170119565,-0.7611682538804797
Bearing3_1,acc_00198.csv,-0.49476600943968924,-0.03756959561156144,0.4881666799454294,-0.3408269669091121,0.2630102185099916,-0.5391290972462429,-0.46662827821633573,2.1930534297346114,-0.2519909468860083,1.784615576025235,-0.0029071413336172135,-0.7202279696594807,-0.756283097958324,-0.6116611881042066,-0.36770526638964474,2.270600403025283,-0.31021293447906106,1.66545770666986,1.0326494542575666,-0.9159498741607504,-0.7798176514358567,-0.6077176618098803,-0.5838818362530054,-0.19860585303243136,-0.06748311287429562,-0.4877864520649515,-0.19234349806807682,-0.7643431621662433,0.5455945191823529,1.5510322446244815,0.3490751859293113,0.9101947494149749,0.3401185293414491,-0.38951863932356745,-1.033208756101696,-0.38994872998196595,1.156871708648499,1.3838958989912153,0.36164741955888124,0.8709121407101924,0.6221396121968765,-1.0053749200384283,-1.0550488864159178,-0.4373689670436377,-0.7611682538804797
Bearing3_1,acc_00199.csv,-0.5730744554226858,-0.15740707154670272,0.3425249961452218,-0.4831856717698636,-0.1410888655273395,-0.4677231991744032,-0.6324149633547942,2.0550371456661374,-0.05691706271636345,2.1312955502106936,0.13481433643061838,-0.5919578970363525,-0.6979830885038101,-0.6100561974652682,-0.22661265278980247,1.2780356215402717,-0.03415870489298617,2.052946338899456,1.4123808779223008,-0.7482091847993441,-0.7104367863548371,-0.6009582575890338,-0.5995059003517252,-0.18201252790776673,-0.06373561941189478,-0.39426853523211,-0.1413732923656138,-0.8773026975578239,0.7248279157534389,1.5574055155911875,0.5394972861414309,0.7884038119649235,0.08415084989692373,-0.25687165153993935,-0.9490857998826505,-0.4770442805742192,0.8404103358201199,1.4797052727561362,0.6929588275051582,0.667587405696182,0.2474091358899426,-0.7208117171344871,-0.9403072819100076,-0.4729820696781545,-0.7611682538804797
Bearing3_1,acc_00200.csv,-0.5464847750341454,-0.13349454608908137,0.44203027367281195,-0.3892775642270288,-0.06493885232286227,-0.5436037060864638,-0.31074973109502546,1.3781690509346158,-0.09479973680444582,2.2584653703677526,0.28611052949706606,-0.7530476955890645,-0.7482673634422173,-0.6213932204949983,-0.21695116596905362,1.2534573216376639,0.0074854515879158035,2.0607079864212587,1.555306696548129,-0.7356930211606656,-0.7831326834846751,-0.6183290569984355,-0.6149572292324901,-0.19434883002668293,0.05553575660413525,-0.46406032489484017,-0.1951491704068998,-0.8458854636336353,0.3443163896735492,1.4442008517350207,0.692718848991325,0.44950553989976116,0.6166654320445789,-0.10072415962280674,-1.0717141278327393,-0.48140975702594385,0.7410021246936577,0.9870733399919657,0.8758094090391332,1.0252712626149474,0.3078323532131378,-0.5677970322830856,-1.0999219523939552,-0.5073271200918267,-0.7611682538804797
Bearing3_1,acc_00201.csv,-0.6000584457579093,-0.15016223746145851,0.9277943101234714,-0.40929383416145776,-0.4182325149615104,-0.45010578523346156,-0.26706782703778204,0.9423541815653093,-0.032001681590911026,2.5786662292301927,0.4744585342957699,-0.7395250639924785,-0.7194194864209529,-0.5972047753714059,-0.29617063519548026,1.064122280593529,0.007723030483482706,2.471501379476888,2.075311525443009,-0.8061933287685225,-0.738660149426799,-0.5913107754358,-0.6176042135055531,-0.19947369292921488,0.058335943915430864,-0.44372364446331625,-0.30208929283262964,-0.6127715054073998,0.08379080763982606,0.660486775078987,0.34004806637431645,1.0941791168749144,0.6974217021363306,-0.18890987289230324,-0.971861924214303,-0.3967991225124523,0.13493333467926288,0.6367212850036271,0.4302225987652948,1.5976472661818786,0.5906245457944522,-0.7833169708194595,-0.8655868213933302,-0.4411036732970051,-0.7611682538804797
Bearing3_1,acc_00202.csv,-0.5558383139474575,-0.01017024370862251,0.5721339688257828,-0.2547757129853989,0.06409572005544417,-0.4836093557141951,-0.43029454235366976,1.5266089156603095,-0.061143894703997795,2.286735214821876,0.21292327998444352,-0.6521456299469547,-0.7411478207485507,-0.5897433348900754,-0.5456646690149751,1.9608001718643226,-0.05577284536447472,2.3575842547355044,1.25703408438133,-0.7058389164855634,-0.7257375939148569,-0.5909374786897861,-0.6054132369321054,-0.18622473697202163,-0.004668160282623058,-0.339575190132178,-0.22330865932182253,-0.8353307657092404,0.5841251552596737,1.0381599697351607,0.5794233081109403,0.926776398789814,0.527702009388663,-0.3691565756720693,-1.133498560166446,-0.41627649569471026,0.767074019634778,0.838144155184841,0.801702063095845,1.1285643827754388,0.7016190396932367,-0.9968367944106715,-1.1627207249883076,-0.45673883990157127,-0.7611682538804797
Bearing3_1,acc_00203.csv,-0.4619928743084534,-0.016938862165785648,0.4989612560086115,-0.3092124844893131,0.645941953490671,-0.5574301448779022,-0.026992720922765796,1.3266111100204965,-0.1780099403202711,1.427786980563883,-0.04220086097919077,-0.7154467221231814,-0.7285212040937551,-0.6260335903672363,-0.0474986647013148,1.5953672083691177,-0.13465143195328338,1.0740812500149226,0.8491448385530729,-0.7773011715048181,-0.7578172688951275,-0.6236390487093152,-0.5957775504379932,-0.19698867632531836,0.06330700927898668,-0.46960669228525587,-0.2535366581737755,-0.8372629147094759,0.7055437494776419,1.4173266487384644,0.6181904525731781,0.596322317030699,0.4961855095625987,-0.41774079341646186,-1.015901724079405,-0.4691806064669885,1.0565987900371714,1.4096771061303133,0.6257414097454636,0.8805707952515672,0.3583807654518491,-0.9797445468334991,-0.9983617321352216,-0.4856805724882047,-0.7611682538804797
Bearing3_1,acc_00204.csv,-0.5414498466899967,-0.13205926687134475,0.37547913782177694,-0.4452108792774423,0.046132197595283815,-0.48974907038413634,-0.483999848441343,2.0508650329163527,-0.31537809762465335,2.168045326196383,0.19519128275994674,-0.6340584602743439,-0.7265033079973139,-0.6090411654498918,-0.275470988731672,1.5469054524769459,-0.17216446341887112,2.0302313225578277,1.5224651452832039,-0.7595229275487533,-0.7208048063279902,-0.6048500594725075,-0.5608346859819844,-0.1940637192041464,-0.10723594360293462,-0.4332471727258644,-0.27358919805131954,-0.8014465519925875,0.9935924361348268,1.0896654107965031,0.40707889737801434,0.9701551131031861,0.09307749223514436,-0.22610821495370104,-1.001653146713086,-0.41752904051038275,0.7783826247399716,1.4665194612935637,0.4594258289040795,1.1533706107264377,0.103657658936378,-0.8503609447419017,-1.0087021753597547,-0.39354172739615817,-0.7611682538804797
Bearing3_1,acc_00205.csv,-0.5450817647483615,-0.18708348158771762,0.19082146764714025,-0.5170449695094116,-0.17843274543592977,-0.4770313873252809,-0.22559162213688055,1.3500397237934818,-0.02510673874433789,1.6532503650430541,0.04498518719915455,-0.6939870024306422,-0.71728291461784,-0.5832699738053538,-0.07248330948572287,1.0201301702134893,0.10558405998851643,1.5551243781501793,1.111289040483992,-0.7999664608677802,-0.7426283577998687,-0.5789557718995516,-0.5600247750650188,-0.19493646253938335,0.06480620130569047,-0.4270845422920692,-0.20372859518524328,-0.7626815493404854,0.7031332414551329,0.9568099427556979,0.5758432906769698,0.8459035774322928,0.20974922413420394,-0.24331068069066605,-0.9015150888678222,-0.4592596955295389,0.7122238437244998,0.9538850535902929,0.6051642332405807,1.008323206093775,0.4517402262357308,-0.6428331320927168,-0.9882553772209575,-0.4579572245211432,-0.7611682538804797
Bearing3_1,acc_00206.csv,-0.46585439113855925,0.15042398510882857,0.7181404370134266,-0.15675211068969094,0.9056748407902662,-0.5709849770174552,-0.3567620450586397,2.188934485767488,-0.3099307093018465,1.4844567905767145,0.0031323913770801935,-0.7203286415708551,-0.7686187061128098,-0.6175779741212312,0.018598404181052363,1.3657780206043195,-0.17672808365259912,1.2502324907448563,1.0046565482181644,-0.7897261923346314,-0.7901556214550335,-0.6096967624295229,-0.5955588281573031,-0.19811719266569153,0.052826741182813663,-0.4705310868503251,-0.24575071359146064,-0.7970456363995007,0.5147690908049062,1.4957934165034958,0.34920511115230213,0.8152952011094816,0.49525744242064373,-0.40613409122390004,-0.9657946935437921,-0.4369640508790232,0.5444667102181074,1.4092731201763378,0.5987332040902027,0.5597208626762604,0.7597286175400317,-0.7191208266397878,-0.993125810428123,-0.4523935613798053,-0.7611682538804797
Bearing3_1,acc_00207.csv,-0.5644278232485143,0.00683863177454201,0.3326390823482547,-0.3088383486026882,0.33992314785182143,-0.5429752298200194,-0.40371158888358954,2.0854787249297035,-0.25355588415631447,1.6708911600141956,0.14426632782141213,-0.5988868849479172,-0.7351424551146554,-0.6273937915543821,-0.06710763826068855,1.4627341339291404,-0.28173070857201815,1.7890587277889003,1.0485096993995273,-0.7877892531518653,-0.75139679438441,-0.626176539800466,-0.6144002228561377,-0.2008613558281897,0.09508907884138561,-0.4947194113029711,-0.2511592164285906,-0.8048236442489711,0.9778614970161976,1.0730030591106863,0.3390146456201968,0.49607462571470057,0.6889617337210697,-0.22695276021364805,-0.9367313489429012,-0.4722065097857258,0.5912120368453423,1.6615938212673602,0.177172510359142,1.1376218319865765,0.6055639046225383,-0.5403772918345928,-1.0893779381688118,-0.4898338753708142,-0.7611682538804797
Bearing3_1,acc_00208.csv,-0.606623178858827,-0.22040507531796338,0.01768524263594161,-0.5696110615802016,-0.4516952372940511,-0.38389001935004785,-0.4756544244076809,1.175011430446649,-0.0985128244940212,3.1491354031857264,0.33224861098105973,-0.45003761066942594,-0.7021978704753866,-0.5805231495279842,-0.3424564727776683,0.9283215745617771,-0.045034874188673295,3.070265154035863,1.9592986682399685,-0.5121533297797702,-0.7302564798327901,-0.5770616545412398,-0.6260767899677288,-0.2050162556376736,0.09445348017293555,-0.5067365406488716,-0.27233566643569124,-0.6332003948779628,0.26756375496182755,0.7582356971395108,0.2909189173164739,1.0401081169793676,0.4543676571748019,-0.21082075026725985,-0.7641402870639042,-0.4529681145813167,0.39648321575043016,0.6634611910793549,0.47672791817220994,1.1013085239555391,0.5974163753932034,-0.5783393325977887,-0.7441993984551813,-0.49149056654670337,-0.7611682538804797
Bearing3_1,acc_00209.csv,-0.5044095168522619,0.13439993282434634,0.8571000898147292,-0.25178262589240025,0.7076557235706938,-0.5933724105405006,-0.03561519180084669,1.4431819989984775,-0.2218646136544112,1.4102379192231314,-0.062318193130603126,-0.7445802153902024,-0.7529285693875665,-0.6314798463155038,0.13337392103042775,1.1069142341308194,-0.10157621708567911,1.339743878014192,0.6098889878382064,-0.8236633174666522,-0.7735870213460928,-0.6284915346682916,-0.6182855577272593,-0.19319125030251977,0.07694268898355272,-0.4378691455512108,-0.1921720801740512,-0.7921836037153536,0.8723383563321256,0.9915463477117593,0.5933257390099711,0.7521066315001521,0.17571334029940364,-0.188916338818826,-0.9001591032438897,-0.48366412547970966,0.38566756334313695,1.826615854913476,0.5936519287276872,0.9581310040920161,0.14575033248814442,-0.6638444514323991,-0.9085469899263008,-0.5037665895052957,-0.7611682538804797
Bearing3_1,acc_00210.csv,-0.6228654402053733,-0.08949312546487109,0.4551954020014891,-0.4195825710436409,0.15186209927341152,-0.47855798572017116,-0.33242561991473946,1.3363754807059247,-0.03998247884791891,2.1653966190325487,0.20996651873933564,-0.4998310110154697,-0.6787851856652517,-0.6172809873733076,-0.2681050457587075,1.3402796815885647,0.07405828922015797,1.7488975780266325,1.4771767766980972,-0.470320670892513,-0.7066860888690168,-0.6129261375344782,-0.6524030370414788,-0.1977929033192033,0.06725871173234256,-0.4925624906511427,-0.24542530018787267,-0.7044436983070376,0.4207776086298906,1.18068338460494,0.463962030076678,0.31088964537215086,0.4039794035938561,0.08095313166963843,-0.7059611268796248,-0.48685406672482245,0.236627116074868,1.333943767367458,0.5148913043817399,0.6835159521278898,0.3736622322155077,-0.348473906218174,-0.6702455022500451,-0.5199373335916627,-0.7611682538804797
Bearing3_1,acc_00211.csv,-0.5981724106991386,-0.1220004327254471,0.0918807361343826,-0.4444626075041927,0.2297231021614312,-0.4742980142051661,-0.3197367382901985,1.6713890803942368,-0.2272501694270551,1.9266802886965295,0.1594289477792996,-0.37346189756128184,-0.712967209291139,-0.606372526717211,-0.1754979683727979,1.4956204478890915,-0.14490998051706805,1.6798459719109426,1.132394579347927,-0.50818115851329,-0.7332651176103043,-0.6091893343013433,-0.6324148238258884,-0.19183310011342894,0.10201968185739407,-0.454046050439923,-0.23322819671576037,-0.7287492528352683,0.7569886312473191,0.9917606617749231,0.5008915422785148,0.4091050292239486,0.2962457072966141,0.018870183253385422,-0.7976526141744746,-0.4528424197514965,0.8752943437463888,0.843656344625382,0.5425906373892234,0.7387894468808596,0.028197501848820777,-0.06748492415085912,-0.775265948284318,-0.4897845311618498,-0.7611682538804797
Bearing3_1,acc_00212.csv,-0.481141253978286,0.12501362024583954,0.28092963183986924,-0.2641291101510199,1.1329658054998548,-0.5177110049468887,-0.5665253884701819,2.758316063494844,-0.33587149924942067,1.301575359480608,-0.04627398503283091,-0.6158965538346091,-0.7440602542443719,-0.6205890259717423,-0.2906316115727557,2.308312846903448,-0.30541234200696793,1.275064435295316,0.7553198122868526,-0.8330394119870419,-0.7556345351000078,-0.6199839240390663,-0.6124587539800275,-0.2015265153918213,0.11515501855103448,-0.48069942706608715,-0.28011536372901863,-0.6637277443904815,0.6809888890625383,0.8482192012851469,0.391654021584288,0.3752129621683781,0.6069877610178122,0.07300244572661496,-0.8398519736610258,-0.4514201679738027,1.1033965578233882,0.5840843451298111,0.3535433885130502,0.9217926691991075,0.4084268512989619,-0.4592596565082354,-0.8326592277183609,-0.4492121650397395,-0.7611682538804797
Bearing3_1,acc_00213.csv,-0.5000828127702847,-0.08057489556511946,0.4886350045615727,-0.37936296323147056,0.31110972987173136,-0.5667449800198682,-0.023285756715934518,1.3238108243855635,-0.16120797590433675,1.3296342228568896,0.11209794654187884,-0.6939907976176068,-0.7426602042496545,-0.6313728239462522,-0.23240857287917652,1.9365117093325135,-0.15354492978056644,1.197175691872908,1.1512738986279163,-0.8237087630754818,-0.7527471819309653,-0.6242338891590851,-0.5760696368093634,-0.1964415099180772,-0.01527983779397449,-0.43432563305177857,-0.25370004742210756,-0.7926882932096774,0.7394336849510282,1.8524351678972175,0.38936390161899403,0.5093185576028678,0.20947762245588372,0.044006477301893915,-1.020440318523122,-0.4630876886488848,0.5525322665556404,2.0134605495014113,0.4267030037876499,0.8693078033779085,0.15030104117480084,-0.6180735535040439,-0.9551028194707378,-0.4759487910702037,-0.7611682538804797
Bearing3_1,acc_00214.csv,-0.5723919905192981,-0.13504776846285327,0.5945556144841592,-0.37861469145822085,-0.12088592326517439,-0.4517396796537982,-0.48990463682623014,1.9563547944973556,-0.15724167444303258,1.8825473085580264,0.09148435810792707,-0.5843408621961866,-0.7179806248009757,-0.5775598287336743,-0.36637820447483926,1.8462303534462712,-0.09234489032000125,1.733409421246382,1.0322510017361008,-0.6328641896951513,-0.7318206655595534,-0.5757113569201814,-0.6160348303819853,-0.19905166235320926,0.05625572261810613,-0.4555867080483719,-0.27901779789055664,-0.6519909513080847,0.3803778328629437,0.8346653041810241,0.4517621835853494,0.5596555948455145,0.3680913382521789,0.14564832212295964,-0.8246247287465397,-0.4148899347181021,0.2908704715069341,1.0610586347944049,0.4547377192556893,0.8642335144843358,0.3513492447089216,-0.41249373477069035,-0.7248358612002929,-0.44335968207848997,-0.7611682538804797
Bearing3_1,acc_00215.csv,-0.5655846536900815,0.05356409293312482,0.8384762235446576,-0.29480825285425677,0.34959858493203544,-0.5099529194023822,-0.14915726496164503,1.3355330850905553,-0.13008330778381375,1.6679353208971521,0.15650887634852903,-0.6364240008283305,-0.6986209396072123,-0.6209662944773182,-0.061826436972785684,1.243265618657775,-0.11095404197550755,1.590893316478207,1.1619502219729987,-0.7250487234751944,-0.7172667730390067,-0.6096760913609478,-0.606626669476421,-0.19759501248167688,-0.027786899059229268,-0.4626737330472363,-0.2578637909162063,-0.6771212143254942,0.42724035627727136,0.8221235000693449,0.5263250321487397,0.15841110242034503,0.7002598084699965,0.06343286188485613,-0.6758156936303678,-0.5098500479763459,0.7640072542113967,0.5285071992610341,0.5725562078704727,0.5978563248834579,0.47399681898430385,-0.017237700128599272,-0.7767937075155872,-0.5180373640733033,-0.7611682538804797
Bearing3_1,acc_00216.csv,-0.4823381752766043,0.02073571583332866,0.8014058314359525,-0.304722853849815,0.6488165447980808,-0.6265462277101498,-0.14248980225798077,1.7569272519811556,-0.11909648170855229,1.0023470219570765,-0.16731640957054683,-0.7719077459873651,-0.7222097510827955,-0.6392080669160446,-0.4135993683918808,2.5801663073473846,-0.11528721126028273,0.8814673405714054,0.6632815451184177,-0.8128792166314439,-0.7368012673396434,-0.6290535614315522,-0.581038828465905,-0.19310054165154572,-0.015576455271413332,-0.4488078145711972,-0.21828864140068988,-0.6737905769344424,0.2656365812009573,1.22516840648165,0.5535084021317783,0.40872223153203713,0.24867367522949024,0.13236674504113258,-0.7371302834978722,-0.47477405006071305,0.4578578957291134,1.1270625000122922,0.645026609282206,0.5048901215830174,0.21869781591561788,-0.18303151509014987,-0.7415227517399194,-0.4705574121274668,-0.7611682538804797
Bearing3_1,acc_00217.csv,-0.5687107565584539,-0.08123681792074297,0.7316964889899279,-0.39395426280983925,0.09596007802896223,-0.4571755164746151,-0.30387352668300843,1.248909144194667,0.011711881748129722,2.105321818751852,0.16882152084609015,-0.518065260317416,-0.7048987294269705,-0.606085098554164,-0.2307001705572457,1.0664495507602647,0.1657214085234357,1.982323007013304,1.5341298055268178,-0.6601283740703098,-0.7178924517278693,-0.6071142262467848,-0.583593323897011,-0.1972012239442276,-0.05663893065014661,-0.45789769446104506,-0.24644602574667662,-0.6784744330568582,0.4736120302296577,1.2143349537175205,0.5591560137357998,0.39817783360120373,0.2930735807077435,0.052592182766357944,-0.8563092232858648,-0.4318900290137456,0.6465444148969434,1.183148675195663,0.6027293424813793,0.5777439778295488,0.3669709715683295,-0.3422864927158249,-0.9075084885141401,-0.45012308022044445,-0.7611682538804797
Bearing3_1,acc_00218.csv,-0.5308736177312839,-0.1346893951674847,0.0332265781715936,-0.4259428811162631,0.17166739023388825,-0.46020422366931457,-0.3343420476203731,1.3485481349079422,-0.11689007335359884,2.3680771459781647,0.20801848281969731,-0.6071209873151696,-0.7432683486892583,-0.5896292524879042,-0.396370488978761,1.5795169665766642,-0.06925312845687834,2.321904911733977,1.528080519807631,-0.6999039986695581,-0.7563551669024123,-0.5889492262525061,-0.5785752212115292,-0.19774226369978706,0.03913970646222649,-0.4341715672909337,-0.29516984459186235,-0.6779954926202398,0.47568508829153927,1.0830612746428376,0.4522046249952236,0.6168393352488518,0.5423492997074237,-0.0711346336353526,-0.973116412429312,-0.422330452645229,0.3707691667930868,1.3876098240862313,0.39687093644219534,0.8134688173377267,0.6889938996674018,-0.7579058305203314,-0.8567296598153963,-0.4448353970505434,-0.7611682538804797
Bearing3_1,acc_00219.csv,-0.5693595638577068,-0.026265489855136166,0.4620636918562035,-0.32268137640780725,0.30086612259875634,-0.4206395797989442,-0.42881547509630596,1.7322601294883064,-0.21443673565915516,2.0801935521884722,0.11485535777573788,-0.5429844116824505,-0.7029922609608559,-0.5512603619902251,-0.4306742586178128,1.8845728855316333,-0.21942778990130066,1.9670344325323272,1.4564872333141392,-0.7428186127437514,-0.7177279665268318,-0.5471362615858303,-0.5868376568927083,-0.19922020595413198,-0.03223303214523365,-0.45235132707062947,-0.2507385946574679,-0.754062957431929,0.35030324438447896,1.5507094013902996,0.4054440488161444,0.4865063482386638,0.49930230994921776,-0.06323510659561553,-0.9040077587577646,-0.45862280752135376,0.648471732644857,1.3917243252103693,0.3028007278536918,0.6705637397021956,0.5714754182961583,-0.23171754555319163,-0.9321438895532653,-0.4951739675053477,-0.7611682538804797
Bearing3_1,acc_00220.csv,-0.6525567511025904,-0.22848436785646997,0.4918153200911799,-0.5681145180337022,-0.44924083250284674,-0.3579798931045126,-0.42012120444936907,1.0297574544203942,-0.07393145033304677,3.1242160404759374,0.28831592425890956,-0.3464026505882186,-0.7057629588234057,-0.5765802690097844,-0.48995421779994575,1.1723341565909557,0.0698860074068646,3.038542702198676,1.86839577094406,-0.4192992936474365,-0.7372254978454759,-0.5743256908607558,-0.6449035479061498,-0.19984068878835218,-0.11717683087588225,-0.4672957058725826,-0.2657962875046678,-0.5851567242000216,0.6418201069636419,0.17044051813717073,0.4463346772168634,0.6801300409699471,0.5736550199044237,0.019662534205039064,-0.8480955436493336,-0.39588638188419517,0.45607787545453965,0.18097363880281922,0.4298096278490875,1.1519449356857594,0.6550667040542067,-0.311447437991619,-0.8885704548354572,-0.3978621538205706,-0.7611682538804797
Bearing3_1,acc_00221.csv,-0.5346381973842909,-0.09839669941885985,0.16237706574940844,-0.39750855373277527,0.13889731635298463,-0.5101472447605219,-0.1507727836572783,1.4347192468279173,-0.2910121289642169,1.8313494936107366,0.012156314498343191,-0.6620925391501598,-0.7528828720548206,-0.5651245679184682,0.08741435993542586,1.0475048751544636,-0.2564003695069821,1.4486438645972803,1.2101803906316158,-0.8265940763873512,-0.7459810449650026,-0.5705400268742346,-0.603984327395613,-0.19948427282005812,0.06209135852459746,-0.47284207326299826,-0.25990666553829533,-0.6899650937212197,0.739769412559423,0.8049267419511023,0.22101772155356056,0.7424788061789687,0.5733949293524107,-0.05294490949462689,-0.9188178575520616,-0.41470900228342955,1.0995228638008627,0.9211867509111794,0.3723902247064269,0.921671314343544,0.44068483326849045,-0.5847962719266028,-0.997774810756459,-0.42129588960605774,-0.7611682538804797
Bearing3_1,acc_00222.csv,-0.5939270467618065,-0.05880117629446382,0.36775658751673995,-0.36739061485947566,0.2408409750043455,-0.49055662635165836,-0.02229304053098137,0.6584681143765747,-0.02281392360772696,2.096311708943,0.29927775470246,-0.6313581509455674,-0.6870640877500119,-0.6090344013166706,-0.287274464518829,1.406804256903036,-0.009269242764732408,1.9741364704423234,1.5239263693056988,-0.7476043040433922,-0.6986272599390747,-0.6081814595290609,-0.605497692630959,-0.1753292747638572,0.1273278311148193,-0.36545823795411764,-0.17234632183869542,-0.7073603541080018,0.6811129052771078,0.3378523871819793,0.6192600370594377,0.6052400084169445,0.7260746099968821,-0.15239365828193127,-0.8597592761212197,-0.503000022906769,0.35952854194070333,0.6251272475265637,0.7196100951544413,1.119272534542664,0.5150021224819983,-0.5245662296894253,-0.82075781303759,-0.5297224391412176,-0.7611682538804797
Bearing3_1,acc_00223.csv,-0.4081936326401449,0.343414199149691,1.044119437962464,-0.056296625130921485,1.6163825415458828,-0.6162392204484751,-0.18875948957217065,2.184486917916752,-0.3666871640259953,0.9365144632009085,0.0013476658558565298,-0.859407094791341,-0.7491918752983723,-0.6334854575128852,0.5547923738631958,0.5530666088074219,-0.32803134031758185,0.90828254002634,0.5471778412654246,-0.9575110216303446,-0.7650653842600894,-0.6241979195870183,-0.5860092165145458,-0.18950992071313044,-0.05154394599156631,-0.44218298685486734,-0.22826876165809631,-0.7360575105545049,0.9270247330925793,0.971141910096452,0.3208114788503127,0.6118409292033442,0.2787538981714064,-0.1414600205947124,-0.8700549347187736,-0.37193979928173837,1.0115149886092798,1.395394995959721,0.25710976584947925,0.6385585140159157,0.39339109897500707,-0.7327754392757415,-0.8596748499196882,-0.3850826571153465,-0.7611682538804797
Bearing3_1,acc_00224.csv,-0.53799429052236,-0.07446453770263199,0.11513351132009474,-0.31575986250524773,0.06431523841094004,-0.5008942527388089,-0.05070849521001407,1.2535185442488073,-0.2129870226627837,1.5595709509042703,-0.00966161427044948,-0.6265951644500629,-0.7275683301158237,-0.57696463220685,0.08411875156152043,1.071627645022247,-0.1479922396341369,1.2268587771260748,0.9728163054565095,-0.7584557108032836,-0.7345478338223113,-0.5725028139329984,-0.6367052074738859,-0.19483971931344696,0.1568374641734857,-0.4745367966322919,-0.20292567237158468,-0.6567551651821543,0.3717668722720488,1.2838642561656555,0.46617181568889776,0.5775934646228102,0.2697391980685381,-0.12953049156112278,-0.8077925834854339,-0.4129240355459372,0.2535077308927963,1.1611826182441887,0.6821675266157016,0.7092100340031147,0.34597937435578613,-0.4413179954625638,-0.8633723986553145,-0.4149710438319739,-0.7611682538804797
Bearing3_1,acc_00225.csv,-0.6008379692133959,-0.132435471332938,0.3124572434666216,-0.46242113006218494,-0.03922422850764762,-0.4776650292035082,-0.3507936570508817,1.6923604782412358,-0.09297950981913337,1.5738153488746371,0.2975128621287855,-0.46678163163348524,-0.7009588548131047,-0.5983997165303382,-0.383701817777811,1.9331814415142579,-0.04344968495626557,1.6100159594088548,0.9391675595443939,-0.5528120819205532,-0.7235261658219129,-0.5965590867850883,-0.6390480192364218,-0.19472614720002598,0.12239692441947625,-0.4600546151128734,-0.21866492070240556,-0.8155183982038814,0.7180941929418333,1.5700437831802667,0.5912058476926996,0.22134745147212953,0.3935331226213167,-0.08672006417974963,-0.9582809534834711,-0.4422168627420913,0.7485651882273723,1.749495358145774,0.5110761718345024,0.4692816056867723,0.3925649229772413,-0.7871024749049195,-0.9011419016784253,-0.4206388468996263,-0.7611682538804797
Bearing3_1,acc_00226.csv,-0.6312921341749831,-0.20323467638788925,0.5146519569397678,-0.5200380566024103,-0.4115948271425886,-0.31246328278745356,-0.42682193877607727,1.3350955292796276,-0.10566432728716507,2.32045054147613,0.3738946286667285,-0.2750325567428378,-0.6889437855186652,-0.5219521588850018,-0.42050400157159074,1.4953324835747805,-0.08772861651903166,2.1408526634134692,1.5729335709205834,-0.4513584709574187,-0.6928040687802172,-0.5243617506842323,-0.5911697007709628,-0.18179195144703728,-0.00930860846735506,-0.3996608368616808,-0.17695340051743408,-0.6225154583793437,0.47643566046145847,0.6901999741066263,0.3979945479890611,0.4872702475066327,0.42018712635806466,0.2934192302922717,-0.826260542308273,-0.41688551877623964,0.5938131021379456,0.7165071100267424,0.3561155642730159,0.8659357939992798,0.37564572831382165,-0.1445007809588519,-0.7912180761314347,-0.43995635996392257,-0.7611682538804797
Bearing3_1,acc_00227.csv,-0.5469316870423511,-0.21008022626594788,0.18483953939880648,-0.514987222132975,-0.3791170932925284,-0.37824804210123764,-0.2431141422731334,1.0167081611402753,-0.1778974989620648,2.613370887673366,0.19526200776528083,-0.5589419370484063,-0.7281756319193343,-0.5461865060124907,-0.2250276212678282,1.0671581428476564,-0.1586123067757879,2.5758159546817785,1.5548082700413839,-0.7792458011946376,-0.7349218923936609,-0.5472740321763088,-0.5778107963916591,-0.19689458992619474,-0.21404012307937526,-0.44772935424528304,-0.23976290194341654,-0.7079207026274852,0.6595503616946922,0.9778658525640961,0.2944922383887453,0.8207280332864126,0.4929351990910034,-0.1835409276253186,-1.020556720731912,-0.3566331500242751,0.8267598677974303,0.7272004209212429,0.41177984946409174,1.109144582557404,0.456206124308283,-0.5608827348582329,-1.0038712242187549,-0.39607055418971576,-0.7611682538804797
Bearing3_1,acc_00228.csv,-0.5438176236696513,0.21094239346536056,0.44888213382337144,-0.17471063324768327,0.8744910223642349,-0.48470773467132605,-0.3827173398994097,1.8116786700431555,-0.18814549800197433,1.9261359148527684,-0.012082397223460443,-0.7032943003749371,-0.6985875068023956,-0.6081143880848102,-0.23619981614638186,1.672116216363932,-0.15579301041548582,1.7862894666837943,0.939902575385533,-0.7149626311448949,-0.7055607240534535,-0.6075293258771229,-0.629712471146953,-0.19006530239998123,0.11548090010366231,-0.42954959446558727,-0.18985448892866294,-0.6997017130171669,1.0894283863822207,0.6617918756396557,0.4099218103212125,0.36902426921990344,0.5127933908597734,-0.0013527283509694816,-0.8543962264396456,-0.43866444577113906,1.1908467466383226,0.7915821801442411,0.46810098930256905,0.7871376273284385,0.2315027961250532,-0.2995349765967144,-0.8997871649920911,-0.472970372873593,-0.7611682538804797
Bearing3_1,acc_00229.csv,-0.4795254963114506,-0.11622038400614496,0.40897364531153,-0.3589725574104168,0.21104210047831046,-0.47557146162932185,-0.36551917170685994,1.983693562883479,-0.2797297930890525,1.7184057523224576,0.08511773716267292,-0.7135858813817885,-0.7393541316559192,-0.6008719525831907,-0.11517077244302915,1.576042211762226,-0.2346276535245467,1.327547896863243,1.3353279658444166,-0.8062497923951852,-0.7441386914710602,-0.5961573635303969,-0.5763571254718419,-0.1986334827896799,0.1656186494171146,-0.4703770210894803,-0.23616733406594495,-0.8408020531141069,1.0480594759604567,1.506210463888309,0.4524418665424025,0.3664268562961512,0.502375011981568,-0.14361518716050134,-1.0644048207283743,-0.45618742060145956,1.359810472765959,1.3642920303006267,0.36143172581195127,0.9417975930737013,0.26359251127266087,-0.6847916300646294,-1.0460511648290176,-0.48193509025399295,-0.7611682538804797
Bearing3_1,acc_00230.csv,-0.47316494018823146,0.24435737204645708,0.7998845472487343,-0.07593875917872549,0.9491784530758601,-0.5535192572718233,-0.20099283580622215,1.7499132585145514,-0.24950927146639607,1.500737705157159,0.019507960916269766,-0.7183773543248345,-0.7514473248155906,-0.6179972060188746,0.2654462775810123,0.7816886284182277,-0.19335270606529725,1.2833392773780403,0.9986346996332207,-0.8440246907360673,-0.7566493320410068,-0.6158809699810435,-0.5632020887360897,-0.1920942374920651,-0.13962831172497575,-0.452813524353164,-0.203552913143376,-0.8266280541450742,0.49131913703255964,1.4874359117276623,0.5618208728559082,0.7670487723554827,0.08075177694473086,-0.17914670444460634,-0.8941112148801402,-0.4662779873175285,0.4413972411728709,1.4180628582711894,0.875652816610411,0.6698031107837992,0.04150391289169984,-0.35563587190216295,-0.9115574418937986,-0.4895637536004189,-0.7611682538804797
Bearing3_1,acc_00231.csv,-0.592031576486024,-0.07422551455889646,0.45499573688544726,-0.371506109612349,0.09162013628787534,-0.4492469779423626,-0.21623471018339788,0.9443267463153076,-0.023154944654194348,2.332714607379125,0.31880037579348275,-0.5256615725081611,-0.7065100584173303,-0.6020600409127944,-0.08443993125570319,0.8091659196567679,-0.055649452682338466,2.195023224308754,1.7205868811248104,-0.7422336204219865,-0.7173439035691862,-0.5922023604681323,-0.6174866677846524,-0.19844273166392498,0.021207688303429503,-0.47700184880581004,-0.25090975445739094,-0.7282612785569932,0.5501103380292229,1.0697216381449701,0.49452620930140234,0.2528824416417837,0.7185529261751171,0.19739078065131835,-0.9354757976283503,-0.4985208848741671,0.30825511102304465,1.5951135683678963,0.43821631714788256,0.7449118310243484,0.5864563998795093,-0.4092330099538502,-0.8991663310682975,-0.518659295942384,-0.7611682538804797
Bearing3_1,acc_00232.csv,-0.5850998922917289,-0.1698428975951667,0.35991295736537365,-0.5192897848291606,-0.08766383592920925,-0.3123204463318292,-0.5471342208205202,1.5247703954556455,-0.09654691266304,2.477809887948519,0.2690816566719834,-0.46473961733244756,-0.7041823045027478,-0.5034540871529007,-0.4406013152042121,1.375621156396644,-0.02819340615241819,2.1235123425495392,1.8361065736916455,-0.40775264732831606,-0.7161821020763247,-0.5012663593317507,-0.6143858119386011,-0.18493543985648947,0.0480535138141813,-0.4378691455512108,-0.15880176283541214,-0.7715037209634565,0.6913319672865382,1.1557808355813206,0.4075963020157052,0.907290061244299,0.2935954119579104,-0.36389719321525826,-0.9343712449658699,-0.416595346439933,0.5780819056771372,1.2214143327456823,0.42937509799639695,1.017256916284398,0.4345542423612022,-0.5126833826861111,-0.9983659377724933,-0.4432798670529052,-0.7611682538804797
Bearing3_1,acc_00233.csv,-0.5245228049728178,-0.1301105517310706,0.5286404719793332,-0.3647716636531018,-0.03773596270871985,-0.43604406398399065,-0.24578938167895156,1.086489252209168,-0.0864469426324555,2.3500620445661395,0.1504982541846622,-0.6065888038294801,-0.7093098760013599,-0.5745367939226206,-0.20857424349552817,1.1385964090548015,-0.05083080314735346,2.026579613473451,1.66063304685693,-0.7607333971671483,-0.7133997898757609,-0.5700896728853941,-0.5851098430327236,-0.17510421194324066,0.011175589352125323,-0.33218003361162385,-0.16248088197186172,-0.7021149882678474,0.712840941817288,0.6709269834264014,0.6077934125842723,0.5586121030980262,0.4954175273373044,-0.2143618638918434,-0.8933076325452414,-0.42011749149753747,0.6606990934850326,0.993129813179675,0.5584651319683507,0.7119193319147802,0.5726369352671713,-0.38339154588271246,-1.0321774688567704,-0.4231456996747356,-0.7611682538804797
Bearing3_1,acc_00234.csv,-0.581825348178671,-0.12791869643264797,0.33873536884180666,-0.48412101148642567,0.14423251903022746,-0.485918156594765,-0.1901573967629272,1.0925859003240201,-0.08340232490657216,2.0983608166512284,0.25066248165461147,-0.6617958938604015,-0.7090014519250776,-0.5899708731468245,-0.20493947460193443,1.1838647971142462,-0.005243532670981001,1.814562922483658,1.6785763425899556,-0.6579791042210553,-0.7267983086127131,-0.5843586801662937,-0.6175798578257219,-0.20043190125425628,0.048241550463164945,-0.46621724554666855,-0.2519419287422234,-0.7137562151647495,0.433580898284966,0.7366407309642728,0.5254148540186422,0.5927784450892754,0.8702145432284951,-0.29357108206768723,-0.9765498886691737,-0.4149764937897071,0.6763027823887259,0.8424359385750948,0.5986315320555506,0.8711478145069921,0.8395830838628803,-0.642455380200642,-1.0658383474611797,-0.4628098467526873,-0.7611682538804797
Bearing3_1,acc_00235.csv,-0.5525696672878785,-0.09756182207166202,0.3644391423838537,-0.3655199354263515,0.06475745490421876,-0.46443384496832657,-0.13639641375788059,1.0333492867645286,-0.09424152358461571,2.096095554378854,0.20107958635698164,-0.6896621150576244,-0.7207280425703467,-0.6015581670173986,-0.36826977230910773,1.537141967453894,0.09355279436462802,1.84463310773319,1.5115749627751751,-0.70628299543542,-0.7400039524470255,-0.5958060562834351,-0.5875133610587578,-0.17852222284984626,0.13136771503293268,-0.35267077980399275,-0.17027395769498146,-0.7952116583511983,0.7777477514866268,0.9156793499816048,0.5360727007626018,0.8980030658209028,0.38139874681690716,-0.26612447508289,-1.1016787036463735,-0.3944230803894602,0.990975787342352,0.8010409221253953,0.7585540436544886,0.8275457463368268,0.5196653708938964,-0.5795297516676212,-1.1264260582895766,-0.4576468314459128,-0.7611682538804797
Bearing3_1,acc_00236.csv,-0.5444468542332398,-0.0968068369774607,0.5353961899831771,-0.3971344178461505,0.14746780379251942,-0.43993131833367444,-0.185405572658068,1.2969042698794488,-0.283288519486819,2.0879620995105657,0.36475749142939573,-0.5823568106797634,-0.7210524338152733,-0.5783750513240591,0.12488811277305846,0.5957799327138487,-0.20317081494614855,1.95681293513564,1.5709478158915828,-0.8111253822467926,-0.7142008497721909,-0.5814260209379858,-0.5352620510404402,-0.18932250310621068,0.025718468186718954,-0.4147592814244789,-0.1568681166821817,-0.7340752395550578,0.6683487194707798,1.349346458443318,0.2226043085370511,0.547363353081384,0.7801758973637611,-0.19364038890871357,-1.0808185264606893,-0.372806195024426,0.8619729947665071,1.1453447212648409,0.2729919948788106,0.8407944774539501,0.842369121700945,-0.7521329561772426,-1.1085166663557429,-0.3744326375831761,-0.7611682538804797
Bearing3_1,acc_00237.csv,-0.4712863410834011,-0.054959990336194205,-0.13899346023597756,-0.2444869761032159,0.056132698492675846,-0.5319301379269068,-0.13954284577390907,1.2482549346571332,-0.2839860976351645,2.3290715490827765,0.09179006241159482,-0.7671310972677163,-0.7208437690681733,-0.6282357903013126,-0.04399264834550251,1.1175978267961995,-0.3082321657466706,2.1709679675661753,1.5984501791752181,-0.7979786040624723,-0.7417152214076699,-0.6186529175416876,-0.5737641492467122,-0.19899764546592444,0.07921980142315915,-0.4700688895677904,-0.3039849366480954,-0.7077081448495047,0.9851670811364147,1.0277314026285709,0.22668521694033905,0.5747676674087183,0.5212216753843831,-0.14646322932704664,-0.8976457552770322,-0.42123741669961784,0.6960989523304854,1.110458118865872,0.2716675512011356,0.7767629404564357,0.6138430166205296,-0.30539054490087064,-1.0039526277306885,-0.4114202840878049,-0.7611682538804797
Bearing3_1,acc_00238.csv,-0.6366644806839828,-0.1458523214038879,0.283444126785077,-0.43697988977169594,-0.20574728795837588,-0.34364276322055676,-0.40463887835732787,1.1162725435235583,-0.019566243497247386,2.539342795833974,0.3380997948118515,-0.502750768140185,-0.6860515805931434,-0.5345679715781867,-0.14786302168257187,0.4178704981653724,0.14667293310426288,2.388419823912392,1.9646565926745225,-0.6531894989018874,-0.6912015725702279,-0.5259373013213613,-0.6294097496780481,-0.19634463384781403,0.17791434266604148,-0.44772935424528304,-0.2515499163966315,-0.611421030618948,0.6424134002472989,0.4954137673313077,0.4506037226517355,0.579542013585247,0.42864886896501314,-0.25361316555102215,-0.6927475986706272,-0.3856914950704983,0.4018308201934212,0.6915984925058444,0.4098378097857073,0.7935699362715961,0.47276295221889597,-0.14260593465079055,-0.832483005069407,-0.3941418998446822,-0.7611682538804797
Bearing3_1,acc_00239.csv,-0.5262005886869803,-0.15245963458159392,0.3656118745790517,-0.4225756581366395,-0.09812071831981913,-0.42151156662879863,-0.24384702407429948,1.4960994497123221,-0.1632376600511436,1.5581573191216656,0.08816737654647022,-0.6466868909348706,-0.7183894815806499,-0.5307988536539282,-0.14730602877211288,1.3930539346949837,-0.11645049665155444,1.4421200867428425,1.0273612930712925,-0.6916712909104815,-0.7517564638448363,-0.5286181524929698,-0.5878596372693117,-0.19652506453265492,-0.005816679089605704,-0.39503886403633437,-0.2481798824111548,-0.6356355413003896,0.4890136755882567,0.9769666611760348,0.39634483883187893,0.3694681782013762,0.5585379818365851,-0.07787933832888637,-0.8252555178772134,-0.3713306083309581,1.1230169890790727,0.4968072979676943,0.5621752734596555,0.6294060444938172,0.38779068402148087,-0.3286618061429053,-0.975936371972831,-0.3693069385819973,-0.7611682538804797
Bearing3_1,acc_00240.csv,-0.5209797049012712,-0.07511482107379534,0.5509045284784143,-0.3324089094600532,0.290728235455322,-0.40431566649352313,-0.39860145640434513,1.5648026898259142,-0.11956203836371367,2.1667619918175607,0.13045374430010873,-0.6463193550272872,-0.718795228255968,-0.5747712374927129,-0.04500739217109436,0.9389885338266604,-0.11701555055224672,1.9391785313064414,1.4484574252278266,-0.7725557458609407,-0.7455134447356689,-0.571844651732804,-0.5516717740977614,-0.19951899106654716,-0.014046031133020663,-0.4369447509861415,-0.3162288642898873,-0.6889560759163735,0.6332318029878898,1.0806975623764625,0.27664573169776985,0.6506422052238002,0.5234511956173826,-0.10659067808586412,-0.8758923167608403,-0.43442019037913504,0.7098984094852452,1.0679299382376102,0.29317733456718037,1.0631450293741551,0.4798515386566457,-0.7645587174111933,-0.7720846219559103,-0.46500389747047327,-0.7611682538804797
Bearing3_1,acc_00241.csv,-0.5083565140932158,-0.04367263364409102,0.36288345942754985,-0.3217460366912452,0.4360712636865488,-0.4645670651309928,-0.5934373405961068,1.8737321560934674,0.018724960122427883,2.0357625041161946,0.16953120237784328,-0.7002326003086663,-0.7071420518688574,-0.5796808343828028,-0.6515146259250935,2.432391765851543,-0.14821990374373747,1.862715461306409,1.3930524244528049,-0.6106489873943222,-0.7320574018401154,-0.5717306231765988,-0.5301668266465466,-0.19493710722420957,0.06913886774715045,-0.45050253794049083,-0.18675329850563252,-0.8140520884521084,0.615659255592896,1.3081391401965061,0.7711553601529137,0.24390077465503912,0.7733374444319805,-0.4307797820253744,-1.0410593115736697,-0.44122851428658927,0.5364657944056045,1.7872483409908082,0.686201388943121,0.6637351124783614,0.5120575513406104,-0.8761711673471964,-1.013871208353004,-0.47537515514434275,-0.7611682538804797
Bearing3_1,acc_00242.csv,-0.46719837481742804,-0.022597748178746737,0.40332594025500706,-0.3614044406734782,0.5950032897843107,-0.5416264353549786,-0.24342862778962387,1.895913366132339,-0.28145363324959116,1.3624214662453038,0.03166957651061595,-0.7204136341905519,-0.7329279588551058,-0.5971340061339687,-0.3869373435484113,2.4909712749497657,-0.3228666065707318,0.986149969873514,1.2016200854307522,-0.8156709420152976,-0.7593373714183265,-0.5867244811061362,-0.5364973635726549,-0.1642070871656733,-0.10885055225000902,-0.2674724140567747,-0.13150908654572094,-0.7590433584362614,1.0446604317567145,0.9069973249385443,0.28222763550604457,0.708934588477254,0.5629231047392204,0.01821367699042551,-1.0543537547207569,-0.4591954985536986,1.0018991397007615,1.3578018498951936,0.18585927460533463,0.9568789972012021,0.4633137725685166,-0.445826568865591,-1.0558194350790877,-0.4530099238782519,-0.7611682538804797
Bearing3_1,acc_00243.csv,-0.5077148329670216,0.10957977423634328,1.2518855372480748,-0.22727672531847318,0.6157979856200425,-0.4805369483956873,-0.2143129541508083,1.5626291004056472,-0.3069787050581856,1.9349033369324795,0.14365938935493347,-0.6951457653080753,-0.738709800520933,-0.5974268079996374,-0.11256312693212416,1.3956304898380305,-0.22620012965109337,1.8336150009047767,1.1256514872572627,-0.7247962062744548,-0.7501877956821581,-0.596350608115198,-0.581065960827723,-0.19482124638486362,0.12240057796199376,-0.4565111026134411,-0.23396515679524232,-0.6610833805507563,0.4442738489274763,1.0156873888233262,0.2502546086744025,0.37011878387380204,0.7071503301005779,0.22495866932424183,-0.8711821930882141,-0.43188125641113834,0.709161294090301,0.8905670560197543,0.3231832219036824,0.5312274150115304,0.747021099702536,-0.3071551092298327,-0.7974507795159903,-0.4602415898431621,-0.7611682538804797
Bearing3_1,acc_00244.csv,-0.5464041088467165,-0.14232703088428583,0.5632663526857112,-0.43136785147232326,-0.06829120309947398,-0.36617570875069605,0.012572479710182197,0.8768778086665191,-0.3387010274692078,2.176064137333216,0.20927336718161113,-0.6966606960280524,-0.715657309459812,-0.5478602783673838,-0.09753162077522042,0.9835263042857368,-0.2384815248856455,2.2946341451309027,1.4120164467112324,-0.7500931399942272,-0.6978407271358925,-0.5520939309389196,-0.5614566902488501,-0.19322436653710373,0.1403505003964531,-0.4389476058771249,-0.18248657264234974,-0.5978336278354609,0.42909770755936016,0.8318964486732254,0.34053024074283156,0.48889049988757727,0.6554342831092501,-0.12033470209166282,-0.807906789508936,-0.3824671542595681,0.6203111465948054,0.6770123130249247,0.41736671821931665,0.8696975518248581,0.5547039778852,-0.6089961429165295,-0.8748198313033928,-0.3425143071791152,-0.7611682538804797
Bearing3_1,acc_00245.csv,-0.4660966331927257,0.00023237581756398062,0.9443093511876192,-0.21549144488979077,0.3579173490449606,-0.5380872807834608,-0.2618140534709948,1.9081596261990106,-0.29616224682621833,1.506703613315476,-0.029203367701372513,-0.7601982500210098,-0.747893269320255,-0.5951559548774893,0.026662311160810276,1.3144102941432876,-0.2247802521273332,1.4842822104623123,0.8405704112658614,-0.9280801941212402,-0.7641117116870811,-0.5922558929691774,-0.5725193701766255,-0.19660565692088963,0.02046074074642059,-0.4448021047892303,-0.23879681610647663,-0.749109657145978,0.7555393400528259,1.221045996778709,0.2847629247557287,0.5507617794734427,0.6327007321184677,-0.18330833158446885,-0.9689689351842548,-0.41576327423082,0.8895040868573987,1.0115248978651643,0.4580976537596915,0.8117437398526764,0.5815838951456574,-0.5217456238162863,-1.038656414449004,-0.4353890090162187,-0.7611682538804797
Bearing3_1,acc_00246.csv,-0.6115801108883346,-0.14748700783037297,0.40725609457475354,-0.46316940183543465,-0.25538377587143707,-0.358540916462351,-0.31724853063005987,1.1148645422723347,-0.21055366040512202,2.6403090901460353,0.5974525140764319,-0.31642864406794974,-0.6880341560761734,-0.5678787819842559,-0.14074687075115191,0.6680638280488955,-0.11826042639126912,2.46511553467277,2.1289163538770817,-0.38776899240908175,-0.7127191980948375,-0.5623536782987079,-0.6031719244004047,-0.19134447092263082,0.023916309239834694,-0.39257381186281637,-0.17539637804888908,-0.6308773826339812,0.4439432522918252,0.9225379955678058,0.409711263391975,0.43447036805416017,0.38748962309228413,0.14860234773065029,-0.738410369113041,-0.44705729947438905,0.5839978970406505,0.8887053758396457,0.4170332015089105,0.8330809848217828,0.16098640651283058,-0.09967618888096637,-0.7141493708067084,-0.4777010829592601,-0.7611682538804797
Bearing3_1,acc_00247.csv,-0.5852380339032894,-0.10488752743896548,-0.005344367379756402,-0.4259428811162631,0.06767031070711223,-0.396467456636408,-0.3766790733502294,1.2654056560859865,-0.10225427998355133,2.4643410203030816,0.172959018814254,-0.5151515977287475,-0.7076874477757443,-0.5422927505001754,-0.5425190152277104,1.777363589055531,-0.09101927167127338,2.2219138736175714,1.8523143687038581,-0.691779407578884,-0.6993546620552171,-0.545239901877761,-0.602428636818431,-0.19989272981451273,0.03788418846686009,-0.4947194113029711,-0.23943028327816773,-0.6584210663259881,0.725407623430297,1.0113232831325467,0.431069730562673,0.513901412620601,0.3239224352166931,-0.10252591808603578,-0.8551738428208628,-0.38865060003398916,0.6062019907792935,1.0350698682367994,0.6809430506556748,0.7014639917205913,0.2119237896556855,-0.4748356902082778,-0.8301883330768264,-0.4307366721857095,-0.7611682538804797
Bearing3_1,acc_00248.csv,-0.6113787636092427,-0.13414005307781288,0.2185001111632936,-0.3971344178461505,-0.2025292935668947,-0.30436983723722033,-0.3619844039215227,1.1585947835969292,-0.212399764137149,2.4065215442017744,0.5364248171786833,-0.4320611090990465,-0.693663013032317,-0.4622102178697589,-0.3915658319906695,1.3436531351772014,-0.1755645992319004,2.051141184571148,1.849921840568758,-0.4894472184794489,-0.684256544696279,-0.45595284904827965,-0.5620987934713568,-0.18588613635484363,0.17354587573425356,-0.3881059047983149,-0.14929576767054537,-0.6030864522048127,0.47368588419390173,0.758729391740147,0.33023072212348575,0.310395221161652,0.8856471398234591,0.010160940922935398,-0.8975365003760833,-0.373822571602363,0.24366810472141906,0.9288161127509774,0.5611348531543333,0.6242509017700194,0.7841383602921198,-0.5476117637727369,-0.887197323591963,-0.380316683860716,-0.7611682538804797
Bearing3_1,acc_00249.csv,-0.5394506078236367,-0.05168022497549905,0.08574091502303428,-0.33390545300655256,0.32986505790127946,-0.4648924306371383,-0.16122350516121225,1.306133764687792,-0.254406328361293,1.9620130586460816,0.22820471114599244,-0.5826615895324216,-0.7300456429763602,-0.5791643986971845,-0.030993725695038988,1.0280827497601595,-0.15120917252763105,1.8766025669805904,1.3213047348162401,-0.7705064017936117,-0.756857917513361,-0.5806268256703185,-0.58543012550984,-0.19049766258029743,0.036737139742133475,-0.4147592814244789,-0.1654918494995029,-0.7707594206614123,0.6004124713333632,1.0116991934501003,0.32665460779156286,1.0699731309571556,0.42197397539905673,-0.22879339894419704,-1.0239211424146328,-0.4275241105978522,0.4034316215567925,1.2099350114702037,0.5754804794448608,1.0246711974860976,0.744567904616399,-0.8150463212737734,-1.0413008578193301,-0.4598866673628271,-0.7611682538804797
Bearing3_1,acc_00250.csv,-0.5940060107257246,-0.23830615311054873,0.2698576258280996,-0.5669921103738277,-0.6936979009778425,-0.39327791871433004,-0.15265812368045859,1.3429926442088647,-0.24255564526024248,1.616467112275243,0.10246258051624772,-0.5521015371882004,-0.7156266236575114,-0.5194953964989529,0.02299832272532577,0.9585485888417326,-0.10246141596029366,1.3225730222299086,1.1948054409058648,-0.7364206994213531,-0.7150449153976297,-0.5282063834587799,-0.6330710081499035,-0.2006527287802121,0.05299052013594393,-0.45527857652668213,-0.265375201948719,-0.6946004513962194,0.581880931102193,1.1377335419684635,0.47655721232304,0.4700164311111507,0.40092576649943473,-0.17721807923226127,-0.8803252619690665,-0.3766822662827537,0.8126836728081782,1.1619442077030544,0.4697323901952495,0.405686890811093,0.7268989627448391,-0.33297653787140336,-1.0210931281646864,-0.4324188043195844,-0.7611682538804797
Bearing3_1,acc_00251.csv,-0.45233027838807754,-0.1275430610207968,0.2430180512514319,-0.4044300676353348,0.30169083437667443,-0.4683578154995623,-0.3071452571329059,2.0303609186712825,-0.2948168787999898,1.3314647265245099,0.003645155563857485,-0.7600436196531779,-0.7318274523291737,-0.5730396604745333,0.03676484573806447,1.4246151134903415,-0.2839438692147831,1.2345275759827867,0.7623572848213431,-0.9022515444689164,-0.7547218774856501,-0.572007816061485,-0.5515846669323734,-0.19703448112374036,-0.09002341522643506,-0.4381772770729005,-0.2700912874941693,-0.6421582833493679,1.154725718908572,0.7767762736415671,0.2625961951673295,0.3654774159676167,0.39556953438297987,-0.2052403894004229,-0.7394981477408279,-0.3642958983946287,0.946303914431952,1.2832451860731866,0.2242229845949481,0.7862026003085659,0.11375658821489926,-0.6624564417690415,-0.7946509990797813,-0.3361258095201359,-0.7611682538804797
Bearing3_1,acc_00252.csv,-0.563945012736003,0.301825421693295,1.2818718323147815,-0.22222589084903782,0.7552867308370624,-0.45577185678421905,-0.21972602145937892,1.6115704929072476,-0.21841326121195456,1.5273452447086782,0.08743474566103389,-0.6907903996965399,-0.7137657561833329,-0.5728747971578286,0.26394320220916123,0.5482933659109828,-0.10501915240617044,1.4016856619996838,0.8862150038979479,-0.8523058558733945,-0.7142284259261902,-0.5733854492931293,-0.5974293442741042,-0.1883887449894627,0.0613560082734025,-0.46406032489484017,-0.12655424974147303,-0.6525538759941346,0.37295187636583105,0.7070665835162337,0.28145330426436593,0.63464463689171,0.6220064632244892,-0.05285333092734824,-0.6821974835637982,-0.4702456391989921,0.34069141164872585,0.7766829246946756,0.44391812002647507,0.6131241704934065,0.7719091805929178,-0.023147399044013656,-0.8306474746508732,-0.49502409736954744,-0.7611682538804797
Bearing3_1,acc_00253.csv,-0.4748036023865765,0.35073032069636817,1.2169825578634448,-0.0967033008864042,1.4977853076238121,-0.5337584637892314,-0.37762442252579836,2.2049685716159435,-0.2551456585260983,1.3581592642426994,-0.02428219291474559,-0.7721448390091623,-0.7635991739584705,-0.6029409367941838,0.020840465290629016,1.3652574197864176,-0.14447175665958503,1.2480690946971482,0.8272918580278018,-0.8755010524765741,-0.7804945999988433,-0.6031546223238081,-0.5845326116297355,-0.19734444582936772,0.037627657404762184,-0.4793128352184832,-0.26803259127138307,-0.9126548778800261,1.169273729062089,1.743201536353995,0.3800493573696236,0.5324497061838624,0.3300672323760298,-0.24478527464367555,-1.0736378260928356,-0.4646073756014526,1.3627878361286978,1.6089615577153038,0.5199951750457389,0.518635595056337,0.46219720731262365,-0.7939641575657262,-1.0509598679358554,-0.5001725384404223,-0.7611682538804797
Bearing3_1,acc_00254.csv,-0.4719737884611551,-0.05849295271845182,0.23035619021563541,-0.27666266235295206,0.31700277230572793,-0.4639689777481977,-0.38950525026768845,1.9915911429249198,-0.24081568144082063,1.6250227304489056,0.03715445694672558,-0.7179557486876486,-0.7370913837093662,-0.5719610950471099,-0.3467958610377437,2.006370606285725,-0.17728641651113966,1.3505968006791162,1.2914734560413592,-0.7115668561654888,-0.7394907553019903,-0.5766454855774016,-0.5374483146195168,-0.18670012746353773,-0.11130184245093296,-0.3833298662121236,-0.2163599221176413,-0.8220250207031123,0.8991708886371349,2.102389075624333,0.17406678699818112,0.4763644149000898,0.2973331074054762,-0.29748545558962924,-0.947371163013163,-0.4104706403119026,1.3159087964841103,1.3290841663558939,0.48208166232876987,0.7349262235209981,0.14638080170678142,-0.818758642925346,-0.9720639992669644,-0.4020319091914172,-0.7611682538804797
Bearing3_1,acc_00255.csv,-0.5482979370761311,-0.11859378568791151,0.40258227290377363,-0.38665861302065496,-0.09091206310977747,-0.42282937454950786,-0.06156100075550213,1.1509055029912105,-0.22703973196206245,1.6447697619844155,0.15971741721434793,-0.6586025260268268,-0.7245349993173735,-0.5401693157404026,-0.025629997474236704,1.0938719737621212,-0.14100079925058157,1.4216021274057857,1.301274776149458,-0.7765690380229763,-0.7341027159410595,-0.53949360015025,-0.6097407384169655,-0.18322666606429708,-0.11589969717960812,-0.352362648282303,-0.15971438864412305,-0.747532610620311,0.6138821208011158,1.4964094663082752,0.2776256852087544,0.5934880483062926,0.3080601108374376,-0.06312965498512185,-0.8984393016044221,-0.41305632868631303,1.1764059865438838,0.927089351558636,0.24574746422153645,0.8941786647304076,0.2941288077470395,-0.3803046874917162,-0.9220653267936205,-0.42814857786990923,-0.7611682538804797
Bearing3_1,acc_00256.csv,-0.5568871752207246,-0.11065243600410125,0.5140901147457809,-0.39395426280983925,-0.01702315433307592,-0.46990777351540264,-0.44481281033596426,1.6518071337555702,-0.07089215588440603,2.107251822457949,0.10981272258550806,-0.465697946379376,-0.7137973713256436,-0.5933807184285917,-0.352041657256292,1.4344192674371365,0.09242991978256475,1.995787238510937,1.3137914787905451,-0.6662836267540433,-0.739517639045099,-0.574359318564291,-0.6151838791920302,-0.18811082335430054,0.245642473412573,-0.38733557599409046,-0.20951912768044534,-0.7832550893113079,0.7920873867082915,1.519595446194501,0.3352772772702245,0.576481906303404,0.2484902158550688,-0.09391236858277148,-0.8335635512592015,-0.4968775180512345,0.5562288332341554,1.6465339400049794,0.49023179139976375,0.7638384634519177,0.22902463236196383,-0.7604610934791952,-0.6580584685690966,-0.5311764941544183,-0.7611682538804797
Bearing3_1,acc_00257.csv,-0.5815918167550568,-0.20280849928942804,0.29398364168098917,-0.4809408564501145,-0.40410780138075664,-0.3443984580517797,-0.2248533086077691,0.9201961707397401,-0.11349223795751773,2.3794152842364444,0.5447537782025216,-0.5900530558628203,-0.6948876869082883,-0.5502583095012543,-0.0567630997330094,0.7081313622790828,-0.16872461088009796,2.361582164307637,1.7128316518528048,-0.7901681857795807,-0.705991564398204,-0.5482451977304734,-0.5906134021279188,-0.1828054535840777,0.07788675646584686,-0.41537554446785846,-0.1480053464820731,-0.8152172900731003,1.2685753504166724,1.1223177372174806,0.3957952413117774,0.32798803933822107,0.7329092572879271,-0.33216974289046264,-0.9822595076487691,-0.46366698420343216,0.9669114612982874,1.6329413083308895,0.30114864338869124,0.7421366763647337,0.5927669217989666,-0.6423608808296305,-1.0561545551045874,-0.4763883930929341,-0.7611682538804797
Bearing3_1,acc_00258.csv,-0.5675643951466752,-0.08995587626900108,0.5275582522007348,-0.3516769076212324,-0.07367249773708656,-0.40555320284312557,-0.15608436810706364,1.089163164257451,-0.21372096102812896,2.1791348495691665,0.23066107975831615,-0.559224796781912,-0.742407615450942,-0.5491821196234037,-0.14196407204583644,1.125106742492323,-0.154468438692817,2.0406533295084404,1.387841055032358,-0.7511561856044471,-0.7087683734618172,-0.5567987296283259,-0.5900152761711613,-0.18793567545704834,-0.01776229938629791,-0.403204349361113,-0.18975652557443728,-0.7828716966055709,0.7367284265533339,1.4955411957121596,0.2958626545437661,0.5981399204547063,0.33951503803092054,0.02451454887777419,-0.971227463374175,-0.4493357960166803,0.7330453227374512,1.39871478532418,0.4619877810222882,0.6231983082679238,0.47218400821786044,-0.538539003025593,-0.8752669644345293,-0.47831169779925536,-0.7611682538804797
Bearing3_1,acc_00259.csv,-0.5106931737695088,-0.1415597160617312,-0.03510408145721942,-0.4193955031003284,0.03702449075280673,-0.5302515656231288,-0.3771287401480761,2.0086622779777796,-0.1886180715561679,1.554373737814756,0.022199719202512066,-0.7177717105367378,-0.7445499363605137,-0.6090395028327904,-0.35892260915370494,2.103190241741208,-0.11105281156031645,1.4207422066278477,1.0153537769104561,-0.8522417698308371,-0.7562143898285207,-0.6062522619457074,-0.6102343178727101,-0.18944560656467643,0.18816793142428062,-0.4483456172886625,-0.1615872216969701,-0.7988291129491446,0.6153561082701212,1.6515850429564052,0.543620694459453,0.24730143266894825,0.40329214751099185,-0.0882910395083594,-0.9058338875477968,-0.464551297614772,0.9152523262487589,1.3842437034361437,0.49891739157378934,0.5424322059482843,0.28530716782413956,-0.15784645682216325,-1.0363715245152811,-0.4624574675933384,-0.7611682538804797
Bearing3_1,acc_00260.csv,-0.5590415117910389,-0.005702168457505188,0.3976529347517564,-0.27366957525995333,0.13323737146489706,-0.46058093679697587,-0.3498974270090088,1.5684020230236648,-0.2134064083806925,2.144692325413175,0.06227046041561043,-0.6732864591602081,-0.7217072903357542,-0.5536362008011083,-0.2095027603829063,1.250657702433871,-0.04421219089118116,2.0255908568625336,1.0780158172174803,-0.7596186674732289,-0.7486763407952715,-0.5439502783185248,-0.6474837376788176,-0.19980723421860855,-0.050947816986130136,-0.47499899391482664,-0.2519706947509868,-0.7475968063553365,0.38542930624470007,1.1658016778789655,0.41751076445393037,1.062444703207493,0.19393017017786782,-0.09744389871253796,-1.023145922096926,-0.40087641366493554,0.3586176120378323,0.8548955777671938,0.7086045176479797,0.9043480692131751,0.5772440858574129,-0.5333343667608117,-0.9848748859036289,-0.4309623720543349,-0.7611682538804797
Bearing3_1,acc_00261.csv,-0.594142355064331,-0.09752824267430238,0.19619324721351608,-0.39863096139264986,0.08480823080478946,-0.4750860945393194,-0.26250629501147116,1.543955557497033,-0.10769307343077619,1.4954670168731303,0.3303349221577577,-0.4929556429123242,-0.6720234799618787,-0.6053534633162122,-0.09423788059730352,1.3178598083271924,-0.08100887849015094,1.5532123284884263,0.9151209683705033,-0.7230621422435181,-0.6699623607842194,-0.602305909695926,-0.6300140767583022,-0.19081434137802056,0.08141038021213731,-0.4196893857715151,-0.20417140022559252,-0.8415180238777336,1.0893913980335033,1.216268275515222,0.5163708133773878,0.3302680925890825,0.3847852142183574,-0.24530950455086784,-0.773932412304666,-0.5311056797243303,0.9105961211102909,1.582582085395665,0.479477837284661,0.6399975443745648,0.2506073066684739,-0.45612156740582416,-0.829838792662578,-0.5558681535639374,-0.7611682538804797
Bearing3_1,acc_00262.csv,-0.5288412291355588,0.12425448547215882,0.30811246478866094,-0.1008187956392775,0.33501187348015987,-0.45453032355526135,-0.4268903201153044,1.8605251884996838,-0.24293109843668378,1.9533142883986558,0.24395912062995595,-0.691668132528322,-0.7176601724973262,-0.5731504960234776,-0.16562530226451075,1.4161471357854052,-0.2017337181116767,1.6699876647932757,1.4599571481095772,-0.7946965301422277,-0.704820303545627,-0.576583141342767,-0.5668707502905094,-0.18817080329032543,0.04782487479328256,-0.4073641249039247,-0.15301536816960726,-0.8157879369454643,0.3669941757613327,2.1790752258947994,0.30493010122532127,0.5442175952836693,0.3291126563997241,-0.25092796800599537,-0.9133268031367855,-0.4461277338942586,1.0761087789506636,1.3941639087336473,0.2668167620572345,1.185678804257874,-0.03610033570801974,-0.6937912022316859,-0.8371771281054847,-0.4723704109992727,-0.7611682538804797
Bearing3_1,acc_00263.csv,-0.5364700093119387,-0.16046554033995514,0.6636423737708962,-0.42968423998251143,-0.21456082620933778,-0.4293242582819213,-0.4694809822499417,1.5378303112864757,-0.05727371325213542,2.3707246544266827,0.061832650111299216,-0.6563882547291714,-0.7000047719551453,-0.575220564042856,-0.336376703358784,1.4065640957024066,-0.021592188969203754,2.0552729682401156,1.6444038348923653,-0.7268789962627098,-0.720323046079545,-0.5717959454975073,-0.5630638612133966,-0.1860235272859017,0.10180804723350166,-0.3457378205659732,-0.17973523068000768,-0.7855878046804492,0.7336017173084064,1.0274211050805568,0.523458355619822,0.5568816538893521,0.3434154472155785,-0.1353616908726112,-0.8135219671520331,-0.48886945237886203,0.3805129699018378,1.1946574616759074,0.5607689844336775,0.5377813232599716,0.48583314137794986,-0.07820725955470112,-0.8298699296538942,-0.5183907400838581,-0.7611682538804797
Bearing3_1,acc_00264.csv,-0.5744283122678773,-0.08323891736907453,0.1505145679523409,-0.400501640825774,0.11050082027016406,-0.36719070501436146,-0.46964748448286164,1.751294223913515,-0.1579073637925689,1.9566062413685212,0.13720983058247632,-0.593385452080229,-0.6935329726286698,-0.5257065612262631,-0.3396037068064091,1.5637082970179557,-0.1431035488603995,1.92035650390754,1.1845729105784428,-0.6394484493495686,-0.7162233217766657,-0.5062401500022592,-0.5682448092675775,-0.18429833640922005,-0.06170081756343126,-0.3183141151355848,-0.15578444955167461,-0.69503671817674,0.7686061686690364,1.1367381752987784,0.22510412020298098,0.7601082392296785,0.3921434174153009,-0.044204452257693316,-0.9488724717958106,-0.41755850127473915,0.8417183976587409,0.770302452127945,0.46660987301651635,0.7751262462261459,0.5917969097805403,-0.4260123890079815,-0.9664758623639524,-0.42625990553008153,-0.7611682538804797
Bearing3_1,acc_00265.csv,-0.4721411475149745,-0.10513658817418703,0.37984170945406437,-0.3976956216760877,0.2832522800930236,-0.47472622321195174,-0.1887493103470673,1.5540840478879718,-0.22669324536140778,1.6662730866976594,-0.07290923573770075,-0.8431098950492781,-0.7293097573448716,-0.577281556358271,-0.06197812577674039,1.5101611803115094,-0.34283112567384494,1.536693111032641,1.0729126897782968,-0.8812678619677927,-0.7642870037079624,-0.5651261295864498,-0.5716553745240124,-0.1924091904499041,0.017560916319141015,-0.4600546151128734,-0.11232360326933868,-0.6935840096184416,0.7032881223485263,1.2086728721820925,0.19960442015139224,0.6893901801846551,0.5327926441256676,-0.16933256911310324,-0.9451894685705023,-0.3940715303499372,0.8187651690432631,1.3665092269084127,0.15069145696573638,1.2351718153230224,0.2835311650019976,-0.5016472026584987,-1.0042123899229567,-0.44098584134278346,-0.7611682538804797
Bearing3_1,acc_00266.csv,-0.46394625965517206,0.06295620445900475,0.5781565200658831,-0.18948900076936437,0.42961258756363335,-0.5135758981376383,-0.22146856920971258,1.8097719516274209,-0.3725362717773951,1.6795657871692296,0.0052513928311454395,-0.8268381377706293,-0.7474428440710641,-0.5832258979428412,0.15372187544739938,0.973989037746219,-0.3022708096816392,1.6985817533646024,0.8726951760951892,-0.9112537775453694,-0.7748093256678626,-0.5781387802752556,-0.5738410594550964,-0.19479053023512666,-0.0012204338318939887,-0.4277008053354488,-0.17560711234930002,-0.6497170272626911,0.3279554133711028,0.8570215661653191,0.2744332663845044,0.8318021686454008,0.47788302487021284,0.12270414280350093,-0.8732709854255947,-0.44179326112499434,0.2927487414569997,0.8364042002851444,0.2868582760174216,0.8264648632085184,0.7784162400133411,-0.24073729957225912,-0.7615909851684949,-0.4813642049805915,-0.7611682538804797
Bearing3_1,acc_00267.csv,-0.5373407631205489,0.1358250945657068,0.7848781035089524,-0.24261629667009166,0.7061861598978306,-0.47897582336608285,-0.11411436205795585,1.193320417045474,-0.1814584651646466,1.8163955163541976,0.07341250227864975,-0.6553085819855662,-0.7086287427484554,-0.5729408355570554,-0.06422428377450595,1.213712973712327,-0.12910121703542665,1.5978560758782587,1.0747781894938557,-0.7076917287674187,-0.7048457023504703,-0.5801757180019973,-0.5609436842534945,-0.1836803219180301,-0.08271729823868741,-0.39164941729774716,-0.19940237890051027,-0.7328513072020288,0.7331891783311086,1.1575149963418587,0.2989681195623521,0.4909963745069498,0.4382575789895034,-0.0657761302626166,-0.7825943323651514,-0.46404992369590553,0.48303665522624256,1.4764093117587493,0.3250044433089419,0.8056697284424396,0.2686797277095365,-0.13741904662044774,-0.8966137368374845,-0.4727888892258011,-0.7611682538804797
Bearing3_1,acc_00268.csv,-0.5547130315297429,0.00020767652325458474,0.012526410537671983,-0.2231612305655999,0.13854379300924832,-0.2742738656910238,-0.42565453103750905,1.5588416267866967,-0.2977894784714369,2.175709378105046,0.36164274826230175,-0.6108647886836525,-0.6674266704555749,-0.4686403449081155,-0.35491803210093514,1.4823341255949771,-0.24550672922357658,1.9911241061015341,1.5848339826867068,-0.7130238453515318,-0.6611009547437698,-0.47109065370747283,-0.5554665481067476,-0.16670404553798668,0.13935519110176386,-0.3138462080710832,-0.11468675295414084,-0.6501793140327812,1.2021121744890564,0.7081267610263343,0.16904249247573452,0.6687279661169122,0.3534107049434501,0.11329956762186545,-0.9997592086905686,-0.3527832257172441,0.5239147606646137,1.5284564681986175,0.05422541982957188,0.46031141659442876,0.7235636394275863,0.16051935262427808,-1.0162431175871665,-0.43475875273832937,-0.7611682538804797
Bearing3_1,acc_00269.csv,-0.5470690779982018,-0.1421489442957065,0.25328466726518345,-0.39114824366015305,-0.036343674022269325,-0.33136187347324914,-0.5018618214325898,1.441340436668725,-0.17200314690314364,2.7154557593157165,0.30206916786898663,-0.43887351186312046,-0.6886530237410668,-0.5326783218995461,-0.41236952748702155,1.2975149372073833,-0.10148160218448234,2.683822259356795,1.6485177591325622,-0.5824921405612653,-0.68315283960908,-0.5398312741987006,-0.5566367698406409,-0.19050671576853903,0.12187597825704727,-0.4155296102287033,-0.21239094449450296,-0.6700811243009804,0.42038598622331386,1.6135612503550414,0.43951454169106435,0.12722425706544127,0.23898615940208723,0.3151878291533326,-0.8645245540333918,-0.39624477951721604,1.0144346979519467,1.4674177568783648,0.4056459137831177,0.3149226964692325,0.27997482133399504,-0.49831062898536327,-0.7884487109566177,-0.42512997119809415,-0.7611682538804797
Bearing3_1,acc_00270.csv,-0.598297789753814,-0.022548484828042475,-0.006224154456586831,-0.3642104598231646,0.28397510659468395,-0.3098747149169144,-0.432305542284451,1.473666592021591,-0.21082839851160803,2.259282991979602,0.3721089776662034,-0.27637934437526857,-0.695272155582306,-0.49944905925644084,-0.32575114953497053,1.2897007689691866,-0.12390275562109533,2.144332900440354,1.4764662411308072,-0.4925376882536295,-0.7005897222897991,-0.49878741165209894,-0.6138533391293453,-0.18395479331480855,0.1481355925545279,-0.41814872816306625,-0.0960732244608156,-0.5815422341527141,0.44469123321435283,1.0227267556320099,0.24964835862359794,0.45207274609440695,0.5487695999031823,0.31291532567540736,-0.917541156996007,-0.39785900279010233,0.34759054787055793,1.2316923779556583,0.35855786447093035,0.9790364125912082,0.2374405777409494,-0.12297948077073988,-0.9769024582100048,-0.3995792370992879,-0.7611682538804797
Bearing3_1,acc_00271.csv,-0.5305852592092687,-0.06391532317850006,0.5634889672881632,-0.34419418988873557,0.3582641617870349,-0.3869877742636435,-0.18379300541232857,1.2594188151807724,-0.29141947562640635,2.034516495773483,0.21029521400464576,-0.635577255100959,-0.7070573660226328,-0.5250137676893445,-0.14624321294558026,1.3465100696055698,-0.26221973671281995,1.799021243866321,1.2779671524985567,-0.8471215001558918,-0.6982289432840436,-0.5353714183968441,-0.5709373553299241,-0.1920889748908821,-0.0006561001758687806,-0.41013730859913256,-0.21179442198500378,-0.636096567111215,0.4100348474322666,0.455851073571665,0.367444090111054,0.8253602602227247,0.5861629657952339,-0.07025866608544337,-0.8599672215988542,-0.3965794985223183,0.6817124663437104,0.2886406066970461,0.3072130991844749,0.9180010798217784,0.707664258758052,-0.1290800937390596,-0.8442691452750247,-0.44330261165800267,-0.7611682538804797
Bearing3_1,acc_00272.csv,-0.587775493646431,-0.07294471054759197,0.37804846944783743,-0.37917589528815815,0.08088560704536202,-0.3993625506314067,-0.2508878087806928,1.2693233184021777,-0.1809331690707444,2.1173790515972577,0.20302845152712012,-0.6097576015335229,-0.6804353086663323,-0.558308008050573,-0.16455688203132432,0.9467063245146128,0.037464340620380294,1.7637998252394311,1.7302871884145439,-0.5395677266202079,-0.682113284208436,-0.561273707437078,-0.6096410666099028,-0.19428221582697247,0.06673745010337163,-0.45990054935202845,-0.20939335883166005,-0.5174663722623806,0.1272080439117646,0.3532486171205914,0.3650830353974162,0.3946798208714537,0.620905847100037,0.6792251791478761,-0.8314511777647738,-0.40485296219326616,0.12737765919548652,0.5519453831656702,0.6164775969985186,0.5891049086767974,0.5492216371565387,-0.2141609701438763,-0.6326619836580408,-0.42892519855759276,-0.7611682538804797
Bearing3_1,acc_00273.csv,-0.4255472982204293,0.11374691375080952,0.9494346926832492,-0.20202255297129654,1.360747172381782,-0.5158759009596399,-0.2439591985084424,2.1858991076338863,-0.4080013243846595,1.16222060802101,-0.1617591744792801,-0.7282354116958712,-0.7544300797007701,-0.5834404119556864,-0.23270224836244685,2.1974447658973735,-0.28214022219600976,0.9425005327128176,0.7897395875047322,-0.825307152210768,-0.7717024446611184,-0.5807312413323509,-0.5756530389615601,-0.1821674621594739,0.08004774709457939,-0.3833298662121236,-0.10993009347068902,-0.7296652381419347,0.2259254441158703,2.111698525003258,0.20908502052123712,0.4234578923184702,0.46090080946891004,0.1928992037543479,-1.0405069393439852,-0.412312749240588,0.2727371309878982,1.5237004329806203,0.7474425268792961,0.49918651639001715,0.4123015324054732,-0.2589053507236583,-1.0170889052461618,-0.45587801373583114,-0.7611682538804797
Bearing3_1,acc_00274.csv,-0.4669434332473599,-0.06104264597930028,0.279134805252343,-0.3183788137116217,0.4251333331253021,-0.5304429250644124,-0.3641058645967577,2.2051190243361782,-0.3757649894456324,1.6326066465721956,-0.15379117415305787,-0.7995832981759488,-0.7308618494679918,-0.6038634716765375,-0.09253700935162962,1.6707984307938348,-0.2041747263371589,1.220694792642685,0.9696857338286984,-0.8331468765679312,-0.7693140007960743,-0.6069561166852904,-0.5988068446294932,-0.19809028494437977,-0.1166938441589464,-0.44649682815852404,-0.2804633887238874,-0.6534313092358193,0.703217777675884,0.7428621663906516,0.13148363070191588,0.8021148731633748,0.43682663770749613,0.04790515065372767,-0.8399683522359982,-0.40271090099421913,0.42791663466325436,1.2545313877506208,0.3334976474166298,0.8458857939316531,0.4773954398299666,-0.5395116003793471,-0.8460564609656286,-0.40419566185823774,-0.7611682538804797
Bearing3_1,acc_00275.csv,-0.5880688491204873,-0.12341673040760956,0.38751139945741453,-0.4162153480640173,-0.14259678002661444,-0.33347863183137927,-0.3274388673615773,1.0499141973115327,-0.04813119984200803,2.4240971945476306,0.28295276990604756,-0.5822430424001498,-0.6923163670205584,-0.528509853355301,-0.019592917055828094,0.4479777891859061,-0.013726898180362582,2.2920783059394627,1.4583475294112662,-0.6099572649681093,-0.6775718830447551,-0.5287812065935432,-0.5983483687103194,-0.19630754279307125,0.060158233815008344,-0.4535838531573884,-0.1566690473257957,-0.5905342702741765,0.34247435994940556,0.5430367955648435,0.3414511554304899,0.9273881761235051,0.49958858540757234,-0.08939924327587916,-0.9075249927953917,-0.3539486261099294,0.3776633365095675,0.7862228545690484,0.2608221012911628,0.9532558889290204,0.7900778806441375,-0.523230014235645,-0.8573024081627135,-0.38850575118754965,-0.7611682538804797
Bearing3_1,acc_00276.csv,-0.6019483287115586,-0.17855320150309195,0.2376877242396542,-0.47102625545455623,-0.2525949026971379,-0.33043145294829646,-0.4403431790933927,1.39613935090786,-0.2538823565851127,2.7827521588055997,0.3335241702551238,-0.6096172833566305,-0.6814400503658761,-0.540761888218892,-0.2279857003729751,1.0049976612902691,-0.23404420918776875,2.5890830951349444,1.8827980798340163,-0.6846021919675718,-0.6739375743053659,-0.5446922385510662,-0.5946151782586323,-0.19369971562428875,0.040721535768460174,-0.4391016716379698,-0.2061219214243258,-0.5795716596703631,0.6709415572292615,0.7287257129208222,0.09417808468656351,0.5298770898350216,0.6056812548112186,0.01739577481213495,-0.8032900584497585,-0.33853285203653305,0.5423468853129941,0.7951253098203582,0.25703959043712915,0.9370916731122866,0.49120379192552155,-0.28001283983250885,-0.9132405358018316,-0.35847412043039983,-0.7611682538804797
Bearing3_1,acc_00277.csv,-0.5976616825191547,-0.17997249335803778,0.209232955060814,-0.46784610041824515,-0.3148413891794933,-0.3345287147339575,-0.2655790567305522,1.1856815712854638,-0.3099345320383704,2.444047712378783,0.425865880356024,-0.6379995066526135,-0.653919458393471,-0.5265952766513448,-0.0750042323535828,0.887424861934632,-0.3142121916839428,2.196258945215866,1.7250568875820769,-0.6369395082674867,-0.6834634895937547,-0.5254771784153681,-0.6310527866918219,-0.19771021187288906,-0.0016719066514190683,-0.47900470369679343,-0.23546075545322528,-0.5210205093204191,0.2835289402936255,0.3162228175307007,0.1557638384155522,0.5790093413721759,0.8589130084144634,0.20364667619645846,-0.7216969665920998,-0.42593804575370314,0.12447887136917399,0.639044076783969,0.2043913662446357,0.786225783832955,0.7792573821475886,-0.20115189025199628,-0.6931308938010674,-0.3881973082574538,-0.7611682538804797
Bearing3_1,acc_00278.csv,-0.5647414205753749,-0.050289857558732685,0.37292644547276266,-0.3920835833767151,0.2982305044092316,-0.37623705637564686,-0.3991819553888868,1.6933104295081587,-0.25491354421863616,2.040513339060365,0.17214038977965274,-0.6350365794690076,-0.7070107483869613,-0.5274029439340496,-0.47150019791127823,1.79721777570999,-0.09979964229347375,1.9371756401213283,1.4585435624571856,-0.7512024056811109,-0.7265080139430221,-0.5139827220138623,-0.5995143097230716,-0.196532108798401,-0.046543687434170936,-0.4902515042384696,-0.21597440296744824,-0.6949034146682362,0.3334781215106875,1.1177547459479034,0.1931640626789786,0.8004972784403489,0.7115111793895558,0.09991115937438233,-1.031023325636603,-0.43470644927672725,0.5735000053660144,0.7770142804374996,0.4120510739492404,0.6685577153290706,1.1153012038485284,-0.5639645483021691,-0.918257231617384,-0.47133801608285897,-0.7611682538804797
Bearing3_1,acc_00279.csv,-0.5405118100773677,-0.05051157824801303,0.15851596907951365,-0.33783387981611335,0.31015503036158787,-0.3861452657560751,-0.3183049701365882,1.4550044623600542,-0.2694879741759686,2.155004459662019,0.13945912333839852,-0.6312264633212411,-0.7078259976602872,-0.5095183770799141,-0.17046438950725526,1.1807712574669802,-0.19247694684599417,1.9612180362345069,1.4107293307812603,-0.8755699618134741,-0.720787361921336,-0.5048561526012788,-0.579884853166247,-0.1921332528720218,-0.18350073424930552,-0.4332471727258644,-0.21514108440582297,-0.6909678391903931,0.7311026612222967,1.0135241691718393,0.15024192801586314,0.70021318074388,0.5927787565002207,-0.13147735444319414,-0.938848225605386,-0.37566072970299685,1.3428357809077567,0.6361124935674405,0.15085899346041917,0.6011903523440058,0.9271318699108112,-0.6181166842889477,-0.9239374085070158,-0.4040752335950254,-0.7611682538804797
Bearing3_1,acc_00280.csv,-0.5253957217135385,-0.14988817256953538,0.22443926217426283,-0.4487651702003783,0.05344862781156868,-0.4739793588456032,-0.2765678935043872,1.5984003700988205,-0.18532926361350638,1.7602300217990288,0.04925660774903119,-0.6926731134209431,-0.685332383488701,-0.5870922934913194,-0.16364331300498305,1.4870834107720328,-0.1334546398957605,1.478228392293214,1.1179440557967497,-0.7089208330308568,-0.7185525707045661,-0.5722126326969013,-0.5805136843260628,-0.19184478574990935,-0.13138062521131552,-0.4575895629393553,-0.17417705006352951,-0.7496039047043391,0.845297282052435,1.1600676734483364,0.3329407470951581,0.851489296579249,0.20773233138383917,-0.22741363921760277,-0.8814314822700419,-0.442452192887331,0.8186349942963903,1.3614441269460733,0.5034695453235705,0.780210249080618,0.2967478451058346,-0.7914857571014601,-0.7547225041164557,-0.4965943782519586,-0.7611682538804797
Bearing3_1,acc_00281.csv,-0.5748088115534598,-0.10332335006237509,0.1899779786748611,-0.37880175940153327,-0.0787038913702253,-0.31732505978305153,-0.3153670264720863,0.8784129737994195,-0.1295489762521589,2.8100580940284594,0.23623033615608224,-0.5002467398948082,-0.7138104480980764,-0.48765254139604874,-0.03422439316042023,0.32125569837635254,0.07271386417206416,2.4175522899378725,1.6949087753451162,-0.8904637791288856,-0.7148360043229867,-0.5158310437408598,-0.6238035308227418,-0.19718545898119438,0.13000529223132937,-0.4603627466345631,-0.25092507811756837,-0.5916741586532936,0.3481657974522344,0.4667958508756638,0.44399822531815253,0.8707760840766343,0.4775575929986115,-0.3244815582705334,-0.8770203190364935,-0.29356101183524985,0.7136219845603032,0.42521406533303974,0.31779423329012546,0.9609284880894533,0.6460071851823203,-0.5110432620531351,-0.9774114774280381,-0.29309970371438643,-0.7611682538804797
Bearing3_1,acc_00282.csv,-0.5324849753198431,-0.11809098850349133,0.46426320887028577,-0.42463340551307616,0.12941325532029033,-0.3977084860905804,-0.07819705404040662,1.1697519419374898,-0.289642674105056,1.8204309787731416,0.07653837339123684,-0.5909672429225293,-0.7133153917956435,-0.5304501069288584,7.262337413549132e-05,1.0597602725982913,-0.22553301003854412,1.5019779098171755,1.359140093171215,-0.7973740854759679,-0.7322321862433616,-0.5297222568449128,-0.6109116365551245,-0.19159521007338243,-0.03712384672586188,-0.46221153576470164,-0.2332704482464981,-0.687912952719605,0.9094554323689755,0.8166112018736256,0.411175608082991,0.5495549860661073,0.4091296530507071,-0.016825913679836726,-0.9858383058809316,-0.3671132911530088,1.1026406140584064,0.9609197245438084,0.3948731713208506,0.7886944482434702,0.2608141639720843,-0.4501466363013858,-0.9711321799864396,-0.38560498883597816,-0.7611682538804797
Bearing3_1,acc_00283.csv,-0.5646927650848057,-0.13407550218447284,0.3972768248993618,-0.4001275049391492,0.03745068145644274,-0.4252309935771724,-0.4427064434573198,1.583354739084218,-0.06786762402158232,2.0731159021219634,0.409731421558571,-0.5559024978113013,-0.7270100193838192,-0.5793574897466458,-0.19740879029283356,1.2059033249729931,-0.04504939876844164,2.03656461064694,1.361385280296718,-0.7523026634912406,-0.7366557418022986,-0.5764147228288654,-0.6537912550682805,-0.19230131091541058,0.048814084871033545,-0.40058523142675007,-0.26456871143738375,-0.7734541052026583,0.6454065836632303,0.8786004844168265,0.5213087256105798,0.6850156139901443,0.5172642223067421,-0.1046577972308204,-0.9800286726352679,-0.4526172923669569,0.6428144222451257,0.9756082300918283,0.6983799446795383,0.8040497466329997,0.5388581685010212,-0.6810279461134374,-0.9357187869617144,-0.46440212580893303,-0.7611682538804797
Bearing3_1,acc_00284.csv,-0.5346392415023301,-0.15736603413220773,0.4256067291494941,-0.42837476437932454,0.06248434899620789,-0.49666051224473384,-0.14189400192200344,1.4005586165484607,-0.22667273497386334,1.7260399559443826,0.05049374423066296,-0.7270229176263485,-0.7178467754183857,-0.5896244646133275,-0.15062879973629692,1.5836649063265043,-0.24955152223903249,1.664405259891687,1.0549730895837546,-0.914554790357097,-0.7260202126873825,-0.5806812957620747,-0.5945041704689938,-0.17288933989767813,-0.0588007339067554,-0.32986904719895066,-0.12356950543781471,-0.8628499150544378,1.0741070789567768,1.4701992084395157,0.4309832102290383,0.35503366937520225,0.3661821517661025,-0.07712302866884391,-0.9911814198257943,-0.45280597242077764,1.5957558144000257,1.5991645238911691,0.33158320659664564,0.4710085645785636,0.3602999604482896,-0.7617009071671015,-0.9704801532354882,-0.4753674432533386,-0.7611682538804797
Bearing3_1,acc_00285.csv,-0.4993063132024519,-0.00858941551849807,0.29075220495774257,-0.2712376919968919,0.4359141800949682,-0.5216249996010986,-0.553105606531387,2.2597222297574686,-0.20825947426141836,1.8695229413630414,-0.03274624680465011,-0.827133822876064,-0.7663482339805491,-0.587226112196709,-0.47934966081118097,2.1932514031086243,-0.13633106965352557,1.777111915730819,1.1258478386130009,-0.7772666209097614,-0.7908417145737869,-0.5777619901167291,-0.6247720836358533,-0.19825966493706393,-0.06602619270474572,-0.4597464835911836,-0.2635968764239029,-0.8237576794246029,0.5517385389363703,1.5495677466222428,0.5375247300397141,0.6919377658503902,0.15495966366632064,0.19659370940507226,-1.1663208124322189,-0.42138002313774553,0.6227783193696175,1.7125286872001022,0.6044439793962038,0.6537133320329279,0.3399146707579941,-0.3676506744929672,-1.1815800916106936,-0.431528445443902,-0.7611682538804797
Bearing3_1,acc_00286.csv,-0.6280189024711023,-0.15648635499008987,0.562259474320648,-0.4382893653748828,-0.24563431765195182,-0.28480408687047803,-0.32112737467499114,1.1005409568792786,-0.17241310409763472,2.3963047656778356,0.4936266604214529,-0.3390573585875073,-0.6481264102207296,-0.5224772211070122,-0.273257776496395,1.213667069753065,-0.16447203874464378,2.072104773661918,1.7201510171346837,-0.5039949177568608,-0.685969892656922,-0.5197089696091564,-0.6524071542357004,-0.17834865943259898,-0.10953377452974428,-0.38425426077719294,-0.18618214332730917,-0.4364414757457949,-0.0033382812228508916,-0.09066236027560055,0.26971911075907995,0.6710719645439215,1.06985376001024,0.4458762462933616,-0.9103567078168142,-0.39332112555659837,-0.07391003341995417,-0.07402680223666895,0.3972065933070866,0.910273317283874,1.1280013183685413,0.11508063326450155,-0.8643708485391701,-0.4072480764514202,-0.7611682538804797
Bearing3_1,acc_00287.csv,-0.5413171508911989,-0.05997577388803634,0.6761591053005493,-0.3050969897364399,0.17961711413006315,-0.4312793365828935,-0.23423692657672385,1.5922296398415186,-0.22915484172539055,1.5056183357133082,-0.014504606059185606,-0.8454086706384631,-0.7241226423110964,-0.509299165555328,-0.2208095503665196,1.6236987373321035,-0.17310363744693488,1.3793343732765924,1.0396007849267692,-0.8165086717855781,-0.7192577921878479,-0.514344396238543,-0.5836511321713663,-0.19458828899091657,0.14999308802743655,-0.4320146466391053,-0.22182893978884868,-0.7603261827931029,0.958568986257852,1.1146388865620331,0.2137191970253887,0.682530226446838,0.618107114632336,-0.05826823281938564,-1.0838023275168667,-0.4179811032854489,1.5121065606685942,0.8525678474783567,0.3252971556802909,0.7999680917502151,0.5836587155219207,-0.6445576374657853,-1.0831019080415758,-0.4288493502299852,-0.7611682538804797
Bearing3_1,acc_00288.csv,-0.5871559968843705,-0.13064211496117029,0.15303988187574294,-0.42444633756976374,-0.14378715538656545,-0.3450426035099457,-0.33714821835436487,1.4362274239805342,-0.26526546381288985,2.2479223635613295,0.41240581678602867,-0.2722811190434985,-0.6846639700637417,-0.5608916628882805,-0.1883232736888909,1.1494609690626914,-0.19942948149277132,1.9189147641767763,2.0425352426871246,-0.6177864319847459,-0.7015157348264409,-0.5610781684269442,-0.6039328838428997,-0.1492618295745928,0.2971046086301649,-0.23527267004019492,-0.1517640394562581,-0.597421136515732,0.23782275156268148,0.3450247850013988,0.3151619860084497,0.6551135047456963,0.9659008348228878,0.12465168749256698,-0.9070324710027695,-0.42433066646462353,0.041763707618654174,0.3735061055664096,0.5754513496294613,1.354948095028649,0.7983100376119596,-0.5142045203846712,-0.9321232470891603,-0.44468801625043786,-0.7611682538804797
Bearing3_1,acc_00289.csv,-0.5317280192684758,0.022112153438695898,0.7298017159482214,-0.2747919829198278,0.4111336726465202,-0.4667150179556316,-0.48174270579064643,2.1830345630541492,-0.2799665520166679,1.7151426059423112,-0.02234784090760892,-0.6445987394557584,-0.7225919250254659,-0.565277807289527,-0.11801156849310741,1.2328564273797,-0.07394846621613042,1.6112103083917464,1.1743833011954592,-0.6967160520976444,-0.7278065264258508,-0.5658005393124519,-0.6294395001294054,-0.18633079728934002,-0.09666541391164796,-0.4435695787024713,-0.10930677075476813,-0.8081905333784354,0.7292286945228474,1.9722430232503072,0.35836716931837065,0.13942359997177128,0.37015457585125106,0.21402863511817838,-0.9894857713668358,-0.461992213373166,0.827730060090957,1.5631485699248884,0.6133041298344202,0.32695368978075856,0.29938247186438993,-0.331680621531068,-0.8904687100112537,-0.4969790966795264,-0.7611682538804797
Bearing3_1,acc_00290.csv,-0.47137542853202175,-0.09663509501261246,0.6090915345151825,-0.36346218804991487,0.29302907709767695,-0.43323654393716854,-0.08302655702159217,1.2829570506676162,-0.39858304580127296,2.1444678958237633,-0.08552953698864162,-0.7132588003466127,-0.7178479931367314,-0.5696076414976782,-0.22093466500278924,1.5322454262926601,-0.25665111381072025,1.9451434312819003,1.3254478482820862,-0.81173137658096,-0.7308379898662206,-0.5677983659527716,-0.5474792898977603,-0.1917340629715313,-0.05189046514362891,-0.4297036602264322,-0.2455706693721229,-0.7069069734296394,0.8220971966722914,1.114858301220937,-0.017110086432969247,1.0613097073071898,0.510029259579655,-0.15686086841963418,-1.0680383455915057,-0.36105627878641955,0.7282287689223194,0.802186088316933,0.24415324416289783,1.2731963670378446,0.6805045055816455,-0.5975838696462544,-1.0943920144804178,-0.39110264831283564,-0.7611682538804797
Bearing3_1,acc_00291.csv,-0.5381787175519309,-0.011475391368534423,0.7956657726767536,-0.2706764881669546,0.2239265956621703,-0.425739245929484,-0.3494395240436765,1.5258058061706463,-0.1955177848623163,2.1279296988845995,0.18702291744575342,-0.5615496200070687,-0.7227255435214612,-0.5588339806757208,-0.28341623560932866,1.416699251168233,-0.09790417356394164,1.881720100750599,1.4708174554019262,-0.6623511344573687,-0.7168017175676265,-0.5483786360908447,-0.6002491827941718,-0.19990875572800595,-0.13697021254812286,-0.4959519373897301,-0.23591451808572803,-0.6674428374069815,0.4716738028737051,0.9266406557633774,0.18964817611604717,0.5028585692569427,0.7985718158571825,0.21636756349493305,-0.9093281972337124,-0.45420416812564124,0.48253795112497366,1.0308734094280114,0.224651389213904,1.1875986757629255,0.3698984628086429,-0.09307538608620029,-0.9480748796665429,-0.4709702423315414,-0.7611682538804797
Bearing3_1,acc_00292.csv,-0.5441176793015741,0.03894051906564253,0.4964744674930495,-0.3195012213714962,0.7513274033591443,-0.4301921759241095,-0.31777293565348974,1.6500479817645148,-0.19747817089912922,1.6807442350380941,0.18428597836068586,-0.38901157206501985,-0.7046619498541028,-0.5594849089644861,-0.446412761841681,1.9987967300582374,-0.07099677603154511,1.4739824798784409,1.2949039363941324,-0.6735426828448733,-0.7001268203579372,-0.5568840100858965,-0.5722779720020064,-0.19232701756284476,0.07090655006654073,-0.44665089391936885,-0.19898117940598728,-0.6906278228137198,0.32592373893005955,1.2171041463626409,0.36366672912478387,0.318775254785737,0.7574031839076654,0.3574190287268469,-0.9390535922608828,-0.508532916690234,0.5882823555064984,1.2571141851589835,0.33647241298212843,0.5571597695323236,0.7084020953424791,0.07820367932686194,-0.969052243590319,-0.5403794169132593,-0.7611682538804797
Bearing3_1,acc_00293.csv,-0.4958114160726449,-0.08869107065050058,0.3443583648281607,-0.3780534876282836,0.22190278387372406,-0.4191021683194457,-0.23003630781553222,1.54632506058183,-0.31634441467238195,1.8139461377054247,0.4402053030762424,-0.6429828528457715,-0.7235150645817902,-0.5719982829424729,-0.006125097551940394,1.0910785081214027,-0.26138788375539335,1.8212040826131501,1.3187811272877872,-0.7990016585590204,-0.7381600152476353,-0.5732940688750229,-0.5549224828315539,-0.18191766524873854,-0.000859631479339016,-0.3394211243713331,-0.13915979649734886,-0.6166246166433849,0.24003101453574888,0.7569788328480537,0.26439159546993324,0.5139977436945455,0.8556808013648861,0.21037459201615644,-0.9474389568934277,-0.39196640889282663,0.3092059740644305,0.7646514310840825,0.5217172314995641,0.7719507796997037,0.7150806954021312,-0.22293960914514785,-0.9441784816329424,-0.4299429930443407,-0.7611682538804797
Bearing3_1,acc_00294.csv,-0.5712104512171854,-0.008193117724860866,0.22802024935669218,-0.29256343753450775,0.2951799927259273,-0.41181581580874155,-0.24635535760440835,1.2875720460280862,-0.2835149312827299,2.252030332049317,0.2077379016081212,-0.4771384976554524,-0.7263832908978227,-0.527303349443946,-0.08159273238910887,0.8845699835082981,-0.27619698830678513,2.0370068141083295,2.116572072180425,-0.7274224810830229,-0.7291667580350177,-0.5307014833150989,-0.6062544076210026,-0.1936671418528821,0.202593204094206,-0.4751530596756715,-0.20674748001894103,-0.5539749987311617,0.31069936479888854,0.5458525735572302,0.17916172201115987,0.6335682152404127,0.6381181238560876,0.41717986974012217,-0.939347914898406,-0.3487651395538892,0.21277308561102665,0.7128130354480634,0.2956093250272106,0.7985915864075172,0.7746714987041641,0.06876307445420485,-0.9774996804441441,-0.38971538934770866,-0.7611682538804797
Bearing3_1,acc_00295.csv,-0.5781453659783266,-0.1819038871147477,0.5062901301051781,-0.4979640392915447,-0.16133345114582973,-0.3744365084733183,-0.05234854398448315,0.8079903639732303,-0.21658722047550022,2.1107200371263777,0.13518032346161152,-0.49320359052016577,-0.6862818955961246,-0.5114007798504309,0.10177700034683473,0.43942400019306005,-0.1424397665159884,1.8924478437168963,1.5800340760776237,-0.7238436955365536,-0.7171408698347947,-0.5092922840374872,-0.6224469407277614,-0.19787823114929184,0.08031164630578555,-0.43478783033431323,-0.23658293557580484,-0.5497279597954386,0.40646947746687107,0.516821173327044,0.16851926383441262,0.5673712540014528,0.6326152736365779,0.468395644780949,-0.8369366494364197,-0.4196852945670962,0.12389025764833402,0.62173760198749,0.4128630534498442,1.1659657304358093,0.3749823792578921,-0.09481827372163552,-0.7781541406903753,-0.4507196328604655,-0.7611682538804797
Bearing3_1,acc_00296.csv,-0.4549166666181764,0.3901770129813534,0.7320034788029546,-0.05311647009461028,1.2202696832918343,-0.4294240993113393,-0.02980395386441315,1.4075753880322206,-0.36468235080727474,1.398063225525714,-0.12280584555213347,-0.7741934769657908,-0.7411261147351295,-0.5164917330551482,-0.2557301831754667,1.9431327128037472,-0.36438239015926177,1.3065571165072025,1.049264871444687,-0.9395254482899765,-0.755104793640405,-0.49097668269773864,-0.5650835940218449,-0.19203564109843366,0.11618590333681697,-0.4472671569627484,-0.14952035971000416,-0.68640713994566,0.6305986735329968,1.4077344895460893,0.2873682643628544,0.465407979293753,0.34599778121687913,0.2023235771029281,-0.9719829242207157,-0.4005575714667646,0.656326130602335,1.1322216341185543,0.4010198697739006,0.8727419068061952,0.19720929436389525,-0.14188938723701636,-0.9552711931709432,-0.4264996625041466,-0.7611682538804797
Bearing3_1,acc_00297.csv,-0.49716260153914693,-0.05243788236008892,-0.1795390497280536,-0.33989162719255,0.6548068090696801,-0.34294896909000183,-0.4212739799806227,1.9404660633475201,-0.3376127139989188,1.7139051809343393,0.06505411131232375,-0.6800398453939571,-0.7245009734810766,-0.4742970276332918,-0.4808375739990408,2.1300498734371303,-0.12207904517121637,1.4225887770950305,1.0047883460379787,-0.8501566762440933,-0.748888834468394,-0.4789629274829741,-0.533131974940293,-0.17801038022000995,-0.0758352633690963,-0.3384967298062639,-0.19352831679271257,-0.710606959130717,0.8293914942630107,1.5185209653570815,0.11705174756338331,0.6274428400699491,0.3031641627073663,-0.0009800844322987387,-0.9417924464238909,-0.3945307461434242,1.2805096636394184,1.0725716980456272,0.3775975176189895,0.748949521637144,0.3094694612532722,-0.5607625584901581,-0.960643260852479,-0.42811226428596727,-0.7611682538804797
Bearing3_1,acc_00298.csv,-0.48582983230192905,-0.06465665427697152,0.3707314775753156,-0.3402657630791748,0.5471656137306842,-0.4503528893751558,-0.24763948776543643,1.5258675339505279,-0.22127838501690375,1.8603957079949454,0.05290129356887262,-0.5714625068863181,-0.7386453885810391,-0.5691495688055563,-0.3973897266633321,2.0953981879428567,-0.27985614516465895,1.6931460465477575,1.2889051212752196,-0.7641724743489746,-0.7539759547555616,-0.5652694347835657,-0.5951643828647413,-0.19567005555776842,-0.0038091463060805388,-0.44695902544105864,-0.22943800418742938,-0.7527904374993523,0.6159281475118102,1.1645054260227687,0.29055036327796363,0.7710536305452128,0.34662331159716864,0.13729103833154005,-0.9880429398794764,-0.4403562947471173,0.6679191124493932,1.0044137700278053,0.4365600026976521,0.6834354376377402,0.6237084598754774,0.004913272810935692,-1.0472064365734495,-0.4888898658388379,-0.7611682538804797
Bearing3_1,acc_00299.csv,-0.4978446650017755,0.16058766510230585,0.34895035206115677,-0.259265343624897,1.141279849617981,-0.47671578148273197,-0.41991119614860517,2.3547564491142885,-0.3981172644747091,1.3994891277582793,0.025506673421662327,-0.753281129387315,-0.7418548163408685,-0.5613000474036728,-0.2574676904017205,2.0046136428904844,-0.23817464583715126,1.1955676272496678,1.0029965328490826,-0.8216701117173173,-0.7482773153550912,-0.5678759745553079,-0.5898238805161751,-0.18859106866080486,0.1336700860741875,-0.4035124808828028,-0.1714491540110478,-0.5904985625522041,0.5661848663714998,0.7705625634741751,0.13885003664589704,0.3540778234932002,0.8971086767222947,0.19823139194162906,-0.9436932012299841,-0.3592599093773818,0.5473239001659673,0.6648938140274983,0.11375230363758025,0.8628318985699867,0.9324690725914782,-0.1647882751316572,-0.9758473905165932,-0.3925455068262719,-0.7611682538804797
Bearing3_1,acc_00300.csv,-0.4705457200884519,0.29731519546236573,1.0790604230346599,-0.012335658452502755,0.918548786903627,-0.5097467635350844,-0.1896554092043361,1.5506537494787973,-0.3388699090200876,1.979905296559487,-0.14529367271963345,-0.8805753502709155,-0.7675353662082292,-0.5552038833735543,-0.08296467325649244,1.3137624112627937,-0.2351205504334738,1.8102764467320895,1.1378146262498898,-0.9010736311793124,-0.772292783463651,-0.5621857455380439,-0.6166016578311395,-0.20415654222280688,0.12489861329338665,-0.5187536699947722,-0.28304922588402587,-0.6798130903880499,0.6643476975270974,0.8250847088041181,0.2517338192114934,0.656535151319274,0.6411680643937792,0.11630421027595633,-1.0304564263806768,-0.38798552691484794,0.6295374021348475,0.7775779824420247,0.4024042323306722,0.7718901032418143,0.8809322347662151,-0.27756137409139797,-1.0858233384727727,-0.4232172048129827,-0.7611682538804797
Bearing3_1,acc_00301.csv,-0.5782884489890736,-0.14821419422414267,0.34318548880671695,-0.4089196982748329,-0.09368909096344522,-0.3489426444091589,-0.1194032866801546,0.991231088865439,-0.2821343586156344,2.106812390636273,0.3378896523491562,-0.46410094083762765,-0.6754589897420593,-0.5144988689869031,-0.22429534175235194,1.314908111379367,-0.2637107474514344,1.9298211849102986,1.6017664056765428,-0.6836842238581814,-0.6786909089158271,-0.5162212371705498,-0.6081522801313829,-0.18588554648240957,0.060968370615840685,-0.3811729455602953,-0.2504954445906661,-0.4955862582918774,0.17487751833799886,-0.011277774249161434,0.20207072920270694,0.6461020899264521,1.172754904333119,0.07924593239702078,-0.8351459984526243,-0.38220004426781734,0.057867393525888995,0.29255657370250526,0.263302922884021,1.2418283535385386,0.837446399269268,-0.11926093601066969,-0.8809534165137936,-0.40949658999185484,-0.7611682538804797
Bearing3_1,acc_00302.csv,-0.6089859593015444,-0.09336674242120963,0.3023787582680695,-0.40461713557864726,0.02117623106522101,-0.3064220254481245,-0.39894844752876973,1.3359430578268519,-0.18538082822787955,2.335802973830219,0.3959573844453432,-0.5073714987896719,-0.6688765013534033,-0.5045088467121994,-0.2738002186391661,1.166946158286397,-0.14820153341165204,2.174500206879357,1.6086771059888092,-0.5871737528449837,-0.6856380010093115,-0.5054783025965265,-0.6431761907736635,-0.1963365533824722,0.1422093209640222,-0.45497044500499234,-0.22099694611792559,-0.5391782282267407,0.14970343947074924,0.39888895947783665,0.4637422057400586,0.21583491040906153,0.8590340263842843,0.47307317631640894,-0.840046299325833,-0.42001188284129903,0.12079400876841205,0.5941396167038521,0.4893193270999552,0.9392969366951802,0.38623253819862663,0.010757736186493469,-0.7491275570172591,-0.4481666641780465,-0.7611682538804797
Bearing3_1,acc_00303.csv,-0.5588252511608479,-0.09979629138033211,0.7483470700754157,-0.42631701700288793,0.059593576621728296,-0.4424119999806982,-0.16891331583233407,1.4884192549586255,-0.2983733481397557,1.6935282285100606,0.09082712163683407,-0.5469698925583008,-0.732864431409982,-0.5531176189509486,-0.1579901368429265,1.6055718567427846,-0.2638240809916946,1.3856763930536984,1.249730858212927,-0.8008301553549697,-0.717190725665927,-0.5570795962737106,-0.676165416148506,-0.1994888388856809,0.14840344946553988,-0.4657550482641339,-0.2782571050883642,-0.7003541539503186,0.6632391512582226,0.9027454467643483,0.4167297389755251,0.43919686546807446,0.6058614475308988,0.11799457592648882,-0.9969865133032019,-0.40489092872000526,0.5362607933368914,1.1113286014085546,0.3093504431924239,0.9352356590115048,0.48406268998916446,-0.1655042201605007,-0.9816749905349964,-0.4525629137213086,-0.7611682538804797
Bearing3_1,acc_00304.csv,-0.5492524657646083,-0.06634118864283213,0.22874851109279615,-0.3368985400995513,0.38835728616203863,-0.44463986889497975,-0.2752002452887875,1.8563984511512859,-0.22699535738531423,1.239271946820672,0.14730723489391645,-0.5152665335549055,-0.7109553529321501,-0.5750051002380338,-0.04462507023113697,1.6325028679316267,-0.3363156733235192,1.0848154030454844,0.9977838530716032,-0.7257775688783863,-0.7217148955040629,-0.5752183647254095,-0.6122951230544063,-0.19479136394103738,0.126455346790666,-0.4440317759850059,-0.2351691084998891,-0.7236157794760631,0.5100986615456594,0.8784682073526685,0.37148159691996346,0.6428820465630452,0.7611250521436891,-0.05054796023983431,-0.9749754378212695,-0.45226682927305834,0.6199120665955915,1.079172550810429,0.30754372435584854,0.9171359787448111,0.7985459249113609,-0.3008060465475519,-1.1042792404097135,-0.46016674276624653,-0.7611682538804797
Bearing3_1,acc_00305.csv,-0.5090942200058897,-0.10099892676400489,0.2207514942609211,-0.37262851727222346,0.2573376250589441,-0.41797858597353227,-0.20543915874790705,1.5468071366764304,-0.37928099814005917,2.047764332059615,-0.017423089887218714,-0.7320099925944014,-0.7182707065805524,-0.5633111540173127,-0.012646813325584084,1.1610341860372728,-0.29562084241869696,1.7827833558783264,1.2963609340639846,-0.9106472275841321,-0.7485764801974659,-0.5584328964494303,-0.5690875013255625,-0.1808385257914371,0.1492631359919322,-0.4010474287092847,-0.1389010255221087,-0.7425787200943446,0.8795902161440547,1.3955522606419983,0.2784576642242083,0.4003580141644558,0.6250748049232651,-0.12842276063943645,-1.031359926316367,-0.39201375747096107,0.6148187527813908,1.4275558908223265,0.3504978591255074,0.9059136434845665,0.49864361357011955,-0.6308767482632327,-0.9762228222042546,-0.4304794591284292,-0.7611682538804797
Bearing3_1,acc_00306.csv,-0.5835836243338105,-0.1604410476337347,0.4160805675125162,-0.5060079608539788,-0.010220051862999437,-0.4918706823319243,-0.17005978650276665,1.3197356872371757,-0.23877782107782444,1.901976432405623,0.3719043298343684,-0.6853987910641028,-0.6953277286128605,-0.596639394016092,-0.007224738780842417,0.9037125625746976,-0.06816846423028472,1.8074221731821034,1.3609035748814124,-0.7520481564987522,-0.731466031614254,-0.5931477376311993,-0.6388940080718104,-0.19499308885190847,-0.04707962444997667,-0.4602086808737182,-0.24174984416942827,-0.7117402822413953,0.35026779648557216,1.0822263280747677,0.3253036101668658,0.5612768638365693,0.5054322782357875,0.19286077956633893,-0.8488247162420018,-0.4643452155803288,0.3439214146339826,1.0671195781889662,0.5291392828961673,0.8410693359138854,0.5578271572968617,-0.6091681440617862,-0.696865989157664,-0.5150467934700363,-0.7611682538804797
Bearing3_1,acc_00307.csv,-0.5405167012679069,-0.11317670563196242,0.4810762021826223,-0.3924577192633399,-0.00818538506139948,-0.40408692993436024,-0.24859405196125184,1.5232923022728102,-0.2236081757573466,1.6448459999899896,0.08755245176852093,-0.6406374371961657,-0.7010862236049819,-0.5243621755248467,-0.28958590597129097,1.7904530716105376,-0.19804717861798596,1.3422854121873318,1.249655646459178,-0.787199264317239,-0.6832791572432741,-0.5341779866172343,-0.6347666724029012,-0.20211079170380508,0.06866697331225746,-0.5136694998868913,-0.28954083660364577,-0.7346447616094015,0.370048459926463,1.3337610376316553,0.40026484788128647,0.8600972225832547,0.2662838559928111,0.19468224258124506,-1.080373152271848,-0.4341272256913379,0.4644411771291358,1.012099790655179,0.7065267211371781,1.2695956583426231,0.22876433283017897,-0.5498957067239333,-1.0298243582965596,-0.47220694641245203,-0.7611682538804797
Bearing3_1,acc_00308.csv,-0.5707524505734137,-0.05716548982628907,0.11136910307210217,-0.35616653826073047,0.14143597822895493,-0.3858587377251259,-0.26984768416026583,1.2704944753119212,-0.23258184412862523,2.2458921053600984,0.2756935050611938,-0.6524538257046363,-0.7401257038490598,-0.5202239579903123,-0.38749055656269193,1.523452075601891,-0.03454073506593102,1.9448956125391765,1.5730376089826168,-0.7593388708343305,-0.7570185319680465,-0.5186521668542539,-0.6036723461798775,-0.18382706253518089,-0.23401263564115637,-0.4501944064188011,-0.16985672232735072,-0.7119083550028199,0.3199379109014365,1.1469932036393173,0.2096224708965901,0.6570086352302675,1.0907762570534827,-0.15482174727429668,-1.0574918061506295,-0.44165430360283525,0.6106730816210373,1.2554880966322453,0.34709338451052735,0.937427199943102,0.9237049807451402,-0.6231220149826481,-1.1049180306213768,-0.4760003034186237,-0.7611682538804797
Bearing3_1,acc_00309.csv,-0.43559714308033204,0.08859435503863418,0.5748300668933951,-0.2603877512847715,1.1373528137279894,-0.4984292108915529,0.11208096402859023,1.4918646178707362,-0.43449129918925633,0.91276358553191,-0.22327512408316658,-0.8750579791398739,-0.7472072755025855,-0.534845989299447,0.13133947316650935,1.5722776354281516,-0.42809310298156233,0.7313404500102182,0.4942790052000785,-0.964104856047446,-0.7542900153129254,-0.5380042406795493,-0.6136012190225261,-0.17404890995483066,-0.14121257695702147,-0.39565512707971395,-0.11016427579716032,-0.7825790870644986,0.43633085670992794,2.016203722784001,0.180834410746265,0.4449962468767851,0.5770963650445425,-0.07242587142875859,-1.0900663157309605,-0.35982601952039134,0.9462172860288164,1.0534150273227558,0.41872575744069046,0.711652110966704,0.6729085811123976,-0.6002530293040934,-1.1180637989870768,-0.3704795802143521,-0.7611682538804797
Bearing3_1,acc_00310.csv,-0.5761723508926053,-0.15690938473485935,0.415546123072911,-0.41995670693026566,-0.10547695710889625,-0.3515783479166367,-0.1735177330119401,1.1546442380181858,-0.1755754764542878,1.6272330748174784,0.2135006150776787,-0.5498457654470016,-0.7045670418798838,-0.4588339008717393,-0.042175808637400364,0.9938193571337303,-0.19043809112574017,1.4976342150199053,1.2089465109616082,-0.7440227965800887,-0.7148016608578673,-0.46132642874514207,-0.6036017019178013,-0.192243996029449,-0.1334498570984671,-0.4264682792486898,-0.20302442436247184,-0.6816329917388093,0.8593132704613621,1.5181544647225906,0.19466788543882801,0.18682931295933394,0.5012821407528971,0.11515884030038932,-0.9971463058302042,-0.33439336425511546,0.48905265992260083,1.9623659980142174,0.20140245913995872,0.6902180372945272,0.20979056669765095,-0.6238123263887136,-0.9247610822491409,-0.31861393814258954,-0.7611682538804797
Bearing3_1,acc_00311.csv,-0.49702263392709894,-0.039508077724014275,0.5817179006576744,-0.27853334178607625,0.2927483433870993,-0.4968114373629357,-0.3769359017112377,1.9896121906662376,-0.2766366289509712,1.7269061622325415,-0.006860099263001669,-0.8142294845211913,-0.7242059102673796,-0.5843661497714826,-0.1410763592156583,1.516198567449265,-0.21750101170821015,1.6950233107787593,1.100996839099962,-0.9543076994423395,-0.741930389498076,-0.5795779602608635,-0.6060584325190891,-0.18031600293249217,-0.33473158721246044,-0.42800893685713853,-0.12266669252768081,-0.8539198481379084,0.9604000788178668,1.54732011238482,0.3891483112531723,0.30866013316154245,0.8658063039593608,-0.2437781984692262,-1.1622294421841868,-0.4404486152886036,0.8760610614152217,1.7920269839603657,0.45661597993158853,0.8783009100600345,0.5821342679777335,-0.6939399388222395,-1.2889736940071412,-0.45846333357117525,-0.7611682538804797
Bearing3_1,acc_00312.csv,-0.571300585709224,-0.1198353687483982,0.48481250491759187,-0.46691076070168297,0.25367741151134815,-0.4508843023808518,-0.1607993321889776,1.4483056535213563,-0.21362474644220525,1.6551253204305092,0.09869677273129031,-0.5587577242700558,-0.7203585640331645,-0.5945117714419604,-0.11205176551232712,1.5601132405066496,-0.25045401010412455,1.487540175064648,1.0455911550027353,-0.7055043695272656,-0.7229989599642835,-0.5951329427926394,-0.6572815744007144,-0.16003770972973325,-0.026354870848141438,-0.3235523510043106,-0.13908574967461398,-0.6377668938681686,0.7480245303150062,0.7093341765550519,0.2541592923093923,0.3287327129217946,0.3938929251649341,0.7374526776947917,-0.9127398950675965,-0.4314071027300264,0.3949121692383326,1.1007910517244572,0.33446064877033865,0.3926033947764502,0.5165285342378978,0.36810614948085063,-0.8607356862679038,-0.47133765074288064,-0.7611682538804797
Bearing3_1,acc_00313.csv,-0.6025462290349897,-0.1310488746464011,0.28703252967968745,-0.42725235671945,-0.04941045915217071,-0.4219038593462394,-0.32374239110435166,1.3944143727232838,-0.013077765982828043,1.7315696298192285,0.14951049162081,-0.482250257472384,-0.6996638941828213,-0.5487573511610919,-0.18978755162844596,1.3271292318499537,-0.055523501097650446,1.7201856947517289,0.9713842505819315,-0.6239938535024924,-0.7048779514392564,-0.5492358171582197,-0.6144641699190825,-0.1742440599620624,0.15121338880735224,-0.3748562493656553,-0.11537143695530741,-0.7605742019542356,0.579243689386023,0.9624420839380198,0.5303127171605638,0.29734967439066123,0.5017559596030016,0.4727592860993781,-0.9641184497463647,-0.4968600790724971,0.3972485345364669,1.30833175084572,0.4775643202111481,0.6617471622248156,0.36234384443823797,0.33848727378110327,-1.023442713057232,-0.5273451329394172,-0.7611682538804797
Bearing3_1,acc_00314.csv,-0.4956654761726185,0.14169717457396744,1.102342365419795,-0.23326289950447063,0.9646915800897722,-0.5595559970583905,-0.3156862716130924,2.1566471833078165,-0.3977904491072823,1.4710097895601804,0.15681114696730494,-0.8316086335483548,-0.7415009270519007,-0.6080598906884486,-0.03594945934094798,1.5984117482989642,-0.3393926704566124,1.4864045054944925,0.8058388193637195,-0.7986540809031791,-0.7640349429774667,-0.6022807119454996,-0.6275599294261077,-0.19238264047873335,0.08844967012085676,-0.4765396515232754,-0.24696737110917744,-0.7699378194565712,0.5013683539465804,2.0886927383697116,0.334608564505732,-0.022746643053178885,0.7340664895846254,0.2225118134851927,-1.0716279870912155,-0.4531429062353642,0.35659929076594077,2.206923256918938,0.4445287458184232,0.4207004583035104,0.4438087109092286,-0.22722156808932997,-1.043352523957733,-0.49353746828627554,-0.7611682538804797
Bearing3_1,acc_00315.csv,-0.47000041953254473,0.02485114007656671,1.1769940378573744,-0.21754919226622735,0.3108477944304896,-0.5349917946939641,-0.06471788375425507,1.4468736855674487,-0.21999492334380247,1.2676454693331685,-0.005110984284714346,-0.7323212524193892,-0.7268470390554085,-0.5801255572590984,0.048692511990109565,1.1533497402524364,0.07993300199741385,1.0203725137124333,0.5762861860142144,-0.8605033456567561,-0.7468419244272155,-0.5899028253149405,-0.6231304781590349,-0.19669164395561245,0.10759497668594324,-0.4592842863086489,-0.2734270177520425,-0.6790920923057413,0.1666285631302441,0.8173022243017489,0.5634937022119458,0.39684506593234464,0.7066157160656457,0.3214006356627872,-1.0596875689676155,-0.38398018060081157,0.25280675320041707,0.7643287409326208,0.9582642362332169,0.7371169813693053,0.35903810590098734,-0.2074611529836335,-1.0352907162328284,-0.42248690748081685,-0.7611682538804797
Bearing3_1,acc_00316.csv,-0.5826897922347547,-0.024185355496638278,0.8867578623493808,-0.3314735697434911,0.28440488416511756,-0.4181092679747224,-0.23556076024977196,1.4344683066634354,-0.19331141247156328,1.7796277842976527,0.17483141822079618,-0.45433145381724743,-0.6909655682275754,-0.5698702898323088,-0.19856484607066258,1.3415292320547776,-0.01768785250501489,1.642601492278358,1.2010685059482948,-0.7306157047832993,-0.7082802737871209,-0.5684319344401871,-0.6494302955932943,-0.19756732531966412,-0.06612544780066999,-0.46128714119963243,-0.3215810498890761,-0.7940415935909467,0.5839872592635429,1.7170344627628922,0.3037733519224744,0.29853040362446576,0.49210476017112587,0.3393410771523375,-1.0217415868827882,-0.4777362023703946,0.5537495549048873,1.5480901679473096,0.6457712820261808,0.4639262208047832,0.46812309192784557,-0.20274002856800766,-1.033004760610303,-0.5035388995719802,-0.7611682538804797
Bearing3_1,acc_00317.csv,-0.5102855545599411,-0.10264230770293682,0.40631711095946316,-0.33390545300655256,0.09280048427522852,-0.5076682050809931,0.08481265184335308,1.2960286986814284,-0.3599916248380094,1.2926842165050094,0.09594136440638491,-0.7482015971316469,-0.7226814703760396,-0.598205795295813,0.11320224518874754,1.3417523314327744,-0.3998031731231048,1.2838093144989993,0.8962753748824019,-0.8389063352284689,-0.7566170406933328,-0.5885752118341561,-0.6509186929027232,-0.1637044293762999,0.18260212365589296,-0.31538686567953206,-0.1785166313143559,-0.6521307004998641,0.6518163812265112,0.8768809624520665,0.23524917598815007,0.3867348962832082,0.7358013350388486,0.20226108731916614,-0.8897149540077695,-0.44138057340284315,0.5896114257480816,0.9733546439021333,0.2156247039923131,0.6647752675683891,0.8126582918522383,0.01825680082848609,-0.9594587361836191,-0.4778447246355839,-0.7611682538804797
Bearing3_1,acc_00318.csv,-0.5771843727305263,-0.1504786860894025,0.5026979383145987,-0.47682536169724127,-0.18423213848228723,-0.4019396750281339,-0.36759525398146403,1.4854141642378451,-0.1986076329074198,2.1536528893577915,0.30281755203351585,-0.5103563278702793,-0.6673736223634582,-0.5558250079572893,0.0017045778164332835,1.063895540430399,-0.2502788407444864,1.53561695873268,1.5225429044377357,-0.6768802829361455,-0.6957565535885664,-0.5679564065341032,-0.5764072637353524,-0.11550749692004122,0.17534573861268876,-0.07889592278264285,-0.10040124337622411,-0.7248528867186402,0.8466096606797257,0.7478330941407729,0.37509667830869525,0.4243848559523068,0.7340853216726415,0.2029928751998327,-0.9318624302781685,-0.5181863829182982,0.7342279587276542,0.8258629520603376,0.21009468463333208,0.8800137257546397,0.7379121390831649,-0.013760499431078297,-0.9432937470957113,-0.524915620036794,-0.7611682538804797
Bearing3_1,acc_00319.csv,-0.5424008763065398,0.05228131638573273,0.36185218021868404,-0.25907827568158454,0.6985054801911668,-0.38693159001829924,-0.389569742964995,1.7006600566541723,-0.1837888547529625,1.8146336017411075,0.10502856282443977,-0.3565106285573213,-0.6641563706652773,-0.5525622262205151,-0.33668561454646145,1.5781540023215501,-0.05255144628005177,1.748352486475804,1.2155708582782578,-0.5962356920214406,-0.6899999500273446,-0.5455483489361665,-0.5738501326179543,-0.19915806459849772,0.0790867238344574,-0.4395638689205045,-0.22201964364202367,-0.6403473561357874,0.5175084314716554,0.8592527017143577,0.2551631088087204,0.28500784059312656,0.7465714110653624,0.42529824602022687,-0.8838433545013661,-0.4549525794570955,0.7603574917672454,0.6891239396573101,0.48164759866995105,0.4847555351607416,0.6923188251744874,-0.14204791124704944,-0.8325718163638276,-0.48567256907079576,-0.7611682538804797
Bearing3_1,acc_00320.csv,-0.6381966465564981,-0.19177502326425905,0.4667203937668938,-0.53238454086103,-0.3018112562432721,-0.37053742471977874,-0.2534368071044217,1.2263925544557874,-0.12307498521022744,1.8121110878363376,0.3481284376168042,-0.22513689470917214,-0.5985787566620868,-0.5559357929755768,-0.07879348149067324,0.8407147596184524,0.040887247384610505,1.838023762996213,0.9917999191679482,-0.596662599850795,-0.6204828871762142,-0.5503133817212176,-0.6002268729009286,-0.17659881615169046,0.1259356330145926,-0.39919863957914614,-0.12433195742595192,-0.6281556948396535,0.5229244045417482,0.7480198317438688,0.3459713621456401,-0.14770791049821325,0.7249748065791092,0.9593995461414189,-0.7805045156273692,-0.535848099352327,0.23091548904798206,0.9408408265383896,0.3306328447694429,0.4200609737404839,0.5283782117804735,0.2534899171891347,-0.5155618211297688,-0.566095656200202,-0.7611682538804797
Bearing3_1,acc_00321.csv,-0.6107618857338242,-0.17609914055160442,0.415572052590614,-0.5125553388699136,-0.21806497106501754,-0.33962184818541513,-0.30812157667593165,1.4142941231167225,-0.173141235848365,1.700071247297303,0.3382356536493589,-0.3406226921484967,-0.6534165870425674,-0.5093521707292425,-0.16622181963979063,0.956667960766812,0.08739688469953566,1.7849527086876569,0.8816196888303376,-0.49110114658996,-0.6762588560361369,-0.4986596130557534,-0.573356621876755,-0.16782446253743047,-0.002797230715005098,-0.34435122871836926,-0.09025472367591307,-0.6482277345124523,0.8865803489406757,0.93508832830359,0.1986390462564363,0.36896658142207733,0.48664407506394,0.30633753666094016,-0.8704965652849019,-0.4321062576242261,1.005689845867023,0.7664671106318046,0.2713487211185151,0.6716479866143591,0.24555152372443348,0.12334692206515639,-0.9544295339307143,-0.3895257825614053,-0.7611682538804797
Bearing3_1,acc_00322.csv,-0.5635634469164468,-0.04044198292371216,0.5565692176737143,-0.31819174576830916,0.26547255235560363,-0.4796035767975404,-0.08418658364818293,1.2362872804154947,-0.24729286517593138,1.7879195872872728,0.156678814826469,-0.45134053336572827,-0.7003435077085726,-0.6007503010633141,0.01486072863175887,1.1656758892771868,-0.29725358133159396,1.6524575639296104,1.3264936924693906,-0.6807910142076744,-0.7065465274699816,-0.6009889041997682,-0.583834838885002,-0.17922117281820826,-0.13469767681812883,-0.4267764107703795,-0.04163196116490603,-0.9262757028985961,1.2516253731733784,1.8427490973207894,0.2886825416440715,0.19303756817325,0.6354913151343526,-0.02498643388820529,-1.0486841968456242,-0.5424392404552844,1.1425140751110154,2.0300950092305037,0.34950908860437935,0.7909397140624592,0.2577710548972931,-0.47815852157985816,-1.1634897686824506,-0.5286371384255188,-0.7611682538804797
Bearing3_1,acc_00323.csv,-0.5618925875864376,-0.12121451069850041,0.44381155698334535,-0.393393058979902,0.046964755901033085,-0.44325660018062285,-0.12235333925121337,1.3198893731783994,-0.29305825396262963,1.8354380978120701,-0.021232201520860076,-0.6419013558761552,-0.6977190747514453,-0.554464693388822,0.02290273283942899,1.0733697847477166,-0.32165390413914746,1.728197767728885,1.1717469389238033,-0.6766711061468361,-0.7214756248633094,-0.5460888687992994,-0.6122396281974892,-0.18898359206956686,0.1778703103778914,-0.41244829501180574,-0.19285159258392773,-0.6456097480407847,0.6257174816575947,1.0813935149368605,-0.009770566438673866,0.3127451564417501,0.9797234473304337,0.02941837018864047,-0.7876101662089079,-0.4456926432690942,0.461208736754982,1.1482396130086578,0.16559713704375045,0.3857795470966479,1.1714752379575275,-0.5351627759841346,-0.7452673468874488,-0.45421335617668446,-0.7611682538804797
Bearing3_1,acc_00324.csv,-0.4284525607855043,0.12329584471779373,0.44519746720844067,-0.09183953436028133,0.8834562547636555,-0.5338771444656424,-0.1820439422476375,2.1497373767096772,-0.3573144438544969,0.7056491953193263,-0.07837515764352654,-0.5736066610894297,-0.7015301633640436,-0.5891184639613285,0.10753319017938631,1.5726913333143837,-0.2849984156494913,0.6557097328690866,0.3899698976469419,-0.732872677656019,-0.7394877757701461,-0.5823105874503705,-0.5274395856329428,-0.12548668490790144,0.12960432162035326,-0.17472482602815767,0.048795234360373224,-0.6797897278471816,0.6964316688365421,1.3071673003918574,0.2601487665387092,0.13378711383573455,0.5794482095111799,-0.021418520320796827,-0.7742310019562278,-0.3960378674464564,1.1123500172256997,0.9741117176378801,0.27670433987679627,0.4624325289528779,0.5629556720238954,-0.35069958788581596,-0.8608250833793761,-0.42349704065801425,-0.7611682538804797
Bearing3_1,acc_00325.csv,-0.5238356191931532,-0.08165369224709167,0.44232370953387184,-0.3971344178461505,0.3116030568234485,-0.5532481882427398,-0.2269996568069549,1.8599434980714868,-0.28720663911601635,1.3438530637492492,-0.12976420669168107,-0.6818858697788994,-0.7265828661450885,-0.5752643171919645,0.21124183464044086,0.9726292370949446,-0.28604829694791295,1.2887432361658895,0.71481292762298,-0.7189148268801578,-0.7613758261550228,-0.5723905609187274,-0.6267135465492307,-0.18902105822038678,0.16321574239723113,-0.4378691455512108,-0.200246830136034,-0.7299604347858384,0.6593374751064683,1.2664099341421802,0.38521015183623025,0.5157962313681158,0.19305216409693085,0.3848427419808278,-0.9289327703576262,-0.4744726728382976,0.5733838938705913,1.7155118084372472,0.16477672704661722,0.7140654837053395,0.24892250804577482,-0.11010347689797745,-0.8890410096851231,-0.45775321643696426,-0.7611682538804797
Bearing3_1,acc_00326.csv,-0.5304289115684978,0.20122961342730947,0.4855907497173587,-0.161241741329189,0.7661773161507098,-0.5107423889530526,-0.26657646441842436,1.7213783872359132,-0.24974791466576163,1.726272945734341,0.1319118656778755,-0.6457719025115034,-0.7300804322573121,-0.6087615198128602,0.04689194314487903,1.3444314510085298,-0.3485642404104652,1.6448934880450619,0.8781589742142352,-0.8345228143261341,-0.7465927950143662,-0.6131924273882596,-0.6283423695050913,-0.18236278350954702,0.17162437645985731,-0.409521045555753,-0.14365153550481485,-0.6358993765104245,0.38931405124456375,0.41430863319189265,0.4302210191104936,0.3919146118670849,0.6376435136320647,0.7440014211017659,-0.9505439048853511,-0.4653789077180852,0.5041787597627051,0.5944977956798827,0.5080633086883067,0.7746687461893178,0.4713341695918326,0.22937107889628072,-0.9027741593239925,-0.5029442862539445,-0.7611682538804797
Bearing3_1,acc_00327.csv,-0.5306320529945423,-0.11006414393072878,0.3422233535638231,-0.37225438138559863,0.11023813449672264,-0.4148514363873218,-0.3083405862871101,1.7387529257117194,-0.3068319192925627,1.6991752051348143,0.09024793719786267,-0.4637624097902958,-0.6835610193132747,-0.5416040452394467,-0.010907923691691968,1.0722466776106776,-0.2201056014569846,1.6645691855314375,1.058703910283469,-0.7220961305641826,-0.6910570985746337,-0.5407094509006787,-0.6306596773835987,-0.18119666411331964,0.045019757021247116,-0.3132299450277037,-0.20608074332363452,-0.604556087058152,0.8372690946101432,0.9488963467945537,0.3160370386576709,0.04336479295559075,0.30603542437518927,0.5160500103380051,-0.8661353609638868,-0.33374951613468573,0.6950932128642447,1.0387840794820926,0.3320077380601553,0.3032720687729878,0.21487945184426924,0.061851269361550554,-0.8454274940887613,-0.30800458492222665,-0.7611682538804797
Bearing3_1,acc_00328.csv,-0.5459719822565131,-0.12707131713017947,0.6560058973200856,-0.4347350744519468,-0.1356971918323625,-0.40673834625093125,0.07719522596622429,0.8956921707537179,-0.2727734392550345,1.5904313905153076,0.13553396940895512,-0.6278699586667243,-0.7361937264251763,-0.5161475517761717,0.1216760812070517,0.6577581603993234,-0.09646325027644871,1.6232266919483413,0.9935251192150221,-0.8024496858628527,-0.7551961789330461,-0.5168077585983555,-0.6458981979087952,-0.19468327860596274,0.12087080369208635,-0.4771559145666549,-0.19091405911650403,-0.6051340883572206,0.3621699703949859,0.8592186216522409,0.22786646219915355,0.5497623902688672,0.4344218417773103,0.5798506246525109,-0.9333216724427894,-0.39978332863645333,0.35384705938447747,0.6005211559310846,0.5178677285288739,0.7830459087468601,0.34309482802976526,-0.06569647998312646,-0.7625588355989359,-0.4200352479121947,-0.7611682538804797
Bearing3_1,acc_00329.csv,-0.5439605901138258,-0.020176502304428624,0.6125757901161055,-0.2787204097293887,0.08678085735131745,-0.34076798864494184,-0.4788268901593193,1.8858400168122806,-0.25906648909929386,1.925813240286783,0.20413883945844008,-0.5321257725331506,-0.7178326232979231,-0.5114565126789116,-0.27356968618683475,1.4516279301977595,-0.19814659884804287,1.8029612818647889,1.4388876706834663,-0.6881194124539577,-0.743909556364512,-0.4941450694903916,-0.6232358512291906,-0.18284779159413372,0.04213472541983492,-0.41306455805518527,-0.21632497343060478,-0.6697417369504214,0.8097110824295072,1.2819865774054464,0.23441826395204832,0.27537532176041857,0.5477613245822585,0.3020790370803902,-1.102951502210391,-0.33295165555867234,0.24974919230964818,1.802173536628543,0.13943457377241872,0.7077625592137756,0.5766237120569416,-0.5888478246767327,-0.9010489455055598,-0.3509816539743169,-0.7611682538804797
Bearing3_1,acc_00330.csv,-0.6193262755788235,-0.18244375240331986,0.05922076574111019,-0.4910425253889852,-0.35843697581534933,-0.2882807694826374,-0.31228878789565595,0.9006187863937151,-0.24205382651824534,2.9371052231297563,0.2789224288237668,-0.45927657306723413,-0.7098362989552908,-0.4629753931727842,-0.15740436660766768,0.6749099987176024,-0.32648886183900067,2.8513562421798606,1.9248901521442576,-0.6084247752882784,-0.7692228595493351,-0.45325114527584737,-0.6311615059763744,-0.19536317497804354,-0.016069823988270893,-0.4810075585877769,-0.2303081448266113,-0.6586120534215967,0.8819346340078585,0.5028365427597961,0.14697731223488278,0.7414840740117609,0.7394743347908527,0.1985760273985864,-1.0418245871024447,-0.4105021358158257,0.7229417946767274,0.8494914215477065,0.17423845971909988,0.8682458435780197,0.8943440177993595,-0.2370626509629256,-1.0318738909997658,-0.4459891928942956,-0.7611682538804797
Bearing3_1,acc_00331.csv,-0.6021793927688418,-0.15774832387607302,0.35386377973696914,-0.44801689842712866,-0.2731444323460135,-0.38295664778910726,-0.10094543173374085,0.933229243669158,-0.24105005153313006,2.1486897486234136,0.2580082236140558,-0.3606972029706844,-0.6760890813932395,-0.5401217473100941,-0.25439833699087505,1.280409951915129,-0.145315637893145,2.0707772090422294,1.2744759589605237,-0.4692887580589007,-0.6973685284815608,-0.5275356332977061,-0.6229742992740533,-0.20095060728126854,0.1874861146983273,-0.48378074228298473,-0.2598686010329694,-0.5912873026433351,0.466028086065919,0.5829370182320965,0.2269747734118468,0.5528487493137095,0.7076714449797816,0.4786994010528927,-0.9022693988107275,-0.46541748194378013,0.37952492682977185,0.7610355405870436,0.45308491086625136,0.7396462168630547,0.6144942203498612,-0.03134557515052268,-0.8245127408789685,-0.49501496384005983,-0.7611682538804797
Bearing3_1,acc_00332.csv,-0.45520705451622817,-0.06458929237573079,0.4824789638221386,-0.3131409112988739,0.5103168863729071,-0.5511476784892362,0.040268819631921936,1.1501483534091264,-0.19281663971011706,1.5540716580894143,-0.07946792534169521,-0.7312701938148962,-0.7295939309540111,-0.6269030895251836,0.0779942949764851,1.1741624081600852,-0.27241765592774847,1.6932301727768515,0.9567762522812061,-0.8774588718704882,-0.7398759082579419,-0.6252350535219443,-0.5745427110474374,-0.19424264691718665,0.1395408300475394,-0.4565111026134411,-0.20237137290681048,-0.837084441594366,0.6600140497440411,1.6650857152722403,0.3357798675479287,0.561961718492121,0.3912060312314954,-0.1230554556879291,-0.9129430052928563,-0.4898105613886751,0.8731203622813073,1.309228573225208,0.5860534721372518,0.9280425788050007,0.24727502458179743,-0.665876898804011,-0.8846395762392294,-0.5320047769658661,-0.7611682538804797
Bearing3_1,acc_00333.csv,-0.5834560506681459,-0.07890013706161396,-0.27611813350565767,-0.3415752386823617,0.019946660211549436,-0.47128923529938077,-0.3771885943441221,1.8083790075572885,-0.2146314711491307,1.7915158648624097,0.2081638564127834,-0.5180968280735762,-0.700055338572926,-0.5912503155355497,-0.4760184660872634,1.9848733712458209,-0.01612803618566523,1.6873356679798885,1.3480477665668569,-0.704861747610436,-0.7091946796908827,-0.58768269654208,-0.6218944058508541,-0.18006850875531655,0.02060323628039382,-0.42184630642334336,-0.09999512585393672,-0.8093180714137586,0.825307832597355,1.6210525983965656,0.22995139306204532,0.4431252402533031,0.5739555948606647,0.2654974794702388,-1.0869835518204005,-0.5068359193179435,0.7921823659480677,1.1775779708959047,0.5997901118209732,0.6901825200346855,0.460777440167642,-0.015158807080488364,-1.137667507085279,-0.5236286830206952,-0.7611682538804797
Bearing3_1,acc_00334.csv,-0.512072717239496,0.09572156688394177,1.143334865480294,-0.228960336808285,0.8056841800450225,-0.5384877815601992,-0.38744788256352897,2.241954697856509,-0.2572848405673545,1.253303348347279,-0.008770073369808529,-0.5540258225617227,-0.7224607206679698,-0.6089981099954972,-0.04159213999060353,1.7159134861675938,-0.2891628875391949,1.1063817340488518,0.712664331073735,-0.7160959708958063,-0.746238114518395,-0.6049862813470445,-0.6172019858883506,-0.1508220543030422,0.0954533623505267,-0.36946394773608454,0.007096613461820037,-0.9564825876965771,1.4253199349588772,1.957975681627444,0.41715637769608127,0.06554768571343406,0.2145366029068856,0.25505856394834014,-1.0644088602177884,-0.5291168688009378,0.7463270290557179,2.3740411328169064,0.7030795437063732,0.11281476938356857,0.18753020614180987,-0.2048394752102276,-1.0425308198385994,-0.5563771715663295,-0.7611682538804797
Bearing3_1,acc_00335.csv,-0.5318647719928439,-0.15144319146240015,0.29288258883524565,-0.47009091573799416,0.021714450185614218,-0.45067361993543115,-0.32660875433745745,1.8240372331698331,-0.28573285821030986,1.6203349990154416,0.17113385638402778,-0.5665444417660292,-0.7075164294728317,-0.5601934581220636,-0.20724029102243655,1.7792086956345274,-0.22441658258549546,1.3433380483176078,0.9506270135897574,-0.8359455554682754,-0.7010646284081804,-0.5619243490630476,-0.6424520460209417,-0.19088203480891927,0.14740328150230983,-0.45543264228752695,-0.20543687432315494,-0.7291505337888344,0.6406420455820185,1.308995804585091,0.26711711705686403,0.580407841829341,0.19563186641426267,-0.0048659529041308845,-0.7950487432111191,-0.40635931651199564,1.4113912272348468,0.9589595942949191,0.34205405566502267,0.4509293864175897,0.32106711571629,-0.3078671024558527,-0.93186436340763,-0.40617912483302554,-0.7611682538804797
Bearing3_1,acc_00336.csv,-0.6003527132665696,-0.15319701090602122,0.1456947017884084,-0.44090831658125673,-0.18890519000899664,-0.2794785408340501,-0.3359715666053411,0.9880749613725485,-0.17350064734304585,2.666618451486523,0.17259289481608092,-0.48047899825826845,-0.6857218861773352,-0.45546793434136845,-0.37901231625497084,1.2155129102260396,-0.23184860806594676,2.413173917539636,1.9543752363589675,-0.6927438068951849,-0.6778457164313572,-0.4485677858714959,-0.6133885034217605,-0.14899371909144482,-0.15016646695373562,-0.21847950210810319,-0.08213382610089182,-0.5804885105756,0.41882835957681924,0.4632535193918848,0.3778364810956148,0.7450222176297684,0.45309623662210513,0.3469913988597217,-1.0446665199834373,-0.3260357627308182,0.2267745123566077,0.8865188484991341,0.2652901872834366,1.0369028309157522,0.48370350578907584,-0.2216244816611473,-0.9748377897570742,-0.31969027943833767,-0.7611682538804797
Bearing3_1,acc_00337.csv,-0.5789189146617053,-0.1711460592225585,-0.047669676319518337,-0.5058208929106663,-0.2329369750668743,-0.4462831206971727,0.04878519658197654,1.0701128090778058,-0.24300243274532235,1.369029708581575,0.021069022627106554,-0.7028989776613734,-0.6926327405922,-0.5379589156206271,0.09062835870208526,1.1312937015702642,-0.3402877396788037,1.3313377541351339,0.9205657266520326,-0.8472656616429964,-0.7066569959358566,-0.5234734850560867,-0.667054018250408,-0.17672996108381603,-0.1324481358464589,-0.3996608368616808,-0.14567210386778323,-0.7989089395628024,0.9668918569808512,1.2554026058410246,0.4326003275937062,0.39409728304012226,0.29115480356225576,-0.048756420358978377,-0.8648748361188067,-0.45751400720444885,0.7358965289337688,1.5682127923841693,0.49197740359746994,0.7821251143799579,0.14517236008107204,-0.6242111376730329,-0.8309167220902774,-0.47526656002620976,-0.7611682538804797
Bearing3_1,acc_00338.csv,-0.6114591227321046,-0.16312737090583182,0.38471567550865354,-0.46616248892843337,-0.2975482780358223,-0.335177508869738,-0.19424621844532616,1.1995993457026082,-0.29020468688588735,1.9938959437708537,0.3167813677044403,-0.47218515065302635,-0.6771179578407666,-0.5004910987051355,-0.2566311231516407,1.3225366045587674,-0.1835785997969445,1.8222587982267153,1.477822319461567,-0.579202177865266,-0.6932125184022266,-0.49374553083167577,-0.6706462458392181,-0.20180376754483614,-0.07253579183346671,-0.4845510710872091,-0.33006193082767793,-0.7356190959254274,0.7988049864230465,1.3230767299063402,0.33101954191866795,0.4202554229210603,0.315136097251797,0.3444040722576976,-0.9714152640336146,-0.4622418091152096,0.809278032276908,0.7726283503602802,0.8368985831386724,0.5220545453956522,0.36460696988673597,-0.09277453827953062,-1.0313216292260354,-0.47415424413091245,-0.7611682538804797
Bearing3_1,acc_00339.csv,-0.49068445969065855,0.11962868441642285,-0.10733064230089044,-0.13823238430176132,0.7096013726076483,-0.4913407521723791,-0.14848163172023401,1.751222328436748,-0.3518018819300611,1.2309499286710321,0.028349078064089844,-0.825747462549017,-0.7453338828456837,-0.5400435511615858,0.11683596169030608,1.14835133171835,-0.24115625384400988,1.1602525661197596,0.763071000035924,-0.9625250853477516,-0.744061166303594,-0.5390085371463231,-0.6051706173553703,-0.18749288816524826,-0.11528473206779921,-0.43663661946445176,-0.1534621680599036,-0.836320116250733,1.164016352437264,1.4914285913457537,0.21252782908515228,0.3931408106675424,0.4592467113668751,0.041208601018821976,-0.9692573113417213,-0.48324046493149136,1.023150286787778,1.4509611219916079,0.33474478553927356,0.5720240464130776,0.5509540785199711,-0.3863779766269927,-0.9870224984528261,-0.4998253589865193,-0.7611682538804797
Bearing3_1,acc_00340.csv,-0.5556673240174387,-0.12128380723245147,0.379165016251978,-0.4302454438124487,0.08018456251792759,-0.489569394969498,-0.07490431992526259,1.297640366381506,-0.2587138099247398,1.6503563260724914,-0.03053991619328835,-0.6094916939538262,-0.714238590896079,-0.567144235102737,-0.12128375191962279,1.5023610170529877,-0.23021878978266358,1.4845938585242884,0.969320673807128,-0.6807981738579746,-0.7327817057005988,-0.5577242142472367,-0.6114602874293614,-0.174481825794307,0.23497656541058823,-0.3483569385003361,-0.11123495273686736,-0.8127915006280038,0.6935843227271095,2.013071549102823,0.3405960090983297,0.18316828938161356,0.22261760742676087,0.6375132590645516,-1.0283245863795745,-0.529923739683269,0.49060978583225545,2.0225675739498263,0.4972952817939111,0.385395881708151,0.1441763432905207,0.3603076559369655,-1.0959637838280785,-0.5294413247525162,-0.7611682538804797
Bearing3_1,acc_00341.csv,-0.4899323587835533,-0.0823958352364828,-0.06928355323019074,-0.30116856292687905,0.25400212204150185,-0.38815138733166094,-0.0788963949968357,1.4536200494211295,-0.295220535068534,1.137969465155975,0.3055004554986749,-0.4396672490048913,-0.7217644322724487,-0.5339520149038992,0.18019048892454081,1.0296665697781366,-0.3411112619896969,1.075932827777122,0.9739126046508458,-0.7348687399740946,-0.7095717886839863,-0.5410198188386952,-0.5285658155662597,-0.1177124002746962,0.10441706239891735,-0.11032533799499811,-0.039871490996337695,-0.6757819419711399,0.7411505122166225,1.3698476594972175,0.3550485639696795,0.17067540498325418,0.2624461111972844,0.7815595816938318,-1.101059018038194,-0.3979544624577847,0.406796194130824,1.6258118199475935,0.4765908075298834,0.3857542884242721,0.275261672442208,0.2593879469667537,-1.0208343622231786,-0.4578696787362076,-0.7611682538804797
Bearing3_1,acc_00342.csv,-0.458424351446582,0.08797769322353584,0.8394483144803638,-0.2375654622006563,0.8549016678129998,-0.5865192524634236,-0.3763060019178109,2.2810297986611046,-0.2767754885400467,1.304629336884871,-0.01106816746932975,-0.8412871938882512,-0.7500316797105011,-0.6211079568598872,-0.06712093549867194,2.0116002559406017,-0.48802539558844266,1.0898106264947116,0.9436851554287007,-0.8575841717285454,-0.7692400575623962,-0.6168119209849715,-0.6298553292587321,-0.1748683152595526,0.2003975014053844,-0.3990445738183013,-0.16041667912157587,-0.7906902555823706,0.46563772537258874,1.6151199417078115,0.41062121893799375,0.16546197566963952,0.7354331206636902,0.016159413701269065,-0.9568497024158181,-0.4580647738921777,0.5845367379723865,1.7931461814420562,0.0933141726273903,0.7114653858593594,0.5290763016052659,-0.4686430279607677,-0.8471780814098845,-0.4650974371070485,-0.7611682538804797
Bearing3_1,acc_00343.csv,-0.6318393589058346,-0.15210818082403765,0.6400692096951828,-0.49422268042529643,-0.15015013867426918,-0.23900228053085792,-0.23802153505907814,0.6408475380394407,-0.25977839509467715,3.0589228780712028,0.5004317757223079,-0.19377954914889275,-0.6705749733724568,-0.47933668702604804,-0.29840967201025353,0.7350211204334235,-0.24403622756692384,2.9835524842746475,2.3833884197526825,-0.6367327952317007,-0.6414299249278196,-0.4850746113214569,-0.5909108876175857,-0.10402285951034115,-0.09003720357470191,-0.18905294178673127,0.03209887269532898,-0.5313089552317292,0.22607816593611318,0.12461121222082973,0.2431627228566374,0.5997773288372961,0.936978808506331,0.8542689858180611,-1.053928040083523,-0.4427708718710862,0.1843256408762775,0.15930222399266855,0.3508481387811346,1.0624354561181648,0.8530377369770802,0.25042347861508235,-0.9093515834262315,-0.4824839344888047,-0.7611682538804797
Bearing3_1,acc_00344.csv,-0.543128894017493,0.04784453531221966,0.258598459545022,-0.23943614163378055,0.5179543293051724,-0.4922033974107876,-0.3625876865446198,1.8688762733157485,-0.25948550202393694,1.742104902961335,0.06719463075893528,-0.6326813734189763,-0.7310896784136692,-0.5669253444613597,-0.44593086458249354,2.185572157409283,-0.189183116374616,1.4160140847887144,1.3966599024630786,-0.7774240434553684,-0.7622631584271917,-0.5560444182235843,-0.6476012530643275,-0.19452222649738196,0.019937153573241505,-0.46621724554666855,-0.18402680781704733,-0.8014055314731829,1.074144267454932,1.1856324957806363,0.3542755148860111,0.24843203225531466,0.5285429921440907,0.2618699701035268,-1.0424320090903882,-0.4481790789856473,1.1779353512518311,1.177346664910347,0.43789136213225377,0.42372500343075503,0.5064964746287847,-0.2681887589350902,-0.9656450463460128,-0.49431699880753033,-0.7611682538804797
Bearing3_1,acc_00345.csv,-0.5174637657416266,-0.08224160411608882,0.5831533413212158,-0.39863096139264986,0.3624559052279477,-0.49383881232648513,-0.4245485764139322,2.1099802211976084,-0.24295237157925317,1.653599939699004,0.0757176215985359,-0.6922848985326785,-0.7189711962640796,-0.6127461130913703,-0.13790375681680347,1.6589706864917735,-0.2154711905201438,1.6938421315316785,0.6949625904780931,-0.8359647277181645,-0.7578382871904413,-0.6066033444367216,-0.6099694804782582,-0.18978920165882976,0.1605093186834552,-0.48301041347876034,-0.16757763571250275,-0.8391290294998663,0.7016314935981462,1.9563882505417445,0.3576814734804382,0.07091554415176894,0.7913601707887243,0.04401448621854226,-1.0313843115465233,-0.5165057677106941,0.5925380178982583,1.4151505034959713,0.7144946675191322,0.2806596263027782,0.791750331654192,-0.24344021430135868,-1.0369443380000563,-0.5463965625232673,-0.7611682538804797
Bearing3_1,acc_00346.csv,-0.7116489140200776,-0.2057250341763051,0.3855362508613464,-0.5800868664056971,-0.40373382491914495,-0.15876090257858702,-0.46645586062387623,0.8709555179044924,-0.09471013818527474,2.7913934213068368,0.8091132135432303,-0.2478391713562723,-0.6081887170972318,-0.4352390777367438,-0.4096553688081092,0.719382459290117,0.026436094163857927,2.6897239980341916,1.926289320828069,-0.1876240462986837,-0.5694649481247881,-0.4424562311059172,-0.620760587745617,-0.18347298238426543,-0.014448906277202946,-0.3559061607817352,-0.20699155652278886,-0.554659251514381,0.3418187986017957,0.3997235233251667,0.00207628874883753,0.39438032345610136,1.3354977964605446,0.3853973342885065,-0.8870669603358883,-0.4552803767376457,0.08846627098767326,0.42279596441566547,0.12891895256051555,1.056612086731231,0.9915735454556263,0.2510716886018621,-0.9635916530011582,-0.4423323638830436,-0.7611682538804797
Bearing3_1,acc_00347.csv,-0.5441781017722138,-0.02804691969203176,0.6664727286566842,-0.28002988533257556,0.3646371788508217,-0.28374453434543523,-0.5092467165334487,1.6013786615146208,-0.2372754825663287,2.387681446050406,0.2774274358364599,-0.6928949766353137,-0.6624231053684972,-0.47688674287522076,-0.45251826634244224,1.5430261168166675,-0.14836432201577004,2.052479285750204,1.7487666946871272,-0.5908499612289972,-0.6883861457616642,-0.4735753547211623,-0.5681130228843555,-0.18651030526498222,-0.09851129488758409,-0.4144511499027892,-0.22566208330027412,-0.6097078013883943,0.6065959152829402,1.056498813789558,0.05568137922203965,0.5714151744406665,0.5703379129181803,0.16679955294645643,-0.8708880308870084,-0.3920875438200904,0.392989681557726,1.3085634931817032,0.11245637370109134,0.8505559717869337,0.42146180002778544,0.1265475999588439,-1.0407946905468195,-0.3783301479689887,-0.7611682538804797
Bearing3_1,acc_00348.csv,-0.5857789330029234,-0.18852269056332405,0.5829958416712078,-0.5104975914934768,-0.3059098005954833,-0.3946544916913811,0.15825557803212037,0.7044206484824771,-0.23705567114729006,1.3887266994005112,0.222613370305294,-0.3459164226739873,-0.6794965554649907,-0.5216810986511555,-0.16986111248454425,1.6024954382536787,-0.29587306826589455,1.3181656469485967,1.1780650111990614,-0.7113072781876413,-0.6960955582446081,-0.5183521291481519,-0.6496595751881914,-0.17906911442788964,0.013677830281985574,-0.39842831077492175,-0.17448701383669163,-0.6018976207795197,0.6326376439847988,0.4423844673752259,0.2871228548269627,0.5217083135655426,0.3968271022086925,0.39899172218225043,-0.7126210652683425,-0.46212765964446606,0.3916110967666256,0.5283002025234967,0.3003899821565917,1.137251244178262,0.22610561162011558,-0.061725357793875224,-0.6106031222862964,-0.48795569434703073,-0.7611682538804797
Bearing3_1,acc_00349.csv,-0.5248343942582349,-0.030456713293988944,0.44730087552579395,-0.2790945456160135,0.05412284649145841,-0.3599098700233103,0.05544521507437267,0.7784626357165191,-0.3148286129543463,1.8910726257757986,0.14239748656590412,-0.6166149420739672,-0.7076870875061189,-0.48665337907301776,0.11968700247195267,0.6675561635758337,-0.26996228894310986,1.8253941662004072,1.1440195256557,-0.8541718718934221,-0.7126111876739132,-0.49541291914733016,-0.5963710337044162,-0.17870313239132923,0.006785997482534812,-0.38317580045127875,-0.14061310229762639,-0.7632451651364992,0.9621983030974954,1.5378621856459318,0.3270171469816845,0.20613206817850618,0.4288489580785871,-0.007815328770114193,-0.975565057840353,-0.3840335740852646,0.7282031849478198,1.093725529727678,0.5694578485727767,0.47959687978888,0.39694397455040603,-0.3776506017361593,-0.8907712268777437,-0.4079290854682088,-0.7611682538804797
Bearing3_1,acc_00350.csv,-0.44214105118351693,0.10742860456670669,0.8017741671679479,-0.23588185071084455,1.23958776652919,-0.5644855922207018,0.1482160477222624,1.501512756954278,-0.4412521046986793,0.889806988101112,-0.08995223014635134,-0.8087621766964613,-0.7492869680642954,-0.5896833130718494,0.26435455517927725,1.2588513776012722,-0.3936081321694861,0.8344534399742305,0.5938842940237968,-0.9326204584876742,-0.78989695906398,-0.5809910927338306,-0.5641756280361323,-0.18146373625719814,0.04158236633993956,-0.3827136031687441,-0.14154414652270064,-0.8025306287870112,1.3361338407343069,1.6526828075580293,0.04486775389494262,0.2827061358636534,0.3929467178688971,0.38480668736596363,-1.0670609504913493,-0.45381369012038325,1.428227766977199,1.4423325801363318,0.2040974087006727,0.28172040658459335,0.5002648146518941,0.052012463589611625,-1.125161689116979,-0.4717284101640231,-0.7611682538804797
Bearing3_1,acc_00351.csv,-0.4663562751912809,-0.02693240050629359,0.8419588501160827,-0.24579645170640277,0.5849481013415949,-0.3954706866860133,-0.35910350266347313,1.9203634359587234,-0.33096179168512496,1.610049182808515,0.1904914927870694,-0.6308901128378065,-0.714191442912203,-0.5331955290872942,-0.3482916786775784,2.0802550709506904,-0.36823269152763577,1.517801173501247,1.3310444527908172,-0.8942239476443176,-0.7225230602137596,-0.5378824984360169,-0.5537401519983371,-0.19203821416181444,0.23172202250814497,-0.4327849754433297,-0.2164676165023997,-0.5797798964123356,0.33360439901536215,0.509647887311099,0.2167348142302636,0.4175145457057252,1.0892287388978141,0.26327540308078157,-0.9653616689296286,-0.39445303989471353,0.6857963940801661,0.3360605098113889,0.15446628791770842,0.942293397073572,1.0655185411079242,-0.21617982523140383,-1.0212391964127159,-0.39703259210294334,-0.7611682538804797
Bearing3_1,acc_00352.csv,-0.5020788262019362,-0.09644879430143508,0.2548706728129868,-0.3967602819595256,0.21002367755340873,-0.4831070595569195,-0.03952789039065072,1.376107212505468,-0.3546696922491434,1.4328858343022342,0.08822518004405432,-0.6475137955797712,-0.7022218317101899,-0.5453916785276414,-0.12663254873715668,1.6032382133454148,-0.231590243230725,1.2520406070037944,0.9024258570403134,-0.8022534029457384,-0.7105690068538817,-0.5425283206373473,-0.6104355573378208,-0.19703531016034107,-0.0024338344654721575,-0.45281352435316397,-0.29345081011924495,-0.7772868080252857,0.9836137684941081,1.7043221794241994,0.13853547615610368,0.33704163666926884,0.45410394858247516,0.17624940476795778,-1.0104460736090788,-0.44260462765416186,0.8056133316898232,1.4688554657940387,0.568147584899218,0.338210021628525,0.5027536929743881,-0.1400844789566861,-1.0667405006984527,-0.4796020640747549,-0.7611682538804797
Bearing3_1,acc_00353.csv,-0.5711419419035637,-0.1025406717593895,0.6677110236592817,-0.45849270325262415,0.05027300125631106,-0.42278309194435393,-0.02268975772622214,1.089040323250365,-0.264419162613101,1.6769614453809754,0.10263957659997011,-0.47384470150147706,-0.7065842654515453,-0.543305953218721,0.38839585815038974,0.2339173783939707,-0.2595530764314606,1.3606736557092307,1.4016802292622352,-0.752374738158513,-0.7314687793052704,-0.5419231656541739,-0.6270185178387555,-0.20043185503347294,0.22276713499184023,-0.48470513684805405,-0.282913351391041,-0.547258193046576,0.46190647045721805,0.84537517640694,0.04935368343812409,0.3691718587790809,0.8647179045529538,0.5033003380712613,-0.9546795669758719,-0.39665301444215467,0.3573239638152926,0.602067746101565,0.5622078963374687,0.6020051175677245,0.6729334878481951,-0.14237126797319988,-0.7820788296675217,-0.46052566579464294,-0.7611682538804797
Bearing3_1,acc_00354.csv,-0.5277459139905789,0.06558990092620724,0.3587654768577416,-0.2111888821936051,0.5262676413039398,-0.478996358336071,-0.04690333002984663,1.3384894070376394,-0.3726931699050185,1.7595532945763765,0.17933832136158662,-0.5593214060500185,-0.7266052700891189,-0.5946661286323401,-0.09363803996444191,1.533083694785555,-0.38079528004954766,1.5599009599007003,1.4628326257654534,-0.718881841829304,-0.7530883814325507,-0.5886085328467325,-0.6292607447689508,-0.19729158654547305,0.02839239761006468,-0.4703770210894802,-0.22676012921375902,-0.7216847150285247,1.0335049494221666,1.0541575544244248,0.1910822558679651,0.3212172442096815,0.6021731446417496,0.4295496161872007,-1.0483366130698184,-0.44084051698258025,0.941077430555762,1.0906929776796759,0.3134366651086884,0.6474353969893846,0.5020330384993901,-0.07024505464911143,-0.9879129645576054,-0.4808381130165366,-0.7611682538804797
Bearing3_1,acc_00355.csv,-0.5235375352197885,-0.06805169384640594,0.45428292505110685,-0.3120185036389994,0.26658276007842535,-0.48989151078805915,-0.34417701271090906,2.0152117612409084,-0.258772040446281,1.3171645784297377,0.21205098918634754,-0.622370995064572,-0.7292530682299238,-0.5736726635403276,-0.4270382828768937,2.331474540326381,-0.20443249869894659,1.255893005715344,1.0898070938854016,-0.8407668629157764,-0.7453894619431267,-0.5699608757391607,-0.5814004692613303,-0.17977056785676038,0.0009058814740031968,-0.334491020024297,-0.13963848543896493,-0.7686331806272816,0.9346189725174819,1.1499331842043279,0.32802565012238677,0.1223280628661095,0.7198087603222826,0.18927254451541153,-0.9664888744084997,-0.44696571304657967,1.1161304504951481,1.1651729611462474,0.25476140314087226,0.7392572991778721,0.3386135025213353,-0.24149353643118598,-0.9756937968371331,-0.4484485538212354,-0.7611682538804797
Bearing3_1,acc_00356.csv,-0.5185902816226111,-0.06444728674573029,0.5676791326553469,-0.24467404404652823,0.010429094217284047,-0.4067744770198209,0.11939521384653293,0.8537788952035649,-0.42616874259231985,1.9953771540193284,0.12027827935730949,-0.5720036194009841,-0.7057223878721162,-0.554107885585283,0.04051014405447033,1.1437106069568646,-0.4675872383079755,1.7743166096786964,1.4228153690171872,-0.8498706563634966,-0.703223261161756,-0.5533471851110929,-0.567941949820687,-0.19573976224644393,0.0005850949122663482,-0.4555867080483719,-0.18409931095006735,-0.605149169855211,0.5794097563933148,0.6309667246924432,0.008459710834999495,0.8629931140389218,0.458605349394857,0.3795473073987762,-0.8405722829823116,-0.4305377719712794,0.19540093700620548,0.9668198504044737,0.0024140904975068563,1.0886448944553069,0.5879854114186595,0.04535121894347211,-0.8032646668131993,-0.449485179162214,-0.7611682538804797
Bearing3_1,acc_00357.csv,-0.5401418191610927,-0.10660496138889271,0.5803656638422888,-0.36813888663272537,0.08034801309729521,-0.3514996965695407,-0.24527408918281382,1.1342274827891736,-0.2910437304744595,2.623871956517873,0.19540822426064605,-0.49856305213172325,-0.7075663667164468,-0.5422634363711468,-0.3327105185985218,1.3652017499935165,-0.19549181962173787,2.478937029117775,1.663759379257672,-0.7558384179140075,-0.698219001631072,-0.5549424091327464,-0.5588300273012072,-0.19087601744011407,-0.012732418662862763,-0.41337268957687506,-0.1907749201337956,-0.7865268371733443,0.8338069750855942,0.9621086640115807,0.3433979524666029,0.6027802556297119,0.6090366195016599,0.3386144937988478,-1.1228153269188044,-0.487459375767799,1.2805315225832152,0.9381443443256992,0.3557384052248487,0.6972360071468215,0.747281202924751,-0.5248795902652754,-1.0331402287157596,-0.49164242112252343,-0.7611682538804797
Bearing3_1,acc_00358.csv,-0.44579019638201306,-0.015052252665980335,0.42005264741969345,-0.23644305454078182,0.5683610928602357,-0.5140953388840327,-0.14062818563918175,1.7620217707731347,-0.3750889590532577,1.3182087005290768,0.06802754256384226,-0.8070320783028484,-0.7359991377645748,-0.5699219524619135,0.2669349909422118,0.9485748382742348,-0.37971537234722846,1.154819944577891,0.9643826962327299,-0.8524048547484585,-0.751323991920373,-0.5710600661222056,-0.5838084595292157,-0.19988415635528364,-0.010277194425051959,-0.4529675901140089,-0.28095847583380923,-0.6500059122426325,0.4573276607059652,0.7661295166266072,0.21034963116438238,0.426793262001287,0.7746928967977442,0.4145946742541368,-0.932558344213064,-0.42973782549173817,0.3580341727923978,0.9533386507908443,0.13514968726149693,1.097800467455582,0.47928719556246535,0.02320825933043903,-0.8811976855648636,-0.4597134088223789,-0.7611682538804797
Bearing3_1,acc_00359.csv,-0.5654799882027824,-0.14700001184636743,0.2551612542593233,-0.4528806649532515,-0.017709270656744897,-0.3250447858662585,-0.22871802371919234,1.118936915629219,-0.13757324964865247,1.9801060334722629,0.08474856914159082,-0.5603405372839888,-0.6956662304453989,-0.479662795327025,-0.050380205750505516,0.8035572048575408,-0.1463786087430084,1.6951703561506466,1.6052302591117509,-0.667189711492197,-0.6959255797358234,-0.4838163101181963,-0.6008933936032916,-0.1901090855956573,-0.07391139062037064,-0.43771507979036584,-0.16540900614709106,-0.6332812398905119,0.744423881484066,0.8370877999647245,0.1675386783318602,0.7897449793554338,0.4091003572781191,0.25149071521882055,-1.0152439666493012,-0.3836485773377147,0.49230900867548644,1.317184769425993,0.06870714790822496,0.5080324350544816,1.059362541666318,-0.2597262604237726,-1.0398266463703651,-0.3776715968039238,-0.7611682538804797
Bearing3_1,acc_00360.csv,-0.4735567396604141,0.0848611277768337,0.3009061309747279,-0.17414942941774597,0.7022781723861447,-0.3350726865478349,-0.19410500761148822,1.455930148282697,-0.2943700012779621,1.570213811044977,0.1145396130192738,-0.4439980220544375,-0.6422302270618487,-0.5178660377827986,-0.21839032917230103,1.5894360623011703,-0.21202509174927908,1.409465631515622,1.0266254749220098,-0.725860232877431,-0.6110588949741476,-0.5268536217046353,-0.5066133302616203,-0.13865375066875602,0.06560741621284309,-0.13697871462116218,-0.05031259272878023,-0.5612442816321668,0.7226478594481874,1.108356213992113,0.11404064377583667,0.3420622106295844,0.3439121593655468,0.059270375019249054,-0.6828926471599158,-0.36010100980631343,0.27370580832261465,1.4901911394072862,0.17213640000397218,0.4342555500474882,0.5465412131332161,-0.6880695637722187,-0.5456197410612831,-0.3588379936991936,-0.7611682538804797
Bearing3_1,acc_00361.csv,-0.6014657551412484,-0.19921056135954415,0.1496851391057865,-0.5538973543419583,-0.342668428681626,-0.30889279066161424,-0.3124824245324429,0.8870294736849512,-0.14258409402111424,2.7717263351697334,0.1867707785125874,-0.34662196793583244,-0.6770371949653353,-0.48760992232213424,-0.3568510415448172,1.158348336356378,-0.1823542903338553,2.6388268436813003,1.5928300860940716,-0.48224381763155294,-0.6973799172110654,-0.48344959194281567,-0.6129718764648571,-0.18560127215402084,0.08416319452457713,-0.4147592814244789,-0.1331720850242136,-0.7415554634132303,0.8130694344293824,1.2364762969646386,0.3155123758253435,0.3597140652526385,0.2541832691699879,0.5425524347745156,-1.0182724975921522,-0.41818899228177187,0.5239962468503728,1.3506157321794234,0.4615647446407381,0.43983888707872476,0.50174238406032,-0.01702669905013943,-1.0100295522821516,-0.4352533834325978,-0.7611682538804797
Bearing3_1,acc_00362.csv,-0.5027125890341655,-0.05825950829491532,0.9324734038140192,-0.31183143569568694,0.34106546631958323,-0.47495123770559516,-0.21707405158677964,1.9673630378650082,-0.41357339967999235,1.2007734689255343,-0.03803500292261319,-0.7088984249048939,-0.7159394860746489,-0.5324774807690384,0.012923573132926289,1.5690295351805439,-0.43674094161687554,1.1378075499715519,0.7948152623874263,-0.8431707064787974,-0.7449849768127098,-0.5268490289394735,-0.6596648895674841,-0.19584292461757774,0.036316635652969206,-0.4765396515232754,-0.24401689487859063,-0.645500819559284,0.7900088768194322,1.094157782553365,0.02521475520060104,0.7293390614967084,0.26795064382739026,0.3829061232113524,-0.9349323119899455,-0.39976369099122516,0.9320500416052093,0.7047601007818959,0.13721744850492373,0.6629508431831165,0.5169731865876833,0.20350302568296963,-0.9283742422530887,-0.42829753261910675,-0.7611682538804797
Bearing3_1,acc_00363.csv,-0.5633808355291212,0.004238315525525742,-0.019059517690923827,-0.31052196009250005,0.2822032508772664,-0.27787409024853127,-0.6166946844332889,1.773398775449673,-0.19987497881645727,2.37307493370749,0.27112226784179205,-0.519413441847904,-0.6726361235165488,-0.47064191916049486,-0.4313966654452328,1.3687979028902924,-0.09104286298876683,2.332506405568204,1.575606930167517,-0.6984856252571857,-0.7124683452628606,-0.46237853740623003,-0.5998263259605585,-0.19110373733254574,-0.06145796199774231,-0.4478834200061279,-0.1731596056115894,-0.649583345802438,0.7162099930177198,0.9672736481609657,0.1587620145972573,0.5454427491995697,0.6314467090108825,0.3530678858889165,-1.03806974494768,-0.41322832433912804,0.807228557517606,0.638369039723205,0.3844718713910826,0.7985859009811614,0.6804960830272828,-0.3574763398841317,-0.9161494860993215,-0.43683867483415667,-0.7611682538804797
Bearing3_1,acc_00364.csv,-0.5362152053264518,-0.0390445840926045,0.6093493653778989,-0.3595337612403541,0.46091631454615,-0.4332725370747202,-0.18050671537249285,1.7519677582868274,-0.41164928380253085,1.36660021880025,0.22713591758604185,-0.5120703285779451,-0.6709270615658343,-0.5594754563479961,-0.10096789936070107,1.611998365028093,-0.35148602224080594,1.4691785751096111,0.68788844545768,-0.6190952987586189,-0.6695148085259979,-0.5572074538739752,-0.6085206402594351,-0.12789920609949476,0.008827645662760087,-0.2195579624340173,-0.0816469368367247,-0.6746152354527941,0.2144768961359104,1.3191097898297532,0.17653528770321686,0.5917464050136958,0.522313240178432,0.5096413251479047,-0.8956655514370752,-0.5108705674505192,0.26385850556399854,1.036206943561169,0.30440197468122715,1.018548638714296,0.6111096467696239,-0.014007587710860057,-0.9038748498517992,-0.5272687940698223,-0.7611682538804797
Bearing3_1,acc_00365.csv,-0.49697405569605935,0.4410109430139448,1.0453107884306467,-0.09296194202015573,1.745697013879868,-0.4897895061366927,-0.3003806085630297,2.0579577353512275,-0.4192897875241384,1.6073791907035595,-0.11650398189872159,-0.6424800574084697,-0.7386677367520018,-0.5700933720083633,-0.3052480000659342,2.2620267848487816,-0.43501998869091285,1.4584341092199506,0.8355895129622087,-0.7902557053966304,-0.7625622444645004,-0.5612029304806201,-0.6350993933171077,-0.19631746275931053,0.11359335726931091,-0.49333281945536717,-0.22268883335036813,-0.6158320189685654,0.23887327230024258,0.7253587447328439,0.04942084836972782,0.8696507365210883,0.8132221054756505,0.49046362921244346,-1.0550758796935518,-0.4327744674773322,0.49056079893100835,0.5157807443221973,0.281381954742885,0.9047022160635149,1.0802218285855931,0.0020728339049865476,-1.0829995088860174,-0.4711752949347734,-0.7611682538804797
Bearing3_1,acc_00366.csv,-0.5681432466001672,-0.1256892337813147,0.011724250245475036,-0.42912303615257413,0.09585472972429189,-0.3548740571857025,-0.5421971638744042,2.1008027833841956,-0.3427980770027467,1.9976083285054624,0.23677563042805835,-0.35888390104422363,-0.6595453251067481,-0.5447354202758153,-0.23556060579081892,1.5396324601359128,-0.31592280322621147,1.9661677860251041,1.1797678050792233,-0.5655711011882757,-0.6836537354371623,-0.5460011290400841,-0.6182686689617798,-0.1783068562378927,-0.16657111452694642,-0.4378691455512108,-0.07155756920498715,-0.6145061479442354,0.5029376003354858,0.5756993257355043,0.02294864302506827,1.2130405540033498,0.5676302140773815,-0.10995363159450533,-0.8538922749631848,-0.4272873033491736,0.6069141655560507,0.43811036456220837,0.00023215823820485848,1.3865729808912597,0.8619122757557574,-0.45707106547452264,-0.8177751178973033,-0.4656153188261073,-0.7611682538804797
Bearing3_1,acc_00367.csv,-0.5696432655978395,-0.04293105577477395,0.23688806120947367,-0.35597947031741806,0.3307647447508344,-0.44972060111755163,-0.12828644682908055,1.440245844363231,-0.3594894536245333,1.7318855442100451,0.18450915581705904,-0.6606700059624733,-0.698380052901002,-0.5623485942563136,-0.2628616284939675,1.9024163284647946,-0.33740147094610945,1.6220130503370578,1.0957891945646525,-0.8346211781675754,-0.712099372295826,-0.5662974925780278,-0.6235915664805439,-0.1839873716413388,0.18066513836963657,-0.45235132707062936,-0.11770981903959206,-0.6512771087276873,0.23904493757179862,0.8478510855034302,0.207196158421509,0.889819820978717,0.6181644883175252,0.45468080829813573,-1.0863359469960738,-0.4337038101010921,0.7210484263572299,0.2774734452537418,0.3846696132250142,0.9762278590818629,0.7970049219060544,-0.011935024558703397,-1.0388724550874915,-0.4608254234183799,-0.7611682538804797
Bearing3_1,acc_00368.csv,-0.6243288574387599,-0.1398428607148393,0.03328695512081051,-0.45531254821631306,-0.020975477899728666,-0.3607740880405617,-0.1708397582674751,1.1277172394279904,-0.26734917379597384,1.9236557047732852,0.47401892954249153,-0.39942573689576905,-0.6615335078646611,-0.5140746463229792,-0.16527034599474372,1.1411759299113002,-0.21413657097467956,1.9680992686488428,1.2653075850999382,-0.5488491621774579,-0.6585223837712271,-0.5113692516973115,-0.6569820692459806,-0.13955161583323863,-0.18790237726591963,-0.25083331188552777,-0.034198718456831936,-0.5115013933637831,0.3259339768741488,0.48134296296232776,0.13074050294542194,-0.008984511684437702,0.6749650413575178,1.583164731610006,-0.8902006933244818,-0.486894105774747,0.38147785883622776,0.2474911746205472,0.22286915461643234,0.5324686838596914,0.5638503203648829,0.6970639111521097,-0.6761513958919878,-0.4723637054640093,-0.7611682538804797
Bearing3_1,acc_00369.csv,-0.5935782391581598,-0.18437025503833496,0.42409060201074694,-0.4940356124819839,-0.4002543208933803,-0.4404806549178284,0.07049512839942093,0.7739421897429248,-0.27133763752303103,2.1037318483095038,0.14751673773669097,-0.5933356859989203,-0.7067823187051079,-0.5886449363851634,0.18783036864448474,0.5259095117739763,-0.31378129759448165,2.0151196347805005,1.537424245567366,-0.658516400697405,-0.7229920574173475,-0.5786182950423817,-0.682737090828646,-0.18158419743247306,0.051085306390159985,-0.4602086808737182,-0.16899589780772606,-0.6378065182958609,0.3341999839624655,1.099482894758015,0.17326942524980699,0.41699863209603444,0.7085016417461205,0.6293153006233001,-1.0541673732753023,-0.41981945283878724,0.6067014227949177,0.9151934774977358,0.06464775391954962,0.9303150369874961,0.5565930324350952,0.37040972031862,-1.0909938831772656,-0.43236886996769947,-0.7611682538804797
Bearing3_1,acc_00370.csv,-0.5998451850862146,-0.02481782274538287,1.0273740738311143,-0.35148983967791997,0.280389121664177,-0.30638701361232046,0.031367669402095795,0.5873670057772901,-0.28341841349990504,2.303470264616497,0.1505085476304414,-0.44404465181117736,-0.6071672184815556,-0.5278844192965665,-0.09802718459929531,0.8450892124672509,-0.18416214862452154,1.9949106039357494,1.6307191074852758,-0.587733357911867,-0.6079664189315136,-0.5254581553755749,-0.6480748498047957,-0.14580497803743125,-0.19578659799804854,-0.29920996079081974,-0.14125969272465083,-0.503112533951416,0.39737640160950755,0.25285991301613187,0.2675731335460741,0.22332614792874092,0.8096307338247112,0.5991306478144899,-0.7332617631568022,-0.44936948633149626,0.34223605613856944,0.2251983760200575,0.520249157591483,0.6007002394052712,0.6473260867013632,0.43470360704446104,-0.900815468909759,-0.4360094169781174,-0.7611682538804797
Bearing3_1,acc_00371.csv,-0.6156615111256039,-0.025605105819350348,0.5140157347803286,-0.3354019965530519,0.1561546786905832,-0.424350962536173,-0.047487997256996754,1.159941867727308,-0.15612525400524077,1.2272757094900262,0.2262233337016061,-0.455077918538698,-0.6584485614792338,-0.543435499140019,0.1729843802115151,0.6140736979985153,-0.005484402600969862,1.2551293267156132,0.773266679749219,-0.691066292915438,-0.6663280307014849,-0.540979260110198,-0.6951591723667576,-0.1867247048153444,-0.04246205041359599,-0.4531216558748538,-0.19935428134274147,-0.6483167236117373,0.7384932194378119,0.683949355140376,0.3939842215240825,-0.13175940697386168,0.7800088544989049,0.4932036680195009,-0.80336453146385,-0.4505372838235683,0.7508122220915748,0.8231449310363134,0.4649004150851837,0.12003083848227895,0.658485047573105,-0.026247242889039346,-0.7011569408712616,-0.47744192989575157,-0.7611682538804797
Bearing3_1,acc_00372.csv,-0.5833552510948466,-0.105118345068952,0.645633420982851,-0.4424048601277561,0.20122643473663862,-0.48962844693509533,-0.12632049228462713,1.4882949848332252,-0.20132742840700493,1.215761387849236,0.14199383071667723,-0.5082677329182074,-0.7001797390189664,-0.5701847535251506,0.02708718903512177,1.3106094056500452,-0.12882424420166877,1.0258600590364237,0.7420856085497323,-0.7401128578914505,-0.7063462806914115,-0.5745012659207834,-0.6773481703853765,-0.1879267815836109,0.06245794797881294,-0.4035124808828028,-0.22797255116015694,-0.7613708095019746,1.0423712002020735,1.2349814609812493,0.3164952347674596,0.1870260148113497,0.47422883401886073,0.2885156242052445,-0.9463205818407365,-0.4610893858409348,0.8033396742874691,1.3805641811917644,0.5590095824346575,0.20615774497995967,0.5824432490779947,-0.28811179619830835,-0.9149825487563474,-0.4770356068103804,-0.7611682538804797
Bearing3_1,acc_00373.csv,-0.6368339095967963,-0.14352815617986828,0.5193169417081247,-0.5002088546112938,0.07453388965854582,-0.4328384354052731,-0.08331992758258762,1.236117023664059,-0.16502278209818072,1.2621142221619486,0.32413263552280674,-0.24639183573516654,-0.6709136653524123,-0.5600640936929573,0.012961754882353597,0.93655656794187,-0.050355755973701656,1.2940573667679807,1.118334550444037,-0.42327989514722514,-0.6896294413328147,-0.5527535998783897,-0.660032265705027,-0.17531116349288553,0.1088701436585833,-0.4224625694667229,-0.10014957099363432,-0.7889216588321241,0.9083529367581447,1.6338490103799075,0.4760431381967049,0.006710886543508757,0.3273498163270858,0.24497501771160385,-0.861798652608255,-0.5086077442913879,0.7755481842929759,1.5289217774734183,0.6665331281749083,0.3386049778261305,0.32951720640423254,-0.5510395021126829,-0.7835111714333923,-0.509919252888683,-0.7611682538804797
Bearing3_1,acc_00374.csv,-0.5825178865383629,0.13231305922368974,0.906179454252354,-0.2484154029127766,0.7681883672987884,-0.5921956673157066,-0.005277086180760962,1.3781961306472232,-0.21935670173166594,1.2233913002925174,-0.04963935273360588,-0.696473333267252,-0.7087606552938546,-0.6057080109044425,0.14643142798319947,1.22453039837004,-0.2526660407090761,1.185417745134654,0.5392906613673147,-0.7607547315771331,-0.7136521295083731,-0.6056859706116124,-0.6849001388345608,-0.18616230464011646,-0.26303752907192823,-0.4774640460883447,-0.15918049526855854,-0.887687900250365,1.5350872307428367,1.680179803736525,0.3101111552822336,0.041494412377525346,0.15246683380844836,0.03173879579926566,-0.7720524492681959,-0.5229160861796145,1.187502389208001,2.01361465437897,0.30632637754651487,0.15423522700986983,0.1721136298520312,-0.14510079927294775,-0.8716193175531267,-0.5255721433511565,-0.7611682538804797
Bearing3_1,acc_00375.csv,-0.6431208346008089,-0.08519835951125718,1.0036813737883368,-0.46185992623224775,0.10788199206051056,-0.3987837979767178,-0.36781573393813727,1.5487019123378172,-0.17756387198717707,1.877972259904778,0.4862332924786794,-0.40810091753624206,-0.6756523145471638,-0.5553119749380209,-0.1469156249547454,0.9510130221157975,0.027837593689255074,1.7969247091024552,1.4992698384880474,-0.5495704135873267,-0.6845302430239548,-0.5551897864927304,-0.6694728180556425,-0.1927211058926672,0.1559157211498216,-0.46097900967794264,-0.20536571663924558,-0.7644000892035416,0.7136439646304682,1.554509471768613,0.28784471236868125,0.19165309985733697,0.4542354391688141,0.2985988913671509,-0.8264980304725623,-0.5238719136356725,0.47672881519432375,1.4297843540305561,0.6538240503964221,0.22342592034907965,0.4587431747277344,-0.03127901947440252,-0.817736851761498,-0.543216537693196,-0.7611682538804797
Bearing3_1,acc_00376.csv,-0.5855197549611016,0.09521711824089892,0.8998715779565277,-0.2338241033344079,0.2833346509237442,-0.5865236237229922,0.15207817392235748,1.2706040177443216,-0.28964079663986536,0.8741208798733012,0.013129830915380699,-0.5940377493104997,-0.7033419081635187,-0.6079417845116954,-0.015743984304029818,1.9762396407244915,-0.36640647402721216,0.6704205962758342,0.446014804248268,-0.7382845602265964,-0.7235161833276338,-0.604878666059687,-0.6870559906679989,-0.19395608661250469,0.17301088286876506,-0.47176361293708413,-0.2437169384403087,-0.7131237139532424,0.6362411042333038,1.0087640932591293,0.20794845415516855,0.33284123252215375,0.3920546476524762,0.6730491665674324,-0.7863697781638259,-0.5209538868424101,0.6900875957776985,0.8494773468484205,0.5766086583723223,0.3341056162958775,0.4330043890764659,0.10839153096662259,-0.7624700481100987,-0.5193164555513798,-0.7611682538804797
Bearing3_1,acc_00377.csv,-0.5639869720619394,-0.1979845839855966,0.3141810100814814,-0.533319880577592,-0.24982689607940575,-0.49606267990032415,0.24304052220653277,0.8491331606391508,-0.24439317246186523,1.059420944607103,0.041048393495788114,-0.643230308779882,-0.6704594235488026,-0.5799601061067511,0.2669268281513655,0.7711859602845608,-0.2160143827650343,1.1313924498959578,0.7731305800778087,-0.7838471688652149,-0.680415917112494,-0.5739491382089664,-0.6457256809851093,-0.19366417669743224,0.13116653388114094,-0.4637521933731505,-0.1839918275434537,-0.7665952519262683,0.9618324157823748,1.365163752747735,0.38074278267345923,0.1362260679522039,0.2352783179672895,0.07720060062202021,-0.655557863349508,-0.5109712587571184,1.0703673029445426,0.9486369967441713,0.6006744081430292,0.06731147627720806,0.35848424351650227,0.1816357754182835,-0.7769645608086142,-0.5437824401146062,-0.7611682538804797
Bearing3_1,acc_00378.csv,-0.5671410363890533,-0.12739087313689204,-0.05887693769026424,-0.4568090917628124,0.11810235909275185,-0.5358713794263996,-0.1252872714334568,1.7282697957420001,-0.2668036745869867,1.0064721921195008,0.08674159024593207,-0.47684549794508574,-0.7198428941810933,-0.5852528727572809,0.023663547704350356,1.4249443114577895,-0.18926038317114682,1.0454958699293646,0.6254015167189,-0.6370848090372405,-0.7405272334334918,-0.5800769662535362,-0.6559670385536633,-0.18623045622141846,0.12508111045151038,-0.4705310868503251,-0.13145061291340654,-0.9008370769790356,1.238237678129696,2.3154517496818743,0.37306116115861476,-0.19020262828496073,0.364305012150343,0.2398312642603965,-1.0030771996927188,-0.5373098434210636,1.3005712785821264,2.046090902978662,0.5278228696385756,0.005465059322092104,0.24138819843319237,-0.169454114034856,-0.9561422233187287,-0.5774110478370201,-0.7611682538804797
Bearing3_1,acc_00379.csv,-0.5602996122497209,-0.07624455304129084,0.48531841694462435,-0.33278304534667796,0.19625569288946523,-0.46283430638892076,0.21669254138895344,0.8347158978552923,-0.2815967606513984,1.2408357795650522,-0.018506028670876033,-0.5083468656436632,-0.715909074854769,-0.5444979102758084,0.08891952629865069,1.1937637554336633,-0.3293373282769722,1.2319387489991258,0.9528637743696863,-0.7368279418364341,-0.7232501149493036,-0.5448218068267321,-0.6342649889228175,-0.19742288295538182,0.11888185682686431,-0.4589761547869592,-0.23640315854003152,-0.7372221866381645,1.0303016547337667,1.4920651293766578,0.10649893219681268,-0.07157467790695146,0.5826621191860447,0.6317498807200418,-1.0239873447841,-0.40978358106689394,0.7397381910389799,1.7500781343410117,0.11207417694262611,0.37577330822807664,0.33879059151154584,0.37685337512580597,-1.0511500981931206,-0.448437256570598,-0.7611682538804797
Bearing3_1,acc_00380.csv,-0.6274464959593874,-0.14774042306599047,0.7977516499910283,-0.48992011772911065,-0.28589739593384017,-0.38220602406246895,0.02797544050164061,0.5198383603899682,-0.04118760601538651,1.8646912202639139,0.36851944483027904,-0.15587920147371434,-0.6237562120537679,-0.5729405727488271,-0.09016277732877628,0.7360207455557763,0.055480050004576106,1.6848180320152153,1.5862594099828278,-0.12593158206553146,-0.6590112277092772,-0.5640942718356169,-0.6384718584743216,-0.16049411236275302,0.26724630170505115,-0.3465081493701976,-0.08638526948472082,-0.6100425757982194,0.18108424685213412,0.7255331985631704,0.25273250086283383,0.48543291666302607,0.7120084645281061,0.5288171007948554,-0.8288090612958421,-0.48349151266508683,0.26318482582618413,0.46526378326139656,0.60523416333169,0.7311320576785556,0.7754782355344759,-0.09456367419828533,-0.7681183186556994,-0.5263520167614354,-0.7611682538804797
Bearing3_1,acc_00381.csv,-0.5550873692298794,0.044429905204424094,0.44880502393497995,-0.2562722565318983,0.5873801648189557,-0.4262210322789803,-0.1275610677793235,1.2564700208679314,-0.20300815002953423,1.6727978827455867,0.10305307607859529,-0.5577587028634479,-0.6919369724056741,-0.5540606093892537,-0.021833976549000544,1.2638904446835755,-0.2703662754925602,1.3987248274682054,1.2302165554861622,-0.7869398700819068,-0.6974590005632454,-0.5538149592748749,-0.6135268158387659,-0.19335451456715078,-0.031400469943786806,-0.4631359303297709,-0.22757439178680325,-0.7501405506597586,0.915879861109967,1.169729014729747,0.23991074380911528,0.353501868260359,0.5557030719357227,0.25974393747612057,-0.977821745062808,-0.4484443665491712,0.5347166422799138,1.4965830973883485,0.5018281138262266,0.5170050182374729,0.3853603324519265,-0.10659026345647911,-1.0086063098223155,-0.45320142585803297,-0.7611682538804797
Bearing3_1,acc_00382.csv,-0.561326061615868,-0.04068768157322114,0.7328879395235771,-0.4222015222500146,0.5680247569288415,-0.4666882834333254,-0.4436891266932463,2.401626131265427,-0.242225627175737,0.8243980209234278,0.12082635269518728,-0.36905790816789885,-0.6814577397483889,-0.5665216957183274,0.06327715791179511,1.5088834690779784,-0.1973440827545591,0.6370902201375431,0.5801741548088634,-0.7280084973135761,-0.711307534592559,-0.5771082778688814,-0.6057600995638827,-0.19183909598057486,0.1800663355864941,-0.4529675901140089,-0.22645246028135116,-0.7155893844508068,0.5269728257301083,1.5895315853937835,0.3373276205689709,0.06242549336026822,0.26775554614898445,0.8017220159493765,-1.0009547695871737,-0.4219016507732079,0.6383971889119314,1.4905171072786156,0.4304712734113193,0.5883537540862757,-0.0480806996850088,-0.047758707129320364,-0.8111201418878677,-0.4477939018157663,-0.7611682538804797
Bearing3_1,acc_00383.csv,-0.5400052467269838,0.050823782757857275,0.801197554871335,-0.28751260306507237,0.6540915113518674,-0.48793197892094775,-0.023192105240013184,1.3831016440076982,-0.22418041775483197,1.0459368033170617,0.1427797986706925,-0.5319344594363101,-0.702393685759029,-0.5696057097137577,0.0008338437187458096,1.496966960550694,-0.2318738485313212,1.0044758967269662,0.641904913238141,-0.7486668773702229,-0.7074347765125529,-0.5616135208233665,-0.5786536200826389,-0.17453248639299773,0.2607913745454712,-0.3882599705591598,-0.12297459902329842,-0.8267700467132024,1.7364576742199518,2.164698272209852,0.1743968868311698,-0.39154231823529984,-0.08655977200666508,0.7185649301349084,-0.8971105353679051,-0.4799344017979984,1.211526247660271,2.2520587648535484,0.49835799007551496,-0.2841503718519271,-0.2026218942416034,0.2928107203564339,-0.8727710056677465,-0.5169194312751433,-0.7611682538804797
Bearing3_1,acc_00384.csv,-0.58618923146973,-0.1467772409284942,0.4428033644163583,-0.5022666019877304,-0.012510304271161453,-0.4393369965790621,-0.05482222253175818,1.238681539007655,-0.25066998127184076,1.557223898447245,0.20508594536557959,-0.38482504369065296,-0.6961903288754155,-0.5843075229075624,-0.020761300736686798,1.3178737537291954,-0.32930980702656776,1.3809628367178652,1.4424147451083242,-0.6635623363599809,-0.6927047658461755,-0.5830719653337861,-0.6396134062352188,-0.18347236275175813,0.19257706897283372,-0.4454183678326098,-0.153395433517147,-0.8447990430141111,1.2404298562728102,1.5907431128571687,0.3667989746452618,-0.051326652607131144,0.3187154194946467,0.2439708173935405,-0.8609357185260497,-0.49732690447143285,1.0632049281571334,1.5864220163227996,0.4008477356089006,-0.043054751807938274,0.4935039018748111,-0.20495553917376544,-0.758331259631791,-0.5192707453053229,-0.7611682538804797
Bearing3_1,acc_00385.csv,-0.5385999459140042,0.06773115807733607,0.07083433943379017,-0.26225843071789573,0.46719286326418363,-0.5058731842381089,-0.18748004402123686,1.7888295729589876,-0.29760400542859705,1.1860985074356116,0.06707550466911517,-0.43930302530744714,-0.7021522784944259,-0.5784819746730453,-0.1475595190099046,1.6158764203664304,-0.04353425187891691,1.09844768359187,0.7423820176999756,-0.72892590680229,-0.7385390667240784,-0.5709605474854684,-0.6117492038426404,-0.1798378064293771,0.11497617482296921,-0.3877977732766251,-0.12173963228149168,-0.728055743904356,0.4950045477710614,1.4502017164792347,0.20037505170719278,0.03640690357795391,0.7987454341164097,0.3983324411430018,-0.806474306017268,-0.5277167814035393,0.42667657364144035,1.0592983086955932,0.5598082579874166,0.2882725514244262,0.6328890265865909,0.09872157130086645,-0.7826128071345074,-0.538756262807878,-0.7611682538804797
Bearing3_1,acc_00386.csv,-0.5756605511881228,-0.12199459005334379,-0.012885864008297769,-0.4306195796990736,0.08023396824493031,-0.3939047367838496,-0.015695652979746576,1.0528650933554298,-0.28324803773935736,1.7181003333642524,0.18808792882522596,-0.4097252077936549,-0.6859476190077611,-0.55037930513405,0.2759432103405006,0.4258100617827192,-0.30870129606707924,1.6369930541816826,1.3359633513782623,-0.6399304744738171,-0.7276245184473431,-0.5362229329999101,-0.6460013849820833,-0.18913383671411166,-0.09376523913467052,-0.4079803879473043,-0.23667012405382168,-0.5896427691065201,0.7396090652357746,0.7817713658851243,0.18209010918647453,0.25752838810109574,0.5766488777015475,0.534664282104904,-0.8187635631913905,-0.4535331487167172,0.37009044467786945,0.8478976951322614,0.2800447802529056,0.6993371771120561,0.6217097567291727,-0.04758255540010168,-0.7614858553919706,-0.456941814239592,-0.7611682538804797
Bearing3_1,acc_00387.csv,-0.6010802272230535,0.02828365826618476,0.34365219276882375,-0.3408269669091121,0.19726832769013414,-0.2959712697950303,-0.19700630999394356,1.4208204410257639,-0.2532278534935537,1.290934020707566,0.06061680068986341,-0.17937132788964794,-0.6688852795553649,-0.44742610127604543,-0.24939953462830292,1.5265478767853384,-0.11458261229288817,1.1685084912901642,0.7991110023660017,-0.5022860460772328,-0.6908006459013314,-0.43312859550783894,-0.6024045463470188,-0.18835864743605074,-0.01829007063207403,-0.41968938577151504,-0.23532144200345273,-0.7030657408552007,0.757480421599743,1.512639432163147,0.21610977744483703,-0.02546648175457517,0.5995471310388047,0.6738546627206148,-0.9832221957917565,-0.4745840161535397,0.4449183887009209,1.6793677593364968,0.40903962857163334,0.49382909512003503,0.15240614287915605,0.07672205021542954,-0.9011845725850699,-0.4601792644379199,-0.7611682538804797
Bearing3_1,acc_00388.csv,-0.5560898187328707,-0.13494951715016582,0.7257899227709684,-0.47719949758386615,-0.056736594874583296,-0.6221118532224563,0.1110053726591037,1.6863548072214345,-0.3800992017198128,0.49917376899444976,-0.1130085835558858,-0.5858054986599017,-0.7332243516250819,-0.6047815344804366,0.47881395143023847,0.9398729138492409,-0.3887973286892424,0.5121775630838926,0.30787135747047023,-0.8902064471340809,-0.7287585877710528,-0.6006426189697829,-0.6952972051957537,-0.18918716488309206,0.05158453754094892,-0.46113307543878745,-0.20472986668040247,-0.7510824126407389,1.1868840795630369,1.3228118163963751,0.17820354306677222,0.082795137466152,0.2851388378463656,0.6559296335761211,-0.8721618061200238,-0.5004190802402001,1.0618439567769848,1.3659817248456543,0.30144513261647965,0.18495332195619152,0.34638183924403876,0.1847526402077726,-0.7913500588939058,-0.5446003841397238,-0.7611682538804797
Bearing3_1,acc_00389.csv,-0.5521717360877089,-0.08511100999455647,0.21331126137874232,-0.3842267297575934,0.27722691205506417,-0.35150779243563673,0.04777591179632658,0.7106841251913855,-0.31392436414218017,2.1318302220479812,0.3292441783091266,-0.4631359304537974,-0.7126750355518949,-0.5298727572404164,-0.05490581388161193,0.9137101303521423,-0.24413482756897162,1.9577216447252586,1.58273304294144,-0.540597547603596,-0.7368221771171125,-0.5245479662200536,-0.643301415260598,-0.19134529108999312,0.1439788984753517,-0.43401750153008883,-0.17310518882863069,-0.5999739028192936,0.5598558075867697,0.7059939827301354,0.18479634770467832,0.5637229586541344,0.6910609890847461,0.583784214829562,-1.0792211787406907,-0.4062089932329029,0.4352660288538916,0.7095106562394754,0.24022436151780294,0.8131282551654102,0.9831192467607764,0.168921912913357,-1.1306419405544792,-0.44264717218991445,-0.7611682538804797
Bearing3_1,acc_00390.csv,-0.576267989051853,-0.07964166558251917,0.5886300751129683,-0.4085455623882081,0.3177826090388787,-0.45509488619998406,-0.061815482041358324,1.2404413839276598,-0.31157938630596244,1.7082920476077674,0.3330179591284231,-0.7446001968802629,-0.7090409426819708,-0.5690350478869548,-0.02306527484720518,1.3091147407220616,-0.31474807604699356,1.4625633815242578,1.2349953401205722,-0.6493024467806155,-0.7181178098031575,-0.5680340252091505,-0.6237890651605843,-0.16055696071753783,0.09862379814119199,-0.3454296890442834,-0.09520114840164551,-0.6673155669033531,0.6395276334309835,0.8215351155469948,0.2920406531832609,0.2609399549422746,0.7588586447718557,0.5078624226945361,-1.0021065766905035,-0.4352948823196034,0.5098427950367769,0.6853162416140007,0.4644425249221678,0.7595199549322201,0.4338390541584667,0.15197425117684732,-0.9180762595497182,-0.4571227003308578,-0.7611682538804797
Bearing3_1,acc_00391.csv,-0.504536051063494,-0.04584966981924348,0.7219239747339465,-0.31370211512881113,0.28704270237790425,-0.46287584768441786,0.005431375582480362,1.3128732434099544,-0.37604081206939205,1.4569760983294338,0.04576282772078778,-0.5821109065136111,-0.7241657083986012,-0.5476220807915857,-0.04348583400573895,1.5319859633309778,-0.36087534988924197,1.3518926734967724,0.8477745907063037,-0.7073166726304242,-0.7429043424577926,-0.5452027488788932,-0.646876167125567,-0.18123759763431346,0.02516096829343118,-0.31677345752713587,-0.1956461502904376,-0.574759668928051,0.438183795672901,0.9516053719062649,0.13683456653049905,0.03369409322628646,0.5195781927749797,1.5584196146877736,-1.0902234559571542,-0.43614381078094533,0.4298880773787897,0.7215214617841565,0.37832724556516417,0.49615604282293896,0.35227638556721863,0.6708547142593088,-0.8819425989560428,-0.4595776427480418,-0.7611682538804797
Bearing3_1,acc_00392.csv,-0.6448018262616839,-0.16355258793581817,0.41506316341961047,-0.5061950287972912,-0.3309700059322853,-0.3180061905463004,-0.3168857016533413,1.0028205206795708,-0.22879052711962242,2.7879508496930874,0.2713625337857522,-0.35574463449165517,-0.6754926635612963,-0.4982122438994138,-0.26126269749242764,0.8360563181588694,-0.12154602266574331,2.4130928670303335,2.145490656988433,-0.57945615597418,-0.6407270592772061,-0.5038506124368239,-0.6166018282908516,-0.18090622769063147,0.1002710696519121,-0.40643973033885544,-0.12583238605332422,-0.802088968754736,1.0185637196551953,1.7397398056823952,0.006944181197476815,0.5156210638250371,0.4788793019333808,0.12025141300388312,-0.9908068570523858,-0.47695096107609714,0.6782690214582021,1.6784389706835223,0.4201722292841987,0.46462715794693815,0.6442795457262035,-0.34176760744184354,-1.0345668338558722,-0.4887080371763834,-0.7611682538804797
Bearing3_1,acc_00393.csv,-0.5842668874827194,-0.06985417608647052,0.3679595787297647,-0.3778664196849712,0.24996718879310006,-0.4044184262902021,-0.14362833702999409,1.4064644688197436,-0.3498806852231729,1.7928598220059182,0.19593033208465743,-0.5174730834930445,-0.679208409665975,-0.5622553893749889,0.14480323757554306,0.8563607083042696,-0.3482446305721023,1.6941655578773795,1.1918122582772144,-0.8417776865346113,-0.6919129947864123,-0.5587886691513272,-0.6575002413607516,-0.19207969547057607,0.04856574532932949,-0.43971793468134934,-0.265470894531983,-0.7226180977765791,0.8665430543347616,1.1579341086902906,0.1892233697008076,0.2792923417495416,0.5003622587520875,0.5039250550483828,-0.9199500470528508,-0.4763642357654847,1.259357935051426,0.7309440652576981,0.3889647145067436,0.22046766860097797,0.6641318680986499,-0.023615588435406728,-0.8806163818929666,-0.48528381171847745,-0.7611682538804797
Bearing3_1,acc_00394.csv,-0.5590976653563375,-0.07272245800676452,0.2370103566912899,-0.449513441973628,0.39945085228255994,-0.4366803756639286,0.2523269954533466,0.761670014054919,-0.46079641255477743,1.7422835559068024,-0.10740000438004554,-0.6512114638697744,-0.7064922479254293,-0.5399295662676578,0.054272999267662256,1.1915050470846296,-0.38761894587309986,1.5497835843431182,0.9921316059661984,-0.8157983878255867,-0.6918315280150069,-0.5442535121871229,-0.6530144592211982,-0.19978578765527247,-0.05157363534619671,-0.4631359303297709,-0.2696534450781016,-0.6270701074901104,0.7842091529527133,0.49070505591520575,0.0033749785608663896,0.7773594481375864,0.6658074506740096,0.22857954337805914,-0.9094423554973602,-0.3961771275297756,0.7308174942610296,0.3061156215364401,0.3020063407806392,0.8717727569424885,0.7784806130621998,0.00822508662341498,-0.9354536229206103,-0.45524961142170045,-0.7611682538804797
Bearing3_1,acc_00395.csv,-0.5874976334476725,-0.142093889376243,0.26032282416036717,-0.4659754209851209,0.044219226030517624,-0.3188102246127447,0.10575304220999221,0.7942968474405014,-0.31369336541568776,1.6145846687921122,0.27296117407727877,-0.35503107937116757,-0.6427334170263872,-0.5340198080306439,-0.0340431672995447,1.1795647954883288,-0.23703534190642378,1.323739878887017,1.2560596532063828,-0.5619701259365159,-0.6686693395933996,-0.5343841845752897,-0.5985272305726531,-0.11911340462388129,0.1433692963990486,-0.14699298907607922,-0.034835548535987346,-0.5859189890463778,0.5342149932846475,1.05849827988854,0.14134214709114595,0.019420064713159785,0.6461745500271984,0.843034941559417,-0.8992035414213155,-0.4235800494097431,0.30151038752910914,1.093248430961636,0.3178611239197205,0.1537578525501673,0.8474221082541713,0.262560816179525,-0.8315413202456503,-0.45653601869568106,-0.7611682538804797
Bearing3_1,acc_00396.csv,-0.6092534206101969,-0.12131962334021042,0.8509014857333135,-0.4566220238194999,0.08173210637035372,-0.3785224004337841,0.03815789026526542,0.8760305341449817,-0.24581861058402743,1.5584416807887036,0.30103797620530504,-0.19502021757671106,-0.6569019027674772,-0.5362739562942056,0.05805248134747468,1.052865555797107,-0.2842657789274509,1.4997951397737768,0.9368961358479471,-0.6715955349486666,-0.6714935317165703,-0.5394368849361089,-0.6186718077324345,-0.19257966676604876,0.15909033648229776,-0.461749338482167,-0.1783905961459167,-0.67301405232484,1.1235015107120834,0.9118659176531196,0.08331199514976673,0.42100563621544357,0.48196253671391515,0.25117993287661033,-0.8466289633182414,-0.4446144479883222,0.9186438375544455,0.8744864799744667,0.23793635065971158,0.508427023154914,0.4822970766053756,-0.09061153060999524,-0.7310158203940148,-0.4714439381376289,-0.7611682538804797
Bearing3_1,acc_00397.csv,-0.585638546382401,-0.1530804459164319,0.3930107272262698,-0.5075045044004781,-0.007607354245327908,-0.4007639135902741,-0.35795485765453144,1.6962416578612498,-0.3205170942734166,2.0970223580878375,0.031137818669582408,-0.5172216008047423,-0.7131366401477175,-0.5360429895226377,-0.18533723446980063,1.498410994345065,-0.36724218091709,1.8974083933347292,1.2677277822947952,-0.6003635643268327,-0.7320819495876298,-0.5352857992079663,-0.6528203662006955,-0.19241328586745898,-0.09045245318730903,-0.4703770210894802,-0.21619458376339165,-0.7293567612634787,0.7981079710000036,1.2015765820649915,0.12194039757312433,0.44650170298927994,0.5267001123835822,0.45289529012632157,-0.994476853757622,-0.44994317431057995,0.6702335110879051,1.14680854997048,0.3336910108569018,0.48924971926685445,0.7056994313554132,-0.0666300574365741,-0.970570197191944,-0.4623941887168571,-0.7611682538804797
Bearing3_1,acc_00398.csv,-0.6705029224393904,-0.18207407815929316,0.35117006413061697,-0.5509042672489596,-0.3664187478703651,-0.2017152279745869,-0.2310366398588431,0.48328788971071907,-0.11830319311526019,2.8135071847220567,0.3781880121580191,-0.4877894148401074,-0.6389166793959872,-0.4247944768904557,-0.1765569892211943,0.4111688103260112,-0.1037451872672449,2.5403114584168613,2.0344681800320608,-0.40468882216903646,-0.6278235633689966,-0.4391771146160758,-0.6384942185629062,-0.18516460080174646,0.14701203197333543,-0.4509647352230255,-0.18959491339995282,-0.5478652004913733,0.6833711765713306,0.4479743918261922,0.18537710059225088,0.21256340003220267,0.902022713712278,0.39512799815314203,-0.8883968526826691,-0.38019206996053906,0.45270830650421895,0.47603445871849054,0.2134883095839499,0.8473295005464315,0.7243123607468265,0.2653184542821138,-1.0091577918504264,-0.3938302238137416,-0.7611682538804797
Bearing3_1,acc_00399.csv,-0.5936524784578512,-0.09938340427455018,0.42428642273197903,-0.4352962782818841,0.27892904529968016,-0.43840821297435123,-0.12714651866652338,1.516250350847961,-0.2650932162705666,1.2875723700647421,0.09433638243829677,-0.6687113362184112,-0.6662244287124697,-0.5551377914122381,-0.16023628790121996,1.7159702432647188,-0.24244382990018035,1.1893938098431163,0.8012155518504378,-0.6377222776574211,-0.6864469775748672,-0.5489429385859164,-0.6214244744836398,-0.1687167372657549,-0.08958761301209119,-0.3620687912155304,-0.04026065617973691,-0.675065655926375,1.0252591423787178,1.0637870023892533,0.19615113924794977,0.3236563151391811,0.14842234662719275,0.2865203877161425,-0.6681479032918543,-0.46544726851309876,0.6685936070978987,1.1362567917638542,0.31842451367970553,0.2668429407338932,0.385928662747462,0.0653114404079552,-0.6551951136936622,-0.4794022436072283,-0.7611682538804797
Bearing3_1,acc_00400.csv,-0.638850089164879,-0.09628445365217732,0.2941016770559986,-0.39077410777352817,0.1762705558179079,-0.40300135414178345,-0.21487670879303533,1.3708137630974593,-0.2681533584902792,1.9079866515143802,0.3573463247216507,-0.4671216971091325,-0.6730976595051097,-0.5686279790776636,-0.11269042404555939,1.0410191139568152,-0.05994900510089448,1.7353773027629913,1.416198306054824,-0.6813597481418718,-0.6992894602960366,-0.5526253644721952,-0.7278757465949397,-0.18815184104024515,-0.3058791054888357,-0.47838844065341396,-0.2444748471334628,-0.595171397328748,0.22871123887316314,0.3021572088395868,0.3482016521124866,0.666691732347993,0.7333353938919736,0.639207633857942,-0.9559832123914875,-0.4770200731585866,0.15723911592576928,0.4289824135030085,0.5271659404610016,0.7130031196608002,0.7375333139324239,0.40268061957783136,-0.9226825138698578,-0.4942811077133442,-0.7611682538804797
Bearing3_1,acc_00401.csv,-0.4849280891065857,0.21073698154700915,1.223467186088985,-0.16778911934512356,1.2514232814530935,-0.482077936411951,-0.047753611223396226,1.5265226443255453,-0.37862342701424595,1.351126242224744,-0.0023232224296194717,-0.6805123664690251,-0.7225397050958343,-0.5598674344154654,-0.2520150193285577,1.8885495939024166,-0.16448955400090942,1.3223098629211278,0.7533340567734658,-0.7798900627707628,-0.7615689450539309,-0.5518376522027445,-0.6494026516726641,-0.19175131380438296,0.0682749877714856,-0.4461886966368343,-0.1694772818205595,-0.7359997106262046,0.5045793790259727,1.4300046725454114,0.347215484341819,0.6983731996511395,0.23668066444529387,0.24589709019532513,-0.9789410280933715,-0.4708798811728326,0.4919184024569757,1.2355924176319073,0.5636358911272221,1.0854933846345076,0.10290557755781946,-0.30535950685128865,-0.9407037228965529,-0.4856302740497472,-0.7611682538804797
Bearing3_1,acc_00402.csv,-0.6724838223889544,-0.19421957785366958,0.5846458982859839,-0.5522137428521465,-0.24499753574465297,-0.2822684800884217,-0.40602196231353743,1.00473388592154,-0.10638327574408878,2.7726396836971463,0.50615813976112,-0.41455737098052564,-0.6348294819974739,-0.5138572336932067,-0.19429618992231787,0.5909747381336063,-0.05547785180434534,2.64661781075654,1.8132874478490029,-0.4697770160277988,-0.6386552197568353,-0.5133655888303666,-0.6429179137571684,-0.07787537484891789,0.23422896603354637,-0.09029678908516386,-0.02487836099735106,-0.587009363412102,0.49609599284550887,0.1826463427940083,0.10103544861405965,0.6147685867158088,1.1278246413402773,0.6961164292009503,-1.0286760125419707,-0.5067037063146616,0.40420219701322513,0.36355390446362007,0.16868039326175288,1.4510436292512028,0.7512164132567002,-0.022420278851956577,-0.9199494067814289,-0.5244860828561904,-0.7611682538804797
Bearing3_1,acc_00403.csv,-0.5940693316380513,0.0962606345368859,-0.11990144590515119,-0.3075288729995013,0.7900767665695647,-0.35867747900848856,-0.27894915345663945,1.558325996339763,-0.25644194487105815,1.506876589388863,0.06832542808054821,-0.554111948281691,-0.6884393223505246,-0.4550484713355084,0.09061998670043586,0.777997746712504,-0.19152478074652482,1.3031508746611635,0.9477766758005411,-0.6472448504758528,-0.6917172029370954,-0.45490911162802045,-0.7118550498803753,-0.185425659787676,0.12401913680149927,-0.48039129554439736,-0.12679885504617225,-0.5332060284026205,0.34264217030695265,0.6676982181740791,0.26586717353985,0.5404453419271253,0.5321217893089771,0.1927212941464327,-0.8570802400403147,-0.3239294022671897,0.17283696777004234,0.576518900950958,0.5552891892438042,0.8984756176088975,0.4476976702527121,-0.3530327636416362,-0.7709794923727028,-0.3725119664941925,-0.7611682538804797
Bearing3_1,acc_00404.csv,-0.43921037858665324,0.0827011149043028,0.6337147075498913,-0.2508472861758381,1.1164612501215847,-0.598880420046006,-0.2773628391763467,2.75074178912308,-0.4689386666636875,0.3875618945276934,-0.11105021350326921,-0.833543091034514,-0.7348000928905462,-0.6155617163418438,-0.19326566957550392,2.814111936771471,-0.4922825535383702,0.3895305706576098,0.08585798965707474,-0.894328521265949,-0.7614320699240325,-0.6105009363786381,-0.6562591981053395,-0.18395326366329118,0.0773977989690491,-0.42200037218418823,-0.1518914867575886,-0.7417100733785724,1.0064391882236063,1.5755347909076063,0.17166690374577862,0.13074480617959758,0.39240186668201255,0.24470017376300013,-0.8094535943936855,-0.48230179101803594,1.1962203504649922,1.2897619401080775,0.1489367176629109,0.26677347962033504,0.5884700891315201,-0.2231969222877573,-0.7684660492529451,-0.49878415522552777,-0.7611682538804797
Bearing3_1,acc_00405.csv,-0.6278037823473623,-0.07084439524505896,0.36205191123519115,-0.4018111164289609,0.17257009802341838,-0.3688568913380977,-0.30516430072207523,1.5316163879578601,-0.1953948000288692,1.7288938536790184,0.15805573284590166,-0.43754095904528645,-0.6678921531563149,-0.5324459748322246,-0.39053973783350227,1.9556302297698414,-0.20720473302912365,1.5779858196342629,1.114936088735848,-0.7036878004960782,-0.6819226210178164,-0.5303660502228976,-0.6586747307513681,-0.16284522831905726,-0.07716335624925459,-0.38286766892958896,-0.07279910235125642,-0.7799195692952412,1.34206414051917,1.5446547116480083,0.1837919665338112,0.061650623119315684,0.37647470567996766,0.28047588845408106,-0.9099953932267565,-0.47016993823676506,1.4894701841247444,1.4545662208950714,0.26964149979010704,0.21391533720267097,0.352392668720731,-0.20105625403005198,-0.936526779042283,-0.47570779568526667,-0.7611682538804797
Bearing3_1,acc_00406.csv,-0.5269759557540303,-0.021761017439691194,0.5581774185160523,-0.3488708884715461,0.6106558236983649,-0.559090875758711,0.11156621185948336,1.4710290365418195,-0.3886573478014725,0.8820288592654986,-0.08936421711209293,-0.7231736012666031,-0.7357566212616233,-0.5723946794030481,0.1995594308509054,1.4114130852966464,-0.4089273706867766,0.8069570597697314,0.5054001155984106,-0.8508911207160702,-0.7573612401581707,-0.5730886945537967,-0.6796382096698451,-0.20371420120335335,0.10239562425171123,-0.49795479228071354,-0.2787752803564508,-0.6340572934325565,0.650567745171402,0.8729018951895436,0.1723684857959608,0.21266832929650314,0.740883274030575,0.8364872726063485,-0.958141426780768,-0.5071641535095331,0.642062735449264,0.8447034748914386,0.15019416223038,0.6216079823562537,0.6921541967639143,0.41079691475975,-0.9046484373286046,-0.519433458815701,-0.7611682538804797
Bearing3_1,acc_00407.csv,-0.5813868324740584,0.04479170795856766,0.3285991105956883,-0.3217460366912452,0.6250777012188469,-0.3787709202095592,-0.45915977681922426,2.380041911412012,-0.32761494568728733,0.9230686290253832,0.010859599125399447,-0.5355479961044819,-0.7128218556931779,-0.4747502110136843,0.11087878989930158,1.246412633118183,-0.3215821285177006,0.7461162516130332,0.7999178702777693,-0.8499698030446292,-0.7274502716255461,-0.4757627460650474,-0.6933978139665687,-0.18809249964265684,-0.021216560575412564,-0.4546623134833026,-0.22536445208652603,-0.5470976509599371,0.4991723475635455,0.5798904543127918,0.16611131257122155,-0.008779090919400273,0.7973105944401607,0.6885153308224248,-0.7521285675612533,-0.41294150009684566,0.5813598446648105,0.2940147718937486,0.2267714335941726,0.6245173499195447,0.6543869258326562,0.27218081308304465,-0.7497300254601676,-0.43311940502240964,-0.7611682538804797
Bearing3_1,acc_00408.csv,-0.5182533919864852,-0.02921828905133948,0.5001359433474384,-0.38347845798434377,0.7791286815569102,-0.48921835956332177,-0.18789184617635254,1.8742042686819742,-0.34620526817506747,1.2224680879989842,0.027532011915804417,-0.6369941567601336,-0.7279687305120088,-0.5748557563080617,-0.28807866548992705,2.409685823478229,-0.45261747457060186,1.0852945817774209,0.8626487809306247,-0.7746445094932374,-0.7512439640270036,-0.5763783840833315,-0.6312543368561203,-0.1460578330415244,-0.26594726792424045,-0.3531329770865274,-0.05452417940480338,-0.7229097625533177,0.6488458232238913,1.0960509151875668,0.26069093967688234,0.4497225205082012,0.6592590035496562,0.07940141298764752,-0.8213295598383727,-0.5094420874087865,0.7536888619529137,0.9760784156775221,0.19502394064307638,1.259485374885427,0.22646750782781547,-0.4091426556859431,-0.7825892833809444,-0.4884761022995816,-0.7611682538804797
Bearing3_1,acc_00409.csv,-0.5994220831277869,-0.02628140188523942,0.7409379679909763,-0.37861469145822085,0.28971555622730566,-0.34483195319033655,-0.10871576065453882,1.1918405191329589,-0.22059066533139698,1.419733725642254,0.09867402284017675,-0.3142229724439297,-0.6978908436888829,-0.47084090416175184,0.02779126169209636,0.8984066033880757,-0.12700314060734186,1.1403313154707775,1.1177008277466256,-0.5813589633310361,-0.6857286462756264,-0.47064010514409205,-0.6538093556254371,-0.18077157522793408,-0.024113538471750975,-0.4321687123999503,-0.14388384657102657,-0.6260898775305876,0.6638832212390404,1.3828016398243985,0.22030798477999125,0.29957120448603425,0.22279680636436613,0.5653446944055548,-0.9170265864097169,-0.40692170750884643,0.5665037316393735,1.1527705552781844,0.5027618349903048,0.4976041746592817,0.2837327552841892,0.2690350620074485,-1.0406539953062297,-0.42435169994196575,-0.7611682538804797
Bearing3_1,acc_00410.csv,-0.5359265616821054,-0.12858677879954483,0.21748514594525054,-0.45849270325262415,0.45821237411991744,-0.5278212228541689,0.07412001420281808,1.5727649057046627,-0.40230050796514893,0.8533767327084453,-0.059292850871244585,-0.7288431119730651,-0.7413422190201849,-0.5685465711608144,0.05157283465189186,1.7596619185383982,-0.3659053310631713,0.7226626666780983,0.4210734471363236,-0.8661342108686086,-0.7571707339274697,-0.5652663257689964,-0.6792146836629446,-0.1930163677278982,0.007454063400205765,-0.4771559145666549,-0.1899967997508603,-0.6690603139016795,1.065002545694165,0.8745817266764041,0.11191661919429688,0.25973016596352827,0.4826309567837035,0.5112346146014122,-0.8783517177243458,-0.4317205559108325,0.7559485629563439,1.4312187088234405,0.21630051382826665,0.6284449924978747,0.33894957255314423,-0.048351773183641124,-0.9461603822700893,-0.44209365382264076,-0.7611682538804797
Bearing3_1,acc_00411.csv,-0.6424624437357755,0.0069864494056214605,0.9437776523898861,-0.40630074706845903,0.30293844606258163,-0.40512305749788735,0.05799424521416056,0.8168260760631826,-0.24687826845891717,1.765217200433257,0.13601978780947124,-0.4619618429431413,-0.6558210977806861,-0.54865134002805,0.024018591460449244,0.9570968380742305,-0.2348565485043109,1.4438504337021378,1.5626402987068186,-0.6709690228313915,-0.6747796817914989,-0.5453683750240627,-0.6934627748638196,-0.20206898574876406,-0.0969499922431839,-0.5090475270615449,-0.2820804295757842,-0.6131681805333493,0.6622120184913423,0.8890821078557962,0.20292128703659407,0.14082460290352278,0.8107615969818569,0.6402206959555784,-0.9361389335807212,-0.47494609219121997,0.6677845473784813,0.4747342519956917,0.43646512725077546,0.37504838782551225,0.8453582213452617,-0.02301819711988684,-0.7544616226955524,-0.48336339116888294,-0.7611682538804797
Bearing3_1,acc_00412.csv,-0.6284252831225043,-0.08740765626104043,0.3579130919198409,-0.4029335240888354,0.17559984380561836,-0.4422593951101395,-0.06768114741805134,1.6311428558989227,-0.29941037439543194,0.7792916560266692,0.22351907580489022,-0.39713895489503964,-0.6868368149839268,-0.5522420477088782,0.39929313845624886,0.5320656529397634,-0.22542549871120093,0.9015448073279909,0.6221117405849241,-0.7425283566584462,-0.7013776518344129,-0.539775928257226,-0.6863272192387224,-0.1949228031970674,0.06421745249458688,-0.4976466607590238,-0.25227274004140027,-0.6444785366662841,1.0991392366902397,0.7389574654731546,0.07780746159038918,0.03337338979533608,0.5016279264115165,0.727084852345392,-0.7293646528112081,-0.4791064155777714,0.6522943507327517,0.8659996116740375,0.28163701365136773,0.18153560970090196,0.5104937016977321,0.3449099817929537,-0.6642647774870402,-0.4823079732057419,-0.7611682538804797
Bearing3_1,acc_00413.csv,-0.5420983576724779,-0.10254473630359125,0.6692967425922908,-0.4100421059347074,0.30412936830272824,-0.4862012331365865,-0.07664239402207783,1.4672954121153543,-0.2888106450090485,1.483435014254022,-0.13314440787087986,-0.47164811940852097,-0.6907614283106824,-0.5949141572334773,-0.15792581944380304,1.7652787030882733,-0.22557883301457235,1.371980100821054,0.6954773972945034,-0.7703957456842591,-0.6982868142858795,-0.5910508780351903,-0.6311633022114245,-0.1930897291418814,0.039735853852551364,-0.45127286674471523,-0.266387071830133,-0.5135364954046185,0.3970976379351824,0.7135182753588111,0.20688662265780208,-0.1712350042242054,0.5983159597601183,1.1507746528476497,-0.7361102182368,-0.45527784188394793,0.282279832516537,0.9646837857791141,0.26540273944841936,0.1318691804956316,0.3310840623261627,0.89813642906159,-0.703071494199494,-0.4662484720867226,-0.7611682538804797
Bearing3_1,acc_00414.csv,-0.6747335117728427,-0.1427065282648927,0.2991114369018427,-0.42856183232263706,-0.1860657812665455,-0.24635411406029617,-0.4643451045625976,0.8676869322963737,-0.06262653759346484,2.9813201668815412,0.6214757264570403,-0.15143487215014972,-0.5972774328202983,-0.4934351364232121,-0.4445239248118799,0.7466292228571002,0.07235866650169084,2.9122309225670695,2.1973035615110423,-0.31845529433178943,-0.580551910356012,-0.5008778692595771,-0.6165734642356001,-0.16757261888159775,0.20313339623994753,-0.32416861404769015,-0.13215390838919694,-0.6916826883523297,0.9149171556543261,1.1098681434931843,0.0859849204893667,0.2600322837606101,0.6934633626817838,0.37772573510282975,-0.9894028212706553,-0.405501202476757,0.5805988852627523,1.3879610048341051,0.30029265782541265,0.7642388174504339,0.42813087902012126,-0.25024753301315134,-0.9470554116827272,-0.44364977482614504,-0.7611682538804797
Bearing3_1,acc_00415.csv,-0.5893790076406497,-0.012096847364369352,0.7253189761391641,-0.3619656445034155,0.3271612070364282,-0.39116710558313567,-0.1121190817798598,1.5519043940120918,-0.286286630904024,1.068148287207632,0.11016566974600926,-0.24807754329706133,-0.6478894762141943,-0.5506642371738261,-0.005453747071674324,1.3153558838123611,-0.21491690538295866,1.3340600105959692,0.45230779518815223,-0.6523219801680026,-0.6529850262787399,-0.5446552735990642,-0.6487530914915404,-0.18476191629132244,0.06437047707860657,-0.4015096259918194,-0.2004740291423024,-0.5578750103817863,0.4793208727559696,1.2159249538936392,0.09160611072076781,-0.04634860923727257,0.7485276417664669,0.8366535995350708,-0.8790882994595279,-0.4513960333096119,0.1777333866565993,0.9450612420714116,0.17358596095846132,0.4946944365871902,0.5904863861687379,0.6691877200028916,-0.9154946047664145,-0.4255527812385,-0.7611682538804797
Bearing3_1,acc_00416.csv,-0.6951913188753001,-0.20640975743546403,0.3447988097425154,-0.5986065927936267,-0.3744437792807707,-0.27760445781033627,0.03949520309059263,0.3441159523364856,-0.2079262781243974,2.2932875816681255,0.3381661616204669,-0.30235856235582903,-0.6192455653162672,-0.4787985681600257,0.02321907066904681,0.5334094578422054,-0.1983633971995535,1.824376259095446,1.779775375785006,-0.6006028437174353,-0.6171259572625019,-0.4891184313435596,-0.698238325494858,-0.2006904087017205,0.057797987943831425,-0.5004198444542316,-0.2700517386164504,-0.4962277528019549,0.6235773829061486,0.2802065526860615,-0.021239058694656823,0.7471167491444287,0.4780070039046274,0.6822193988888123,-0.7735379936475386,-0.4506594062664511,0.5011173810958227,0.20926161217672418,0.2302258740321949,0.6722944026595679,0.6798629512090237,0.3519330723571714,-0.7561818809747941,-0.43891962155413017,-0.7611682538804797
Bearing3_1,acc_00417.csv,-0.6269392214087859,0.22778926977199787,0.2597817036813431,-0.2609489551147088,0.7650446671536413,-0.47675854092305175,-0.09645045751468806,1.4612566517684389,-0.29966717525055275,1.346195561246156,0.18194954498974072,-0.4118245339125471,-0.6650679327514973,-0.5751821518194238,0.3967540468322689,0.42197799940676667,-0.2586637565109483,1.2595743047601615,0.8628869484558102,-0.7664642610410113,-0.6977182266228114,-0.5651353493653698,-0.6911221056801798,-0.19503879651935097,0.09397130637949962,-0.4996495156500072,-0.24694847890835853,-0.7508577550427198,0.9065188877914686,1.035188147750197,0.23230838140404328,0.16811662978110795,0.673573956614113,0.581807213815782,-0.9513445460159896,-0.5106717257904736,0.5032141667761982,1.3015564961556711,0.32360649359170124,0.5835048610281343,0.5219124611009157,0.17439148247384922,-0.8877381942855367,-0.5423760189192157,-0.7611682538804797
Bearing3_1,acc_00418.csv,-0.6679635449213916,-0.026515104050009328,1.0885831568788709,-0.41266105714108126,0.22476167165463626,-0.29065342417649426,-0.21290496276882562,1.3089260346555172,-0.3385514304761985,1.7750426987432517,0.29225317815606455,-0.05146930728481199,-0.5600289208317584,-0.505445600721024,-0.01446999619432784,0.9949595756899939,-0.32121569196808913,1.6759400032485046,0.9548584399173293,-0.2636375167863141,-0.5809422200540048,-0.5105616012740054,-0.6634803810179907,-0.17892752798063444,0.1387899137781668,-0.37439405208312065,-0.15806594244676656,-0.4108755539771358,0.4558386744416785,0.12722334512303957,0.15337296877690212,-0.0011951239554131247,0.6085021632463294,1.1551433943475404,-0.5957843404563814,-0.4773611047394311,0.17731987750336806,0.3862852631268796,0.024383409026843078,0.451970942066897,0.5503958278208662,0.437381818963383,-0.29821530711382394,-0.47357969297263436,-0.7611682538804797
Bearing3_1,acc_00419.csv,-0.5989198094472188,-0.0755670901192422,0.4061547751354293,-0.4038688638053975,0.14955304852983284,-0.4387316998603294,0.19636641386211034,0.7763751060119021,-0.3373248483109507,1.4930709585223438,0.2022170141040636,-0.41714239859665503,-0.645926254785671,-0.571537168594687,0.20006419257018282,0.8349943600009042,-0.3181611462151863,1.5451685875822985,0.6191876278641122,-0.4743506772380483,-0.6697395155307684,-0.5660866003514776,-0.6009331426714937,-0.0506073887235595,-0.5039502756651467,-0.18319844287462597,0.0793636852508212,-0.47932579796058905,0.5082469842620468,0.5843215646159673,0.07477117467540458,-0.1082960992783161,0.028388352779315017,1.2087847323483507,-0.28736413217916595,-0.5013105234412633,0.3931868288378847,0.6107854250632466,0.17713553079247907,-0.011333568736610851,-0.07927962871774812,1.9189619411409138,-0.5656987294158118,-0.5506696180567957,-0.7611682538804797
Bearing3_1,acc_00420.csv,-0.6063684085747608,0.09732513711369047,0.6233152538990135,-0.28844794278163455,0.4662481146165505,-0.5215266758240714,0.09154539005169846,1.3400160821584592,-0.39023374508271136,1.1296385625788259,0.11533962173275171,-0.3494337423863188,-0.7223133906099776,-0.5862561911031433,0.17913649827858172,1.0942382174320886,-0.2312104183988161,1.0192546026065576,0.6898355392509536,-0.6581988042506441,-0.7184759144557167,-0.5854425502014545,-0.7077781023934253,-0.19560627184493332,0.112372863465137,-0.49132996456438377,-0.2361018538848697,-0.6577064819668491,1.0721816045688477,1.021572267247507,0.15490239317934063,0.2123901743146194,0.40415679762880014,0.626619009198718,-0.8855848217386192,-0.473282897679791,0.9585080155229119,0.695835311809353,0.36868147057093287,0.5194980249410587,0.21595814483278533,0.3526350893807649,-0.7934821186548648,-0.4993778268256114,-0.7611682538804797
Bearing3_1,acc_00421.csv,-0.670012018320541,-0.14810300146932429,0.5051263672857002,-0.477573633470491,-0.0372293991497611,-0.3796027580826785,-0.011155180815618728,0.9780610994940422,-0.27591685400827853,1.6819428195550339,0.3840869482608559,-0.055742484053260516,-0.6685817527441645,-0.5566350786600559,0.06046434834627734,0.9345342076588573,-0.25938250954592146,1.617817820089109,1.0433675005523504,-0.44551261476541,-0.6545720895214884,-0.5590615101011555,-0.7085595288487805,-0.19763748635607653,0.05159192859818063,-0.47392053358891245,-0.28089907530740954,-0.6312804277309437,0.8882588733021505,0.9385573376753772,0.08082095745261848,-0.09848800960990446,0.39656786206822686,1.0369688206865504,-0.7227190024082537,-0.48563967508722256,0.5669194022030135,1.208625136002373,0.35440655880142646,0.0893110547662331,0.20457502252047732,0.4680359272376436,-0.5474456741054541,-0.5418096797043479,-0.7611682538804797
Bearing3_1,acc_00422.csv,-0.6129094908896928,0.029996228950913074,0.632150614565444,-0.3490579564148585,0.6776721392632604,-0.5092931212210173,0.28041936076049995,1.0088238055394714,-0.2467863909123281,0.6212169405514327,-0.03205170069735455,-0.5224675218492861,-0.704884305217773,-0.5780439563297551,0.36895577965911697,0.8158531345172879,-0.1690032425384543,0.731504537295717,0.09952878360845037,-0.6461386469069075,-0.7170673642552908,-0.5752370252540743,-0.7296604832411667,-0.18780045443525611,-0.07893700160987059,-0.48871084663002085,-0.16066829171454253,-0.6777506490974998,0.7498713485420357,1.1383707519046837,0.4089944769643891,0.1739777676186104,0.5425572953009639,0.23851539118968282,-0.8939541206834988,-0.4529342456408587,0.4319122058409896,1.4515855283745323,0.4304162762553167,0.6342116711761661,0.43135020303484184,-0.149681652893849,-0.8888205964707321,-0.49833416810829584,-0.7611682538804797
Bearing3_1,acc_00423.csv,-0.6371425990381854,-0.08819281373591509,0.890438150974885,-0.45643495587618754,0.18635681099228502,-0.36617787504837773,-0.08345938370095429,0.8779374536038662,-0.20876203409994878,2.179666929312737,0.28481473638115146,-0.42555624347548243,-0.6575497642502699,-0.5680324104659481,-0.20848333785697692,1.158465254881312,-0.09975682625223735,2.0713931064626925,1.4406877361389725,-0.572305808610952,-0.6552418389017413,-0.5703125899827731,-0.6836451005642391,-0.1654127532331247,-0.00877235057193207,-0.38456239229888267,-0.037499631915765996,-0.6625748892504476,0.485693524781804,0.9800039565093377,0.15236523257084705,0.25831650057477434,0.8242606982868745,0.6064140030750967,-0.8972641827513625,-0.5004052512113681,0.4468539477756056,0.7622679519642246,0.4207101369346385,0.8636887620368067,0.4747051808584968,-0.035279660135770725,-0.774288999089441,-0.5202046315428097,-0.7611682538804797
Bearing3_1,acc_00424.csv,-0.6364181530912988,0.07513060936464785,0.7206252764341747,-0.35878548946710437,0.6432487666098333,-0.482548582074964,0.19710672749320435,0.9947805059212262,-0.3434626847250197,1.169702520344213,0.16610827990213,-0.288111841951361,-0.6811678190798999,-0.5917642311549578,0.23829746526489878,1.1210763502782268,-0.4008464241523965,1.008406024670625,0.7600737198690789,-0.7059665150671279,-0.6982250393233564,-0.5848367279674219,-0.7136393713211219,-0.18278975863047062,0.027785283341696415,-0.48100755858777694,-0.09005664106131749,-0.6257870234515521,0.8155700375468745,0.714739418846112,0.20586263480566727,0.05277580921418908,0.5636542696523512,0.42628199222474084,-0.5907040011679887,-0.4960060896352684,0.6959425924474865,0.9812243476280388,0.17324226842546295,0.14480890308691324,0.5691905516270969,0.1919560582000629,-0.4825950308528945,-0.5414866843435467,-0.7611682538804797
Bearing3_1,acc_00425.csv,-0.6391003721961004,-0.16394690179984092,0.30168196797844693,-0.5146130862463502,-0.06808169015413333,-0.3510007264101646,-0.20349097480744013,1.1904416906938082,-0.20631776905266488,1.886179612439481,0.22337447827894447,-0.18802307986529507,-0.6597150100645347,-0.5218720418811705,0.31995986280539424,0.20561793168297987,-0.11130839296687027,1.523922739304923,1.0499420615475479,-0.6843643366051846,-0.6683976189905326,-0.5442123419997219,-0.6805801663408679,-0.18432407129591277,0.1264283780024566,-0.42261663522756776,-0.2091433447919503,-0.5299683722583451,0.32436032071941556,1.080210894410931,0.30660743907617827,-0.04719467828111022,0.3080888266132216,0.5963464204722497,-0.5837507723151407,-0.4210166478965738,0.32839271106391105,0.8434375393326181,0.636778928367638,0.4577416781361447,-0.03663068540084017,0.22991705990230726,-0.574878359669253,-0.47245439906070547,-0.7611682538804797
Bearing3_1,acc_00426.csv,-0.6006419244029945,-0.12815870114274747,0.3139144655644807,-0.4721486631144308,-0.013244167794959676,-0.4852825527968516,-0.041123824019302826,1.1600306728906775,-0.22164674734653003,1.5950397395938116,0.13000883010476819,-0.6674275712485233,-0.7127244323997755,-0.5610394368966085,0.11383059173057407,0.8034503207695785,-0.06405899303642137,1.2488923043727667,1.168204778235155,-0.7065584318935697,-0.7561934117045315,-0.5490902746334985,-0.6769735992099926,-0.18718429449798324,0.22494881746592468,-0.44572649935429964,-0.1979295947545062,-0.7788880260272167,0.9116316778761313,1.428475718251155,0.265498432392364,0.13753007650654514,0.4833773213719905,0.30330549286406283,-0.8739845273522481,-0.4872926079277095,0.6650570785048979,1.4411215579350973,0.5245787113570349,0.48396740255366166,0.1392906568720965,-0.005394726198706978,-0.9148267401436009,-0.4667845882328993,-0.7611682538804797
Bearing3_1,acc_00427.csv,-0.6516900748271435,-0.14067994758401478,0.1688351216486113,-0.48655289474948715,-0.1557828652170303,-0.36505023420456184,-0.13365735869843812,0.9964897862821197,-0.19687266478640825,1.98630396022844,0.332257379808402,-0.2728206225036765,-0.6677251113202302,-0.5381645789792855,-0.06547998776570292,0.7739591704016385,-0.04463208338259911,1.6918712091848174,1.6677243896307834,-0.5616958517930345,-0.6293923714964437,-0.5423391893448816,-0.6761454073888107,-0.18607420984118037,0.14509127980502998,-0.468066034676807,-0.13363826401328596,-0.8189130431730814,1.183196926520582,1.6199656850921405,0.22463655760372642,0.3885076518237408,0.3798222069843066,0.06641786725391315,-1.0423494558649247,-0.44677278758908,0.7852491694114292,1.702747932615823,0.48436363056028586,0.5161041025858989,0.4193381748889488,-0.22621629283084052,-1.1720205977872415,-0.44383297764527585,-0.7611682538804797
Bearing3_1,acc_00428.csv,-0.6985079294152116,-0.16592315408975813,-0.02812579995874284,-0.5310750652578431,-0.21642067693244724,-0.22755108363293233,-0.24384076393012352,1.0067061706863387,-0.19808071573262992,1.848014758184429,0.7062066018411399,0.1638817494055321,-0.586541139379966,-0.46876352725445825,-0.11887897975467812,0.8005546495443921,-0.1539703099851753,1.8554699751736734,1.3248609058333956,-0.3334907180889101,-0.5986646584122093,-0.45763806090745923,-0.6757800247837207,-0.19215332147697978,-0.0008618351703596715,-0.4753071254365164,-0.19571073450227688,-0.5573324414700007,0.8324595932247505,0.6182983635632144,0.10845130893711713,0.3256041682451743,0.2968861550186656,0.7526123859345262,-0.743765699085143,-0.43567010660823163,0.43563959236278577,0.835077478138128,0.5293751586112345,0.2912173606244668,0.37629461067073267,0.23475816549294107,-0.7185116641351658,-0.456744823911153,-0.7611682538804797
Bearing3_1,acc_00429.csv,-0.7157959727176486,-0.13203520537652247,-0.1418192584521045,-0.5286431819947816,-0.09255381934740176,-0.2593738077180443,-0.26607083531550924,0.9678929161583002,-0.19291654658260343,2.1399984155934937,0.6134502915765379,-0.1564701856800916,-0.5911949209692102,-0.47591043288024676,0.07954508607531441,0.40064920088889977,-0.27332352481153666,1.9220366475366712,1.645264501479486,-0.30943586876403273,-0.6269044409831175,-0.47463623977331,-0.7287576650689269,-0.1740584161916579,0.277280236641474,-0.39950677110083593,-0.14798991405434042,-0.5680086824974455,0.45723718978568245,0.8169481992725868,0.17384612809692138,0.14829968561102796,0.7225411972351876,0.5171621793011926,-0.8165036447515276,-0.3955389483703674,0.5057542455961436,0.582104990227476,0.4013415300965255,0.3916416387482905,0.4367580119306301,0.3257364272827509,-0.7266422378779909,-0.4330601430779665,-0.7611682538804797
Bearing3_1,acc_00430.csv,-0.6699165003126778,-0.10343342067137544,0.17334581712556668,-0.48580462297623744,0.011334826188748153,-0.30515218319598175,-0.21873767568644242,0.9280665694066805,-0.16511372735221122,2.1524082435629115,0.7477577958155545,-0.2573964688623321,-0.6144292995590902,-0.534595347526466,-0.1582310922894267,0.7569954138160265,-0.04718143416505482,2.158300326518837,1.7336897480250695,-0.4403486485401836,-0.6458659164226257,-0.5319561474108017,-0.6962902799065946,-0.1781258586196299,0.04570148443354357,-0.4794669009793281,-0.07598270970876488,-0.7237786076226677,0.9274782415947017,1.2527318346483407,0.10489316731422438,0.24971514365990088,0.44238346697575626,0.3397823151449445,-0.7931320601773661,-0.4662474699229417,0.7652138615371675,0.9218607512108749,0.34024013406865206,0.4312481054095524,0.5862270067262693,0.012972599105486173,-0.8306722493982812,-0.4731241883031364,-0.7611682538804797
Bearing3_1,acc_00431.csv,-0.6232439785216447,-0.10738359457385953,0.21031422450679543,-0.4452108792774423,0.2427906183449665,-0.3788412822081077,0.11991389531522444,0.5703371674910561,-0.25908037810103846,1.936721078689503,0.16319713328588073,-0.41560348187176005,-0.6829514481629335,-0.5205372819797042,0.25033494606886103,0.353074670630038,-0.2956863677231914,1.7168616062050839,1.4177448539605415,-0.7163904269859559,-0.6831573639719358,-0.5135296592094861,-0.6610343127546376,-0.189840066582456,-0.009598317681039449,-0.45158099826640496,-0.24395490026835906,-0.719660114939066,0.8786556912487998,1.15130834050914,0.22125647208467025,0.3340229423001035,0.4774295876787636,0.2574402352891413,-0.9182239751076877,-0.42298454476177827,0.6338294311321278,1.0513063855210156,0.3847944709517708,0.7888918062324481,0.38097829586299015,-0.0889478811791838,-0.9834186412572208,-0.42833369661435333,-0.7611682538804797
Bearing3_1,acc_00432.csv,-0.6291724956443295,-0.15348725823611864,0.251845036999496,-0.46616248892843337,-0.20067942748587433,-0.4430664572349752,0.2252093828924717,0.5928524957012928,-0.38207978290262407,1.921893052078281,0.47913746451604033,-0.49139122564353105,-0.6913524260570588,-0.5986782561011484,-0.026158266855802016,1.2634072960152287,-0.3455905652636806,1.7685471738612946,1.3555798205726413,-0.7243211801046208,-0.6823928451863148,-0.605650740310782,-0.6788688130103645,-0.18736282758837924,0.1304275648592018,-0.4315524493565708,-0.21254343433194767,-0.7380360708669741,0.8058100710651275,1.156148202491963,0.2737199627749735,0.19877765849338927,0.6013873485298387,0.35647865345897617,-0.8887454896109765,-0.4833697210033612,0.7313048311061959,1.1660473786061472,0.3359479879224505,0.5439266313346446,0.40447118069575994,0.18602874719972712,-0.9622901289119449,-0.47569674433346765,-0.7611682538804797
Bearing3_1,acc_00433.csv,-0.6587329219814511,-0.21341260804201406,-0.09992442943468284,-0.5636248873942041,-0.5090249626197888,-0.4689662125264529,0.15950203596998688,0.6965349071224473,-0.13568170692572176,1.3623939287858906,0.2669213311063779,-0.34963741393797615,-0.6733909532112441,-0.590081364746592,0.2698587260782271,0.5548545557403564,-0.16152777434772939,1.3461053621619379,0.9119942621758022,-0.48281055238811543,-0.6749216222350127,-0.5887767850244436,-0.7088631714404895,-0.19925977373342701,0.10348484770827938,-0.49610600315057496,-0.25536491857068394,-0.7555197671226104,0.8706736416009274,1.2512100944469118,0.2167141168860068,0.14968411490247185,0.3175826417437267,0.5212984696083788,-0.6842537690812786,-0.5519153288023912,0.8913410746062753,1.1076326307306656,0.33749052014849346,0.5056997075662156,0.1433063800815904,0.21281171106427618,-0.7213393622068869,-0.5421328701945497,-0.7611682538804797
Bearing3_1,acc_00434.csv,-0.6506980419225976,-0.15668715946356102,0.1725574828236554,-0.5170449695094116,-0.2087121830018267,-0.48151514895003744,0.1821294400539934,0.9389348301388777,-0.28669515255647593,1.2129028049117272,0.1501502847535905,-0.4072334978236179,-0.6916408574354256,-0.5824739006687848,0.2672161192093604,0.6460992807832591,-0.14299156028053153,1.2605568490052788,0.6662183044302081,-0.5502245959291318,-0.7259378845014136,-0.5705314035120184,-0.736372860369346,-0.2057872645540943,0.02124824411886781,-0.5403228765130553,-0.32248625644489226,-0.599628233982307,0.42663970584740357,0.9673536768541771,0.2291662872352158,-0.007150775951850189,0.35396118820580896,0.9663247319693666,-0.6839748563465562,-0.4756949789609393,0.3274534243550709,0.9961007683456755,0.5432159556353722,0.04617856164677515,0.45947209126987815,0.45904605581668967,-0.7055260751654814,-0.49289092522018824,-0.7611682538804797
Bearing3_1,acc_00435.csv,-0.6398584371600187,-0.08871340265041253,-0.1949035831869162,-0.42107911459014014,0.09548710422408452,-0.3744577123070607,0.06982896309191644,0.698938546877407,-0.3162884019189349,1.9085472154852747,0.3526532356611282,-0.012688684524768621,-0.6434591912747745,-0.537357306180589,-0.06401533197061755,0.9546722272231185,-0.16794652411823946,1.8031723198014136,1.2291500789831018,-0.4561176912982122,-0.6725828234514926,-0.5283234914698592,-0.6636527392417607,-0.19417959697761455,0.07667194919101858,-0.5105881846699937,-0.21550493993264072,-0.6370603083232036,0.6169008256279348,0.6527092545968757,0.20736024011717016,0.33980542446437667,0.4837848948653662,0.663382083140922,-0.7234018044408379,-0.5120734570131623,0.3871724015687228,0.6403024938375723,0.3854257549610237,0.6408739830546364,0.4558526123448872,0.18292325961807276,-0.6715393041345927,-0.4958736570331411,-0.7611682538804797
Bearing3_1,acc_00436.csv,-0.5707547256044582,-0.06989647598301184,0.3302542319064967,-0.3653328674830391,0.21304126223848344,-0.5304065141687315,0.26490113443880875,0.9730559219988366,-0.33913897859844183,1.071303093733145,-0.004964904844727415,-0.5549940168964995,-0.7224568199357831,-0.5896618509020419,0.14762636808274499,1.2686689545302918,-0.3048898261373879,1.1029345361206384,0.6621810901665696,-0.8344362970392821,-0.7394745745932916,-0.5851677577140386,-0.6479314130060214,-0.16623081961911956,0.3157534427401005,-0.35975780480285724,-0.08438933809482257,-0.6014670891465657,0.5364502589419334,0.5792306665478487,0.273286538840886,-0.027636954630142336,1.00699296811545,0.46865540200849803,-0.7848970463893732,-0.4615106827079244,0.3379454906299315,0.5847973746985099,0.5381966068401278,0.7802109623913449,0.4423236426280867,0.03067639860703513,-0.7892151765385605,-0.4691346905039842,-0.7611682538804797
Bearing3_1,acc_00437.csv,-0.5558767347845529,-0.026241823151762454,0.7121867136621468,-0.3687000904626626,0.6321524829382718,-0.5196996970118661,0.3200770657121879,1.0050635472748026,-0.34414470762603816,0.6952957280970914,0.025032400257712275,-0.5136218184909587,-0.7068321591772599,-0.5819060460614581,0.22427612082004145,1.3771452523991845,-0.36329239951482184,0.6448634467357588,0.40058242331160104,-0.7980043704069798,-0.7223409065173989,-0.580062393012203,-0.6537739725123867,-0.19326774586053697,0.11869208669072007,-0.45065660370133576,-0.17438647521789666,-0.6893886227813643,0.7860974440153965,1.3588033481335353,0.14914061150110422,-0.04199598545507278,0.5149987217205442,0.6997984035819768,-0.8394625900168116,-0.47521241409801346,0.708602281525882,1.0316163970888543,0.6343651206950164,0.3853619290327543,0.11800540241296718,0.014862075837662716,-0.7128894892344577,-0.5022856337189529,-0.7611682538804797
Bearing3_1,acc_00438.csv,-0.6949104556822022,-0.2143614493832894,0.4387700012615867,-0.610391873222309,-0.4117221092959204,-0.3248146678295775,-0.15067253544456383,0.6536843687188357,-0.12835911734008817,2.4892977577553723,0.3163766148305158,-0.055948150563317624,-0.6584429109866957,-0.5206051252996456,-0.1687780031344807,0.6299914685889905,0.02199882799659284,2.422012618874154,1.4856677700716414,-0.3870036915399571,-0.6465633682249349,-0.5221038731741602,-0.7025134688837367,-0.19895513642059406,-0.03435723829763475,-0.4865539259781925,-0.31407413774768833,-0.5495291646004369,0.09708786980851479,0.3320632315848351,0.37831033108314127,0.4063623765805325,0.7268776859979472,0.9250933310864741,-0.9203908981886867,-0.4738984283012429,-0.02005269024578783,0.6867597364569813,0.2861524859250431,0.9652846457084339,0.5565156935261931,0.3240662641536444,-0.802045411690648,-0.47841758554688896,-0.7611682538804797
Bearing3_1,acc_00439.csv,-0.66586844915583,-0.18232381702795875,0.2046410084988206,-0.5570775093782695,-0.2526518506533199,-0.2534007409978286,-0.06499474350590599,0.9807593222653247,-0.3236672808308341,1.660480031533647,0.21960574407726577,-0.29612829287282705,-0.6714362198590033,-0.4229101022311969,-0.07462158598572326,1.0105178907483103,-0.21777958979773243,1.6979166291884664,0.792688277332985,-0.6530758204048785,-0.6633669027059631,-0.43140351413274475,-0.6927801052901642,-0.1967047106385843,0.08643574785335784,-0.46267373304723625,-0.2486194048017873,-0.43003221863039326,0.24566323023550196,0.7584976555316906,0.009953248395971611,0.04933050157355471,0.5093084177737156,0.9805478355703998,-0.6882306818414239,-0.35868551635275875,0.3390557505893675,0.6975593789043222,0.12947784208924382,0.22165238344288596,0.5867335668174315,0.3760379496467802,-0.589494170278856,-0.38523965998659243,-0.7611682538804797
Bearing3_1,acc_00440.csv,-0.6904652794287951,-0.174092828858204,0.38781993121442093,-0.5495947916457726,-0.14943168447991423,-0.113349386827892,-0.3065651824650577,0.23985862303347377,-0.06793200573923691,2.952081186425339,0.725893188990918,-0.2841750104054285,-0.649669405140182,-0.3157055069209808,-0.3339330293535713,0.2605622625142963,0.0043213325848866,2.995321780957997,1.801781085111033,-0.6088460715456637,-0.6368373454269742,-0.2899668035753901,-0.6628582115765193,-0.1958250676395681,-0.024770088992961133,-0.47777217761003443,-0.1864424961803031,-0.48978566498613074,0.33040584778015114,0.16423437662147053,0.14091818817030688,0.4323430100567631,0.8334118925311932,0.6876215874396022,-0.8758437418431836,-0.3748726032842723,0.2689418649728715,0.28011117977062333,0.22002147578007533,0.9451516747057842,0.560627305344885,0.41915461469210635,-0.8701315648031875,-0.4023301191477583,-0.7611682538804797
Bearing3_1,acc_00441.csv,-0.6327600733624809,-0.14369120421099638,0.3489535024994178,-0.5265854346183451,0.173126810904118,-0.42302019329267737,0.08087022385849511,0.7793517588169034,-0.2083944325641839,1.6211840156484876,0.20290962089558867,-0.3664160680634777,-0.6814189228104822,-0.5478723926117403,-0.08615879416633127,1.180648334612797,-0.11039791280552906,1.4952060487378067,1.0104551422110217,-0.48389674290015106,-0.6922052265601131,-0.5449484428057737,-0.6929977882794133,-0.19137968638528569,0.1222582643808192,-0.47191767869792905,-0.23546925974366656,-0.4978347519152944,0.3101473242412755,0.42644276281286453,0.30725702699613244,0.03322158449750492,0.5037663705243248,1.1076283596080663,-0.7654441092998329,-0.4276962337565067,0.07335712005830881,0.7422548137339845,0.359575004440754,0.524267350817386,0.2020219218577343,0.9199506819065695,-0.7482255767288953,-0.47305396901052166,-0.7611682538804797
Bearing3_1,acc_00442.csv,-0.659102927086436,-0.10733701155537241,0.5217084578229679,-0.47907017701699034,0.15431428021630797,-0.20738721280471162,-0.2745595530286462,1.1746714262370161,-0.28326500711095215,1.6964844563768542,0.9029930090226376,-0.010442575483917695,-0.6310411547062792,-0.4248483618306615,-0.3409074599304439,1.2211475223628676,-0.14665241534144619,1.9550578180810798,1.4169488286453291,-0.42317229308302357,-0.617992440230301,-0.4266615106835399,-0.6491764098491797,-0.17640785599216596,0.0752144539814466,-0.4136808210985648,-0.08536843386676558,-0.4092335795663029,0.20403938747158068,0.429796678377095,0.11012748348793837,-0.16421651580834892,0.8920674767773857,1.0512726473184921,-0.7513461431618752,-0.3705844741818946,0.036735059675767616,0.4277712049619474,0.14411345011527782,0.47880058131930975,0.6543210206507001,0.8979414210161774,-0.8507327791332085,-0.3672735035537342,-0.7611682538804797
Bearing3_1,acc_00443.csv,-0.6733686279168497,-0.1587700376672803,0.36127037080858776,-0.5561421696617073,-0.10196325464701907,-0.36708812515146244,0.02857321792976996,0.6835115722991665,-0.19625701167583132,1.941345998494956,0.23252083605791518,-0.17866940711561954,-0.6585611358736131,-0.5444743722756527,0.12722316789999358,0.590628765097253,-0.19345022869973563,1.8060999576946108,1.0088908034724242,-0.24979896367826349,-0.7243825074969173,-0.5333371038232749,-0.6932555301737993,-0.1858002928158464,0.1294028015192931,-0.4304739890306566,-0.1750038604200958,-0.5662239507178889,0.6245920122468569,0.6616834606503195,0.09356472065736535,-0.06286577636229072,0.6042123933077965,1.221402198460364,-0.7838307953407795,-0.48414995166514135,0.4141192973720734,0.6317550442516653,0.14577356004034414,0.18303092408818242,0.5275013765142949,1.0895464331134423,-0.7610293495748861,-0.4741577715032748,-0.7611682538804797
Bearing3_1,acc_00444.csv,-0.5776986979146802,0.012468780425896149,0.7818716749177785,-0.33783387981611335,0.6730009561942898,-0.5226519082407337,0.10395912288485179,1.251597274043967,-0.35297918286542423,1.2641112651284003,0.009459828385073695,-0.6015871429059659,-0.7269170712526881,-0.5885066266712695,-0.18703414243295738,1.846721266354174,-0.1418375061323308,1.2822119490651986,0.45771339036742387,-0.712223186052782,-0.749413140282748,-0.582865117440327,-0.6864204560163583,-0.19238495687837093,0.04009988500028696,-0.4720717444587739,-0.23533317040758267,-0.6452791338710053,0.3595025660758949,1.3742623069654185,0.15581529084751614,0.02886193564467348,0.47347351088459655,0.7035543836825281,-0.704919592966538,-0.48376286687181685,0.36680503926900015,1.0202786370073564,0.40948331473348204,0.4196612072916329,0.2359623868163454,0.13584491004716928,-0.5197884018568939,-0.5136140673149222,-0.7611682538804797
Bearing3_1,acc_00445.csv,-0.5819143221896107,0.1570928046909298,0.27021982626349556,-0.31145729980906217,0.9022968719709776,-0.5155304942119078,0.45403534931867234,0.9740459983180717,-0.47686325700222354,0.7072142017930249,-0.09512444540311618,-0.5866275800755665,-0.7135596724322142,-0.6156364580954696,0.7179107019227159,0.3504213536315471,-0.5235275454570356,0.8314656485686199,0.2775388659098307,-0.7139728545050366,-0.7273836824325002,-0.5952748263113421,-0.7259114730788285,-0.1994524274576964,0.059349723299552536,-0.48747832054326184,-0.22339474647399754,-0.5819392497119077,0.7095683558510602,0.701043861276497,0.1489848279478351,-0.02647680258388549,0.5287558061495895,0.8640633272653954,-0.6656010291434707,-0.485568655537703,0.8561208999150834,0.38747277540682123,0.27787150495430113,0.11227389137299983,0.48325277713423315,0.482627337785344,-0.531162061883199,-0.4941200868339141,-0.7611682538804797
Bearing3_1,acc_00446.csv,-0.5747005422643042,0.23000794663771582,0.44521444328073617,-0.2025837568012338,1.014989038170566,-0.5274418141457343,-0.05213503291516299,1.6414541027884664,-0.3833363013394685,1.2720996976859227,-0.03438308616296428,-0.5725191578606639,-0.7126750946764074,-0.600137277116781,0.14920315509858034,1.1919739536931055,-0.237117295038264,1.1212704440793284,0.6708363799978506,-0.7726921522851732,-0.7377169856225737,-0.5964315950079802,-0.6974157934388782,-0.16406513404140802,0.4346567268482271,-0.3978120477315423,-0.046374771426502835,-0.6370461494262116,0.5117907177446899,1.1457955852395338,0.22071039924029517,-0.025837187559663105,0.6160266217165195,0.8634368811382747,-0.9294489447875481,-0.43330448968248586,0.447354613290921,1.0828021455384085,0.3311633299530213,0.33527006029349127,0.4376793903654431,0.6547834323003182,-1.00281647100783,-0.4334352278137877,-0.7611682538804797
Bearing3_1,acc_00447.csv,-0.6572887673879617,-0.1585371341846878,0.3883617536755401,-0.5249018231285332,-0.037302376654317695,-0.30787867744096253,0.22969079553126528,0.12898845506976395,-0.2767280952329788,2.1780170634188227,0.40656259338927286,-0.22936653865630488,-0.6519911928980592,-0.5090006543768814,0.1777624962809073,0.3932057639560009,-0.34758230556381314,2.1514555481115836,1.3204906545782595,-0.4507929017210073,-0.6812421806305141,-0.5186785540314502,-0.7030057978101392,-0.19841433158241253,0.07440054108203618,-0.49641413467226475,-0.25912759731027074,-0.5380245177712699,0.38935152950205903,0.4930074520234339,0.1793496586519136,0.13612508113131347,0.8864715787771009,0.5635832603086542,-0.8112959395038056,-0.38634344573684026,0.3357853540611353,0.3827858711742952,0.3593544026826862,0.6942486414120861,0.573036676509171,0.07052635257407061,-0.7019905123684921,-0.4153362033571894,-0.7611682538804797
Bearing3_1,acc_00448.csv,-0.742738767194221,-0.2330151745466401,0.20360760616247875,-0.6070246502426856,-0.7311605538760708,-0.13771796007507012,-0.15398830751289685,-0.0888278188598835,-0.04484560161743584,3.1800940215281863,0.5680082584134677,0.1688172187626538,-0.5687994267997665,-0.42646891651319746,-0.20213538922369573,0.20073720729816513,-0.11530277229454765,2.8920691447579396,2.1513349515050675,-0.11893019261733671,-0.6032614750760741,-0.41933767370216757,-0.7032874795270845,-0.18719576287027923,0.23957445130346883,-0.46174933848216704,-0.15204892380625346,-0.46277368501437555,0.4709652732777866,-0.012608709862040388,0.1972722275166168,0.3711701854234058,0.3403326019587298,0.7918178677456991,-0.5539957282767223,-0.4181672226473127,0.3738145726830826,0.3068386673143242,0.22991214067452542,0.8153361529376288,0.16367703922469481,0.28631236394599935,-0.5060829702927164,-0.4218111547893941,-0.7611682538804797
Bearing3_1,acc_00449.csv,-0.6440036017184854,-0.1234775141771672,0.35093244606501695,-0.4270652887761376,0.04082005136882886,-0.3871791774339022,-0.17879985787495187,1.6803885158371086,-0.29480273597993484,1.120854044912261,0.20502636460753804,-0.198700317087226,-0.6545438805378866,-0.5580093633192453,0.010319893208955294,1.3463237531039454,-0.26145719205878937,0.9823507867343486,0.9427711321632295,-0.46159584795900277,-0.6619295149399961,-0.5561943546174167,-0.6394076295812203,-0.18051471116367793,0.04616279937415884,-0.43170651511741565,-0.15266517167330457,-0.6595259852521697,0.8591404641356039,1.1584783804007115,0.3301007762126419,-0.25205477173842467,0.39634389154649763,0.8071790340802296,-0.8222552075696771,-0.44179601545369473,0.8439264829669834,1.0385832570530857,0.45253471536868733,-0.056906308451601516,0.29795824594853587,0.04224749411676786,-0.5412399618970798,-0.4705625796374118,-0.7611682538804797
Bearing3_1,acc_00450.csv,-0.7408366264012903,-0.13279638768155227,0.3889774580217804,-0.5226570078087842,-0.18654150620046434,-0.3485605581437017,-0.013673031652613682,0.4624836128045815,-0.06241570372568049,2.077789504263326,0.47613293397773165,-0.3177511845844138,-0.5948949750813508,-0.5497615273932271,-0.006164424242886308,0.47570061537556185,-0.06621797934857468,2.2159238831661607,1.3987646486695522,-0.5054044011314495,-0.6261867527247565,-0.5325601304225004,-0.7201968616079776,-0.18953067455864853,-0.016236778781794213,-0.46328999609061583,-0.2119142570690809,-0.6274568351262267,0.38270205202672414,0.4152185363036046,0.4219409087849431,0.44865422519877285,0.3227397519861844,0.6927031579001895,-0.7204819860707128,-0.4926582021773499,0.20965464653866475,0.6751353261861706,0.4011680342679658,0.7198091296544705,0.35013261997077527,0.373852857897966,-0.7156898866528216,-0.4883043454575365,-0.7611682538804797
Bearing3_1,acc_00451.csv,-0.6308661525812383,-0.15050606004255077,0.3916931924113419,-0.5320104049744051,-0.04288220341467332,-0.4141517620108084,0.20640982066717567,0.7258126126830052,-0.25281442423984835,1.2946294575219937,0.31442357606207527,-0.17546235918590702,-0.6365072351846905,-0.5888737454480453,0.005717925798111207,1.2463613116435648,-0.2098560247320548,1.3043971948578037,0.7189053279622414,-0.32179587157802336,-0.6356507123600024,-0.586108723891086,-0.7034234079062492,-0.19070263395045214,0.09772306385107574,-0.46221153576470164,-0.18043766024117347,-0.6287308155704916,0.4015944258015283,0.7947356512203718,0.1948743353582083,0.1743295879958862,0.7652546249158079,0.7587601720572185,-0.8125717590146713,-0.5064031424934299,0.44203763455764095,0.6674557402232367,0.42852104619863296,0.41261294761231926,0.7846391249709802,0.14846040379470563,-0.7933508894157247,-0.491686319340421,-0.7611682538804797
Bearing3_1,acc_00452.csv,-0.596891579000415,-0.08665750683118366,0.3362535441709649,-0.4323031911888854,0.2454534864660462,-0.4972373677868751,0.23090731421725427,0.8038390718056605,-0.283519512279494,1.3276171522291367,0.15198779438907659,-0.505714870114353,-0.6822696018958408,-0.6019632367431568,0.23531441953807408,0.837764827838153,-0.26400666252202154,1.1958766057744623,1.1028163133504336,-0.7166142488594037,-0.6890805900081819,-0.5993065587096047,-0.6541022107754824,-0.1653870442658594,0.013462593506477917,-0.32879058687303647,-0.12700644076811443,-0.6936034042403595,0.5388971916501215,0.8678384292583312,0.5231097638651057,0.1500467294698521,0.5884278103550263,0.5954942646039656,-0.9234459863330235,-0.5037426640811773,0.5763746132565709,0.6740805661714742,0.7123724220752983,0.5106717060534879,0.5077736155264952,-0.11960214206366764,-0.738253167053532,-0.5422768696656066,-0.7611682538804797
Bearing3_1,acc_00453.csv,-0.6191850981245707,-0.034884995752630314,0.0631906656530802,-0.3662682071996012,0.14264328939142493,-0.46428909279246844,0.013266869050905565,1.1906051908996298,-0.28118043470467763,1.4433609921232273,0.06029239809726027,-0.5002121516068471,-0.697774922800684,-0.5650864797477988,-0.016257306941376726,1.314965383480041,-0.19798933242390973,1.226710427457889,1.0377467704867027,-0.7791176676803567,-0.7198356527666904,-0.5588312782772338,-0.6546940964468368,-0.1613883286075444,0.06881956022229854,-0.2554552847108741,-0.1629920022314164,-0.704984509657061,0.41455942484235847,1.2245962617920183,0.06653300321633103,0.5941889240467249,0.8443434837880147,0.15544353258547963,-0.9440921157901955,-0.46498347066550794,0.5500620352912724,1.0584709978975815,0.27881010781969584,0.6209175860022093,1.1418278137611577,-0.21432956789743435,-1.1018410611444787,-0.46844750489853515,-0.7611682538804797
Bearing3_1,acc_00454.csv,-0.5674503786736755,0.01950442280601481,0.6999351778298971,-0.2985496117205052,0.41280602149453416,-0.4921023215605445,0.10149426986690037,1.0961478342973807,-0.21004898881407696,1.1570731114865263,0.05249990839877183,-0.6605687807676264,-0.6663937296986344,-0.5994715562483459,-0.22152284307066689,2.0106034526747365,-0.17740250486912004,1.0904259409867931,0.5990135835301553,-0.7617598786700794,-0.6674102836804549,-0.6042851848993273,-0.6365664144851428,-0.12024766541692661,0.042779371000622964,-0.1733382341805537,-0.09342540190135362,-0.6129490091290324,0.36647371059752526,0.8956597073460199,0.36996160076575013,0.17172775235868754,0.20017125386361967,0.9296219889445394,-0.678301253309709,-0.5192078047286461,0.2846990563418284,0.7108843171526492,0.4194719538004814,0.42793855410794557,0.17617069338821945,0.7272376323337361,-0.6188498044169413,-0.5192426876463709,-0.7611682538804797
Bearing3_1,acc_00455.csv,-0.6084540340810776,0.0008827390313817899,0.5781046061938179,-0.40910676621814535,0.5598536696603307,-0.33269883407011197,-0.18029668620794995,1.4111082448686563,-0.3576054785615529,1.7880331889981298,-0.0103463895468416,-0.5903190397019942,-0.5586792308903874,-0.5319413245844828,-0.15620871010563353,1.2921910700637171,-0.22203221761925207,1.6963358758038314,1.0279379364577732,-0.6763838443108499,-0.5680789534203528,-0.525438097493263,-0.628158789671858,-0.037745162609681124,-0.3888761293056359,-0.12619411136202074,0.06963502000099582,-0.46532283283557124,0.15460588923166177,0.8027569298817184,0.06850774192270745,0.05974258616393048,0.3940139733703408,0.5583552019340774,-0.3549308124140787,-0.4201148077322639,0.5394856882811185,0.3747409189372657,0.2225995186722594,0.20743016533966147,0.433162783071978,0.9158699532562876,-0.6859796670661766,-0.44132289802066677,-0.7611682538804797
Bearing3_1,acc_00456.csv,-0.6195486682990174,-0.07753124896822873,0.7016384261311959,-0.4788831090736779,0.4999466787645366,-0.33463903692241004,0.22600422728533787,0.5278269304141808,-0.3505080833469852,1.6465021483074525,0.2046798066268055,-0.5715822214678139,-0.5976075042290249,-0.5159685802566766,0.31699450445951466,0.25915032679367445,-0.27128499197511224,1.523815203074297,1.0927934105564354,-0.7151911622219709,-0.6522703950868897,-0.4907608054213576,-0.6087438614971563,-0.07671736491474009,-0.25349082306436865,-0.13975189831637008,0.034884313970413486,-0.5924638198747653,0.6731044812990603,1.1877693512517222,0.012262336547116795,0.1970498744507332,0.5964490306407951,0.4877022001953567,-0.7378190358536533,-0.47262063827651524,0.7656505453425541,0.9616611248155863,0.33125826707271205,0.5774082789058959,0.29676332935195343,-0.6098252929898047,-0.36519210081095943,-0.5104761241457102,-0.7611682538804797
Bearing3_1,acc_00457.csv,-0.5877587549241875,-0.11554380330700573,0.7068989082325486,-0.4627952659488098,0.23943834851417584,-0.5494206305181631,0.2569803926230705,0.9676157004731784,-0.3214258792882111,1.1392995322739023,-0.0947137732336942,-0.6319699414792139,-0.7308003707084774,-0.5909568161366667,0.020497553138728124,1.6757118871726797,-0.31183520636985246,1.0198865940022421,0.492241912854547,-0.8366884048213157,-0.7389591422280153,-0.5932719434219953,-0.7033222446836465,-0.1691307806489889,0.02189782121516003,-0.3848705238205724,-0.1311768303930208,-0.7455862042422043,0.6331571995303554,1.5097226315997252,0.2733753881073809,0.11487523391853946,0.45158586957954333,0.5183913473539367,-0.8945406192471654,-0.4771988266422849,0.804602745629231,1.0534974410055187,0.4369080696958973,0.45685470648339876,0.36361207790968453,-0.22400430561809168,-0.6468300444597528,-0.5246515446799562,-0.7611682538804797
Bearing3_1,acc_00458.csv,-0.6997004384977846,-0.19351829694165074,0.8031223714571871,-0.5875695841381938,-0.2702921239238932,-0.4060951758180444,0.054759793522795225,0.5109216090808548,-0.15326435686513287,2.1492293619009892,0.2390065227399835,-0.43644218676208685,-0.6601679049730049,-0.5572202116640574,-0.09239384193494934,1.0146425470468514,-0.22172325620166988,1.9407467054494676,1.554779815247901,-0.46029391730571234,-0.6915285311380737,-0.5556783473725894,-0.7199409505729009,-0.18206020189137465,0.06075409987582425,-0.4183027939239112,-0.16460038581564462,-0.7300193411755443,0.8583387305685187,0.8725193786025988,0.3717995188538588,0.19436973915699662,0.34658026871009645,0.4625205327384866,-0.7437382076001197,-0.5038090370359691,0.8936359415670307,0.8173806104617789,0.631249918393438,-0.007350264009223956,0.4138072649165806,-0.043695126100664235,-0.5323227052432342,-0.5457542514155382,-0.7611682538804797
Bearing3_1,acc_00459.csv,-0.7120400267530231,-0.06736119799091911,0.36248303290939693,-0.4229497940232644,0.0907455262094032,-0.29430957226065124,-0.04933780515662045,0.6030530208840429,-0.21158533400678126,2.276987318602619,0.29497555611004245,-0.3266305866838606,-0.6153345582894005,-0.5026307232932475,0.159430191206105,0.16110294190662,-0.14768463233880186,1.9649226947348264,1.593322998944412,-0.46371988518957785,-0.6323436985340141,-0.5048056596869466,-0.6931912185073827,-0.17708795136499253,-0.1778618717823383,-0.42831706837882827,-0.11997191389305391,-0.6181314950268004,0.31360836788847246,0.6027601171810486,0.2584970898265859,0.31574091729768805,0.9717867660668612,0.14537666892021206,-0.6976306933395653,-0.4877114901410989,0.22789361494168203,0.4377594238032028,0.5876109770482476,0.9507735334158893,0.5131004673738435,-0.3416204127898533,-0.6605537764274207,-0.4751835323855221,-0.7611682538804797
Bearing3_1,acc_00460.csv,-0.7142092898436069,-0.17292788158252143,0.6467411313252284,-0.5933686903808789,-0.1365639320597277,-0.38074790746471665,0.05180226641276813,0.45703886707665575,-0.16838761859308582,2.1117006390152926,0.44542913058550876,-0.18630163681318235,-0.6405557264550004,-0.5448139324807493,-0.12122136001051495,0.6869763294621609,0.10568177799372645,1.7817827105661237,1.6879979511147307,-0.35532450529481624,-0.6510386000563898,-0.5472210801318972,-0.7310055764744923,-0.14517747193265862,-0.011604256312068583,-0.2651614276441015,-0.1323261370630435,-0.5932881069980062,0.5301860253019017,0.5755570736737531,0.1221794658660843,0.0633354078131394,0.8181056382580099,0.7774004024069836,-0.7305468995463108,-0.48461736845637887,0.3426313068549162,0.6443731338038342,0.24981344509297831,0.44778440493018185,0.7315611457611133,0.1300157931159948,-0.5178219124532392,-0.5275393260035324,-0.7611682538804797
Bearing3_1,acc_00461.csv,-0.6179752220092526,-0.06762850470786987,0.3999660447715067,-0.4147188045175179,0.3278463636731748,-0.5179309625503179,0.2023840902796202,0.7756495357636142,-0.22849025567231077,1.3804876490288458,0.16013025939131595,-0.48506884605347195,-0.7091027692690385,-0.5921895175353815,0.43758836766315684,0.3941185855272365,-0.22425195261748557,1.3744302090809593,0.5612458004880244,-0.7408175389977311,-0.7339508934687303,-0.5921435346266386,-0.7182143438960296,-0.2017260430610852,0.03472519100901666,-0.49918731836747265,-0.2766283790971837,-0.7414491806865031,0.25912496578960603,1.3807686945148914,0.46435814419606597,0.22989983798445052,0.5221176706525005,0.3127660655355803,-0.8324054570242602,-0.5020877946363362,0.6114854528380457,1.0082883242527432,0.6790306232554805,0.5910495801978988,0.15772782350067333,0.2247671262317366,-0.8509797555380141,-0.5625856731598886,-0.7611682538804797
Bearing3_1,acc_00462.csv,-0.6934479104564534,-0.15544703929406717,0.33964304814388424,-0.5374353753304654,-0.30038813731105457,-0.3893424105928401,-0.0006105732553088862,0.711261887315733,-0.265634373705712,2.068565149921609,0.5464631033033956,-0.2796352227511865,-0.6663393004148523,-0.5401680015485952,-0.01565729290938625,0.7466699358581061,-0.13298196156310926,2.107179575603461,1.189660514750367,-0.6569734755315819,-0.6693612920418769,-0.5417274490313118,-0.7399645645258418,-0.19292047328419018,0.17612911806948656,-0.49518160858550575,-0.22003499709612825,-0.6535779485285981,0.557878116619534,0.6677366951906625,0.37044272637379616,0.0689281560591008,0.4901051863595402,0.8835229611706503,-0.8939332152165103,-0.4217537267227598,0.39736417157339066,0.9959141976239682,0.45434147733158303,0.2512735313942672,0.48295023747731924,0.14870733556317953,-0.7295086522423692,-0.44628461944279196,-0.7611682538804797
Bearing3_1,acc_00463.csv,-0.6618334016599469,-0.20593043193952276,0.2765160379596389,-0.5628766156209544,-0.3889634967186471,-0.42801294775161847,0.036807589495427874,0.7167474822076199,-0.16882652790243338,1.8028223532143808,0.35310969568209033,-0.3531328936973535,-0.7015513891214973,-0.5461529369828235,0.10523064228005563,0.6232809122899485,-0.14243056842414548,1.768532320356964,1.1193840024620254,-0.5500555205939515,-0.665217488904957,-0.5506387136670237,-0.6794544592530066,-0.1953030024409133,0.1626590924664639,-0.5078150009747858,-0.21371900369525487,-0.7731880035177973,0.8858827229650411,1.3706813249769654,0.32701899524757366,0.12819634021905177,0.6098871291697244,0.16033976915469478,-0.9680197910525986,-0.4325389963909951,0.56250121863526,1.0476084002633081,0.6756012765183991,0.5541460118524462,0.40214391739376526,-0.11422849758362702,-0.9853827937364874,-0.4540403182523956,-0.7611682538804797
Bearing3_1,acc_00464.csv,-0.690148384186753,-0.19984541055100177,0.31886099398599244,-0.5641860912241414,-0.43262266543838773,-0.36681802855236495,0.0800963978199986,0.5134577301519212,-0.12896597894986958,1.8658383987565088,0.27804683478261477,-0.3370280555701246,-0.6486779493093046,-0.5429223398081334,0.07195051569193886,0.5063230943230342,-0.0011567538423568702,1.6591510732983386,1.322390060002502,-0.486524036995367,-0.6567785780986425,-0.5432950802846004,-0.698871095835284,-0.18277644678993618,-0.001188336268839704,-0.45543264228752695,-0.12414739620467513,-0.6369690430618361,0.627613180796087,0.41900217017777874,0.32878790561427373,0.3662336162489349,0.8349786377907792,0.36493896106986395,-0.8495158468061544,-0.4896756663442082,0.35448401697377785,0.6622027170888299,0.6000333337891924,0.5019811697322503,0.8110555465766748,0.02943604778295492,-0.8366305925206354,-0.5257144642621138,-0.7611682538804797
Bearing3_1,acc_00465.csv,-0.7175809374605858,-0.22034225900917015,0.47262852422275353,-0.572978284559825,-0.6059831972305563,-0.25590662396416547,0.0048911163483691695,0.1295577991696861,-0.05545997067248258,2.4722679595915973,0.40461145166822043,-0.03989182480706767,-0.6051750596987387,-0.49724984088302837,0.051574247156709656,0.10036204851029087,-0.07808369053417902,2.348225101657666,1.7760551437544387,-0.5156252720866586,-0.6217544589225369,-0.486957350691892,-0.6869551803889689,-0.20333547041981462,0.0897646531416513,-0.4686822977201866,-0.32247364108621,-0.511649680014824,0.4507487076536354,0.22150114784208574,0.24664172515288627,0.4482716435218993,0.6091361894323576,0.46487858793501,-0.6941852166353359,-0.4348349552540457,0.2822796644235446,0.5048979122482165,0.27964106643352743,0.438094843797775,0.8624218665122005,0.16587811822067355,-0.6588304289843275,-0.46262807659125615,-0.7611682538804797
Bearing3_1,acc_00466.csv,-0.7495360052672579,-0.2102518927167106,0.3389016662155084,-0.5911238750611298,-0.5072622583122665,-0.260691496258833,-0.2681251732893541,0.7635644639875395,-0.09424725050836587,2.430768449779487,0.6458622009338071,0.3024016645013347,-0.5774740444079126,-0.534353643261003,-0.39491949089611234,1.2234610450112329,-0.16270277871416516,2.6967894858150268,1.479665965487279,-0.1769708414387931,-0.5657068865086885,-0.5457664985280205,-0.6998089793908298,-0.18795004803617948,0.08157025568633774,-0.46359812761230557,-0.16708203379812409,-0.6153426519222704,0.303295385553017,0.4344082991182552,0.4485240952393739,0.2189619637873631,0.8061424641381797,0.8874798092759827,-0.931711982671277,-0.5209992261159956,0.23471008015206077,0.7792454219649666,0.3204070624712351,0.7337645940528503,0.5073531909233188,0.44954927169065756,-0.7552539955638977,-0.546426008061255,-0.7611682538804797
Bearing3_1,acc_00467.csv,-0.7121501656011718,-0.17400422357263895,-0.0700772333842625,-0.5735394883897623,-0.164527714792235,-0.34401054917040225,-0.09545248300349993,0.8612649488874855,-0.22037357058493015,2.0591100407280747,0.16570108506743647,-0.08581895754760445,-0.5903951111481579,-0.5310538199451458,-0.056229391547490536,0.8111530906650536,-0.09517091956018008,1.8548986703326535,1.1462718547912005,-0.3490850693453098,-0.62074775527693,-0.5330493551866532,-0.7222805026274924,-0.19351031134744698,0.03480083421777931,-0.49610600315057507,-0.2115374741364559,-0.5622463354990438,0.3933527740724851,0.4797131493207142,0.3669030921787902,0.047316574078098694,0.4502203988079104,0.9955898563998641,-0.7177113047702693,-0.4693880256140366,0.20589440105236478,0.6816860175770746,0.5882072581236368,0.20604226745194118,0.26499880079728144,0.6508259130012662,-0.6490871506799508,-0.47912837931026364,-0.7611682538804797
Bearing3_1,acc_00468.csv,-0.6832692900482649,-0.11180562927619105,0.3122392127932362,-0.5202251245457228,-0.029704413965451315,-0.4028326601319858,0.2891401447035637,0.31183759390905896,-0.1522416371329864,1.4519142689281175,0.37580336369805023,-0.18487919156517701,-0.6425311372700909,-0.5769956558948632,0.4202414305347217,0.028187471040006372,-0.11721988137556105,1.2881629174889424,1.1874381792042359,-0.4712774308475447,-0.6567438811643374,-0.5624066520659602,-0.7003231689640315,-0.19690946412428817,0.08830832306825778,-0.5144398286911156,-0.1654442579095972,-0.6460277526647135,0.9675680642192468,0.26023181664610584,0.27363098231433763,0.37680072413256893,0.6503766874305276,0.6078176917581538,-0.8588608737535248,-0.5106869495949155,0.5497536425855444,0.6099421253394735,0.4180631258313306,0.3529397870775316,0.8253903250694485,0.29723756421209585,-0.8230010730402947,-0.5205078981556219,-0.7611682538804797
Bearing3_1,acc_00469.csv,-0.5990075429154675,-0.10007454080944787,0.3994623749765092,-0.39395426280983925,0.017359836830532098,-0.4458106203234648,0.218804869958733,1.044696817865772,-0.2830321765820258,0.7685788681155421,0.18162893054519344,-0.48997945883937627,-0.6859225112542652,-0.5714360484074956,0.11890931706967664,1.3037430906264915,-0.2778753026422884,1.005340946084326,0.4359279908041301,-0.6374811993795931,-0.7034854893860899,-0.5652772938351397,-0.6894818963052904,-0.19565890364979416,-0.1337278481811388,-0.47392053358891245,-0.1970527557217035,-0.6552895606635256,0.4448720075495368,1.1665721307502395,0.22504256209866638,0.1501252511607183,0.4725606045020638,0.6260936991726314,-0.7697467674719207,-0.4694459949609807,0.2993095676844297,1.312807811933532,0.4055979842337784,0.24444427210240988,0.4863125399010523,0.2847581766066127,-0.7843945903727023,-0.4879870203077294,-0.7611682538804797
Bearing3_1,acc_00470.csv,-0.6179551195571855,-0.161683959534296,0.04532628022509434,-0.5061950287972912,-0.16067369801509143,-0.37345305572474513,-0.13393196509247546,1.119880820267565,-0.26479338025980226,1.9803599589738279,0.17367941611260018,-0.3164430314217593,-0.6317298878051069,-0.5558939041975964,-0.0004121275452505652,0.8026784641370497,-0.20648827019455948,2.0017366228718187,1.2531069930495116,-0.4611321662850372,-0.6650166910051112,-0.5514029994763916,-0.6870335542623852,-0.19161989270806065,0.20938331452957937,-0.47900470369679343,-0.21954344570464404,-0.5884787442254399,0.6168968592999826,0.6677718065886424,0.06466985952849222,0.1822261402502395,0.573190126630869,0.761908794091525,-0.6811606438867763,-0.4769131991594398,0.39800552004024103,0.892005492878261,0.3141343547107303,0.5064902422581135,0.2904878342433206,-0.24732864016502584,-0.40898267768131946,-0.44629799222102307,-0.7611682538804797
Bearing3_1,acc_00471.csv,-0.7339194200406289,-0.23114591509722757,0.20016728757437097,-0.6524821604676035,-0.5390797998615136,-0.16431550897184172,-0.088945875396044,0.013833597423051677,-0.19422087341039182,3.277236246660717,0.7025850414123015,-0.17870966688162565,-0.5499048448834297,-0.4866881570177933,-0.11864872569407357,0.09261471106486582,-0.1501432128182929,3.0473404772759736,1.978658541167693,-0.33157199951184546,-0.5208617378695699,-0.46190170109145634,-0.7025910603115383,-0.19410077122737246,0.15060846141185857,-0.505041817279578,-0.2283050928561283,-0.44420575274430446,0.11392011399662129,0.11007213901683895,0.0384525320141613,0.4650672369193086,1.002475376558808,0.7733417911159869,-0.7132841767391015,-0.48834651073609814,-0.002235336996789293,-0.04225655573365978,0.23864307871792173,1.109209709018223,0.6617225849756578,0.6203507686635085,-0.7135298253796262,-0.5048553725166466,-0.7611682538804797
Bearing3_1,acc_00472.csv,-0.6028346425885308,-0.008048533397856321,0.08938138252939887,-0.3857232733040929,0.5027484255311632,-0.5577818913505261,0.10505141525108293,1.3996723661272295,-0.33095483292693995,0.8952510568502104,-0.052615844819287924,-0.654084974335341,-0.7146103877277262,-0.5858095616638908,0.01146935971339995,1.778584320540037,-0.34057739129852105,0.8019615952183017,0.49623618911780487,-0.7742216886229519,-0.7392952053418836,-0.579863981412928,-0.692634366716567,-0.20399730864516966,0.05169846923612854,-0.5306167335798279,-0.31415005886718617,-0.7116445263653566,1.1839272177086329,0.8926782570480647,0.2469390705531238,-0.1313870668232813,0.503839100459777,0.8815175803487286,-0.9060642951333223,-0.4829695700473594,0.9052039701934734,1.175572033967852,0.2374575501193232,0.28211113103103197,0.2588684057980694,0.4252280450202196,-0.7694383509489102,-0.5152394631055511,-0.7611682538804797
Bearing3_1,acc_00473.csv,-0.6657828620114828,0.0006049893281769124,0.10430435806679086,-0.41733775572389176,0.4970775247387421,-0.4445937658899084,0.022342674063714298,1.0413844689607792,-0.18196473193167884,1.2227387360429258,0.22114165066981237,-0.41837176384100233,-0.6699013866478024,-0.5405259100453329,-0.07128244732208765,1.1828227497875246,-0.02411506710550448,1.3107198300953085,0.7488950885211944,-0.6298214344604761,-0.6667974277214284,-0.536725032779215,-0.7057290069208055,-0.19531600220347714,0.19533488665675855,-0.4794669009793281,-0.23251168875220216,-0.7107447709680561,1.0565453370560285,0.7927865662670579,0.4476458184825731,-0.07560626297884172,0.2858628833819025,0.6269514050091671,-0.7905548798393048,-0.4509437011581121,0.5394218002914649,1.147240523218652,0.5754684473243676,0.17700025588379464,0.20226223021220124,-0.019362042794911424,-0.6266276111406863,-0.45718721059786616,-0.7611682538804797
Bearing3_1,acc_00474.csv,-0.6971533971315294,-0.15346914065335426,0.32040267247092896,-0.5153613580195998,-0.20833872684052238,-0.30409640959735146,0.2902057391491671,0.27786045681013477,-0.24348623106820225,1.3736399700307964,0.25280838257063404,-0.3152705951890623,-0.566325407817171,-0.48499129153645154,0.14655033988107746,0.5992723606146627,-0.1630525505879207,1.372357407528782,0.7703417837855447,-0.4865619202942354,-0.5795152910041371,-0.4894997999901205,-0.6915039887315801,-0.1207690883632651,-0.07017350891883027,-0.26654801949170537,-0.01243865545622833,-0.35892845728924927,0.2446342322278431,-0.0009070736611146793,0.01899521279297335,0.0896274783210114,0.6628442419596655,1.0892500215587866,-0.4923869000778642,-0.43589719672838056,0.1298777613647402,-0.030543823114003603,0.09478199847735554,0.505551200707459,0.5253113908356768,0.6021946858529166,-0.31825893330660054,-0.43449139470629294,-0.7611682538804797
Bearing3_1,acc_00475.csv,-0.6956952192147238,-0.18329494788120407,0.2757874204052492,-0.5565163055483322,-0.21678561798045082,-0.32475757911782505,-0.11957926601057252,0.9285678579832867,-0.21781202643412928,1.9084488001982478,0.34772861389676735,-0.28701489849933265,-0.5850353582589394,-0.5163366075036092,-0.16027074718885,1.1727978334531237,-0.2362302521136131,1.8460796716604748,1.1479676814470923,-0.4680567903350904,-0.5762240874626559,-0.5154715716825242,-0.6890251201376981,-0.18812945362674774,-0.032356524254333545,-0.475769322719051,-0.18323747799188675,-0.48926243072895603,0.8025903601329969,0.5802274079725408,0.06854426853710072,-0.1422903837578444,0.29081913966756573,0.9790965389278181,-0.5523013129837296,-0.40218614645346173,0.5681478911779424,0.9266404718225668,0.10601889306067348,0.1199850875289699,0.07165179768754404,0.6174029336428408,-0.4712674984050221,-0.4107978968951774,-0.7611682538804797
Bearing3_1,acc_00476.csv,-0.7003255967980498,-0.20697483290873908,0.568287406301151,-0.5774679151993232,-0.4054391453151065,-0.34455844377153033,0.051745232586423995,0.5530015643289549,-0.29387467266458367,2.259377119235608,0.20443253963428787,0.10577880633574045,-0.6129314510559372,-0.5424223033534512,0.11366891741185979,0.39384434010883573,-0.29150015152325054,2.163936965262902,1.4031241061370727,-0.0423308430755264,-0.6371913244793377,-0.5361458053464995,-0.7417266328351424,-0.19511600340935584,0.008352055737500724,-0.4793128352184832,-0.2406089671906937,-0.5752379108400423,0.5307260088758443,0.5598843390196862,0.16305670830777627,0.33065088105825957,0.541688396406259,0.7514300450464387,-0.7537731090052538,-0.47328364966459374,0.32660674497078207,0.5232637273013532,0.3679038591408862,0.7453507944885789,0.3782066262538275,0.6852942030029885,-0.8865702438743341,-0.47826552667444033,-0.7611682538804797
Bearing3_1,acc_00477.csv,-0.7503387416545884,-0.216195901424253,0.12352023368065386,-0.6401356762089838,-0.4568201932905216,-0.2645133865092766,-0.2551180664714553,0.7633924471950699,-0.12091051206466312,2.5394870991337855,0.39113146453366193,-0.18859483892776222,-0.6157114130623585,-0.49395450842488936,-0.14268340317153702,0.5206933499727705,-0.06968757810725905,2.4948461538064235,1.6022029654036807,-0.31859641946247674,-0.6379169483112345,-0.48905145483712514,-0.7566234539352851,-0.20415278564736614,0.13575943047269592,-0.5438663890124874,-0.262663451708657,-0.5481849060799426,0.39399157777151855,0.4794243175180454,0.3408012646251948,0.11234790790891562,0.6694710307249231,0.5102562032037453,-0.667854125479087,-0.4460975635152035,0.2068665862004755,0.637107830627929,0.3851073943405391,0.8738830466060024,0.05341876795988271,0.07949791977701422,-0.5169156142444755,-0.44615458088596677,-0.7611682538804797
Bearing3_1,acc_00478.csv,-0.6467117928753534,0.042340683290448405,0.26152289979078763,-0.352799315281107,0.3681815038171447,-0.45241891883459767,-0.07838274801752684,1.357914920208552,-0.2926871023662432,1.5030331049204386,0.010058441514655524,-0.4642444666826419,-0.6917352667132168,-0.5531579016197106,0.08708213948621771,1.2462154799956526,-0.25178501689388333,1.1437220490527003,0.7088932141951318,-0.7585148903516518,-0.7179537368345993,-0.5612060411225706,-0.6882020925265876,-0.16932686271583383,0.08411790829912373,-0.34358089991414487,-0.12426300497958088,-0.5725769346957612,0.5935801609832289,0.7616286081644404,-0.010010243549050769,0.18442237968729003,0.455513757244718,1.0985207831723038,-0.7039540202173954,-0.5053083754812128,0.384284533836334,1.137395356332433,0.19102094587912252,0.5399759565189598,0.16516494201217624,0.6445039165328742,-0.6565245928354447,-0.5410341151927301,-0.7611682538804797
Bearing3_1,acc_00479.csv,-0.6618103090712754,-0.13072252873374152,0.385660134347863,-0.48580462297623744,0.0380041559688346,-0.49598244458714613,0.09887840911901954,0.744203143202039,-0.09743031400756244,1.4779597781487865,0.13120195281865688,-0.45165159054025583,-0.6894765735348327,-0.5734139529028818,-0.08408873928993524,1.2758087871031014,-0.03723492925007543,1.3286933639826697,0.8935623220874372,-0.5676439125127076,-0.6791930599484892,-0.5807736011299016,-0.7214761320004891,-0.19069663677970686,0.15295445691211607,-0.482086018913691,-0.21592663001613321,-0.7445531745228277,0.6654793119684497,1.003567777503941,0.5063874616039868,0.2361716072949501,0.4894657838397317,0.3899240308095792,-0.923281596669088,-0.4841263197691302,0.6539671583297367,1.3058544689505542,0.43306265981625436,0.5966485684686862,0.43824534659661785,-0.08350351457481396,-0.9715118110470429,-0.4801859567938879,-0.7611682538804797
Bearing3_1,acc_00480.csv,-0.6655536585999399,0.12796077242515574,0.922931883205769,-0.34569073343523493,0.4843485860771045,-0.3234399811159272,-0.2508417396738085,1.4149228950532433,-0.24071008768388497,1.6093848325992737,0.2751868588401052,-0.35221302437557334,-0.6326219642308075,-0.5009277315997676,-0.05602781025572938,1.1060113929470508,-0.2614126942080591,1.7496393551998306,0.7852759970112422,-0.6184659428115519,-0.6414941770487563,-0.49274512223427014,-0.7036160624588943,-0.16260038852755004,0.14387519513572758,-0.39072502273267784,-0.08789162501900066,-0.4745797194234781,0.41594160499138777,0.4902207988067588,0.24461048129119065,-0.17851614388609938,0.4920273427549349,0.578934465202393,-0.37957677335977663,-0.42697332903429586,0.28077560663215523,0.8025266527462549,0.10635497780638782,0.3399778571507123,0.20080412744673817,0.8143260443599252,-0.5623938307430596,-0.43731636432159043,-0.7611682538804797
Bearing3_1,acc_00481.csv,-0.7070810602948645,-0.18644295092974164,0.37691559601710195,-0.5503430634190223,-0.3091884635070526,-0.4063176768596124,-0.08579236700413433,0.8252268850885389,-0.16804786403994415,2.1214084546017724,0.32730841305239905,-0.4403287416590814,-0.641948440133666,-0.5588422921261931,-0.10781654348380383,0.8755186051916752,-0.11717836886893965,2.0247143803539855,1.5946910652059019,-0.5716745611826511,-0.6484323899932568,-0.5532868953759208,-0.6960209559024438,-0.17950823295224946,0.1783167361942562,-0.4115239004467364,-0.15551677491079519,-0.816858052304328,1.1692143438453468,1.6534944947297507,0.19083718406764003,0.2278019295318609,0.13673586970939336,0.2505565189293595,-0.7685113325808456,-0.515712149607732,1.1578767591990062,1.0895735285710708,0.43083374201002805,0.31571813599311555,0.2668021932219246,0.18254901157342768,-0.8431551960670328,-0.5443321534548844,-0.7611682538804797
Bearing3_1,acc_00482.csv,-0.6478861434718911,-0.059991478560203815,0.9162109884112458,-0.42407220168313886,0.06902389256624404,-0.4534600034582144,-0.08701894901880917,1.4244886858829162,-0.2424720548261011,1.1952242414680554,0.11343573778971175,-0.3708140516468313,-0.6656323821511756,-0.5595707653971985,0.37390448885635513,0.545250715778732,-0.18793700126827576,0.9098428159714237,0.6900453426470332,-0.6749585059011459,-0.70554179490145,-0.5509194354632603,-0.6981563956156528,-0.19471687828552428,-0.10225408249780608,-0.4753071254365164,-0.2864923973534373,-0.6560792872828081,0.6441359728970532,0.8194729600395352,0.16267557410350902,0.21835326527018015,0.700465821326361,0.5300922223365375,-0.7997177902418094,-0.4767165236520427,0.5509245376689026,0.8559067895211139,0.4566671514263038,0.5041189851247245,0.3351125530632745,0.11182726262959054,-0.6812670753604749,-0.5053890072190917,-0.7611682538804797
Bearing3_1,acc_00483.csv,-0.6144467058867672,-0.08247919558580082,-0.2805331748399404,-0.4266911528895127,0.10892214816161247,-0.42398925085014877,0.15560560215671734,0.9516213827649106,-0.2767073804992148,1.1224264525015804,0.16958347981182462,-0.38702761093925814,-0.6405778240042692,-0.5621932009954914,0.17643312609182452,0.9359422761910711,-0.26501456499202974,1.2479647173759738,0.6332433571321017,-0.6632796573165757,-0.6594323839446097,-0.5467371918234524,-0.6560219352497868,-0.13076690341517225,-0.08031573212750841,-0.30675918307221883,0.026550205689131443,-0.6024244925170058,0.9627042060083849,1.0583152319570819,0.22281222737192505,-0.08833961061508891,0.2603158133228335,0.6676387446300546,-0.6859609608591299,-0.44898231295964675,0.7871920888268068,1.2758130039826545,0.43441390169483785,0.2530081097155321,-0.10610523166732268,-0.06499592829134004,-0.47997998229807576,-0.4778245171497149,-0.7611682538804797
Bearing3_1,acc_00484.csv,-0.712292633731076,-0.2237228870263825,0.3006212915913443,-0.5684886539203271,-0.5715433438766394,-0.17602254353044747,-0.384148377015738,0.5186844454290654,-0.021306913238510517,3.1911321978180536,0.4621429253221216,0.11697852213927264,-0.581043343588746,-0.48439275093339534,-0.28145387108515874,0.49623405566490486,0.033069072911930876,2.803502310984671,2.0094973927812685,-0.36819717368313726,-0.6028063940579205,-0.49120096967900306,-0.6924413284624347,-0.18515064036752535,0.07667085635670755,-0.42538981892277555,-0.16725923733822798,-0.5738604415628336,0.3760734215068436,0.5163827311840804,0.3064843302478277,0.859594509239161,0.34564853398208206,0.2651949228962044,-0.8235873455192149,-0.42553100933131754,0.2177597343502165,0.6504076287819043,0.3676266008606783,0.8375236078928929,0.597444211999644,0.08347623699483178,-0.839810953158249,-0.44157637636056574,-0.7611682538804797
Bearing3_1,acc_00485.csv,-0.562275262672077,-0.04484251538773891,0.7459783682800893,-0.3376468118728009,0.060655217522397435,-0.47028202639555766,0.09651206964323189,1.313415309662813,-0.33825218303087107,0.9358010938417599,0.012059977634235759,-0.6172274776680275,-0.7190780674610424,-0.5419193069079131,0.10427162960393135,1.4445105364214583,-0.3910999281057188,0.9246860666646199,0.5923642044784566,-0.8053877319927155,-0.7162739771667613,-0.5413372339573704,-0.6753208712495662,-0.17776612148292065,0.08738324985955737,-0.3824054716470543,-0.17048711818421672,-0.7928314816277308,0.870952546737983,1.7782545824861309,0.10204731679803039,0.3171897617932014,0.44488446282152555,0.3776657601870153,-1.0351229388756675,-0.45347414665871744,0.9765148813933308,1.52166678199349,0.33435953682507014,0.31796497601619933,0.4064956563905001,-0.28782284079575726,-0.842977121930937,-0.47536627142474885,-0.7611682538804797
Bearing3_1,acc_00486.csv,-0.639781734598694,-0.1578761274968841,0.7924316234291024,-0.4796313808469276,-0.13824551769914162,-0.372779969936385,-0.009543369172793557,0.9129245333827581,-0.24742736047630096,1.8262075245558926,0.23025604498273947,-0.3225159441415785,-0.6909767477844951,-0.5421428123690248,0.18138177659588967,0.35574264540135,-0.1742446851301849,1.916443005812392,1.2360178824247836,-0.46865305516588224,-0.6943417307929604,-0.5341559938113553,-0.6783546786883108,-0.15225835513739924,0.08280523047407082,-0.33495321730683164,0.021815759216379703,-0.7668145504821922,1.5744926096174015,0.95581962038556,0.13734310655412582,0.1649240188177966,0.36329770173130127,0.6159012844997398,-0.9913292260224184,-0.45797458441720346,1.6325224663574007,0.7354647582537465,0.16683671157312124,0.4611242269108781,0.43547743464990507,0.15685292186330013,-0.9868440041509356,-0.4793074584203686,-0.7611682538804797
Bearing3_1,acc_00487.csv,-0.5718576549007542,0.18010516579946578,-0.6561368859011771,-0.16442189636550023,0.2894257693968871,-0.29839121984505346,0.0027624322510645806,0.9914671963287669,-0.052116065480112536,0.5692754270960714,0.210195165553281,-0.07629494887435599,-0.4242529287899653,-0.5115601094270479,0.061485182698598186,0.9717473330247485,-0.04310950912236157,0.7249242508617948,0.3340629762820557,-0.23023899868214268,-0.5649135881917897,-0.479470393946243,-0.5950742838749711,0.05169814495315307,0.2822865940938118,0.09535245273291527,0.1337271386342969,-0.5290640146213239,0.4203075050797979,1.0201053745932507,0.25385222249651346,-0.3479479178522765,0.4265593364322435,0.16488517449009027,-0.22736642835735016,-0.4248087874190943,0.4056589531754363,1.055809175144201,0.2962991624854058,0.06419125859704951,0.274782237875794,0.4501461609636426,-0.4941179417994227,-0.47714301235935563,-0.7611682538804797
Bearing3_1,acc_00488.csv,-0.5426456205048368,-0.15285251094039948,0.380947898556901,-0.47140039134118106,0.0647849139225635,-0.505390578695956,0.04567900059084574,1.2574258572645098,-0.1944194349743492,0.9711604082310326,0.05285891618358834,-0.5994877423929615,-0.6687666433094002,-0.5834833474480432,0.1888060626489922,1.1565395199181432,-0.21651143258476563,0.8012424526225377,0.6219507667994593,-0.8583964954634071,-0.6723406413643574,-0.5811494332304384,-0.6407443761438487,-0.18299475998565295,0.08172417067050129,-0.41383488685940967,-0.14187294017483515,-0.8924218761512187,1.4148705942559734,1.832280659046734,0.29797627548955435,-0.15225910978972262,0.08652776262727596,0.36575566820172817,-0.7522079012460812,-0.5404421595709766,1.1974282265730793,1.9667591001352187,0.6550778013042146,-0.13148549080355018,-0.07418816947479236,-0.09302293993712157,-0.7853212994791615,-0.5467472536941008,-0.7611682538804797
Bearing3_1,acc_00489.csv,-0.5946317953438516,-0.07104498563467336,0.3435103962495132,-0.3213719008046204,0.15733700738107947,-0.47331598754632254,0.338412453340659,0.5097680195002954,-0.18901255638210068,1.1075931296406973,-0.0015004968180083735,-0.5567465703876344,-0.6757991460853318,-0.5555419140035198,0.017614924487047653,1.3833313995538015,-0.19868372351318286,0.8904743676925041,0.8540010002060339,-0.7236171834586176,-0.7047818467443498,-0.5508550684563541,-0.6572277061740325,-0.1841169919412841,0.011922839224232469,-0.46560098250328896,-0.09506675594013131,-0.8093127329132505,1.2303962992220028,1.3335672490015797,0.24737585595754708,0.18959657979826977,0.4768436936112644,0.2820520628766512,-0.9608381771849093,-0.48673463595212474,0.7128050147303794,1.7146223139445884,0.3562311125710137,0.42161080754153835,0.3626833596778018,-0.041089942524675675,-0.9276577863833712,-0.5132365861497178,-0.7611682538804797
Bearing3_1,acc_00490.csv,-0.5990140328734948,-0.18181168589350125,0.36347348287519676,-0.4577444314793745,-0.21058158361349788,-0.3392895414660311,0.36670870811141215,0.1330258793600289,-0.2318649266669802,1.4539421441391627,0.3802370960778107,-0.23613821763268728,-0.6226557725327897,-0.5236412710652109,0.23682780021492017,0.5086247007515324,-0.2593274915977071,1.2369868254723957,1.3490833671121611,-0.5730038857643591,-0.6540329721669859,-0.5103162065121253,-0.6377392358802704,-0.17650242339137756,0.1539108996613539,-0.4053612700129413,-0.12667568430961476,-0.6014575505399896,0.6008516676605503,0.607000037384063,0.3143505915955886,0.11513373742672202,0.4073837029031723,0.6503485533374149,-0.6824065605552705,-0.44189250637880606,0.7709891957657519,0.8046805368934828,0.4552514748882736,0.3764917933984979,0.2528089908549886,0.03786356427002373,-0.584131845067404,-0.5066428200192612,-0.7611682538804797
Bearing3_1,acc_00491.csv,0.15053028740755356,25.312008409345765,-31.203349092522117,2.0048179742853205,11.707953586040285,-0.32036312117877724,0.27744173479303497,-0.5768697010859791,0.1439601873135196,1.9073294684086928,0.01052219575837283,2.8806103357821464,-0.3977912538741227,-0.5794388624447694,0.28992206167129525,-0.5029932010355966,0.19506406706739066,1.8676188293080105,1.5074868543097357,-0.01461558336364385,-0.47381292403120706,-0.5762372701247372,0.11202119270350733,4.141106578599228,-4.704998863908391,2.1045240399109817,3.7262069856594406,0.18706871483335197,0.020436702938395813,-0.31325154719835363,-0.5030502022748674,-0.164850081731443,-0.9451603619668361,1.7274640737335016,0.5768089046433281,-0.19528054845659432,0.31790288925171895,-0.2838014986442753,-0.30131660486076445,-0.5224381792041096,-1.0097530642692678,0.8519745023665035,0.6974699980337072,0.018528324397357396,-0.7611682538804797
Bearing3_1,acc_00492.csv,-0.02027234937572701,39.60224648125868,-35.328359166946235,2.456774125328127,9.421454225043602,-0.018061042116007058,0.38229504896920374,-0.3779476774650801,-0.5575990365503878,0.1898977324426385,3.546579316965275,4.63270632501695,-0.5660563754076378,-0.3090922129270721,0.2369648154978671,-0.05606392181333456,-0.7355995219595339,1.204585406404209,2.7546457891380847,1.038097997474317,-0.6813113334607162,-0.28539470805481937,-0.22595441716883094,1.8949710908484867,-3.3887407033281147,1.1027884628975786,1.964411719168475,-0.342814654074915,1.0002959377590466,-0.10064426439096129,-0.36220799618797533,-0.6198298734633729,2.414495685550408,0.4166896924652527,-0.8699600948541973,-0.35721253306398026,0.46347517503003005,0.2580593699598747,-0.17261966702972828,1.2896490433514236,0.5831041136992593,0.5413242006182838,-0.9168402792826612,-0.41192866341935913,-0.7611682538804797
Bearing3_1,acc_00493.csv,-0.5347133666616584,-0.002769225956243086,0.20388210648669103,-0.31183143569568694,-0.33362824183991147,-0.33872536769977785,0.958432937911192,-0.10652395223307128,-0.4632977405475,0.3018439224861457,-0.15613215330983002,-0.696419804353791,-0.6557124166049829,-0.5396715691154254,0.4769735624102331,0.5682745206515624,-0.37221308549639387,0.5506728494440655,0.19094983297737397,-0.7915746235653252,-0.6467727725172094,-0.4617573994812973,-0.6474599630675058,-0.13655773848062655,0.04014457020433012,-0.27009153199113756,-0.05395081395450915,-0.46113332841357646,0.7019651680184512,0.6024865165393809,0.3615766420224382,-0.24752028489535216,0.20296895684112698,0.5739643150450636,-0.48239542854546225,-0.35568856099621265,0.4145433315060569,0.9835075310326847,0.3090478785405644,-0.0638478639146684,0.04779678086733201,0.003296366180640451,-0.2574107613361749,-0.3422166792419476,-0.7611682538804797
Bearing3_1,acc_00494.csv,4.769389219362607,9.107841173192655,-21.61193855263756,7.9268278557265965,38.56163252842751,-0.0696665405758903,0.81226780121706,-1.2043028752276013,0.16593699112577204,0.02735803252476806,0.40877464980818645,1.9166690616420927,-0.20911837312889053,-0.47390431687967266,0.8719710615578522,-0.9891640020063569,-0.1410361111025433,0.11760632808207844,0.4325106984405725,-0.05215626873413375,-0.028136090860251095,-0.49814513043518444,3.3162946027798754,1.728156115196611,-1.0075637747264257,5.455608404047943,10.168118261192573,1.065068568950404,-0.679688595772862,-1.3432969243288095,-0.7049737760445071,-0.6192090897001973,-0.9699005828716236,0.15128489305203865,1.3731069710202057,0.5500047431562481,-0.7491053159775111,-1.2639673649996281,-0.8295078229350964,-0.7841388148938179,-1.3498784190791508,-0.3323020538772651,2.3847912417502837,0.3740783585886555,-0.7611682538804797
Bearing3_1,acc_00495.csv,0.4370859771856678,-0.08711862492808145,0.790716532043605,0.42128783414568644,0.09778085324341691,0.38108653879061805,-0.9222883951023679,0.2613494132394983,0.419214922570068,2.4781146345300797,0.5302622284291079,1.0168499115063934,-0.09490147571434655,-0.04758898927272571,-0.8674101274353352,0.26085326290442423,0.4900859116987156,2.2468471954954383,1.702395308583581,0.28206413498553945,-0.018811255052827266,-0.06050960236209479,2.0659265311073676,-0.16913752146485783,0.032029938414123216,0.9533446748780461,-0.07289459896742487,-0.6289673424290215,-0.5620058107734475,3.57682757586411,0.9197213279474404,-0.2834978152967777,0.16359266272470663,0.07435084373640408,-1.0321243728513594,-0.46517134951558065,-0.6189462005729695,2.660868158164519,1.6392782789085858,-0.24031255584484185,-0.0462844207180336,-0.13651904738983558,-1.0671540061816929,-0.49476892206845974,-0.7611682538804797
Bearing3_1,acc_00496.csv,0.5072233580373077,-0.1589305906553485,0.3456155768601746,0.1917554677013472,-0.10624497238240567,0.17683523360132408,-0.7323012183500222,0.879072656057655,0.2094240643536742,1.732133805212093,0.18925395230976025,0.4377074364964057,-0.15090477692834314,-0.183549188649952,-0.7533269936555964,0.7378444096936702,0.5042242809768721,1.9239453079403652,0.6811629482620651,-0.005503439100119116,-0.055257172392114556,-0.1980912232256306,2.153753149367077,-0.17021149898353902,-0.01953190135507467,0.8804715699984185,0.06990594525064764,-0.7679939677261146,-0.5150696260273807,4.33648627546889,0.7435636138706818,-0.30756043151730217,-0.09686282101697567,0.06846010580709709,-0.9240142633740124,-0.5269292532493035,-0.6410247653606528,3.337515851439625,1.4789943450352563,-0.19818097812291027,-0.19877818207853223,-0.3098906822729742,-0.9901275391497496,-0.5430235795123638,-0.7611682538804797
Bearing3_1,acc_00497.csv,1.2784859483210838,0.44612858802661354,-0.35393364243654996,1.6349846503566663,2.097527655789274,-0.3478564314337835,0.41874627009182874,0.15364330548942087,-0.054734990526838605,0.2950288780060555,-0.16571047432304573,-0.12149024184011487,-0.4777261108446775,-0.41024721492841754,0.33308801598067334,0.2684607927937991,0.23667738088236986,0.1003004324706205,-0.1139303993650863,-0.4726908364323835,-0.4884077511484419,-0.4304523286107845,2.345121125278477,-0.12998068665227375,-0.36674662396732544,1.4414250052346227,0.17055445059450933,-0.814395901147726,-0.35525638460066755,4.3223824361183665,0.6153253184694085,-0.2449435255935373,-0.13538104209250992,0.1958355364873723,-0.9374435139016191,-0.5437551508351998,-0.36254188152625033,3.7821091922667085,0.919063194487278,-0.1250145100811312,-0.2215401506471548,-0.10521245182663216,-0.9736065784502546,-0.5658790175566852,-0.7611682538804797
Bearing3_1,acc_00498.csv,0.5064073972014386,-0.0628221290036835,-0.1532809284534043,0.6771967805970769,-0.042151893694453005,0.1931549698070867,-0.6720562000698865,0.5374610389534837,0.25392042661420045,1.4305198242244384,0.3058838983840264,0.8659068103482483,0.02891759559960343,-0.11985614947024346,-0.678049489101091,0.7660106549261309,0.2609105649815601,1.3837247857122315,0.6743270790856986,0.1593816462652882,0.3258305533381342,-0.19875599672508723,2.1179464069813347,-0.17375897524610578,-0.0335396539683808,0.7361119520867667,0.00860726078997302,-0.7395386949802767,-0.5049131315163562,4.40527097283495,0.5485669480508866,-0.45609752493515576,0.008526620106505905,0.6253179305852344,-1.0709057317432296,-0.5168002879176965,-0.526103165043257,3.584297127536652,1.0742197942352645,-0.2386514340134705,-0.2585767697717092,0.0654570615539225,-1.0252534473946224,-0.5101028800584069,-0.7611682538804797
Bearing3_1,acc_00499.csv,1.0589917995239835,-0.0810374453264852,0.6665167919710788,0.9501289098898973,0.11670525930420296,0.06156168348522491,-0.031013984637127838,-0.0067790429460446375,0.18648005127022216,0.7699928682869294,0.10898953766745455,0.6390717014292123,-0.20134537985040915,-0.2550282311414854,-0.24009151940000545,0.30470241042054125,0.32136484443069746,0.7345729247058531,0.6608075191796263,0.18878567220407216,-0.13236737819757502,-0.23392375143589217,2.670510850981604,-0.1655907720672054,0.0304302000219301,1.1975389058171793,-0.035953739320418066,-0.8751127406451988,0.6268959863554148,2.9573122258619726,0.7803944874164739,-0.12303493603080067,-0.10842159174953836,0.3356227797068562,-1.0989892088877977,-0.5398155802331635,0.1372426063929309,2.756412018721002,1.1941218981668065,0.422567505494905,-0.4341677052254188,-0.3122613937450614,-1.0464594479099631,-0.5713313652894785,-0.7611682538804797
Bearing3_1,acc_00500.csv,1.2716416419321135,0.10236334907645238,1.0740500084643887,0.9991407110377515,1.1513133269690075,-0.07428858934161671,0.20449326849053812,0.09836996334730957,0.005939106856887869,0.26651470209209677,-0.11088310099860127,0.4801017573982098,-0.20560131291334297,-0.29409918828232917,0.1758297621687442,0.17378636854026525,-0.0027280384573870366,0.249274741835543,0.11393865189968062,0.10886421451162304,-0.23102327140234022,-0.27224146028006035,2.6284999099105546,-0.17475351239548412,0.02447407038351999,1.182440461254381,-0.023830921097633434,-0.7359298360533902,-0.19075478536973675,3.2290162050807045,0.6613290697877522,-0.10018632653860869,-0.14124376767779503,0.40087272920214134,-0.8827719733874221,-0.5084174057636893,-0.20267542417499002,2.723772185075858,0.941691183600457,-0.15681589202073698,-0.14171536811206048,-0.2107264276242461,-0.7339040157038024,-0.47098278494037515,-0.7611682538804797
Bearing3_1,acc_00501.csv,1.2202914686808193,-0.12396510082330747,-0.1892513679481707,0.818058941911329,0.06080983588898593,0.12576990519330591,-0.23939877582270516,0.26636741326744845,-0.025184851687955895,1.0711141654125922,0.12086764420867152,1.0057164217280383,0.06544991158419983,-0.1966014082405153,-0.2754028573526167,0.2191373623914409,0.13132595192674645,0.964438925466365,0.6682634058754398,0.43936145768874013,0.07350779327024566,-0.1871566703614876,2.942082211074992,-0.1571092529842208,-0.1903063047802166,1.4936532981610364,0.02647969491119695,-0.7716649668462905,-0.27569009843187786,3.3264939006691145,0.5605708404426948,-0.22314431860954273,0.016869329441784993,0.6105592760672767,-0.9215794249177538,-0.5204049603825877,-0.2523574047871274,3.1818865652511588,0.7157699005831341,-0.007462914018556237,-0.09570421701576391,-0.03599108675919914,-0.8861014999342358,-0.5084871279535012,-0.7611682538804797
Bearing3_1,acc_00502.csv,0.7461903072116339,-0.14625335385845661,0.0487258821424583,0.5348380757363255,-0.16192636199424126,0.6416583624311627,-0.9286950791375899,0.5891189752946331,0.02523927621955024,0.8090053923677382,0.7905970839788574,1.3497630937120555,0.6353372193602331,0.17355997248565277,-0.895446568884725,0.25407078828116336,0.31674455390496975,0.8584344175476494,0.7517710196660339,0.4865639231807225,0.5764996074799489,0.237987953648643,2.8447681222739467,-0.18644672294706693,-0.04237187010358767,1.0323804101914686,-0.13632956739118718,-0.30838237792075446,-0.6734858513535686,1.9861253488753863,0.2999743719983973,-0.11489932828484016,0.3869191007991749,0.9434320911711771,-0.6220864800002407,-0.4882359826457105,-0.706822865160564,1.6414507951924562,0.733984550900489,0.0055566951630786525,0.009360370242703864,0.7733174670212559,-0.5368927115702122,-0.4933576529898862,-0.7611682538804797
Bearing3_1,acc_00503.csv,0.8549159124964827,-0.1908235079048493,0.4208741876957853,0.6611089374722087,-0.5074002272163456,0.5249001518123455,-0.9743305426365906,0.7711614707844351,0.2840794630226774,0.7033517633741331,0.4550381524818463,1.715910609024225,0.608540811490279,0.006837032771626288,-0.9474474644064861,0.6432229942343188,0.3721215449585721,0.9614817932367276,0.4784071079449834,1.2167873453387605,0.634150478724792,0.021164581488544658,2.915093112836422,-0.1894974254812761,0.08565418784390592,1.0477869862759568,-0.12970149156123986,-0.4303866203891599,-0.6914740425332373,2.38906835077338,0.3351903065683217,-0.08693224898116798,0.3870141906039533,0.759155656253122,-0.6883612364206939,-0.5032387094891269,-0.7116986707964676,2.2435305887121455,0.3321172629986145,0.13432502708608487,0.31989690837377643,0.223614988186256,-0.5609490466653373,-0.4452609556966617,-0.7611682538804797
Bearing3_1,acc_00504.csv,0.8336049196548311,-0.16815976736194552,0.511231259823981,0.5030365253732137,-0.15073887659417212,0.5709259755621983,-1.0403256530851515,0.8047011359029683,0.36744523507335713,0.51553185722903,0.6319998613818207,1.6234827996002692,0.595373603138532,0.05159305831415156,-0.967550201962828,0.5565783387620553,0.5204069657461113,0.6107240886701264,0.7250586471426478,0.8039980253524496,0.6991136032497495,0.05818071348351916,2.687593967306279,-0.19369123554113699,-0.03116591139044224,0.7960435330554245,-0.15946239810141846,-0.33037351469081216,-0.7300784470134591,2.6069876237708476,0.19212583967672975,-0.023100008419284945,0.2677588129160163,0.7012888781693022,-0.6223025570443756,-0.4762481635402431,-0.6971816294069063,2.208083390438071,0.45703947277424145,0.07331666393607958,0.31571567561527286,0.41168451228634445,-0.6867161053760992,-0.45607589636225526,-0.7611682538804797
Bearing3_1,acc_00505.csv,0.7819908724535262,-0.18251869935989087,0.5083523310015987,0.2931462929766789,-0.11055504685960468,0.5185885555455506,-0.9168244652440698,0.7142052412964955,0.24002624513007267,0.5817099203062438,0.46825725368128096,1.561844432542593,0.8621580302799868,-0.052402159603810804,-0.8941713604723383,0.49546994568954644,0.4733289266652586,0.4826843479152017,0.6385183920468989,0.8789250764006414,0.8749363499844323,0.0024003193178257012,2.7303197428536676,-0.19281346934973317,-0.1395000449552044,0.9709081716143624,-0.20158768234617425,-0.30615896850581303,-0.7377951339507526,2.4258027057033202,0.0907732873117956,0.1377531825223969,0.0038120272363331305,0.9755749462934211,-0.5147154167774757,-0.5082750993749552,-0.6421481426546876,1.950958641423311,0.5132272808248134,0.37746097229652337,-0.318247167476926,0.6251542834438608,-0.537734467642275,-0.46098565050405454,-0.7611682538804797
Bearing3_1,acc_00506.csv,0.8244787371149573,-0.06192323924942438,0.4689110134911011,0.8620199085897475,0.04559383477803484,0.5037588416936378,-1.0221762670147578,0.9955533879068251,0.29312557465234257,0.5660925421967924,0.2957310081114728,1.6759759450740919,0.6682464974955421,-0.028931296430917287,-0.9205279834057869,0.3796746092053154,0.7254802611106758,0.6526955106501355,0.4800692180177939,1.0096188209075971,0.6803827843484737,-0.007610727893713745,2.670156649242927,-0.18918981707701568,-0.13478058381709532,0.947182044444251,-0.13767668260092467,-0.2773198741889836,-0.7401677022560473,2.330394446573417,0.2668081714206293,-0.33339213655459315,0.027149124625169916,1.1270041234408248,-0.4249751526992113,-0.4901526626182645,-0.7979330547067204,1.6783605399982058,0.8438757686698081,-0.065142462660901,-0.25682868504052225,0.7839047915083461,-0.4044654264467873,-0.4873218878174258,-0.7611682538804797
Bearing3_1,acc_00507.csv,0.7726552428827557,-0.19771634631951623,0.5598638471892623,0.32719265865953917,-0.3931754280849225,0.5563005142239748,-0.898479274027106,0.6526190913289788,0.10114997394601931,0.9995892478591042,0.4977871938744255,1.4220842261104254,0.6166483723353329,0.03969293691477043,-0.9157705341059581,0.23568680007870896,0.567090154665356,1.0519151333340664,0.8913887180731076,0.4964187560726797,0.7173195274128925,0.040545872211957344,2.741079144536723,-0.18371693643435485,-0.22568919704286503,1.1186572362646012,-0.13757037909446523,-0.3541257959377839,-0.7079578620894315,2.2911038402769295,0.2944400919423077,-0.10282245981014757,0.17630577503403783,0.8115797419461458,-0.46467908360432336,-0.531802173100974,-0.5771342605818846,1.643867942773471,0.6168754550013529,-0.29849702290281266,0.30007326697585557,1.1607299883979822,-0.628059280631633,-0.5332879860480413,-0.7611682538804797
Bearing3_1,acc_00508.csv,0.7444620672825135,-0.21088696177964017,0.28439195092439323,0.30811172844167234,-0.35900960419256234,0.47449845892721443,-0.9440949231649497,1.104117965189884,0.1661932689070901,0.33355477903046127,0.43094172275901194,1.2981275566462955,0.6217754813201685,-0.01152653394566375,-0.949687147956922,0.9455802626919126,0.4107900257990791,0.509010600943721,0.37045605288570227,0.7893214025029829,0.6689464251067829,-0.013478140008183552,2.6530648491951094,-0.18114731042983606,0.06713825219145468,1.1104917509398227,-0.12840661602982567,-0.3716033666885788,-0.7605878775361161,2.1330916434673606,0.2908874611114866,-0.21693976868678685,0.7429926061684018,0.8089511392068238,-0.7308042979488067,-0.4846575749832785,-0.6502593161348148,1.889210731042086,0.5586860346479458,0.26482260572778604,0.2867278267606662,0.14728736696994257,-0.5382220225852208,-0.4972614360654799,-0.7611682538804797
Bearing3_1,acc_00509.csv,0.776499186518383,-0.1677585734502686,0.2666768243758325,0.4476644141527376,-0.1537768895051046,0.5529477937001812,-0.9824817266144985,0.7916987534749058,0.2606572884933411,0.6065922149602876,0.4531043493445801,1.6497397280990158,0.8512604134609361,-0.045479577995335994,-0.9569991679325759,0.5293455500740175,0.5480583988610929,0.6489063695133392,0.5379166127327609,0.7983969242828198,0.8286614680880089,0.019212749813273058,2.6647249933042128,-0.17917416790298013,-0.08383639202004604,1.0958555036595592,-0.059116328614938055,-0.35902110078196386,-0.636515393174829,2.211758813641557,0.2946513541287276,-0.2121987850859181,0.4207698485624403,0.9634210730214515,-0.6350353086301077,-0.5211837279841436,-0.684654020014837,1.7727713760316006,0.5774952496119243,0.21073052905996906,0.07237739190710248,0.4945000497334099,-0.4676535966903901,-0.5153568244687613,-0.7611682538804797
Bearing3_1,acc_00510.csv,0.8324502468042334,-0.20141778591329046,0.5040253593657529,0.4100637575469413,-0.3918464320073225,0.5613728795454066,-0.8829912428801955,0.6416885145061803,0.23549652919626485,0.40564414247830033,0.45925056081040044,1.1978757655559058,0.6821222281286599,0.07922846281634863,-0.9422006376872027,0.27274770350058575,0.6405770431580707,0.5312186696678218,0.611565974495529,0.8243381703673949,0.8306108600005361,0.0853520119170845,2.730907153898054,-0.1907969201631749,-0.045815900790634086,0.810833846096533,-0.10940824015290855,-0.3196013717846305,-0.7291194063187765,2.221975393214633,0.25947806208471036,-0.04678671555452376,0.2199055695218852,0.9560356361046932,-0.5890449410407915,-0.49681171603855767,-0.7527954337400758,1.5475191126052226,0.48891665572514187,0.2903215098011598,0.1764254359902543,0.8002595942649825,-0.5914074897446884,-0.48664423712604593,-0.7611682538804797
Bearing3_1,acc_00511.csv,0.6867546316851144,-0.2081170846958915,0.3793112093115294,0.1756676245764792,-0.42060136793829844,0.5284888766219743,-0.9813036499820739,0.8983526036873929,0.0982588309243295,0.5260584341892497,0.6251389901543755,1.2882177875663758,0.4766895844191082,0.1448712326238157,-0.9349973193580023,0.5371371334554333,0.46816828771206603,0.5349215600595565,0.6148489360087962,0.8013083745732529,0.5845194925878661,0.12218873166296727,2.6615919814985434,-0.1872469382813566,-0.11768083419728544,1.1211222884381193,-0.19172427346848903,-0.45659523973990535,-0.6952462633045553,2.976137285040049,0.0667548051753426,-0.2133332133992177,0.5872964148688226,0.515508218340827,-0.6429089841722571,-0.4916507905326007,-0.5333056767407279,2.3528867525819517,0.48325056549421863,0.16829729274334246,0.16388293171320545,0.039815751654365565,-0.5740089751110069,-0.4801573450291857,-0.7611682538804797
Bearing3_1,acc_00512.csv,0.7109917404865529,-0.21002397613114032,0.2106117875021222,0.33654605582516034,-0.49063861861290264,0.5337312386445198,-0.9803616865421778,0.9608658843523754,0.0849807165846666,0.7878907762212434,0.7467844993894042,1.4472734220220116,0.5911885958330697,0.015271778276548251,-0.9496907701208746,0.5741814861833505,0.4984471974638278,0.9521589791548407,0.6919130163234366,0.7534146476752259,0.6157940442183587,0.01040649889392588,2.7319715334285304,-0.1857829742634991,-0.057888717470072536,1.0861493607263317,-0.12199628202067508,-0.40753704453590484,-0.6621681264455412,2.557864750821935,0.15117918576712586,-0.2602882947340251,0.7457211418117493,0.701056398353663,-0.6755895218726947,-0.5273032057201291,-0.7530230979131132,1.9659184924580022,0.6019407466772203,-0.04044513812471925,0.536302429552145,0.5394248081077998,-0.6144997796047847,-0.5632668982120692,-0.7611682538804797
Bearing3_1,acc_00513.csv,0.7728805533455843,-0.11160601969776938,-0.1020696677837594,0.7176034563525594,-0.024372811791713113,0.5010449795474916,-1.0215835983726347,1.1656284403424073,0.13057303736910023,0.5055815238677764,0.5445090423903903,1.3079599913793651,0.6670938728320102,-0.003730376042167354,-0.9941917788204278,0.8271291553528977,0.5337988630716877,0.5023120510396856,0.6693511892614861,0.5351867806682712,0.7164325821304575,-0.0010880999967713865,2.8302104815905693,-0.17715554624745072,-0.021112966330360337,1.1579440052800452,-0.04637857671246233,-0.37658178336254,-0.7262372258849823,2.9547657149476017,0.259177716039534,-0.466126382396062,0.35412615794838126,0.731042346081986,-0.500225216526433,-0.5384503062474852,-0.7256089381598066,2.499010543244471,0.5949473118038491,-0.1074118858212013,0.23299694827043058,0.14577015084534797,-0.5409139141747333,-0.49494656036944806,-0.7611682538804797
Bearing3_1,acc_00514.csv,0.7950543063485184,-0.1247350917370334,0.5479660776391126,0.6912268763455085,-0.17003166458839178,0.5016443386545233,-1.00605781812558,1.0098133233964022,0.25856505145202957,0.5202551579180524,0.2747004046617613,1.1090791800413122,0.5420357031965191,0.05674743367638512,-0.9918230382744346,0.8148901974904518,0.49343916600383786,0.6324691578193798,0.4803245813101833,0.4584952002249747,0.5658891499910157,0.07429663758158596,2.6125802050418123,-0.18409915655208905,-0.07738281696909123,0.9046598944510642,-0.07527358150957203,-0.39407513146407647,-0.7425392983174898,2.8463316460164547,0.37012839004863685,-0.254561960678601,0.09904813408731422,0.7918696086043944,-0.6130892987670188,-0.4871721128120868,-0.6775042125558175,2.1530729872063508,0.7036947122627417,-0.2012997106632709,0.2095049342908497,0.3633171520586514,-0.6124032917437929,-0.4492861750926512,-0.7611682538804797
Bearing3_1,acc_00515.csv,0.8116986883510202,-0.19147853423190875,0.24141951581112966,0.42727400833168383,-0.34803630207878294,0.3986872964763109,-0.9229142926292576,1.3359875320915218,0.07996286049733801,0.27118694301535073,0.5749937769767371,1.3527609178221964,0.38459408632931635,-0.018187059611516218,-0.8921998970124845,1.0284212628922,0.3640943611349843,0.3587448357819594,0.6275443693410264,0.5977877612356685,0.553828166149792,-0.04156166851083208,2.6445924443524897,-0.18948734116297797,0.08627641490408405,0.7570648955616702,-0.18829067016148587,-0.40999947237827417,-0.6706194738710807,2.789155339641522,0.2988290441268008,-0.18595701012897312,0.3307751215104378,0.706459283693974,-0.6597184810901667,-0.5236685069002573,-0.7138475499329717,2.5227122109049667,0.45223647631631697,-0.03582029830777886,0.21831194664289108,0.35042299637158014,-0.5818918138889236,-0.4980480505209492,-0.7611682538804797
