bearing,file,h_rms,h_kurtosis,h_skewness,h_p2p,h_shape_factor,h_spectral_centroid,h_fft_band_energy_ratio_0,h_fft_band_energy_ratio_1,h_fft_band_energy_ratio_2,h_fft_band_energy_ratio_3,h_fft_band_energy_ratio_4,h_fft_band_energy_ratio_5,h_fft_band_energy_ratio_6,h_fft_band_energy_ratio_7,h_wpt_energy_ratio_0,h_wpt_energy_ratio_1,h_wpt_energy_ratio_2,h_wpt_energy_ratio_3,h_wpt_energy_ratio_4,h_wpt_energy_ratio_5,h_wpt_energy_ratio_6,h_wpt_energy_ratio_7,v_rms,v_kurtosis,v_skewness,v_p2p,v_shape_factor,v_spectral_centroid,v_fft_band_energy_ratio_0,v_fft_band_energy_ratio_1,v_fft_band_energy_ratio_2,v_fft_band_energy_ratio_3,v_fft_band_energy_ratio_4,v_fft_band_energy_ratio_5,v_fft_band_energy_ratio_6,v_fft_band_energy_ratio_7,v_wpt_energy_ratio_0,v_wpt_energy_ratio_1,v_wpt_energy_ratio_2,v_wpt_energy_ratio_3,v_wpt_energy_ratio_4,v_wpt_energy_ratio_5,v_wpt_energy_ratio_6,v_wpt_energy_ratio_7,temperature
Bearing2_2,acc_00001.csv,-0.6141291589346507,-0.2265323817342452,0.4424156455628127,-0.5071303685138534,-0.43884011685141555,-1.02807914361425,-0.392975590365164,0.26666013984524856,2.0725472455223954,0.17630533413989635,-0.6325539721141168,-1.0826297843073058,-0.8057053717088326,-0.7304020653605456,-0.3670748534516508,0.32171275120124415,2.3862777254868717,0.38998735890458136,-0.4125019352994048,-0.3173762934036874,-0.7975113836888511,-0.7225670177660186,-0.9762412993921862,-0.20914031449707735,-0.1066071314026818,-0.6381546346495534,-0.3818615897503098,-1.5000991020844512,1.2906802895002927,2.559309574945082,1.5850831621257588,1.7186218953832044,-1.0503000123925736,-1.3587164950220085,-1.3933270980719437,-0.6261470738136803,1.2296205401853768,2.5261374764666544,1.8190557779211831,1.100041301956249,-0.17107724013843836,-1.9746459369183549,-1.4979395269353877,-0.6517471122031204,-0.7611682538804797
Bearing2_2,acc_00002.csv,-0.6812993942777303,-0.24209592931745721,0.3279010733937677,-0.6044056990363116,-0.6725764569566776,-0.8593629275429275,-0.4856190391971639,0.39612157940228554,1.9099481039852249,0.5399087463891724,-0.4920720819896615,-0.9668590390859069,-0.7410100994937566,-0.7187597785379726,-0.5127534332522155,0.6733642075640237,2.2507944842959486,0.4608121676771574,-0.05127139692332745,-0.542930290192415,-0.7369188528363695,-0.7113927032105755,-0.9391821968988538,-0.19576578020100857,0.1572175853393079,-0.5977894053081951,-0.20018246925069139,-1.2970482606219396,0.7629113078836872,2.487791553932551,1.3601336057592106,1.4124578523602258,-0.6507912188632092,-1.3243979348057087,-1.2165162141785824,-0.5337625619800139,0.7800527239457404,2.147494073949669,1.8865016648864799,0.8172852228582905,0.01725265291379411,-1.8693889196753763,-1.3071406531475736,-0.5780936881048511,-0.7611682538804797
Bearing2_2,acc_00003.csv,-0.6605999335685067,-0.25035808933667936,0.5103786196253365,-0.5903756032878802,-0.8842767255392977,-0.8529796248270295,-0.5631570689469335,0.20741558733940801,2.132909639732573,0.6856123417964688,-0.4504247619085761,-0.8984854151502145,-0.7388602860744292,-0.724835930211368,-0.5150639162743446,0.8818477335183671,2.010803313240476,0.5934981254368968,-0.07819714883487673,-0.42398025593316746,-0.7294810251648419,-0.7160101166112661,-0.9057872950159355,-0.20594226580778696,0.08865016851099736,-0.5859263417231394,-0.32586986141795005,-1.3101680504413553,0.7077190091194857,2.5892730475271133,1.5001316631886092,1.5213859770368396,-0.8932295315470027,-1.182863604470789,-1.2033031086078865,-0.6186011599480291,0.8930423032115605,2.451234582092665,1.666600082455752,0.9729877851700471,-0.1288164747315821,-1.749922814842334,-1.3258117663513214,-0.614413710758894,-0.7611682538804797
Bearing2_2,acc_00004.csv,-0.5975634909301533,-0.23290380049724774,0.13101682664176617,-0.5409896662534014,-0.6917671664732273,-0.7976283084806483,-0.4650674487703226,-0.08411146259624783,1.991951951551332,1.2034216329670755,-0.5067278629383323,-0.8273171804992144,-0.7253613877028818,-0.7216077396661199,-0.4371445533301982,0.6243490305628302,1.7895871070242124,1.078341898208184,0.2430301465467625,-0.33323615520513494,-0.7195155711065038,-0.710378917241403,-0.8613467963467318,-0.20563089024462944,-0.03575982804302687,-0.5823828292237072,-0.2841515520399302,-1.1675777342273341,0.32501916718406043,1.3128480223422565,1.6261536506043992,2.105101197378738,-0.9909574776591955,-1.120008855586744,-1.0781184467967309,-0.5935058529143761,0.3576106335736663,1.624645649557718,1.736606565021466,1.401406138684136,-0.07194356985641581,-1.5539919598243253,-1.1976327124156632,-0.6045515605812009,-0.7611682538804797
Bearing2_2,acc_00005.csv,-0.5793742522357129,-0.21647592216264616,0.05355805246084403,-0.5314492011444679,-0.4739614951404737,-0.7850779370916228,-0.6391725902522142,0.2065945908182216,2.0480729435152534,1.2146106221416546,-0.4906834238684471,-0.8162626702955507,-0.7107075587805978,-0.7226593941088797,-0.6393896943079186,0.614604736298088,2.1493404247722734,1.2228730747275405,0.12233036740660133,0.006853261924138759,-0.703047070912174,-0.7131354237112203,-0.7703084711773742,-0.18891289300700034,0.05746374441780803,-0.4810075585877769,-0.19120214904142424,-1.1358658037615796,0.05494644195361981,1.8846373905722764,1.0499984027243314,2.550202641185164,-0.7075905294398814,-1.2473336859180268,-1.1346937925422236,-0.6062192525059461,0.22183872927194506,1.8833265790105644,1.0726504207736607,2.069638778177408,0.24457927895340828,-1.8234647589875075,-1.2021606040125996,-0.6087900611008357,-0.7611682538804797
Bearing2_2,acc_00006.csv,-0.5627407273407388,-0.20448830908310436,0.19998737119533785,-0.5073174364571658,-0.45527349717527676,-0.7787373096896232,-0.6458189977646486,0.12885791061611554,2.1847358966323367,1.047720355040419,-0.5013019808497048,-0.8129294151574487,-0.704163983397555,-0.7247236016169668,-0.7279689461232625,0.5981026608429444,2.4209697335083122,1.1352881678924247,-0.019916804079104334,0.06194867329529936,-0.7105331193472549,-0.7157317516149745,-0.7819944425454177,-0.20286980234565918,0.01940313258030879,-0.5498749536854377,-0.31410896303874314,-1.1604752921670696,0.3567146087505518,1.2575898922949988,1.2190938586022548,2.4828685574157356,-0.8413012382858133,-1.1224773954388132,-1.0554821293057173,-0.625899752629901,0.3606016848041656,1.4294467688635317,1.2520415371990317,1.7359320354810541,0.3857695340621418,-1.5020937233029013,-1.1843792911033868,-0.6461934006502543,-0.7611682538804797
Bearing2_2,acc_00007.csv,-0.5875546226863282,-0.24636602178720154,0.3602275027402078,-0.5561421696617073,-0.7773890866604536,-0.6957277670437477,-0.7105376283727567,0.016341612333333557,2.2763942097703156,1.204403204594053,-0.4672723256122753,-0.5746522457309109,-0.6606402139723326,-0.7211100969786348,-0.7344948724911894,0.2640113953157058,2.6366663259878473,1.2697242486646123,0.04219620547612221,0.18503029455909276,-0.696469898321475,-0.7122757336616015,-0.7720757064481457,-0.19748231003933328,0.16135607254400003,-0.5375496928178475,-0.25952147086232186,-1.0229583587735516,0.20628770154095571,0.9522603325395081,1.2197826439078476,2.294727880402956,-0.8541786168778913,-0.9287004578781587,-0.9119244064494925,-0.5921718062710207,0.22418303152449112,1.4456906161508305,0.9579172777869259,2.027288054739034,-0.07828837184222857,-1.142039366748129,-1.0368911719596607,-0.6143973938788975,-0.7611682538804797
Bearing2_2,acc_00008.csv,-0.5532206173922115,-0.22197080668026,0.4789064254207193,-0.4921649330488598,-0.6158303686745591,-0.7031926083668599,-0.7515624771384581,-0.21508855731593535,2.7244164544054463,0.7308794877048379,-0.48928492475521806,-0.6199919766187797,-0.6749196629930008,-0.722975246232385,-0.7173086272977387,0.13340674972019928,2.80142495330123,0.9881177477686371,0.017385741169700895,0.29691189532665185,-0.6689609213758172,-0.716684403526738,-0.7308244805173446,-0.1999948385656699,0.12606066467131316,-0.5071987379314064,-0.25690965800998694,-1.0896879332655929,0.2123841447875696,1.4711055965558377,1.4371114689891984,2.0702813969132077,-0.9619907322247654,-1.0067115257132146,-0.9855777388080827,-0.6094209804673515,0.1985535639064611,1.4902317906793212,1.32357565547878,1.7019124312713598,0.054692261583822,-1.3091575428573359,-1.049864053624488,-0.6565123156100887,-0.7611682538804797
Bearing2_2,acc_00009.csv,-0.46682141781882974,-0.2322463983236093,0.31733930366095986,-0.3881551565671543,-0.6947318021760618,-0.775222939738639,-0.7423005915471733,-0.22216600079572635,2.8659647936661012,0.40311079069662836,-0.536035690373868,-0.7764073678820257,-0.6853728097307942,-0.7264865858356109,-0.7807486401588465,0.4895980249983274,2.8161634724359157,0.6684549738566956,-0.21713364333639937,0.1938803192123593,-0.6773406397523805,-0.7190875147351635,-0.719978335765756,-0.20289864191165466,0.16199478770094544,-0.5287679444496893,-0.2724494319491445,-1.063875130306401,0.14006720630223335,1.358349471918205,1.5483107191214867,1.5904274926844557,-0.660594384736214,-0.9973333011768784,-0.9053979442666951,-0.6004417554426162,0.23788249484425147,1.4859437031660228,1.4095763263391405,1.5667249884353232,-0.2157159826102731,-1.2691762253720924,-0.9525511064941223,-0.6264942383419355,-0.7611682538804797
Bearing2_2,acc_00010.csv,-0.5663405115642393,-0.2134300997650211,0.04357290179697654,-0.5142389503597252,-0.5109904411285972,-0.7106072037333031,-0.4298330026428018,0.2632714559246441,1.6278543683835254,0.994401896165971,-0.3485711713672371,-0.6182765233059297,-0.5990310746841467,-0.7203588595982695,-0.3763142474776798,0.28296103537702866,1.82744262539378,1.1571993972573635,0.26932395338897125,-0.1045139733846479,-0.6090056944629567,-0.7107312093761395,-0.7043692228138582,-0.2026329656966153,0.15193758845792008,-0.5095097243440795,-0.2958907749363033,-0.9202772134598538,0.2314414463623518,1.0792009791175783,1.0464483802790343,1.8776976668736327,-0.7315664362602424,-0.9984172206067364,-0.6206083672825967,-0.5929689558972544,0.27028269782319025,1.132238387546644,1.1286235756772918,1.5717757100662304,-0.12832990045475842,-1.247125087874072,-0.6640683633978955,-0.6251602808448494,-0.7611682538804797
Bearing2_2,acc_00011.csv,-0.5559648193771521,-0.2460827582220333,0.010470444885684254,-0.5565163055483322,-0.8076151916056948,-0.6799457534470512,-0.6533461354469305,0.30535601350313896,1.9213340512426706,1.2652217804471289,-0.49198238188138416,-0.4963726959402927,-0.662002729064709,-0.7164579862033235,-0.7166735556501682,0.5921035624221775,2.290892531984066,1.2534419105499084,-0.011092198353001495,0.29088919087616044,-0.6747236283021244,-0.7119714226225837,-0.7219229574849949,-0.20507753569787474,0.0559103782523825,-0.5410932053172797,-0.2962754899400948,-0.9872599626319694,0.16847075422568833,1.4050401706679063,1.0952157476609286,2.16341436835103,-0.927173022404216,-0.7807150808545114,-0.9595769695125981,-0.5588119582135402,0.16846583242394841,1.268135283941185,1.2427236235952241,1.3452367486570518,0.17179164875020755,-0.9444044283982602,-1.016527151084316,-0.598322105824632,-0.7611682538804797
Bearing2_2,acc_00012.csv,-0.5007873739502335,-0.21793439644680448,-0.0422199265504288,-0.49328734070873426,-0.4746400754473538,-0.6460263823367097,-0.7655264944429069,0.27130315865667903,2.0624530314134444,1.413887273251256,-0.4383645016167219,-0.667423233947043,-0.6064523056718596,-0.7209588684822111,-0.7059122007480123,0.5954863128501381,2.1042047054421085,1.4711201381190397,0.22573721642560018,0.21286477769510317,-0.6079007924000769,-0.7137490671303256,-0.624935186725913,-0.19799565498929023,0.1364619842643609,-0.4326309096824849,-0.29765851032878227,-0.9694408109741498,0.19549018962647796,0.9664353776225605,1.1723823105174394,2.0968751685963865,-0.799940637471548,-1.024924071725067,-0.7307810462907464,-0.5999601026871787,0.09934260512653346,1.1128227668876955,1.2918238334991086,1.528728054074073,0.22289151679135608,-1.4327981152787548,-0.8079294491745184,-0.6216302826419497,-0.7611682538804797
Bearing2_2,acc_00013.csv,-0.5305632136028104,-0.2369360297111178,0.26876768550315705,-0.5400543265368392,-0.6701654419615367,-0.687485247824793,-0.6906393108912625,0.3168246137041575,1.9243666751217818,1.307741489572438,-0.4410347577533779,-0.46507780129468324,-0.6022715932907484,-0.7210563859577765,-0.6011582452384266,0.3603678564280312,2.147908343147993,1.3215750309448562,0.23858585261013493,0.11014983492997166,-0.5912689410974271,-0.7132635398399654,-0.6358697043333202,-0.20843020980140928,0.06674988963632991,-0.5199861960815313,-0.3128122650138987,-0.8846137616390203,0.044947812155755947,0.8506132905650573,0.9345237938233599,2.2763131343972556,-0.6834755586409477,-0.9094646876776179,-0.6764979692318634,-0.6194764057638148,0.07376187137894102,0.7842522061677046,1.0133006863825216,1.8599540375180992,0.1326647223157196,-1.2201356439934083,-0.7043805051258825,-0.6163615132683037,-0.7611682538804797
Bearing2_2,acc_00014.csv,-0.5436430467277445,-0.24307008609555097,0.323196241130317,-0.5408025983100889,-0.5979821076091261,-0.62353286677633,-0.6898338133187711,0.3538399396929095,1.9201457233141945,1.1744824247818595,-0.37314948570383016,-0.5519023780550927,-0.5877009601100062,-0.7142513430658806,-0.675056844060513,0.4274706396224431,2.175807536315842,1.4488895120362726,0.2738080116844318,0.1511704967097889,-0.5983985236964925,-0.7063878366383289,-0.6191842266302048,-0.20672781460094908,0.09802805926997622,-0.49441127978128135,-0.3110789642269783,-0.8490099674142266,-0.02368246849989858,0.7006695784892248,1.1996340308273121,1.9857515078890124,-0.6997181931616184,-0.8058482688850859,-0.698101206539038,-0.586351660063085,-0.048038310198162494,1.0365334138401414,1.09154617512207,1.1377558518373934,0.6050097195464655,-1.0500582325984065,-0.79198711781382,-0.5953980153690158,-0.7611682538804797
Bearing2_2,acc_00015.csv,-0.5187601763718912,-0.2297131092248561,0.34620936057869384,-0.5196639207157855,-0.5427029634727724,-0.6406455889544902,-0.6354195005673487,0.2605192104092351,1.494005363608241,2.2065510425464265,-0.34957997807926683,-0.46959065143328077,-0.5704922553350691,-0.7152912836123921,-0.646728396720055,0.5163651357137147,1.8165382174632114,1.8701375559875366,0.5908906250891758,-0.06547205121843377,-0.5472033338272468,-0.7106174043231585,-0.6279848890495948,-0.20539476683580918,0.10343800616396173,-0.5276894841237753,-0.30256965614704195,-0.8976822894042445,0.0842003706547084,0.5217122900987976,1.4915100742981262,1.5177293561403467,-0.6909623964275987,-0.7642342093370964,-0.6376324486086405,-0.5741789450005507,0.04192895045520987,1.1086041838233593,1.240725720872524,1.1657955968664855,0.028868519228328723,-0.995750296847433,-0.6241162080351182,-0.6199219552795493,-0.7611682538804797
Bearing2_2,acc_00016.csv,-0.45076727214512063,-0.25079099605736327,0.055375480348299935,-0.525275959015158,-0.7136469933959517,-0.6488941566388087,-0.8170129795240749,0.2199509648585751,2.0063484778467413,1.861012345027959,-0.4092086443376458,-0.5820826922886907,-0.5994788935626983,-0.7192989065495673,-0.8034740046962748,0.671602041933633,1.9795879143602573,2.00728078243324,0.5707026079268721,0.21132524849704268,-0.6334155250627586,-0.7119172218052489,-0.5652316138616998,-0.20554076853621822,0.02338543975436018,-0.4927165564119877,-0.306277728511838,-0.9882425445217294,0.0037482361556721833,1.2305724470418435,1.1660410609090752,1.930066582693068,-0.6044362759595191,-0.7394512995970483,-0.8945981742646039,-0.6088775814997169,0.002351062786672505,1.5291160417762153,1.2575914181815642,1.6446817180182292,-0.09251253901067123,-0.8261499399373208,-1.1191047665058067,-0.6176725143993357,-0.7611682538804797
Bearing2_2,acc_00017.csv,-0.4907959471586408,-0.24509746637212873,0.2525673700654042,-0.5245276872419085,-0.7579932692073847,-0.7055696740184929,-0.5571946080167487,0.7441636238465883,1.2612497121467086,1.4892249706313478,-0.3279967797094794,-0.6024034921995081,-0.5880598991721432,-0.713720122570559,-0.5167871515805172,0.8482447639448972,1.5146784791145913,1.3830434138380598,0.3685698472787731,-0.12047642463165943,-0.6271978112879777,-0.7037448296584082,-0.5559973511225785,-0.19657281868888074,0.10632009151932303,-0.4146052156636341,-0.25595470846568247,-0.8749208478804518,0.045114396896776564,1.2867180025338572,0.9716274100937874,1.7725337549416231,-0.5729103823471439,-1.0418143683507328,-0.6222218684598022,-0.5647246112839702,0.24554462689106382,1.365546950271709,0.8489832069371824,1.4087249112601519,0.17254209422538483,-1.0621621185228804,-0.8498328002990179,-0.550700863999295,-0.7611682538804797
Bearing2_2,acc_00018.csv,-0.4871614451414671,-0.25366989426418685,0.22843979487550128,-0.49665456368835786,-0.8468798933877058,-0.600830836897172,-0.5585057911022642,0.011905902379573084,1.433050646745165,2.4782579912781766,-0.2597433642979748,-0.7157520108076811,-0.5491865471077262,-0.7082255008464701,-0.44935644945139186,0.3034093332008054,1.4060628955462395,2.181701267554768,0.8946395299225317,-0.1900794955655287,-0.5557043831525179,-0.7020210939262882,-0.5702566143387371,-0.20842476783482441,0.05820972090748398,-0.491021833042694,-0.3456058715856706,-0.8218446104988605,0.14069230145598877,0.6744748698763887,0.9753764658001711,1.8472089790369794,-0.4567078876927179,-0.9917549934839821,-0.6396193701396407,-0.5270718367365236,0.1430390648909523,1.1886116329269303,0.7223678286032448,1.5950366248934347,0.17221551062316254,-1.218836628777587,-0.6808483321755023,-0.5401016219561944,-0.7611682538804797
Bearing2_2,acc_00019.csv,-0.48190204830305833,-0.24121763738532082,0.24057370020023472,-0.4990864469514193,-0.7270023382206973,-0.5878636393665512,-0.5668128008856773,0.49675178026843275,1.2629892779826322,1.9108469807432322,-0.2856106239696673,-0.5518299022360793,-0.5274649795167309,-0.7083786647230892,-0.47839317330847214,0.7658897430988619,1.2367263578544816,1.8524986935303558,0.7202958906064177,-0.4015752001504327,-0.5500894496261097,-0.6978853161930524,-0.5513011404864797,-0.1979560932985111,0.15964983362085694,-0.445264302071765,-0.21535799231912506,-0.8308565972409335,-0.0484625844564091,1.065770092648462,0.8129440000899814,2.219440330700957,-0.6992214418425252,-0.9602099570059105,-0.7271817962943753,-0.499548025948331,-0.019050396141016713,1.0721131506797794,1.0013505133092582,1.4384188864901515,0.3110627556183454,-1.243007600205346,-0.7658108035533243,-0.5311771281172857,-0.7611682538804797
Bearing2_2,acc_00020.csv,-0.4361961480275653,-0.24442104683214327,0.27708554536964897,-0.45419014055643847,-0.7108124433413432,-0.6109175061580849,-0.5821402264516202,0.47197316134241685,1.3407504259524967,1.841676781051284,-0.2882486927566975,-0.6065217637361718,-0.5217202349501441,-0.7119513036728998,-0.49293285630084105,1.1723639367551848,0.9545288624105195,1.7693313877121097,0.6543689148896562,-0.4817189296491955,-0.5264143249905835,-0.7020158802894586,-0.5194825225726276,-0.2016655135078386,0.0965393631076942,-0.39426853523211,-0.34207636953510334,-0.8476968058967819,-0.07289668179613278,1.1711744490494418,1.0730350860447044,1.8871582571173142,-0.6719701414659764,-0.9536017583770421,-0.6747782203506559,-0.5589407358781958,-7.073144342143635e-05,1.555159790999996,0.6954282666882993,1.371915626670274,0.3623227117132433,-1.330405276983151,-0.6215512802443625,-0.5740864297040991,-0.7611682538804797
Bearing2_2,acc_00021.csv,-0.4397554066001824,-0.23561824507931922,0.4006897102896903,-0.48879771006923617,-0.5871004581445917,-0.5527567866306214,-0.7174688268306351,0.21017220995181535,1.4658303724660435,2.682937530600437,-0.30808985828956204,-0.6797975808947893,-0.5324168958749543,-0.705526358512348,-0.6589259449414079,0.5174808289740145,1.4746591976912895,2.665167766054931,1.0391923751037044,-0.351317325820515,-0.5680443871748215,-0.6968120325823483,-0.5263342248291064,-0.20001721885201168,-0.04074742470968118,-0.44973220913626644,-0.26302044351234033,-0.9265214913299096,0.2112860378713409,0.8962592272430029,1.2161666595410012,1.9718776363139796,-0.7609822235477643,-1.1196478834509158,-0.7675546179259954,-0.5106741647773291,0.1548437104858935,1.365069651673432,1.1753706246632998,1.3454570101619439,0.21714060500710852,-1.5812381821521921,-0.7988066487285106,-0.5410714158635997,-0.7611682538804797
Bearing2_2,acc_00022.csv,-0.4309996383255109,-0.24039600035838365,0.3317333929847429,-0.48187619616667654,-0.6610985191297054,-0.5698501986138159,-0.7560270475566574,0.553180617282992,1.5331398727033294,1.9493024797699963,-0.35158328224963775,-0.5794038634961077,-0.5014955095298632,-0.7120052240223173,-0.7224209441774248,1.1079195526578363,1.4337201338963184,1.8931984651933151,0.6797722482944915,-0.3370663789884612,-0.5236829700342425,-0.7039267472386731,-0.5079489092137347,-0.20710940893213212,0.046837785399911576,-0.4269304765312244,-0.3349196203891117,-0.8212493318779206,0.037747230646937684,0.8710625436552599,1.0823664233154826,1.7730147864617054,-0.8522629064902764,-0.8642736284142118,-0.47792191941715784,-0.5587022336439148,0.02610237296059584,1.5180605937671996,0.7086791269397346,1.4492858428982989,-0.05232975004489844,-1.0094912682080006,-0.5651189454037524,-0.5846214455564677,-0.7611682538804797
Bearing2_2,acc_00023.csv,-0.44207677418246705,-0.24212179252384047,0.0029668855215513315,-0.5050726211374167,-0.6599711727734249,-0.5592093186255419,-0.8026732452419936,0.5607516880940362,1.5509799877612045,2.13603282953988,-0.31991545270924243,-0.658185028233818,-0.5407371342031666,-0.7077511525898245,-0.8148476763477106,1.0415977992406007,1.69457505054172,1.833689148410149,0.7216528940017478,-0.28762618818893776,-0.5345471377878479,-0.6992805011237003,-0.4984769425546628,-0.19206257008994546,0.1883115905346042,-0.35729275262933907,-0.2162192940341998,-0.7882243530406392,-0.04964518277303229,0.6239420414902349,1.0542414545391345,1.9685536072500756,-0.7066850356016202,-1.0438076168331112,-0.4794973592163695,-0.546910948019224,-0.16738770741455147,1.0511600079009467,0.9757453924921806,1.5294526453748531,0.12631955589106766,-1.4656412170286208,-0.48886384950409323,-0.5360876431464109,-0.7611682538804797
Bearing2_2,acc_00024.csv,-0.42664173461253224,-0.23941459759722955,0.3766498656427587,-0.42631701700288793,-0.6351566059328541,-0.6018029325317859,-0.6980852893611214,0.8993159414997679,1.2593215896276861,1.686710154766542,-0.3176208670891055,-0.7176274898821222,-0.5219902166539643,-0.7019097781112655,-0.6259768779699508,1.2376587019101313,1.3206505856362114,1.4395759301313773,0.46227943399910426,-0.30649816040775046,-0.5381813753324332,-0.6980835437689044,-0.5343106632662303,-0.20250011938140833,0.04398316098218249,-0.44541836783260985,-0.3104255976000936,-0.7068451288001564,0.04227567857460816,0.7605463836702002,0.7564906617449272,1.4873619335526895,-0.4419900551386565,-0.8455172649797559,-0.3922018949191709,-0.4842095109392594,0.06254992839414883,1.015385907248691,0.7972942402392217,1.3264581208164135,-0.024381671718910886,-1.0997778952565649,-0.4512654311775262,-0.5100489159900857,-0.7611682538804797
Bearing2_2,acc_00025.csv,-0.4852864047199647,-0.257623644453271,0.2224397056037239,-0.5295785217113437,-0.8741171320265341,-0.5082416493061293,-0.6529993848869143,0.636389061872357,0.9795355247942565,2.515721915437391,-0.2742518338363624,-0.5558711901876303,-0.36513576217415417,-0.7052501394762399,-0.667375364281598,1.0424264992357237,0.9807908501592618,2.3349282605538946,1.1002421946190541,-0.03332823177120255,-0.4124532349106532,-0.6953125233264866,-0.5050761150137498,-0.20294532847119207,0.19407237510880104,-0.46621724554666855,-0.2651880583143404,-0.7185963913409653,0.18978453345804128,0.1847398338732947,0.9276625818117905,1.6170787614258468,-0.6677744548460064,-0.9330847966446577,-0.23208008055280485,-0.5086085605908043,0.3518680389463319,0.7492732140538324,0.7381163884204863,1.0994136588073005,0.005144784800066394,-0.921851072871619,-0.332091430473418,-0.5409055457274367,-0.7611682538804797
Bearing2_2,acc_00026.csv,-0.4098334763279013,-0.2614315180195837,0.45912854880666254,-0.4519453252366895,-0.8299535559332832,-0.5956775839306794,-0.6353763852331297,0.5749272802761057,1.308600114864042,1.9515808640137327,-0.33038266880478034,-0.6864074327411595,-0.5169377477976038,-0.7046641720213189,-0.68347812960319,1.1882840694617385,1.3323061119737192,1.7111289815345132,0.7192371751641761,-0.33841451725895866,-0.5422452089434227,-0.6959792842784789,-0.4808144076604579,-0.21505960112109046,0.08008369970085392,-0.4418748553331776,-0.44531329285777743,-0.7673679484484887,-0.0540741409941852,0.6163326768901058,1.1914500561174397,1.683051335290378,-0.8115451386441196,-0.9113402726596451,-0.4738223214562157,-0.4921694883540117,-0.0381136201398174,1.0071834474600219,1.0446777240524734,0.9102609202714764,0.22578228751091736,-1.101851781656559,-0.5287867532084475,-0.48808304626404553,-0.7611682538804797
Bearing2_2,acc_00027.csv,-0.4212647417049721,-0.24631632583759866,0.195104968560593,-0.5028278058176676,-0.7992900055853727,-0.5433525251566197,-0.8289775276542168,0.7826989952923865,1.3647901924009962,2.20589080976261,-0.3655537129018403,-0.5339226545348837,-0.4829592676806649,-0.7079623075787966,-0.7616973338327028,0.9355261367393277,1.6184547983744821,1.8338726101071574,0.7601784074367508,-0.058986269854122114,-0.5089483745124069,-0.7010872767913271,-0.4693045680524852,-0.19748863289409876,0.00433645568434995,-0.3961173243622486,-0.2422423398311725,-0.6947004431335819,-0.10156431790257443,0.8282094601091884,0.7830751090768677,1.7098004791894048,-0.6577467710680769,-0.7169595727674855,-0.3740870087784191,-0.5403454411941266,-0.12896459130707746,1.1124426874286957,0.8373202253418152,1.1791397224814781,0.09326181430249422,-1.0453746313479353,-0.4310640538023462,-0.5210631350005637,-0.7611682538804797
Bearing2_2,acc_00028.csv,-0.40723547701447305,-0.24226151113238364,0.2765003285752077,-0.41322226097101855,-0.7853242780930431,-0.4817737180826557,-0.7810633717530476,0.22112905751931353,1.510272453009404,2.7090490135189724,-0.35730990541381213,-0.6055354706483276,-0.4460859545441773,-0.7028131176740026,-0.739800414502222,0.9527152567586136,1.1845245339066806,2.412477931039046,1.3987592373869844,-0.4273414000319945,-0.433660295716446,-0.6899362565531967,-0.4314224038780134,-0.19781185612319208,0.0849677042868691,-0.361298462411306,-0.2655395019562687,-0.6131046154545026,-0.18626782966647165,0.6545402099671943,0.7047683909117645,1.8253986700671252,-0.5865924988124847,-0.864391950580276,-0.35726233703832555,-0.4769796753758219,-0.24043961936815478,1.0354439704667258,0.5630494872671759,1.2526684276546731,0.2623185803655022,-1.1058445996179267,-0.3758679542512194,-0.45094631369921073,-0.7611682538804797
Bearing2_2,acc_00029.csv,-0.3642531056734446,-0.26555080493519684,0.3371045441912642,-0.4455850151640671,-0.8967390896299154,-0.5916192149978747,-0.7144224978070839,0.5788215720970921,1.606052579438239,1.501193527447812,-0.21982986577908947,-0.7402270171583542,-0.534194821055176,-0.7055778896049477,-0.5775795026488859,0.9570086943783384,1.5634968328072734,1.0958781771612982,0.7666393886607696,-0.42177368942795246,-0.5558903415420452,-0.7022556346607092,-0.4318014444301647,-0.2041081401730642,0.14135627355517572,-0.44310738141993666,-0.31490500226046036,-0.7767612909610154,-0.04614049316656622,0.7443914309059138,0.852556824277682,2.0119616358767054,-0.5958776698193387,-0.9748717366486376,-0.5427317522643238,-0.519915722551162,-0.019494498250914143,1.1744045083076144,0.82164009731317,1.1655287830927974,0.4363006816722083,-1.0685431071346152,-0.6240894236099448,-0.5578218516194989,-0.7611682538804797
Bearing2_2,acc_00030.csv,-0.4211993519111729,-0.22484763387415105,0.16005326778552742,-0.37150610961234887,-0.6109825434248011,-0.5179681274334037,-0.8002071361589222,0.33246751714427464,1.7587843601900555,1.9249321644624247,-0.20577678711553624,-0.7336497299503324,-0.49940719969188335,-0.7007260333421966,-0.7848663938642028,0.9807706373160783,1.6495280932153282,1.8230560098153432,0.7834429892084043,-0.3494269288930983,-0.49940932710624003,-0.6924548203145254,-0.48611436217181275,-0.19654583267017778,0.0008546384856445169,-0.4098291770774428,-0.2550799096095099,-0.716563793373534,-0.17766916362374433,0.5308042180865531,1.0090789426463314,1.811003503120429,-0.762985635029237,-0.9202877846455682,-0.3471391425400054,-0.5120683071234681,-0.23367668275310713,0.8485391223910563,1.0599618817694065,1.6131352474389942,-0.29929999186600914,-1.0439993192469321,-0.41646908442859304,-0.550162209298397,-0.7611682538804797
Bearing2_2,acc_00031.csv,-0.3572143771617926,-0.25133653083839735,0.2579916904143728,-0.47589002198067915,-0.7624586920216315,-0.525732441660264,0.13651672848464053,-0.19344301335006356,0.8539673799876237,1.4447046560186836,-0.41990148394352134,-0.7910079633397071,-0.6130268151190056,-0.7055624909118389,-0.20737221293614028,0.24435615429466556,1.1729274183101015,1.6575705137102938,0.8797776768680601,-0.4811899239962558,-0.5711503686160064,-0.6922889818289838,-0.3486504261314343,-0.20508521650777842,0.02920257871601542,-0.4594383520694938,-0.2925390688165715,-0.7698591122486036,6.573149713795471,-0.10074155130840409,0.10018300829803778,0.8993347167395154,-0.9135761913446073,-1.129559202378881,-1.0498587716649854,-0.5678291298076004,4.003120987994021,0.19875563700869514,0.2416842383041295,1.0297452377191478,-0.03951479148653817,-1.5147640446647817,-0.9140117986808778,-0.5582897212385977,-0.7611682538804797
Bearing2_2,acc_00032.csv,-0.43503416648990684,-0.25372946767435495,0.1651152136683621,-0.48468221531636296,-0.7766563338737223,-0.46195491844679587,-0.8436517397205916,0.2664376434353397,2.026729789534268,1.4889489990709746,-0.21266344364383355,-0.619028064249787,-0.47347599803863794,-0.6984949952482419,-0.8020143080193971,1.1945246809826155,1.6557528173134317,1.293136613259098,0.8454257275164652,-0.3326946534769364,-0.47658786734081066,-0.6903178728603688,-0.4471114879902367,-0.1996077133896063,0.010038166226227975,-0.4012014944701296,-0.2764996171805325,-0.6580653365038368,-0.10771139069237952,0.5540469727754627,0.9921403959258587,1.458206585224572,-0.2839476114042608,-0.80921878900771,-0.4725678845561828,-0.5284566621878737,-0.17458740361621009,1.09366051455239,0.6756027586503316,1.282563578190445,0.43515909544677583,-1.2534231254707235,-0.39871329435266645,-0.5486006723619207,-0.7611682538804797
Bearing2_2,acc_00033.csv,-0.46935282531743816,-0.24843020672940863,0.26417890877656247,-0.5213475322055973,-0.8845331743520183,-0.42355994527748136,-0.9180667164043868,0.30278288876905357,1.8906639966604608,2.079965016523936,-0.25922256797573184,-0.5568695786324147,-0.4670574813118416,-0.6894939196758937,-0.9158000248071412,0.8160080192071437,1.9159972147401205,1.9054315583622934,1.1044325122140102,-0.13029154685251776,-0.5097053175285863,-0.6765528455123465,-0.48906072340493206,-0.20565454086700954,0.14341218913950496,-0.45420011620076794,-0.2906632530663379,-0.7079161581598543,0.4094110359049592,0.428833607683055,0.7667319578056188,1.9056143335901143,-0.5099640032251653,-0.9534218789117371,-0.5540939346395835,-0.5032134198211824,0.1693458147790015,0.652198769777823,0.7868873715386417,1.55401477036302,0.36385868219865697,-1.2552492521208773,-0.6226150030593567,-0.515704815688459,-0.7611682538804797
Bearing2_2,acc_00034.csv,-0.4652444993676675,-0.255215607087488,0.11162888713885576,-0.4919778651055473,-0.8392562938778803,-0.4808877607437036,-0.8060422259098403,0.7784576104961692,1.2316743775682673,2.304239994389493,-0.28657065053247294,-0.6268272795906181,-0.428253498711675,-0.6922284848093094,-0.794962208270492,1.2081125678682014,1.2138832917016178,2.212477502634129,0.9549621411241661,-0.32705916681917957,-0.4237879437304975,-0.6826144258179417,-0.464547992371929,-0.20476753119765626,0.11017795011664998,-0.43247684392164,-0.3000332217268762,-0.6875284911197533,-0.07784448132345494,0.6489208627564571,0.8444484395503594,1.9786550578565805,-0.7836318669666741,-1.0015845649341546,-0.3474655479352328,-0.5162610922416377,-0.13698186377720603,0.8655424994655814,0.6189823226106373,1.6871087287535698,0.05655681331014387,-1.1376910618711384,-0.3934136725573046,-0.521461295715574,-0.7611682538804797
Bearing2_2,acc_00035.csv,-0.4746297571468837,-0.2409191979168751,0.3741992614848799,-0.5486594519292105,-0.5739012585234083,-0.5358748235447811,-0.789617618987239,0.37521162085501003,1.7798188127854404,1.7720887589398728,-0.30023366039076493,-0.45703047970667726,-0.531131001047608,-0.6999488800439063,-0.704873730346845,1.0471737782366939,1.511441954225827,1.645000545259409,0.7072986698631024,-0.43389704391351197,-0.499239309305534,-0.6908810839792254,-0.4915605338489417,-0.2103090385342753,-0.011231668428403334,-0.49949544988916234,-0.3518691322352314,-0.7719205629494442,0.6021575006863312,0.768217923044917,0.8897599531196624,1.7867145713359915,-0.7628770086396712,-0.9477353695324339,-0.5939913496977334,-0.5109414854162876,0.16132585837356714,1.263505356365148,0.7773325159039339,1.360422664831948,0.15913228538326554,-1.2131398691584743,-0.6554965020549297,-0.51595771388745,-0.7611682538804797
Bearing2_2,acc_00036.csv,-0.4346408658748122,-0.23271559126515748,0.21417705450172086,-0.4725227990010556,-0.6367480834643156,-0.5482004627120183,-0.8537783894253828,0.4724627616034695,1.9742467081753567,1.403176285654987,-0.20635787135411437,-0.7295468780780305,-0.5716272655434582,-0.6995714697480403,-0.8365000159772065,1.1465520092841412,1.8799476966281925,1.3021758212283268,0.7584468121612458,-0.5223614269509385,-0.571929982558765,-0.6912886987444443,-0.5271962354490447,-0.2031956340951347,0.18978837143502977,-0.4293955287047425,-0.3051767692687161,-0.739257399286423,0.0005391661084864995,0.7854896519266936,0.8637009917781335,1.6623045086960193,-0.41058532737234177,-0.7856769157212459,-0.6419528331287614,-0.4694721848090255,-0.05806624138985628,1.06824812510682,0.8591366567985322,1.1344121110519891,0.3693821337559363,-0.9809567157999156,-0.7679880739089667,-0.4454546270793474,-0.7611682538804797
Bearing2_2,acc_00037.csv,-0.4695444522601821,-0.228248501190711,0.13203318810280715,-0.46952971190805687,-0.5999588738047176,-0.5260764772692897,-0.7990301617632588,0.6697528127028174,1.6222567309374123,1.6240951818043863,-0.34707716933163074,-0.5921399076327509,-0.5071672287574074,-0.6991016853083283,-0.8482497338677977,0.9381738118372289,1.9603877142149408,1.4607952787903988,0.7890956965993208,-0.37767661870434044,-0.5060106890297836,-0.689628685754006,-0.5575133112235434,-0.19888215448449822,-0.11467228573211798,-0.37870789338677724,-0.3015138917527418,-0.7571232553433871,0.46780888683268573,0.964557717805573,0.7083075954713867,1.6605317536206767,-0.6441557576845546,-0.6862846860203312,-0.6606092582229174,-0.47186006623704496,0.1731131547238458,0.929414983514337,0.8997775818354076,1.263718170471683,0.10976889107289056,-1.098273174871969,-0.6367842509079427,-0.4812557342636219,-0.7611682538804797
Bearing2_2,acc_00038.csv,-0.4702955346342064,-0.19630516604744366,0.3171511414683027,-0.3629009842199776,-0.508793324216224,-0.5370111742019822,-0.768541387358378,0.9437437398250645,1.286361244468042,1.7830909110486581,-0.20503591749356956,-0.7025165682694846,-0.5219972741458077,-0.7002403548550861,-0.6654965839790178,1.1109463362494225,1.4379596325717579,1.5071990012945562,0.7879815500054084,-0.5221864671131078,-0.5391089372889216,-0.6897115227677943,-0.5504975405818217,-0.20943468467407655,0.18640776192888198,-0.47376646782806753,-0.36356507722513176,-0.7111959229542996,-0.04335920193213136,0.8447655620971842,0.704968308817033,2.021652931197515,-0.5588098096584136,-0.9209248183092892,-0.606490722429451,-0.4631381667860739,-0.002855188537639384,0.7931350170495283,0.7646728120052632,1.6279498238761945,0.2961539553569684,-1.3695277574447506,-0.6565884254486343,-0.44601285746962327,-0.7611682538804797
Bearing2_2,acc_00039.csv,-0.450147454627989,-0.22385808860558107,0.19816755477620185,-0.37936296323147056,-0.7139300058481478,-0.5045168736913248,-0.7631157733481682,0.6436207233662171,1.7341616970616436,1.1591347728963002,-0.22448008899777525,-0.7116432300195443,-0.4984982999145432,-0.6962928557107126,-0.6939825842548937,1.3096025184778208,1.4853620250081403,1.0611886801195785,0.6932504335982602,-0.4573351556371183,-0.5226303400658749,-0.688579969444574,-0.5382868560492674,-0.20075861641172615,0.020708225699468615,-0.43771507979036584,-0.2815985531544393,-0.6478018190657353,-0.038925715314603634,0.9061531862205442,0.7880005586380521,1.4076994980602215,-0.635017231385014,-0.6764300546113207,-0.3860589599708548,-0.45971228631691247,-0.10186272461253605,1.432819792172573,0.5573350351154628,1.2145833429584505,-0.029531676777477082,-1.0906343478250593,-0.3008994473469668,-0.5146390236218814,-0.7611682538804797
Bearing2_2,acc_00040.csv,-0.45080938613800353,-0.2210571631601269,0.013662028466823219,-0.4672848965883079,-0.4893190916103546,-0.4580655764968318,-0.9818946819103379,0.5915116960191831,1.872755687364551,1.85924131253798,-0.22004896523501968,-0.6154773427642499,-0.4635921033166242,-0.7042459069839054,-0.9282615681127554,0.9622030345705587,1.9631628164330948,1.656518987318161,0.9572331764756034,-0.33985459261657647,-0.45269382574094624,-0.6907542185256452,-0.5260086689345636,-0.20586221780026978,0.13317415179056033,-0.4247735558793961,-0.3087294565977492,-0.7816411495025269,0.6424620642003462,1.0106556099423931,0.7894676449296899,1.693907455897649,-0.7409725473473086,-0.9629567279203493,-0.5757457312830574,-0.5064542666967426,0.3475110573228622,1.0735066557442154,0.9419444922699817,1.4899246314723495,-0.21667623402419553,-1.4328820968097755,-0.5367120628408314,-0.5031928518743549,-0.7611682538804797
Bearing2_2,acc_00041.csv,-0.4734080938170902,-0.2107393189511731,0.31783748345293583,-0.40723608678502105,-0.5026988841268971,-0.49542305273651777,-0.8952162041015103,0.7793444852736459,1.596583876446304,1.821000635988545,-0.09029668207578535,-0.6442259429012407,-0.5361972681587048,-0.695652497821337,-0.778981741414292,0.9010609982361442,1.7935274497098788,1.609149144523632,0.9179942279837914,-0.4907152977196091,-0.5512134801635398,-0.6834458015784283,-0.5138700759306692,-0.20603287756008062,0.041793918027136244,-0.4367906852252966,-0.3341414425535824,-0.7291474327553545,0.5217510961355791,0.6779464091958026,0.839830872714252,1.5925589224869074,-0.5838636618901119,-0.7823476557633032,-0.6054661172019925,-0.48425195442748026,0.21193008877874112,0.777451894026882,0.7487606264079484,1.4345424458343723,0.22959310400022864,-1.2256154611423005,-0.6619757747590661,-0.43647579915258183,-0.7611682538804797
Bearing2_2,acc_00042.csv,-0.4296167808395781,-0.21042448635275618,0.07371446398252134,-0.42725235671945,-0.4230412391091308,-0.5241523298502252,-0.8229228157769223,0.6136148039328675,1.8454033114712856,1.2506076920885225,-0.24398564837559242,-0.7508495574981825,-0.5128696722090131,-0.7004646893903377,-0.8494135394686618,1.42280085083362,1.7163106067520046,1.0848180539883812,0.6515385802896542,-0.44706023094413155,-0.5091716460155374,-0.6923766857678473,-0.5338797347672832,-0.20263000162672923,0.12083889464529735,-0.49348688521621203,-0.21953396970181122,-0.7542425919742423,0.1877355833321494,0.7423961911257703,0.9230820414620157,1.6579979885783174,-0.5165656921160073,-1.0034280234915547,-0.577803944582875,-0.45820645320459713,0.1700086618021871,1.1101819639833148,0.9177846263234071,1.1311277769461683,0.24715077457096007,-1.3986703743186248,-0.6243208678783918,-0.4537837807777395,-0.7611682538804797
Bearing2_2,acc_00043.csv,-0.4696058922283886,-0.23499043607970246,0.11671057309889357,-0.47738656552717856,-0.5892499186597561,-0.5019320923838076,-0.8374804322935695,0.6685049519754083,1.7984434112085323,1.2733363528199784,-0.2135779372715488,-0.6262400286012453,-0.5377469012047383,-0.6861850467657135,-0.7276362109385949,1.1444340384897185,1.642518160325305,1.1063153480069141,0.7651030220566419,-0.3361020922680029,-0.5515442643309656,-0.6735124418259436,-0.5334001054663206,-0.1984647613322124,0.20650219441076265,-0.44033419772472887,-0.2354293035374421,-0.7022342902100659,-0.043619438320717414,0.8520940506313949,0.9932675820479898,1.6741543481900936,-0.6461332624876569,-0.9687948611251924,-0.5940918335244652,-0.4132953006949002,-0.1329300863126868,1.438311397079168,0.7120388766769455,1.0573180327814407,0.4359138494857602,-1.2539832097757382,-0.6260345914118113,-0.45145065333972234,-0.7611682538804797
Bearing2_2,acc_00044.csv,-0.467167114247316,-0.24081011191918833,0.20573777315048306,-0.4300583758691363,-0.7441348144495388,-0.47465132407608546,-0.967212572210856,0.2416867313641879,2.181339941061102,1.7530788022933854,-0.26376102744559954,-0.5921899041284513,-0.495475344934567,-0.7010434414842908,-0.8998578586639876,1.2199264939522696,1.7795197891502839,1.4870834497559084,0.9570133158850337,-0.35236390947415325,-0.5270513425452463,-0.6901871898609927,-0.534363011928308,-0.2058214218787095,-0.11821063841448919,-0.4691444950027212,-0.3239281372654822,-0.7621362836788945,-0.2043339878371761,0.9581712011178128,1.1277461974826157,1.801836512150853,-0.7663462911331027,-0.936772524709168,-0.5693030300776225,-0.5024911258763424,-0.17114268972463656,1.2000763768415885,1.0594234781944905,1.278490543353197,0.1254706862789572,-1.2638236193193104,-0.624981274260052,-0.5019514720362508,-0.7611682538804797
Bearing2_2,acc_00045.csv,-0.43109280477394807,-0.22704963479257487,0.3297298529359854,-0.4463332869373169,-0.5399952103377701,-0.5422212762609372,-0.8217901262704533,0.5273325841726266,1.9451152720734737,1.244920006886291,-0.26809049943522695,-0.7335998481208473,-0.5739768584738001,-0.6976398117332578,-0.6118977893533614,0.7532357244775494,1.7753170799009608,1.1598106051879116,0.714661565061895,-0.2591229055454154,-0.5921814002681719,-0.6866595557674354,-0.4867214732297949,-0.19376567242076187,0.09218643466729558,-0.38718151023324565,-0.23115336595012442,-0.8742000657648592,0.15486684043138263,1.5343814487502334,0.8381472997124656,1.9153087084263833,-0.7199991901972873,-1.0329933027676688,-0.7429670973475789,-0.5010925238398422,0.2275058181112801,1.370110393180585,0.8705107528259663,1.297129266800203,0.3467123081147515,-1.4062181873700954,-0.805533468483402,-0.502089374618116,-0.7611682538804797
Bearing2_2,acc_00046.csv,-0.3859523733186406,-0.2239006262836643,0.2414150726839955,-0.42800062849269976,-0.5918620526183311,-0.6229630920894388,-0.7865965099287366,0.6824431882760793,1.9686491255401513,0.7655860196635843,-0.3018611541571361,-0.9312370266582801,-0.5744566618588904,-0.7026193683700068,-0.7297501601859472,1.592043332624234,1.63393344841956,0.6586998393015328,0.2569381163241083,-0.6207851902816067,-0.5831890004825464,-0.6953025834101131,-0.5191834913602849,-0.20421524838192015,0.14475075560173406,-0.4332471727258644,-0.33845130400479295,-0.8218227949726191,0.3914939568684671,0.9956730969083151,0.7273856945656422,2.103186574276875,-0.6602686912487172,-0.9167407033064763,-0.7952237481354362,-0.4827172762241936,0.21850003619222108,1.1198314996415006,0.7524873378971895,1.7599845291727214,0.10921744240737148,-1.3939304474894263,-0.858537950019697,-0.4368504592834346,-0.7611682538804797
Bearing2_2,acc_00047.csv,-0.41713944281515947,-0.22214126017619218,0.0714282411565357,-0.393393058979902,-0.56723486268875,-0.48720388959307553,-0.8522211110411304,0.4083422932091553,1.980796868869445,1.3193196746387261,-0.25239101210586723,-0.7299577132852467,-0.4222323352426093,-0.6990157180159201,-0.7156143741108979,1.2293962240509324,1.4921051907294567,1.1741439122715835,0.6243032324246933,-0.3715783566651534,-0.41452214904273416,-0.6853657157793905,-0.49367903310394357,-0.20347866476364732,0.24140737131543907,-0.45897615478695913,-0.28994483212299116,-0.6612815183839775,-0.038064431656951316,0.7124571763485069,0.8541750461811236,1.3238453890451694,-0.5807704121715681,-0.7971175699604505,-0.21082815443470884,-0.5157702400588443,-0.11407897537651718,1.2431885492016956,0.6140413136683482,0.9145256362706231,0.2239290194265478,-1.273992077366355,-0.11226324703605234,-0.5260389546373893,-0.7611682538804797
Bearing2_2,acc_00048.csv,-0.5119180679148442,-0.2289727922856209,0.24881941998436763,-0.4510099855201274,-0.7493236657656167,-0.4566688931510246,-0.8719669028425661,0.7414120659299969,1.5576513575768205,1.7282109592399677,-0.1788391565873429,-0.6899486552997053,-0.4174890978976,-0.6831101895496287,-0.7833842852271954,1.083985657186069,1.5952774641412875,1.4392154802485948,0.9396524589652422,-0.3284017144591754,-0.45185597188674964,-0.6757852329696153,-0.5270463776180471,-0.20557018875100197,0.008517985672304627,-0.4683741661984968,-0.3258335363648989,-0.6894279004871249,-0.09080861855774804,1.0290049492042657,0.6212831759182472,2.0049914198622476,-0.7425729267158772,-1.0116375119862326,-0.4877916527379675,-0.41796679377378004,-0.07808492722987784,0.7891169952659874,0.7810062855232808,1.5001315610982349,0.16888765511095333,-1.3075481210664144,-0.5851636131320647,-0.4012287183511887,-0.7611682538804797
Bearing2_2,acc_00049.csv,-0.47128272420175565,-0.25960663453043825,0.26592584261469543,-0.5445439571763373,-0.7913840541026333,-0.4822238896672516,-0.8744657653866781,0.38150805387017367,1.9173701343422827,1.7766179322167932,-0.21669051715153284,-0.6841436031020618,-0.5390093004497809,-0.6965095481522325,-0.8185997496033011,1.2127901972836803,1.6471192009540718,1.363866322685081,1.0679287461416114,-0.41054152922124015,-0.5479091363586176,-0.6870398409077815,-0.5103905083890824,-0.20074785042220278,0.06243156758674668,-0.42123004337996384,-0.278592038696383,-0.7819858851797146,0.3264611856385016,0.7914392424952575,0.9306678144452929,1.8734220142671973,-0.5297218849154413,-1.0312947218411337,-0.7237015281637222,-0.48616394251630135,0.15774030562532565,1.2325895365534547,0.846300404513201,1.5551778474842273,0.22745194203866737,-1.4015882813184288,-0.8365099170211449,-0.4715194598501328,-0.7611682538804797
Bearing2_2,acc_00050.csv,-0.505223406950923,-0.2452314524854722,0.20742407016275494,-0.5514654710788968,-0.7031953771319112,-0.5256315720641547,-0.8338753452108064,0.7628768483225961,1.6400827236983877,1.4555343362420041,-0.1267408598931302,-0.6700499163691581,-0.5267516678230021,-0.6924590884581898,-0.7949284492577449,1.0242468752477751,1.7899453892725319,1.459120987544123,0.6635859243011629,-0.3063868401097462,-0.53732593266657,-0.6814920303701015,-0.5506319990168383,-0.20912409281824382,0.06965673074352724,-0.4657550482641339,-0.351218963036578,-0.7475943211626358,-0.009997826719552667,1.433576965346571,0.9284604778796177,1.1747769470761924,-0.4556241652788078,-0.9527823612657762,-0.5343176629126507,-0.4443357674290932,-0.044527686620861325,1.5190108450207316,0.8918163291586144,1.0075248087119362,0.1120537152323123,-1.2562979746772083,-0.6081345114625939,-0.45060658798191383,-0.7611682538804797
Bearing2_2,acc_00051.csv,-0.45212239149728534,-0.23854820803367477,0.2346469633968718,-0.4953450880851709,-0.6354962208844137,-0.4971793759022881,-0.8282825359829955,0.5561804848829965,1.895200347689919,1.230186261681102,-0.2952092101701459,-0.5836411981219107,-0.5143092980619473,-0.6924312998465159,-0.8449978686866955,1.2602501242950976,1.845560459098661,1.0781820947706404,0.5774560091488034,-0.34948324585716595,-0.5200938635236954,-0.6829115143649853,-0.5529450570079395,-0.2020380262199628,0.20820693121715514,-0.46560098250328896,-0.29029649593381435,-0.7203142618261362,-0.0014583310348884845,1.3390796064163517,0.9583849706480094,1.2345635480094117,-0.6730145345153096,-0.7968527357166848,-0.5464194191622077,-0.4156533902786516,0.0016143509309820335,1.545685497715465,1.05789248795207,1.047784953663318,-0.31308696613815173,-1.2419791709242418,-0.5696312902616449,-0.4318165185931829,-0.7611682538804797
Bearing2_2,acc_00052.csv,-0.4578063998305885,-0.24711920714438892,0.19744001860101215,-0.5297655896546561,-0.6376361671846165,-0.514563432017101,-0.8704982209037339,0.7011706502601247,1.878326459781228,1.1398464364403,-0.27611523959140954,-0.7087872770068607,-0.466743173485619,-0.7005389753302221,-0.827748587640357,1.0612576071333517,1.99887460667045,1.1403003032289887,0.4841166494403168,-0.5105566095821629,-0.48089053061713144,-0.6888981083991779,-0.4939451653319031,-0.19907007129525955,0.020797504545554416,-0.4284711341396732,-0.30277504131929467,-0.7453748742147875,0.7355504726825749,0.6524407020180943,0.7826888075396398,1.7649885572035533,-0.6856005393314814,-0.8384835354763919,-0.5916199600672973,-0.5253877202389933,0.3899755899460067,0.9101205096074774,0.7098464231084627,1.4175221707491465,0.2821822127989801,-1.3484629921975373,-0.5749765873263905,-0.5248310447743291,-0.7611682538804797
Bearing2_2,acc_00053.csv,-0.4132521602123779,-0.21709761917346565,0.06926067375650632,-0.4074231547283335,-0.6165575343650876,-0.5121490113072106,-0.8668489936759759,0.716784090500162,1.8769474531502477,1.1685168722297852,-0.24429169354790892,-0.7891662603423238,-0.5327814020531627,-0.6960469728400257,-0.8128006682215202,1.0084543411399198,2.0599091858053806,1.0033724493874339,0.5768896813959288,-0.3891141635812437,-0.5499172846749071,-0.6853537448008636,-0.527835885857603,-0.20630606933141338,0.1551016269274893,-0.46144120696047725,-0.29561059179364213,-0.6534462205279119,-0.0660316644228681,0.7610531357178179,0.7726958819254549,1.8860671345461593,-0.5952908836197189,-0.8349132246053016,-0.6035082423247035,-0.4274909787231769,-0.0716259116748477,0.7405346183910827,0.9385785532991613,1.1511316249307215,0.3969749584652712,-1.276469951125484,-0.74660470146413,-0.33375921996850444,-0.7611682538804797
Bearing2_2,acc_00054.csv,-0.45613107183809004,-0.20039149324130173,0.10357169547024722,-0.39975336905252434,-0.4737499804899057,-0.5530864477355475,-0.8289439701861377,0.8979659944467755,1.6557093935245035,1.140682586991317,-0.14548252726919525,-0.7131035645021597,-0.5229217399901656,-0.6977155489940402,-0.7818054722282028,1.1972398484592488,1.7611082885519918,1.2058374134465515,0.5271422997460483,-0.3876543791752028,-0.5581001191265168,-0.6836026844778625,-0.5171487217754301,-0.20394255759141636,0.10783513732841805,-0.4626737330472363,-0.3182993349905444,-0.7688674815685509,-0.16679133981840003,1.2864675200710458,0.8886239810807082,1.5718179093416593,-0.3090387325774831,-0.937207733840325,-0.6475965328498211,-0.5124467202267956,-0.0841300835638764,1.243799935353254,0.9608769020417349,1.3510569855075796,0.30373793037113384,-1.4611554972370477,-0.647316516593318,-0.5094268978890598,-0.7611682538804797
Bearing2_2,acc_00055.csv,-0.4237765867589519,-0.18319586578537483,0.11695385064672807,-0.3245520558409316,-0.4436893009921862,-0.5293583694149893,-0.9068532437556713,0.47816306949555265,2.1892837243156276,1.0590548712238523,-0.2973398456887259,-0.7212978502845726,-0.5339433011501539,-0.7021199084037818,-0.8369900057557639,1.1069328485829988,2.043034252023217,1.0033842101246315,0.4947723850045217,-0.4076944247045243,-0.5197826857709913,-0.6937700597804766,-0.5333153878055186,-0.2053140452108774,0.039356327384147814,-0.4411045265289532,-0.31789652216490527,-0.8384937467647074,0.5760608293013232,0.9453835110623993,1.0949760002801587,1.4564820009989554,-0.62972755909926,-0.9557945529122058,-0.6737959686288422,-0.5070607187259255,0.28757399627728314,1.269576757878489,1.0094880433934181,1.2963543621800988,-0.11674745908453292,-1.1651226601259599,-0.724946958533972,-0.5059158607541259,-0.7611682538804797
Bearing2_2,acc_00056.csv,-0.476517091841811,-0.23842162559675745,0.27722247539254435,-0.4947838842552336,-0.6196339030010708,-0.4706391137992028,-0.9597078524769931,0.6561892505498041,1.9148766143132705,1.571263220013249,-0.11300548138904455,-0.6863359284220537,-0.5682153438444645,-0.6907678600956197,-0.9781351465078008,1.207128305747195,2.049544044716097,1.3518208256996282,0.8693405174551757,-0.4610450982574322,-0.5615615774005527,-0.6805810145546165,-0.5826805840180711,-0.20636285087123576,0.11002930705566598,-0.47176361293708413,-0.30677260966831454,-0.8216665023033131,0.04750362755343328,1.122464846980562,1.1290665586846278,1.7495275577372151,-0.5251387925122392,-0.9450740575288915,-0.8920122592948916,-0.4574952518407892,0.03285648257005281,1.5256923802120546,1.081394024645413,1.041458971583516,0.48427199009187166,-1.4896243944174308,-0.9147873965834666,-0.45599826434940643,-0.7611682538804797
Bearing2_2,acc_00057.csv,-0.40380722601018093,-0.21411052014096602,0.5393124375136596,-0.34868382052823366,-0.5561927153944832,-0.6005219728808542,-0.8339832418759444,0.7308613529476156,1.929757482179175,0.9433612667985488,-0.2835437144031276,-0.8682764651769437,-0.5586244277343628,-0.7027472476638342,-0.7975737997836801,1.3398649609741176,1.8550632512474274,0.8555176690032684,0.44530237187851474,-0.5783148686126163,-0.553643975209209,-0.6898877499471993,-0.5265649396631067,-0.1978168075490711,0.10495916486334243,-0.44511023631092006,-0.29389958716348347,-0.829965414000784,0.879610861138775,0.8318734981042837,1.0659149658203178,1.3793712919165586,-0.5848428549880462,-1.0045951593216609,-0.6923894563341751,-0.4964983178484811,0.47907585595430835,1.2771169443688795,0.9054998530033253,1.348456900688856,-0.05235257323323313,-1.3584073275020805,-0.7806266968359825,-0.46213849565787135,-0.7611682538804797
Bearing2_2,acc_00058.csv,-0.415463830838823,-0.23768007576289693,0.3348148408050414,-0.4908554574456727,-0.641454754235458,-0.567879800512662,-0.8412491768155312,0.7109304650153175,2.0239395090717682,0.6916864278221964,-0.20626224247887637,-0.7558915072504737,-0.5363894318713648,-0.7048264858965673,-0.8177617920053641,1.3943293789397655,1.982569595745246,0.6379252055885904,0.09947147216202627,-0.4512403773860705,-0.5293834760101612,-0.693796964048322,-0.5478249749677873,-0.19768502437528981,0.09027539405735376,-0.4247735558793961,-0.21294921113872792,-0.8265029001889732,0.2830703394052061,1.2185406393134144,0.9390639857239966,1.3975958335168097,-0.5479229081579263,-0.9898502896557894,-0.5461820700960819,-0.5086380548765381,0.2873317602798859,1.595135628428273,0.7056111414420334,1.0497919397933793,0.1256348494531036,-1.3496097432153953,-0.6189299083303507,-0.45751121840293163,-0.7611682538804797
Bearing2_2,acc_00059.csv,-0.47923694611019146,-0.22079395369354995,0.20612421315693408,-0.4506358496335025,-0.6277565941138937,-0.553105982548804,-0.7494931226508338,1.101797793703569,1.321470688042891,1.2707842976247734,-0.27339985183385,-0.7373671320559964,-0.4817106072261699,-0.7047891235721833,-0.6045497551129869,0.9176844870122712,1.613123170819564,1.1735899118429691,0.6453211572794822,-0.471531514174794,-0.49697111438412045,-0.694672091233573,-0.5401399915071773,-0.20600299212321066,0.0306512852112838,-0.47484492815398177,-0.31810646008215676,-0.8145633549459813,0.09951960086563304,1.3749395559318238,0.5885249978689628,1.9114212670458197,-0.5841000555712829,-0.9140905931196545,-0.5726297896597652,-0.5392456728933996,0.0856297397605724,1.1666494074444902,0.9172644561599752,1.2847487344651987,0.31373790687754327,-1.3047368869166995,-0.7192285895344354,-0.49869729684232506,-0.7611682538804797
Bearing2_2,acc_00060.csv,-0.4742318692224194,-0.21789770699746613,0.09608238001908255,-0.40405593174871,-0.43220657850162486,-0.5538426228907379,-0.748360495602432,0.9911447016931614,1.4778559693987419,1.0820163960393467,-0.22878431170748595,-0.5757122794135003,-0.5206303705677268,-0.7025072412915966,-0.7267164450136419,1.3485264409698345,1.5646734406921945,0.9588662444838123,0.508272438661754,-0.16773754617651512,-0.5286871879893021,-0.6913067681415751,-0.5495141313962721,-0.20035333019235332,0.12107432130876167,-0.4548163792441475,-0.2309503914919622,-0.7751670836076096,0.026523719271608674,1.1555683966898431,0.8914805710869976,1.6897712888192118,-0.6830248928794728,-0.8716210712624309,-0.5805472865701938,-0.4897516696198913,0.08879570940042014,1.1498946078817758,0.8890617286841392,1.1221332648453028,0.17667844385119866,-1.0368875796136943,-0.6758298059770256,-0.4801743647801548,-0.7611682538804797
Bearing2_2,acc_00061.csv,-0.4411081374856154,-0.22774209266713705,0.2767065006789749,-0.39002583600027846,-0.6831752053282099,-0.5233284946159295,-0.8695698156956526,0.545309497854598,2.059853345084881,1.0837230891931176,-0.3339544971237273,-0.8008610679632846,-0.5330548651946101,-0.6925896506966498,-0.827157050435796,1.489427983890767,1.6707089807193731,1.0229157549481704,0.4868080425378923,-0.433055038286788,-0.5521158205562471,-0.6806034711620407,-0.5547700680813797,-0.2027840264235694,0.07753927506903738,-0.48470513684805394,-0.3437345758909401,-0.7453017074332459,0.06347756791916917,1.311766611744569,0.9180809406591032,1.5712911713478026,-0.7611375072881101,-1.1229517818886965,-0.5606870700470092,-0.3904968592409134,0.08758016093904555,1.4206839555984494,0.903675464601448,1.1243510098613323,-0.020315480303823283,-1.3626415545596429,-0.6499450057044532,-0.4030287032096234,-0.7611682538804797
Bearing2_2,acc_00062.csv,-0.4462263412649413,-0.23046413973356336,0.26371661685589154,-0.46204699417556006,-0.6317761649746336,-0.512998490027846,-0.8115066478206759,0.9801520030555214,1.477655685638583,1.2691045964582142,-0.2758546272783339,-0.8266344637518183,-0.41865976168927077,-0.6919600432710844,-0.6632988423036443,1.0680836625407801,1.5655243252695,1.1187828886209215,0.6320798639992313,-0.3403990629902136,-0.4599587901446898,-0.6849654434635326,-0.5310672231734321,-0.19231725116883633,0.21748217577696605,-0.38933843088507386,-0.25065029984006615,-0.6584736529577501,-0.05614501558256624,1.1373213017350425,0.7595700621241039,1.4105991154290947,-0.7737872862212719,-1.0335684958840938,-0.2835752046613173,-0.38586341181984557,-0.06424277748224946,1.2716059932055552,0.7520584991921998,0.8324747857759822,-0.010683104945175912,-1.0614727886534248,-0.3456799668530764,-0.42279136162667996,-0.7611682538804797
Bearing2_2,acc_00063.csv,-0.46637266057188026,-0.20843473212696692,0.28973402436215445,-0.35373465499766904,-0.5593935702536053,-0.5968607069460793,-0.6679706023431787,0.8752874423985826,1.2428729155151377,1.6341430181942405,-0.19201184511488817,-0.7229131220192329,-0.5798745299229348,-0.6927121071246612,-0.5604618552524474,0.7537307055872694,1.4886566162158046,1.5548004449068802,0.9412071172157582,-0.4363381946228241,-0.5719625953566218,-0.6906128923026742,-0.5525460693232539,-0.2018587588602248,0.021174319972771534,-0.4535838531573884,-0.3175622936466646,-0.7653704610375093,0.12011159299699453,0.9301381506828728,0.8700125646179496,1.5861944100245025,-0.4683340041012382,-0.840017109532458,-0.6630061654610698,-0.44623987923644753,0.039131274276533366,0.9009770229597961,0.9721352972673591,1.6180034394075342,-0.19121487776257295,-1.2983313118363715,-0.5238981560243218,-0.49648516184338304,-0.7611682538804797
Bearing2_2,acc_00064.csv,-0.4568688143620577,-0.20529380290534568,0.13738420604180387,-0.37580867230853465,-0.5034011676880853,-0.5600009100347916,-0.8917225234488584,0.7421736578428567,2.07671954934924,0.6973987333070982,-0.13664345906976602,-0.7572470915567954,-0.5532775168076318,-0.701845557430214,-0.8114664670901088,1.2383710393259821,2.0799200603717267,0.553793028708631,0.40006641094389844,-0.476412736028922,-0.5406609778558572,-0.6926278459366725,-0.5657168166188195,-0.1962323024434506,0.014068355081720229,-0.4012014944701296,-0.25735618373451985,-0.7569039429377401,0.15479261504578845,1.249564844026364,1.197821046952244,0.8556323228449656,-0.3806163641510549,-0.8942928763956307,-0.6045296729910881,-0.44175268867167244,0.20789267758767452,1.5575239028884105,1.1404772123434639,0.6514684997780992,0.08631758544435547,-1.2803554605732423,-0.728285986408477,-0.4227756794342758,-0.7611682538804797
Bearing2_2,acc_00065.csv,-0.45620018507820465,-0.24315908361656074,0.1558761421552427,-0.4826244679399263,-0.6848379384756481,-0.4930238270504734,-0.9551038575797272,0.6310732031459292,1.9367023415022055,1.5282108205805993,-0.14212106309076092,-0.7482073599750894,-0.5209236113253081,-0.6978475285761612,-0.9092865977900256,0.8572855219621571,2.152623328357587,1.4632850816391394,0.8949950686787158,-0.33566024558539226,-0.5339896665836686,-0.6911487899709279,-0.5398858594533,-0.2075174677690865,-0.009725407889692514,-0.4965682004331096,-0.3340321288026837,-0.8781601480202907,0.1692616093063555,1.3129836718466197,0.9496549166824866,1.668770116001045,-0.5824748650740196,-0.8199331659572624,-0.7719869775773945,-0.5121585774163979,0.0736012051309462,1.4981441367936916,0.9402632118053698,1.1834471690313106,0.14068327979841666,-0.9057506134257921,-0.885699604546633,-0.5151562385751516,-0.7611682538804797
Bearing2_2,acc_00066.csv,-0.46092864226046965,-0.23776293203770693,0.026344185035988284,-0.49777697134823234,-0.7322396887774109,-0.5365745004421645,-0.8605377394276889,0.6879353378240689,1.7625074993622725,1.4849479103912089,-0.18890816591264917,-0.7792783093883963,-0.5410064747683289,-0.6951336392924237,-0.8134013721381786,1.5505358648977556,1.3961263603319685,1.4391306471167198,0.7137507824465884,-0.4295521728549608,-0.5757373249484673,-0.6820465012987528,-0.5552460457330477,-0.20381491832245024,0.08971951010331954,-0.4460346308759894,-0.29056082396685656,-0.8012696422755433,0.22964526462892054,1.4763967594774101,0.9588505854006275,1.2721992419300021,-0.6159859543728018,-0.7556218234538006,-0.6924393423027031,-0.46169485217906264,0.12404137878145767,1.9217505905142702,0.9720335282102348,1.0299246651519862,-0.1667122857715214,-1.1787622955410515,-0.7942812871754035,-0.4560049596336984,-0.7611682538804797
Bearing2_2,acc_00067.csv,-0.4990763708332146,-0.21308585027265436,-0.1875913353202014,-0.4566220238194999,-0.5836610010178322,-0.5935011849053491,-0.7046101840017702,1.1315220803454191,1.1676827056836254,1.3943283668092834,-0.17044395823657743,-0.7003229850465692,-0.5061253021874824,-0.7048326924084379,-0.691639956027864,1.333217165858812,1.3452443693602534,1.3650472566142358,0.7040643440987654,-0.27114898236283824,-0.5591214781068788,-0.6929368179946489,-0.5655026944644858,-0.20634256462713618,0.06277800440907746,-0.494873477063816,-0.31750891261113856,-0.8665198927345839,0.17103954219721068,1.3107471729101967,0.7668465570579518,1.5252322513428633,-0.36450194109270806,-0.8436871047260831,-0.6278646984374207,-0.5441921071539353,0.17096796538104161,1.245662965277084,0.8190667960103407,1.6057068823868177,0.012253865548900551,-1.0650662767231724,-0.7370337967286754,-0.5650147293722348,-0.7611682538804797
Bearing2_2,acc_00068.csv,-0.3803859847508034,-0.2095586545863555,0.21460712915882407,-0.3647716636531018,-0.43979819460180075,-0.6020669348108455,-0.9512156325786062,1.5108532817039115,1.529971179196465,0.9265432457242394,-0.29537604341394613,-0.8120377985921667,-0.5614130892621694,-0.7070815515831447,-0.8203876763388238,1.360857676296284,1.9468857038890357,0.7630815683262907,0.4349128402761487,-0.5620346303460934,-0.5750969367489731,-0.6973121637683667,-0.5003141133046679,-0.1972520757024032,0.1305777225033641,-0.43586629066022736,-0.2810026096019117,-0.8756531303070116,0.17011109938390587,1.6046984754622218,0.9874216317526006,1.44320069390796,-0.508103993192607,-0.876757664910938,-0.7462361816664829,-0.5361279540855077,0.06491631862513172,1.4423110881430627,1.1508763646028803,1.166372270194558,0.16554266320118952,-1.1889989922155269,-0.8474306415317291,-0.5332071690923433,-0.7611682538804797
Bearing2_2,acc_00069.csv,-0.4619469400004706,-0.2505972893329258,0.08435600712155332,-0.5473499763260237,-0.7598628817491376,-0.5608546639149591,-0.8404939625577399,0.9443962337863921,1.6687233117474176,1.1795066841861022,-0.29869989926263407,-0.8550092781557841,-0.5363359501937657,-0.6993535973226459,-0.7161611085565954,1.6099705461602651,1.2900455417797994,1.1519335454062154,0.5597996618260866,-0.5422970904919445,-0.5501228406433427,-0.6885149106385731,-0.5742933649244567,-0.20913093017063156,0.060687178165354246,-0.5038092911928189,-0.32224073426053196,-0.7246972591256337,-0.048721167251732804,1.0601658379151506,0.7496879863835653,1.7851694160808007,-0.6412728892124011,-0.7830009883888943,-0.5407330403133395,-0.49328699322397507,-0.036831833735457536,1.304613224574745,0.6877954551580134,1.1666216946239705,0.31539642886554864,-1.0583340139870752,-0.61568451181428,-0.4915085460781676,-0.7611682538804797
Bearing2_2,acc_00070.csv,-0.479484000155537,-0.2336655985369783,0.13453469663119444,-0.49665456368835786,-0.6453988265587216,-0.4872824818044454,-0.9504364735935211,0.8325775782115702,1.8179806089809976,1.3285829166431078,-0.23112333022226947,-0.6838078302766598,-0.4506012207258496,-0.697036739793647,-0.8117640924743064,1.0735042711425191,1.8744156478140563,1.1382809255418787,0.7472575814756262,-0.3414407712358421,-0.49228714756379655,-0.6891560283285733,-0.5518590732410207,-0.20784710890554625,-0.011738710567074869,-0.46190340424301185,-0.32751778566810774,-0.7179590882588456,-0.003762856174211955,0.7566360976048215,0.9911057730341776,1.3591381007471388,-0.49196739028455666,-0.8534716098897202,-0.3887374387582379,-0.5139095548911398,-0.057972841457763206,1.1143431988783292,0.8823637624380353,1.2106641321135507,-0.05673118391388587,-1.0314767413663588,-0.5005235467613047,-0.4813288730738923,-0.7611682538804797
Bearing2_2,acc_00071.csv,-0.4844634850081699,-0.23575112885960547,0.23613661199792868,-0.48468221531636296,-0.5557330099477399,-0.5471705880289289,-0.7960502660482007,0.9357282785408161,1.5467234961777232,1.1768939507364078,-0.18731465389373453,-0.7056601736734328,-0.49528865699392943,-0.6969704953703629,-0.7233328657698269,1.349019578797706,1.534026879590952,0.9974213564668112,0.6021060382689104,-0.4328126268119843,-0.5098285013412776,-0.6823833852078193,-0.5509879590156418,-0.20464349625353412,0.06715356454744181,-0.460516812395408,-0.3295058961982602,-0.8357592027878489,0.5853033062392202,1.2913783829723458,0.8701968670912574,1.3120150585787054,-0.5397192158736469,-0.8920822406402629,-0.6094469720218797,-0.5235051929674467,0.43054988498876695,1.7264692280071847,0.822987868229175,0.8961290684463359,0.15013018552803886,-1.341027523651906,-0.6866359727284483,-0.49738663431436547,-0.7611682538804797
Bearing2_2,acc_00072.csv,-0.4828188750904,-0.22724119151758912,0.5930944221472924,-0.48299860382655113,-0.6222847278719396,-0.5052700380288558,-0.8124373529584962,0.4866260092916409,1.9780894543256873,0.9868112417772523,-0.17840171924548537,-0.7589316768535559,-0.4520050559953799,-0.6967844652053613,-0.6658650600528547,1.1265556644194257,1.6692068436538372,0.9499483014906058,0.2933076592170002,-0.4434253371772478,-0.45932344233053285,-0.6819824755775078,-0.5642112112055119,-0.2005982859751816,-0.12255138040276602,-0.44911594609288696,-0.2754396613153779,-0.7776985446181114,0.20753194955475268,1.658068846978667,0.6959140533979895,1.1686439941750586,-0.3213483171521022,-0.8956022940339687,-0.5421529910858682,-0.5084843943867832,0.03419165595280968,1.983390784722037,0.621974093762967,1.198516251098238,-0.08299264523864794,-1.2574134120186593,-0.6055015830328855,-0.4680882110563586,-0.7611682538804797
Bearing2_2,acc_00073.csv,-0.46262993881668213,-0.22977212982138198,0.19847503556601997,-0.4568090917628124,-0.6957253761080463,-0.5120646163780351,-0.8553007653247555,0.7028592271201555,1.8517994703331806,1.145328758326075,-0.3013365701200072,-0.7867012832179653,-0.46421575033748036,-0.6972807862855499,-0.7368595266299404,0.8941201020912214,1.9868551912419405,1.0509148064610037,0.4053007598277815,-0.3728649885800385,-0.49069118641377035,-0.6876535340514816,-0.5774503161220589,-0.20206156524960553,0.04500502648486015,-0.49364095097705696,-0.2667923557477003,-0.8307788499358957,0.4043451560355613,1.0792695208195449,1.0714172680503367,1.34006262007101,-0.5024623922547238,-0.8418365047476474,-0.7293381880922745,-0.4892054090366195,0.3771224424518267,1.1759980316421195,0.9940258794354767,1.2512189045208941,0.10021534760265606,-1.310259016668539,-0.807852553560936,-0.46847147027445746,-0.7611682538804797
Bearing2_2,acc_00074.csv,-0.43041025974574737,-0.18973183796768364,-0.038524246591744776,-0.3088383486026882,-0.4949044885076029,-0.5646144226953723,-0.8603425947585894,1.0705428391114162,1.6763733787090627,0.8446517861561471,-0.21540588126797983,-0.7836565329865394,-0.48224632038519033,-0.6952036389727648,-0.8252675412217645,1.7695405626679326,1.4967602741838992,0.7407589702752276,0.5314436601544931,-0.4518237778450842,-0.5282447492746465,-0.6802620309892432,-0.5440951641408895,-0.20643709805891672,0.17137079617232953,-0.47962096674017296,-0.3288668828619747,-0.7321989461502585,0.08963757125668098,1.3229479206476769,0.7614777955914677,1.4309796676599027,-0.6006209656927428,-0.8305941140002656,-0.5455753483144589,-0.440842570112798,0.1372508533856264,1.654352633340422,0.5423580820037354,1.132326209950421,-0.10535528309289104,-0.8483029412348636,-0.6593024899516989,-0.4343173859850168,-0.7611682538804797
Bearing2_2,acc_00075.csv,-0.46926754540256166,-0.2213632923145076,0.5153910912301036,-0.4429660639576934,-0.5574118715597366,-0.49411660051388556,-0.89582963868046,0.5677665958222052,2.0040700449167805,1.2250253766012011,-0.2161634309520353,-0.7371259277669642,-0.517117590863869,-0.6944208821366217,-0.9340641166451304,1.4151123273703148,1.8858786963797298,1.0211486564454957,0.8297714850744393,-0.42082713027123175,-0.5236513236348674,-0.6888575739969088,-0.5504536455782457,-0.1992846937081179,0.006098417259456565,-0.45728143141766553,-0.28669376898954735,-0.7173058945358747,-0.1593357729642828,1.0119952471916247,0.8851487585341539,1.730270182746555,-0.40921773655726945,-0.9110289363716317,-0.7460958178677821,-0.4084732094046053,-0.043071853263041006,1.3033827918289176,0.8836040625161423,1.1712687353922948,0.45454423751989576,-1.3328258838522637,-0.7941834028375161,-0.4437131558446791,-0.7611682538804797
Bearing2_2,acc_00076.csv,-0.42507909183943465,-0.19971541601390114,0.3045183810408088,-0.42874890026594936,-0.5587271847045809,-0.5485668633069319,-0.9589663946775198,0.6793335476704198,2.2505059266960097,0.7789192676209916,-0.3172517253390938,-0.8220447254504939,-0.5639669894498242,-0.7012612494154649,-0.8411947999288536,1.3361698002876596,1.995094561797003,0.6987872884631049,0.39945428210733763,-0.42755473395748944,-0.562047969319332,-0.6861397973084455,-0.5517340887072739,-0.2024450658097855,-0.014711660247617582,-0.4902515042384696,-0.23887401821925328,-0.7833401627137219,0.13070696379991442,0.890504170723312,1.1359141524226724,1.449193046347941,-0.5081412016584941,-0.889258494080422,-0.7031569241925111,-0.4524589604561652,0.06887519351380826,0.8464893599402279,1.254461766925957,1.1545623838980208,0.2005303487208233,-1.4046446564264201,-0.681568950127298,-0.46817420068384974,-0.7611682538804797
Bearing2_2,acc_00077.csv,-0.4945620111295876,-0.2291614450724829,0.17335058487035201,-0.4231368619665768,-0.6633271813859531,-0.47340088832814353,-0.9298829078678542,0.8748527771865898,1.6441585757478796,1.6607224279196835,-0.2663651619410964,-0.7349529852065404,-0.4760244099703045,-0.6951762577021714,-0.784988355670049,1.0974542382544485,1.6650539663202568,1.4615756577930596,0.8433732593073576,-0.32368795541551365,-0.5205725067902838,-0.6878021755949268,-0.5425353238602519,-0.20444560806140968,0.08057206224053592,-0.4326309096824849,-0.294193476754614,-0.7105492637179892,-0.1350273222239851,1.1544966717506464,0.6761428148587543,1.861455898121136,-0.667873865684177,-0.7559499704647411,-0.5870982774652369,-0.4546857449490845,-0.07446578765217421,1.0394783537648375,0.6116011370284986,1.4916948451104992,0.20560890552787642,-1.1655256595595915,-0.5577927563571112,-0.4586658002954955,-0.7611682538804797
Bearing2_2,acc_00078.csv,-0.47454503609235255,-0.243759440198287,0.16506601761421721,-0.5095622517769148,-0.7551147995924584,-0.4983036526181282,-0.8080117059147722,0.8375797099455567,1.7475933465898172,0.8716969753387506,-0.20329509159763418,-0.7974391954409705,-0.49331548744331916,-0.6836583816190894,-0.6982343502805319,1.288708068294591,1.6297322028770753,0.8665844924765543,0.33994414838422166,-0.37971119599349157,-0.5279076653073176,-0.6740226074406183,-0.5608415252699308,-0.20936602059376785,0.03943114385151998,-0.511358513474218,-0.33318757650006464,-0.6957398964103676,0.1132637730196592,0.7116327721049971,0.8353541973760427,1.775862103584018,-0.4662992586796826,-1.0214608818631978,-0.6066956115503619,-0.43370343767106906,0.038430798381704816,1.1321956189141633,0.6863142022247789,1.1945883115125233,0.5894370505720715,-1.359425025138848,-0.6558179127441943,-0.46135716212381184,-0.7611682538804797
Bearing2_2,acc_00079.csv,-0.4542917387945896,-0.25113711388685367,0.21444354610367825,-0.49684163163167017,-0.7788363462937536,-0.5462475323704078,-0.8938314333389181,0.5338456240115617,2.032990375542623,1.3271929547709362,-0.17999676977668408,-0.6902211389158606,-0.5984886596585839,-0.7011662432281809,-0.7297434192337716,1.0572831732813877,1.8587400069568105,1.0745193564230457,0.7174138460092354,-0.5859001559432815,-0.6086391770370819,-0.6922144451353351,-0.5494194957657161,-0.20573209701294376,0.07776623197236979,-0.47700184880581004,-0.2791399912629804,-0.8346638772769852,0.39181731761462935,0.7668323325149348,0.8750559015483612,1.9739783816034921,-0.41999723551383594,-0.7820084042899963,-0.9031565916765611,-0.5205328807692292,0.16854412379161676,1.200252495540437,0.7543333789808021,1.5553048528464322,0.5192835054243246,-1.1794883873835043,-0.9685009996690438,-0.5199404940529159,-0.7611682538804797
Bearing2_2,acc_00080.csv,-0.4653379255806465,-0.24424256877128578,0.4175780497294796,-0.4766382937539289,-0.7473696875567721,-0.49636223575164123,-0.7957389586887846,0.6743306548831397,1.6112034420087114,1.5209101590602374,-0.1588876985476221,-0.6782261177579361,-0.4761860856517488,-0.7010640179672696,-0.7777645276925138,0.9880335644699326,1.78592815032525,1.3315662182394399,0.8788274897664604,-0.3974647065694558,-0.48394123200369565,-0.692302770589849,-0.5385140164709113,-0.20653026114417475,0.03129511435553961,-0.48639986021734766,-0.30245098635044093,-0.7528165611432847,0.006623852100107821,0.9222079934979335,1.0521389909097907,1.7034460874033983,-0.7034585464579266,-0.8129022650965214,-0.591342576664109,-0.5193681006504082,-0.018299750341916235,0.9655020889628866,1.0828155253157106,1.1547294208849892,0.2274814813657451,-1.1162055037583292,-0.7073451249810496,-0.4804873166114736,-0.7611682538804797
Bearing2_2,acc_00081.csv,-0.4431989919402108,-0.22398034544033246,0.1097030062176389,-0.4102291738780198,-0.6322979296227684,-0.5950170320642968,-0.7862888553174503,1.0968733330351417,1.4718436294725354,1.1353365841911525,-0.2728746517637367,-0.7994478960494702,-0.5488870439768473,-0.6997001489853211,-0.7050659697015359,1.4542401548127621,1.4484251320688992,0.9828407795683889,0.6077021901039197,-0.40041734297901677,-0.5810183969973569,-0.6853637144469744,-0.5309994428176601,-0.20455814280215595,0.09357700810120541,-0.42924146294389753,-0.29290544973622623,-0.8605860490243287,0.17198242832889524,0.9399199144175251,0.7719145178908721,2.0472062005887257,-0.5564123414641474,-0.9260333728994997,-0.7076047039792561,-0.5155924097751521,0.0763470054651814,1.2923419227965376,0.6849466720041555,1.4557105196906162,0.4482297944646373,-1.3015218630408778,-0.775078003097179,-0.5027328908399685,-0.7611682538804797
Bearing2_2,acc_00082.csv,-0.4933447453411597,-0.2118502333155266,0.28482574958206486,-0.44072124863794426,-0.49737182496177573,-0.49148433863398977,-0.7863447499407314,0.8960815950893446,1.508438422181273,1.2440061632972612,-0.11572945536181335,-0.7630819438461826,-0.47000504002385807,-0.6933821780540087,-0.7426186965227434,1.6109050248909658,1.241222967688989,1.0809171807022862,0.8280661893921003,-0.37758906646936957,-0.4988248593327289,-0.6822559935838429,-0.5771345618775958,-0.20541045347240075,-0.046943004859499746,-0.48763238630410666,-0.31990478964604324,-0.7488917458937697,-0.005973561212468884,0.8485931908077393,0.8354970665429335,1.984455279570552,-0.6015834549261647,-0.9158714098382027,-0.6641287183589065,-0.4668158758703987,-0.04565027525816451,1.119459756131775,0.7757735945680416,1.4206779881548672,0.43435387210070636,-1.4185632143916849,-0.6619243841354067,-0.480850916603815,-0.7611682538804797
Bearing2_2,acc_00083.csv,-0.502304958478658,-0.2512953313564043,0.47647229269038355,-0.5254630269584705,-0.674047550096642,-0.4771888054127983,-0.9403819115763892,0.7038328054380151,1.8926494203127013,1.3125153414211839,-0.06298678489614874,-0.7335976406087775,-0.4835552376867084,-0.6921835091918181,-0.8228060568316119,0.998585241130906,1.9650510665233178,1.0999459815083161,0.8476214222004526,-0.4918419011978918,-0.4933402381493388,-0.680886946231187,-0.566381062399471,-0.20338654012943683,-0.06007514867980997,-0.44819155152781764,-0.26248215514776063,-0.7804110319828619,0.43629740662796973,1.0059250192792637,0.6620193374049034,1.624015778788675,-0.4368544693393658,-0.7940958126279353,-0.663761683765686,-0.48503312625376643,0.294336858363947,0.8281635622946802,0.7157137821234731,0.9854142832675407,0.6620279382788361,-1.031634869632774,-0.6642875078839023,-0.506623270838512,-0.7611682538804797
Bearing2_2,acc_00084.csv,-0.4684286454348231,-0.22474361974754853,0.20405992112260152,-0.46616248892843337,-0.5662085118970123,-0.5316960198854096,-0.9094579322443835,0.7821782380951254,2.039494072679239,0.7358851667894311,-0.18845488944466687,-0.8793849409585188,-0.5021232814019235,-0.6945600993628483,-0.7453553592506236,1.1412991899693088,1.8903217895295772,0.8167507565265318,0.3338922094713864,-0.3973091149572555,-0.4926257193799016,-0.6872237957732465,-0.5751922258647755,-0.20373967595647113,0.03389804488468077,-0.4637521933731505,-0.3490611400389768,-0.7707735063675943,0.3549410369083303,1.0312383050338485,0.9668377281575111,1.4357934926647684,-0.7307803602927737,-1.0051785361540533,-0.48214960784493976,-0.4710867214617981,0.12460187627541662,1.5108288090892132,0.7450691342320356,0.9690833187560861,-0.07900530492688905,-1.2232786506429285,-0.46985890895042326,-0.43340848100155716,-0.7611682538804797
Bearing2_2,acc_00085.csv,-0.48305997903362624,-0.22010663681109194,0.12388367350535312,-0.4390376371481325,-0.6286477016944682,-0.49994996173989054,-0.9017494401683759,0.5920727649925813,1.980002890555354,1.1302129405566927,-0.15627071099560336,-0.823707074221012,-0.4364781341669299,-0.6924645330911445,-0.6810003296774482,1.1407347802662495,1.59365549503665,0.9463485738921947,0.7512554392269225,-0.4689492133143046,-0.4673743032862186,-0.6818891521592212,-0.5306105252901564,-0.19947312833768946,0.08519045200895124,-0.4511188009838704,-0.23846148045325424,-0.750385774326487,0.28460164563589296,1.1200796212820108,0.6913776291729764,1.541069941532728,-0.6534574184672234,-0.9471163442453684,-0.37798639881279716,-0.5082372919896208,0.1857500895590893,0.8944629902133552,0.9262290007105236,1.0969057065235208,0.025903534783414214,-1.2732305473890282,-0.4515023506041495,-0.4521208510069131,-0.7611682538804797
Bearing2_2,acc_00086.csv,-0.5071345099522794,-0.22525871468677275,0.33883747418863386,-0.511432931210039,-0.38352985688041313,-0.49056182020230377,-0.8398357421039558,0.5393480918831958,1.85016918554742,1.3023250509128428,-0.13799024298237758,-0.7219265850995875,-0.45368082677934923,-0.6926586009663056,-0.7482353671049088,1.1919846845982143,1.6845878686106233,0.9663374919090312,0.7224288402844613,-0.47724873545321067,-0.4726633170607147,-0.6759882882761508,-0.5448035746151213,-0.195835325514873,0.054999312973221116,-0.4369447509861415,-0.25249900156699145,-0.7270308951326951,0.45848633240655945,0.6003311715362594,0.8650077940807605,1.752384621843927,-0.7049401607320148,-1.083614073630541,-0.5131872069384781,-0.43901077161340446,0.1227434073370751,0.9287096616105389,1.0251209682807572,0.9982379207212543,0.21642563478910237,-1.5133959055638262,-0.49082675424551603,-0.42750565851961586,-0.7611682538804797
Bearing2_2,acc_00087.csv,-0.5039220279328527,-0.2363932304801465,0.00760927834505449,-0.5232182116387214,-0.6221732630005148,-0.5193923591322955,-0.816561527793249,0.7004154250087004,1.7522842419650164,1.1526807777835697,-0.19848805751378654,-0.7355201673174575,-0.46255376905339574,-0.6899934255214966,-0.6680247742021225,1.310923812967114,1.408253920626185,1.0207771393195526,0.6584011464570434,-0.47401415185125273,-0.45890173199915,-0.6851158050540542,-0.5472965532739427,-0.20006090590625744,-0.010619077233546194,-0.43940980315965955,-0.2641098957373037,-0.7130687467513834,0.03095819283459355,0.9471120292403805,0.8015984876574888,1.8355363896313965,-0.6571023851950828,-0.8994556333150524,-0.5609467889860391,-0.4719700493944764,-0.07850518686909798,0.9663348112893807,0.869097011402882,1.5682392780033365,0.14278880781918799,-1.198991254886257,-0.7403900636953334,-0.4436740148447142,-0.7611682538804797
Bearing2_2,acc_00088.csv,-0.4927373493504883,-0.21787738772754028,0.3552535834586878,-0.43361266679207233,-0.4645586373926551,-0.5242052980325551,-0.9454055590679374,0.5874814050497649,1.9921688078798052,1.4435509361940775,-0.024283029243435773,-0.7667347290583459,-0.5641003675425129,-0.6990834170780579,-0.811863398795571,1.277665172752784,1.6946268134557039,1.2422900132428034,0.9369747859961537,-0.4617817945950958,-0.6086602947293845,-0.6869456116589313,-0.58698118449515,-0.20212261080470798,0.10813126075351248,-0.47869657217510364,-0.20764187453421762,-0.7952769650500277,-0.02145046975679529,1.0937397579276114,0.8188293815874201,1.9936553685436686,-0.34292634810873607,-0.8209124255100517,-0.9365427324951274,-0.4725103841905359,0.031068067628871023,0.9618307436119722,1.006877612450801,1.574778584236913,0.4698300660454804,-1.4045536341427673,-0.9993868033882686,-0.4410241648719474,-0.7611682538804797
Bearing2_2,acc_00089.csv,-0.49237540790850054,-0.22831715889756846,0.33049302988446877,-0.5187285809992234,-0.5732835124759229,-0.4873629312120124,-0.8452142015488007,0.6158844270772512,1.8157218544139837,1.3189931844742626,-0.12418098379885917,-0.8260211430211527,-0.4808727059775383,-0.6955149632467432,-0.8359506075550418,1.2766171341676245,1.744870222121318,1.0937996663139593,0.829649988218199,-0.47450809909130554,-0.4792711898305134,-0.6842870232299794,-0.5823607495844165,-0.19651610669593342,0.16118613338790855,-0.43247684392164,-0.24925416581781923,-0.7231915992197233,0.1551545277205173,1.3127574261100117,0.7197197086155394,1.481881727952585,-0.6209958302080267,-0.9078329250696534,-0.5679869545231917,-0.403540607578579,0.16930896589783065,1.1894318414652991,0.7398245162617267,1.0286616853935124,0.17540171257623488,-1.2297605249175039,-0.6360616441883644,-0.3752876630335957,-0.7611682538804797
Bearing2_2,acc_00090.csv,-0.4877995061990838,-0.22206989459079668,0.37236489428485353,-0.4222015222500147,-0.4898463620153755,-0.4987356178564881,-0.910716919339789,0.62664071947561,2.0430180373964704,0.9961269030915127,-0.17247839550690872,-0.8719224128020322,-0.4704341535653123,-0.6927078078329499,-0.6934239325422786,1.2843486163782911,1.555659804626532,0.8862230429301716,0.5961454416857861,-0.472451366817618,-0.4844162576328417,-0.6795327616194959,-0.5722540463077564,-0.18906746942331634,0.14252009345991234,-0.4501944064188011,-0.13478488783909148,-0.76250551357483,-0.12054799109551509,1.1298765295367248,1.0971464567819518,1.4630606604997194,-0.5380806069594568,-0.9844913876098003,-0.6510283317513145,-0.4250648704100501,0.013001493617628444,1.4754439710255995,0.7966239274386305,1.1607670082522457,0.11469147973290393,-1.3194103037410507,-0.6355000091590406,-0.4328331849564117,-0.7611682538804797
Bearing2_2,acc_00091.csv,-0.5037268224821034,-0.23251807851013276,0.0025488538122687703,-0.4803796526201772,-0.6691114966386401,-0.4725049850943455,-0.8729556681729835,0.7823766197760467,1.6997713910803172,1.41932447568236,-0.11434270804458521,-0.7741592555064181,-0.5201189406743083,-0.6879555027880839,-0.8562175625341764,1.4653247640309741,1.5375884338073853,1.2664918012769533,0.8949459794178501,-0.24264917686138948,-0.5417056891337788,-0.6823838434475489,-0.5540574973674923,-0.2028490950332942,-0.01170648093369791,-0.4763855857624305,-0.25734418210129734,-0.7771106477187113,0.10690105092836005,1.4654681964954244,0.792957370725442,1.562795336831104,-0.5942774931863166,-1.0368177831237584,-0.6271356670137455,-0.4277111594839093,-0.03726172712515179,1.4991224281860631,0.8315093240810438,1.1516672891856932,0.06696857324078624,-1.1975184547389568,-0.658258944967634,-0.4445320154794331,-0.7611682538804797
Bearing2_2,acc_00092.csv,-0.5046200951791503,-0.21750834619855056,0.39049814747259676,-0.45980217885581115,-0.5344931528727298,-0.47498805775757735,-0.8151573974274061,0.5889569016339589,1.7911147742247455,1.2351031722174441,-0.2578184823929112,-0.7785377140303845,-0.4276776041388859,-0.6834759835370848,-0.742149898989607,1.2757798107255938,1.49391707941076,1.2354675276398288,0.5341498110712425,-0.386300297409048,-0.42226370791469325,-0.6757304579554908,-0.5587316763280127,-0.20610754117243357,0.0015638049472966379,-0.45851395750442453,-0.31539229255769025,-0.7402424508432984,0.10023688608029334,0.8818061724139571,0.7421201886428347,1.833291410278749,-0.7812904935087363,-0.9409896005886815,-0.4821516165095531,-0.4284971843960402,0.10956139246619118,1.0924807282253313,0.6976551983014264,1.2640429361772654,0.11811452445895597,-1.3582566672861511,-0.5046539723939537,-0.41775056003578215,-0.7611682538804797
Bearing2_2,acc_00093.csv,-0.508979187021873,-0.2434656912010613,0.573555342778293,-0.4959062919151081,-0.7492872736061036,-0.5074325558403173,-0.8286825446314476,0.6068747842848516,1.83691174668811,1.1312583287687932,-0.04803735492220361,-0.8543955727655564,-0.4565033232732209,-0.6926908323639571,-0.7761925122268128,1.2190026081241283,1.6589611938035975,1.0873853542942828,0.7664285398385536,-0.3278275833327013,-0.483773810505759,-0.6813294372332965,-0.5502330867241585,-0.20015834508860458,0.12106813316446259,-0.4354040933776927,-0.21794178304722714,-0.7502532002745484,0.0955887949834929,0.8382967173484812,0.9505361349677197,1.4859676898006298,-0.3829519752130916,-0.8745690308544053,-0.6782677636488732,-0.42876590897463734,-0.08816006071549883,1.2183688023965005,0.8089840198888988,1.2849732704055377,0.24024377404050903,-1.0292558275591077,-0.7736134171986769,-0.4435393704614153,-0.7611682538804797
Bearing2_2,acc_00094.csv,-0.4701891922339736,-0.25467683987701506,0.37090850558101673,-0.5559551017183949,-0.7081814653158067,-0.49402878629265906,-0.8647704297841742,0.4472681107860475,2.0466402652370026,1.2547474976731403,-0.2052340236857378,-0.8357636394926226,-0.5307963468964451,-0.694937974097953,-0.8226037609653377,0.99117769653463,2.013670594210685,1.0822355877157066,0.8077993479508476,-0.45388478768514345,-0.5525695000909226,-0.6790104455024072,-0.5544502744553296,-0.20222214228810775,-0.11171005628787417,-0.4692985607635661,-0.2464038095018333,-0.788752735047283,0.39799439964671995,0.8455194098585062,1.002906112550126,1.6538413550285789,-0.5498245833267164,-1.0125036900790831,-0.7292108402037184,-0.4517990662797215,0.2535875103015592,0.9928603086252074,0.9324425344811555,1.410390537608803,0.026532116210994897,-1.3666849315737755,-0.7099504087769015,-0.4328406306866905,-0.7611682538804797
Bearing2_2,acc_00095.csv,-0.46308096319859626,-0.21499211588380168,0.3737430208434829,-0.43604455005513376,-0.5803844223599306,-0.5572825286510782,-0.8114532542956502,0.8037144631269341,1.7611167577975269,1.07368265975356,-0.19295341453095466,-0.8332074939966618,-0.5578576434567228,-0.6990225190499529,-0.726347567908927,1.4754498862464263,1.480074798348225,1.0512951191497646,0.42545196841914124,-0.26340101370652463,-0.586034186399261,-0.6889292885242666,-0.5868989160899467,-0.20055678582454015,-0.021740273232798715,-0.48100755858777694,-0.27690977147182333,-0.8342374704870935,0.08904387759730187,1.421521114199158,0.8815759396334293,1.732017844279154,-0.4263805744967073,-0.9262829830991076,-0.8786696955193765,-0.4664231749663369,0.014377294830136621,1.3960745582691763,0.9082273605995902,1.5432067923626465,0.21895012992321575,-1.2674172796994858,-0.9410343010340332,-0.47667003202347685,-0.7611682538804797
Bearing2_2,acc_00096.csv,-0.4957014233910138,-0.2270617573512819,0.5941278225927554,-0.5118070670966638,-0.5000611807607492,-0.4946293420356336,-0.7824642544546251,0.55671787856038,1.6851030797965385,1.52371959091197,-0.15904527692480583,-0.7738254248692034,-0.5147519746247802,-0.6864406673113937,-0.72875928161668,0.8923737297963446,1.7021850907008764,1.2589060322850731,1.253236168293628,-0.32751700102813897,-0.5298175401427623,-0.680856801810671,-0.5317098966420872,-0.19600069091312924,-0.043771554338570454,-0.4391016716379698,-0.2240990954201407,-0.7486812495954687,0.7553621004694897,0.8562132114653516,0.8236672086515648,1.5422020920676824,-0.6396711290735405,-0.721911538261366,-0.7434211634265576,-0.4560241477214105,0.4604641242223962,1.0758201777627971,0.9514199309239997,1.0532704810912097,0.0997622045185548,-1.2155639782876457,-0.737522171939281,-0.4429031944517995,-0.7611682538804797
Bearing2_2,acc_00097.csv,-0.46874913404705665,-0.25093019270201933,0.26962638710882664,-0.5095622517769148,-0.8143961519891556,-0.5940452211791434,-0.8336744193522655,0.7473745183771167,1.8679287167300058,1.0493701029121867,-0.2169486016472388,-0.8367893578167338,-0.5722887062219634,-0.701232482760567,-0.8080536178685334,1.5059796781071573,1.683838873118407,0.757352018454981,0.7145095582786883,-0.35186539562177166,-0.5833718703909203,-0.6892375383584228,-0.581301729628349,-0.20602591604541617,0.038752691724144334,-0.5095097243440795,-0.2965782466353487,-0.8957376134269716,0.5109356397345206,1.2481070256686289,1.1642340512267049,1.2471327531403158,-0.45731234766981543,-0.7881625261464928,-0.8748435634983359,-0.5011057693071312,0.3045903788512922,1.8034117872717976,1.0747568466980826,0.7255838162293322,0.25179459397951204,-1.2737722833430747,-0.9403587634875934,-0.4463695340789518,-0.7611682538804797
Bearing2_2,acc_00098.csv,-0.45898561056515164,-0.24528759720601734,0.3318995971507027,-0.44913930608700314,-0.6992949166579674,-0.5751361161555198,-0.7930818088179769,0.9592197643982734,1.706351098216732,0.7318164617735157,-0.21955874162372255,-0.814826868408866,-0.5095262827208843,-0.6939317691474021,-0.6571999392939765,1.0334285061118826,1.8519493918763876,0.6773747958944095,0.3387361203430449,-0.33232688714811576,-0.5315119862191027,-0.6821148579775554,-0.5693691410839656,-0.19246306250217488,0.13018368325029822,-0.4129104922943404,-0.20081336723520501,-0.7432223008673292,-0.03965148691194101,1.0292280670296703,0.9417206977557981,1.5517877153854356,-0.47247730860741577,-0.8733742432270925,-0.6833211159344579,-0.4240315119675911,-0.09777115054221577,1.0015541827693684,1.3907618509792958,1.1173261256012927,-0.006852806737340189,-1.2236478775888715,-0.7865293139576884,-0.43173379203158985,-0.7611682538804797
Bearing2_2,acc_00099.csv,-0.4681608133947766,-0.2061430701221228,0.35742260723239283,-0.4554996161596254,-0.46543255729520217,-0.5445228844252814,-0.8125633332037716,0.8622861362321098,1.6201377391597502,1.2346350695244666,-0.0890097863203918,-0.7857320099981897,-0.5452647949150666,-0.6930288965340071,-0.6314083792333514,0.9832007180577494,1.624955741256563,1.0489034236188748,0.8436328939712712,-0.45237686394380006,-0.5512257980112766,-0.6854604585596588,-0.5495262960645826,-0.20427983712651238,0.12106065719118016,-0.4429533156590918,-0.30039789580834214,-0.7926674677486539,0.4791301505259451,0.738164988255377,0.9786280409801353,1.6615328254068498,-0.6326871185259999,-0.8373390600249351,-0.7055950170315504,-0.4784162976342194,0.2785791450310736,0.8030943360728113,1.0635962565834967,1.05141500113995,0.37343209798235905,-1.311769083071898,-0.62197903754418,-0.5126382224220752,-0.7611682538804797
Bearing2_2,acc_00100.csv,-0.44261640390352325,-0.1934020217175454,0.008645795118902289,-0.3505544999613579,-0.591987694366606,-0.5746464501566078,-0.8162999043455897,0.8439576912086278,1.6927720950571254,1.1771443943352473,-0.29128975798606654,-0.8112689810404448,-0.5274501938103315,-0.6954283668697885,-0.7379148237972123,1.4418549771389124,1.5101364679473348,1.0448188594714642,0.5884233930095892,-0.5718744634744033,-0.52700357685049,-0.6876787286563312,-0.5523091510671148,-0.20862725078546931,0.19607162848750703,-0.49918731836747254,-0.3842170738549973,-0.7152180662873957,-0.1147372084501492,0.9001141765272099,0.7988128517680053,1.8897972401400003,-0.5693806459000744,-0.9284144382902123,-0.5829002917314233,-0.45809802719783316,0.06508882615906073,1.0878305594447564,0.8491237856522174,1.1360569525289863,0.3784940578069987,-1.1977555128830368,-0.718610168845438,-0.4450457769916528,-0.7611682538804797
Bearing2_2,acc_00101.csv,-0.45856141517382565,-0.2349058789822383,0.2890810119867078,-0.4822503320533014,-0.5918276594263693,-0.5249546968054327,-0.8872250965509039,0.6139939017608161,2.123021171508037,0.77543742481663,-0.22670015136697558,-0.771740702944121,-0.49989576982301587,-0.6983487634956422,-0.8187377940290979,1.4410395295557976,1.8118074293649566,0.7515375729296205,0.2940324537788132,-0.46939778472400107,-0.49080313519375895,-0.6818415759646358,-0.5563153192758622,-0.1957120134239716,-0.11471458874502065,-0.40397467816533744,-0.24862256331301702,-0.7710774057230856,-0.16212060607905301,1.263020560322344,0.8844053880048276,1.7542093816937985,-0.5824165945240369,-0.7348551773632087,-0.7116577698029702,-0.49214984912528864,-0.16759422309598956,1.3828356150775782,0.9347220242920825,1.2332663517481217,0.1713412644426499,-0.9257606534936262,-0.8954454720268743,-0.4387446743579599,-0.7611682538804797
Bearing2_2,acc_00102.csv,-0.49685949281450503,-0.23663496804945372,0.08408156640561024,-0.5222828719221593,-0.6105246675166905,-0.4589332314300225,-0.8011694328185185,0.6075339367667492,1.8894137009113603,0.8001166007533164,-0.08849371000523129,-0.618141325008386,-0.4585641207480706,-0.6799921617923899,-0.7565608286527475,1.3251404140337735,1.704417709058956,0.67575641155739,0.5053183120429301,-0.43294531921081675,-0.44629733496537793,-0.6692649833433977,-0.5453859920867766,-0.20203095893885106,-0.008875940361542529,-0.46667944282920315,-0.3229867748141273,-0.712127575272995,0.5864085958789893,0.6796068629117707,0.8892176966805629,1.4172427547097595,-0.5315353798531006,-0.8098150938370176,-0.6334527264964281,-0.44205991008856316,0.23300318132710843,0.9830179892008162,0.9446811041006136,0.8184415837647857,0.2799700036880809,-1.0621232981430238,-0.6256954813932872,-0.44894270663560903,-0.7611682538804797
Bearing2_2,acc_00103.csv,-0.48504125383348073,-0.26100303846461675,0.4041275303011549,-0.5430474136298379,-0.9221002203300278,-0.4993440303992817,-0.8131205104950583,0.7168641559444335,1.7245207755006464,1.1891070127879826,-0.2025756526008141,-0.6792407799388952,-0.4858497038307199,-0.6870213193610312,-0.7709863519530739,1.0591339104789927,1.8446561860864252,1.062248132051416,0.6862630723495212,-0.5439561141306897,-0.49456021672379064,-0.6733699636398932,-0.5686281488717047,-0.17835148680051147,0.0052073926097854235,-0.32170356187417204,-0.17864413677681382,-0.6205256956876315,-0.003804045502029645,0.7665722194217018,0.731044222815582,1.5815467198848456,-0.6512013782329391,-0.7943630723447387,-0.4072884624912292,-0.41746557504380144,-0.010231353985602395,0.9310396625565014,0.6967603274942935,1.2739467874963828,-0.10623222632860081,-1.071872099966409,-0.4909784101852884,-0.36195733910209094,-0.7611682538804797
Bearing2_2,acc_00104.csv,-0.44105071554420266,-0.16318019028840605,-0.13457896979030723,-0.2787204097293887,-0.4289934203791033,-0.5418544253399342,-0.8965749022179725,0.5845256378081424,2.1008752972152176,0.9635688609407994,-0.24462336597698423,-0.8549763760069439,-0.5054555273602922,-0.6972982560887927,-0.825572242911468,1.089613522114479,2.044140673663777,0.9587710358895476,0.505371242764987,-0.4340425450860929,-0.5470027710886269,-0.6809255595308022,-0.5375189329995602,-0.2013385200793485,0.05025416919744267,-0.46683350859004796,-0.23372519142328058,-0.798315306662226,0.05887652638398765,1.3429975538710484,0.8990386807046024,1.4649953034986674,-0.6003429994678405,-0.9319566918821378,-0.5647655852921433,-0.4751006041303707,0.20333644893317704,1.63578676345577,0.8867392386251173,0.9828369409663203,0.11486898754523082,-1.411397287984263,-0.6279606035030145,-0.4759125971859463,-0.7611682538804797
Bearing2_2,acc_00105.csv,-0.5072611107247604,-0.22153746207506383,0.3472605275887654,-0.46260819800549735,-0.5681484425545142,-0.5420308550101816,-0.5066531226567726,0.6604552419809514,1.3120151091140433,0.9472400380957999,-0.24636483914732693,-0.7117287580683017,-0.437143240152872,-0.6828496116570151,-0.4595440024991111,1.2163363645340688,1.1668610428004875,0.881089546676136,0.3383053840519654,-0.5116623149241039,-0.4876128353712905,-0.6711841113892645,-0.5988029097572567,-0.20567719740177282,0.03655363618188586,-0.47176361293708413,-0.2628182401797773,-0.6763738231027432,0.37307113945234527,0.5514037444371561,0.8311750313156169,1.3762437807915089,-0.48237534136238597,-0.5644534114227451,-0.6313090288857577,-0.4162325340684917,0.25303918920504587,0.9346203120866111,0.7768772799634787,0.8166004297473284,0.3547765767718622,-0.8549552278447268,-0.6996631362750806,-0.41200329161946037,-0.7611682538804797
Bearing2_2,acc_00106.csv,-0.4957495366353039,-0.20798277383646022,0.4001884576250638,-0.4203308428168905,-0.5186121257717135,-0.5227616128223314,-0.8414593550760506,0.9432500827417581,1.697107255780322,0.9632329935855531,-0.08896656506799941,-0.7691439885860117,-0.54231335342454,-0.6870264046943433,-0.8183931365329391,1.7891884706829035,1.4502142155498745,0.8837861663697993,0.39339501532366594,-0.3594514056144041,-0.5800553501896033,-0.6751134004045289,-0.583897710388393,-0.1995258629873632,0.04383559578384187,-0.4893271096734003,-0.24452339796567144,-0.831788638742651,0.5282125353217103,0.9949630711521539,0.9135277747248768,1.6310129072385418,-0.39496810658387504,-0.8888911063342146,-0.9165200554868378,-0.44396260368239215,0.23891815603862435,1.5417863787806303,0.6372814160506828,1.3467012348350949,0.2534176737950643,-1.0387740031118617,-0.995627996012555,-0.4286954470612854,-0.7611682538804797
Bearing2_2,acc_00107.csv,-0.46515721583583985,-0.23389271213515905,0.3884376174297417,-0.4788831090736779,-0.6167386218713936,-0.5165760610416229,-0.846298445700179,0.8423535822431957,1.674957544352178,1.2044428672719218,-0.3278083753601378,-0.843508125397782,-0.43454924631006414,-0.6826570729964557,-0.7957093173134338,1.1850678359483253,1.7879935616059786,1.0054235576150747,0.5844812778329055,-0.4204478026974637,-0.4617949853217337,-0.6725594935597408,-0.5617454860253656,-0.20626225165747064,0.12381024557461302,-0.4780803091317242,-0.3642149611488317,-0.7639325187570667,0.022976433006548395,1.3077505124256283,0.6765655961289163,1.8708884294042003,-0.7215209031319686,-0.9271363224750492,-0.6218179329441128,-0.42974643233474025,-0.06267061860059252,1.182834750928245,0.9468513330790954,1.354761864710131,0.04542029196840033,-1.430609834581417,-0.6224977724158912,-0.4250364109318953,-0.7611682538804797
Bearing2_2,acc_00108.csv,-0.4779693986815939,-0.2510599678001065,0.15971695202598202,-0.5170449695094115,-0.8103185839211277,-0.5779464528717368,-0.8775668658097456,0.9215720233173885,1.9619471953407648,0.5687932366774553,-0.14384831573644272,-0.8515950896376039,-0.5757063877488393,-0.6903103712233153,-0.9148945362769788,1.9944128207040315,1.6790694474953565,0.501743067810931,0.25934399076622355,-0.6362710163405072,-0.5607023916485774,-0.6758282362628805,-0.5094292679215064,-0.20400355037330165,0.058611300363934186,-0.4765396515232754,-0.3482766249062552,-1.001749519127395,2.715288709282109,1.3501128113483198,0.6966347765646124,1.2191609394496092,-0.6450956162139215,-1.1116643045626682,-1.0655947245033939,-0.5046498022254421,1.583627455593775,1.875607620998065,0.6323341166201938,1.422232174498248,-0.21938729992675202,-1.648569256078002,-1.1289623511466855,-0.45376512947962927,-0.7611682538804797
Bearing2_2,acc_00109.csv,-0.507201094154918,-0.238363695976134,0.29289898518331026,-0.4916037292189225,-0.6809531630349751,-0.5167317599808612,-0.719899969330272,1.0102967755512617,1.5629656635919413,0.4583950329917407,-0.036105889933302306,-0.8011551505176027,-0.4798737902176245,-0.6713484042729618,-0.6452186837558205,1.4487856217100936,1.49914884624113,0.40410108146874313,0.3375262827177582,-0.5355981457544644,-0.4708238948553128,-0.6562848659990606,-0.5622978671100652,-0.18511795216081905,0.11160173089073777,-0.33156377056824426,-0.26732479688760574,-0.6373358113814801,0.037211986760788844,0.8308924145061141,0.7063217215308432,1.632100531842018,-0.6864704050908592,-0.8466230788358732,-0.6133200264578396,-0.27172263816378617,-0.07112045031988719,0.9640701455353491,0.8472514127606812,1.1169262050035578,-0.034457927784057193,-1.2759511784973359,-0.5891799840769173,-0.27382859135219645,-0.7611682538804797
Bearing2_2,acc_00110.csv,-0.5130379324560386,-0.23978936123593117,0.31861953820532096,-0.4768253616972414,-0.7202595822056068,-0.5592896369919443,-0.7314221315799663,0.9591674443383654,1.5612000341054217,0.7463735984949497,-0.13188763631404515,-0.7853775565785783,-0.4834476669098216,-0.6917283722889551,-0.6131660381218161,1.206025163342456,1.5579719867481592,0.7259416502157972,0.5683518168185523,-0.6559461023005311,-0.5159346603921784,-0.6745934974918882,-0.5903175093686005,-0.2104368102220171,-0.014000339247210261,-0.487170189021572,-0.3357993778844859,-0.805692721430618,0.3105067206045087,1.1607240111446726,0.9145853914765436,1.4238186680735698,-0.606909770719152,-0.9179883495941906,-0.6213692079140815,-0.44533955441939926,0.29959050344330146,1.621379804203379,0.720405842788823,1.1035875975568228,0.06158182813858384,-1.2740130522074282,-0.8226770801678963,-0.37513422728571544,-0.7611682538804797
Bearing2_2,acc_00111.csv,-0.4628228124376046,-0.22989209065821006,0.399964116555898,-0.4622340621188726,-0.5457315074082214,-0.5355340682813508,-0.8576678688024222,0.43437055851530465,2.3105362561360367,0.5994176439100257,-0.28868893295442344,-0.8507253902305801,-0.5539395525339964,-0.6888005753578278,-0.7726119167397772,1.2323433126671846,2.030310681471081,0.5640933030409414,0.17663235103645028,-0.481767380742853,-0.5486832940626866,-0.6797931947481896,-0.5813319663327645,-0.21068429561090907,0.02774396681546963,-0.4902515042384696,-0.37228475519496346,-0.7719708773880771,0.184790151665418,0.7036791595360485,1.1499310334586204,1.595504570912765,-0.7023255954822984,-0.9915457177021588,-0.6490005204587252,-0.410397634877189,0.037014381974429855,1.122416038930803,1.2010508324102365,1.1422292911732435,-0.052230701572266565,-1.3279362621975126,-0.773246109385228,-0.38122218359320426,-0.7611682538804797
Bearing2_2,acc_00112.csv,-0.47976352326313054,-0.22144273405355533,0.10710115793976241,-0.4721486631144308,-0.6029429216167944,-0.5290985258677469,-0.7984523479015282,0.9676205272099621,1.5978089800167428,1.0039592438937506,-0.2112296972703868,-0.8689264824629466,-0.5154478238892333,-0.6845570800137539,-0.6914711152972369,1.4546348008787615,1.43577064086353,0.9465295344816355,0.4589217108328197,-0.5170455346568188,-0.5219239966229356,-0.6786422754661543,-0.5690469881621252,-0.19460828080961654,-0.0703497681603289,-0.45635703685259627,-0.19519618643913092,-0.7660605959321022,0.04013178571679343,0.8127502806023001,0.6156817787026547,2.442089524515762,-0.5597658712365153,-1.00141416964891,-0.8357775230609366,-0.4242381928022589,-0.035026207401862124,1.2249752653187016,0.5160661142057841,1.6598964414120665,0.6484430497900674,-1.508597939589002,-0.8265356960016161,-0.4349182933359983,-0.7611682538804797
Bearing2_2,acc_00113.csv,-0.46642523266818486,-0.2114629894594826,-0.0069735843757677465,-0.44595915105069206,-0.48424650418004683,-0.5643263229922401,-0.7860367900321636,1.1332298934745735,1.6878914285564623,0.3355018648038228,-0.22226801824792886,-0.8804887902094342,-0.4758053885315108,-0.6901343256188294,-0.6002046339408946,1.4916041730662564,1.5291965226132214,0.19970670434977722,0.2282504492369558,-0.5991745282585824,-0.49380074240262717,-0.677139394289103,-0.577056208018747,-0.20255655755040566,0.04972437947798113,-0.5016523705409907,-0.3024395666672665,-0.8285061901238119,0.39749832984634265,1.0005140192184805,1.0745247838456011,1.3740432454735128,-0.5817753520895413,-0.950696260688267,-0.684593782642784,-0.44360583969845074,0.2681943480212489,1.1013605516077223,1.192936237746165,1.2602913431241474,-0.13389684202019178,-1.4765045909776264,-0.7091667113709298,-0.43703170694731935,-0.7611682538804797
Bearing2_2,acc_00114.csv,-0.5189175613114411,-0.23660495621458105,0.050031533827260645,-0.48150206028005177,-0.6025684221587854,-0.4818747321068962,-0.8011887850005056,0.7223003829443261,1.8647227246023075,0.630955542201273,-0.09911966571879897,-0.797594992668222,-0.429689558671822,-0.6830727417508856,-0.7301931729915669,1.0481588752454922,1.951801123672974,0.6328606466744929,0.3251164840970178,-0.4021295250500926,-0.4680983702447044,-0.6635994313622762,-0.5818185364430074,-0.2041904186099387,-0.008262808204078856,-0.5088934613007,-0.24224045298010555,-0.7267657799654891,0.21837245019921325,1.2889443605268291,0.6973492913939804,1.4398410782514512,-0.6015207988211181,-0.8389110969291464,-0.5358069331128028,-0.4408075137726559,0.051003561320616786,1.7894094504000762,0.5989584874876852,1.0582511103581451,-0.07078938934741755,-1.286245450516094,-0.5514501726796229,-0.38919668783808425,-0.7611682538804797
Bearing2_2,acc_00115.csv,-0.49852743382781767,-0.2233788563838682,0.5971377580654983,-0.5043243493641669,-0.527607526211142,-0.5652481948692774,-0.6744421029845644,0.8434822493611466,1.5405103338093333,0.8415361960045838,-0.06260919895924333,-0.808187389514556,-0.5557518227109607,-0.687429377341356,-0.547446601683619,1.2711128786906558,1.3469107899154051,0.7719397321159498,0.6516618232664403,-0.6452156723773594,-0.5518244530779726,-0.677118506609643,-0.5804468505472328,-0.2093127018316428,0.0795011633648637,-0.5070446721705614,-0.36277738022825695,-0.7784926936337155,1.0361249981294527,0.88468125382815,0.6481251791132495,1.625258290368157,-0.49368021936146333,-0.9510465266999097,-0.778992849973393,-0.4393822928126233,0.48763302085518934,1.2649999097293791,0.5767058140178879,1.175141904258667,0.4969553881696205,-1.4414292513701257,-0.841128366846397,-0.3893473448079612,-0.7611682538804797
Bearing2_2,acc_00116.csv,-0.4878453104017833,-0.21634075478394924,0.21163866652713248,-0.46653662481505814,-0.487276961057271,-0.5763688872267586,-0.7958164849703054,0.8855929418695325,1.7868417760797937,0.6525589668201991,-0.08304990251974313,-0.8857067373993799,-0.5170775844832132,-0.6959079776660959,-0.617495353897784,1.2775565221226994,1.6038829475308143,0.5387216713588002,0.4938183542263301,-0.595578294476964,-0.5160918721104406,-0.6868650635900557,-0.547914748849318,-0.2044116527508049,0.0033720243355622147,-0.4654469167424441,-0.2841908476892579,-0.814418133075606,0.6806704183788901,1.1838028043575102,0.7431438625135871,1.5802654632156368,-0.5537107122659534,-1.0543599551570093,-0.6910314953070756,-0.4526481714230915,0.5362067538879749,1.5606641795270957,0.6382539189988685,1.4126147253743082,-0.10392541606892958,-1.484680577051757,-0.679995359743085,-0.4543090742860025,-0.7611682538804797
Bearing2_2,acc_00117.csv,-0.4747277594524451,-0.21820338923349597,0.11841654924640689,-0.45643495587618754,-0.5954072089776609,-0.5714293684531964,-0.8310200380847044,1.1169948041013158,1.724906675775363,0.502231195346477,-0.11676810332366103,-0.8170560578139688,-0.5152560066203099,-0.6975378949257747,-0.644838604521407,1.5562458859359733,1.4678076389333783,0.41116078438870013,0.3606599695611527,-0.5503460532559789,-0.4988293346428464,-0.6845331110368837,-0.5814794452714049,-0.20444306654699426,0.00888959970590978,-0.4614412069604772,-0.2917785492847219,-0.7545285719815183,0.12975645289831783,0.7839807734102338,0.9304827274272329,1.5716166343900762,-0.5119487665565801,-0.8959617459164115,-0.5727092216440877,-0.46276614346953066,0.0012884390117639222,1.2104665165740731,0.7860957341932917,1.4669476546128637,-0.05149849464614766,-1.2772247178556813,-0.5844303251205738,-0.44978492404125453,-0.7611682538804797
Bearing2_2,acc_00118.csv,-0.41726786070639765,-0.19513287408356977,-0.04100166829142483,-0.38273018621109406,-0.5084764374133278,-0.6341876010477296,-0.7180811098958242,0.9079245280445141,1.8323859281973214,0.3069652824406302,-0.1955482671444958,-0.9501998315962156,-0.5986353268108716,-0.6959745508797375,-0.6444140538781421,1.780715791296565,1.4234017973554045,0.3491414661761028,0.1420798300011436,-0.6586661282945606,-0.5941350116030618,-0.6895257938115036,-0.557675602368277,-0.20111759797012757,0.05530838727863501,-0.48609172869565787,-0.24845430040633945,-0.8814772603961026,0.6173754520734122,1.4466171143106883,0.8517151008130528,1.448498755071623,-0.5185934151909973,-0.8639492619117527,-0.8539656852158999,-0.46630643882938166,0.2324783261744608,1.566774274652484,0.9334566499653314,1.0465757593989813,0.3557698280824284,-1.3421946063872938,-0.9116869063714186,-0.4528869925413613,-0.7611682538804797
Bearing2_2,acc_00119.csv,-0.43653966493868623,-0.24764105347290435,0.1481196922470502,-0.5060079608539788,-0.6748813306760812,-0.6267309556316095,-0.6206619930629417,1.1847230188282438,1.4315886390023906,0.23248095719377437,-0.20397227732537573,-0.9400579296586778,-0.5354466107757765,-0.6879058054820691,-0.5315360016112959,1.6037480432763611,1.3537517596927506,0.09742621965501824,0.23394540018180815,-0.7310369397531539,-0.5177310066661239,-0.6777173590935228,-0.5463526153569102,-0.20067933236565041,0.2074014418136199,-0.4266223450095346,-0.2646521374938095,-0.8871495294380737,0.9311631732246723,1.5443250019202637,0.8145084529357374,1.2007602233704657,-0.5714159958668383,-0.944409624157187,-0.7798962127744082,-0.44349445173103375,0.4666239124976475,1.7138570280374634,0.9581504772028822,1.0142076292914137,-0.045089087186832966,-1.4059827273352212,-0.8912137942216303,-0.3985118788812537,-0.7611682538804797
Bearing2_2,acc_00120.csv,-0.46391383433795674,-0.20480107465077999,0.2651572710054248,-0.4476427625405038,-0.41803678266285244,-0.5626042156428683,-0.7470144566524927,0.7883432012437313,1.8885123439092908,0.4050937902304355,-0.17894297284860963,-0.8301163020056787,-0.5336078847649164,-0.6915376051159371,-0.611551021725329,1.141213109281484,1.8517744427308929,0.33988403675913464,0.21707669546179734,-0.507646641747113,-0.5619199590941427,-0.6797897069234431,-0.5593311560992099,-0.19893483958746241,-0.012441986072057777,-0.45851395750442453,-0.26297251012407014,-0.7661453663099141,0.02353308270579206,1.2919379135405589,0.6795869767007081,1.893144314964129,-0.49981655600381664,-0.6108240697132081,-0.9202592467654496,-0.4325817093346974,-0.032029195392978535,1.2409958321374785,0.8558631381626786,1.3664647766865086,0.4439874721319626,-1.2576807963429177,-0.9055008023766128,-0.4426153852841074,-0.7611682538804797
Bearing2_2,acc_00121.csv,-0.4697983919369193,-0.19730945604053585,0.26376933224412913,-0.423698065796514,-0.34639647358100956,-0.5156603832281254,-0.807721619746245,0.9618917383467185,1.6716955569577778,0.7427274310603733,-0.10857190653854012,-0.8317352027862556,-0.46828449515844517,-0.6845427683109566,-0.6831973047381196,1.3898519717363855,1.5116762563427795,0.6104861531908063,0.5954862308386034,-0.3830612487082344,-0.4916215239799335,-0.6692661652233874,-0.5605843467116534,-0.2039602554077376,0.08081244018088433,-0.48470513684805394,-0.28400852360063894,-0.6580000904313719,0.364828793750995,0.912683382814517,0.5195360262697283,1.8873254061343998,-0.6143612928002434,-0.8028538283146313,-0.6461058391427552,-0.41747908201893047,0.1535002032172362,1.1527202112817443,0.45867532499037283,1.461998501758077,0.20696983898171076,-1.3598511612881077,-0.5546442214634604,-0.4109550508373177,-0.7611682538804797
Bearing2_2,acc_00122.csv,-0.46301075574722766,-0.2213443300953117,0.0584727038469446,-0.45624788793287513,-0.5721628197647947,-0.5450329353175976,-0.8976697639780471,1.112686154872606,1.8481303611248547,0.5421713375239549,-0.26996460497260055,-0.8444045235934219,-0.5225899898573301,-0.6897661686071791,-0.853046589613527,1.8755674031332779,1.638658807178747,0.41757927795196653,0.32540913436031005,-0.522251104792494,-0.5354389242878244,-0.6774801873326731,-0.5346944450103898,-0.19800401870130094,-0.00678743670620436,-0.46067087815625285,-0.2509715010346849,-0.7341005457289183,0.01645064389746023,1.3386335719942892,0.8974038753967463,1.5876324564928872,-0.6061907986858025,-0.8686189657839924,-0.7543546796687868,-0.4015308090061091,-0.06854344777897714,1.669238660705778,0.8945761822696038,1.3215917610221493,-0.008860408066872258,-1.5448973749262735,-0.7011513588337605,-0.41322989231206386,-0.7611682538804797
Bearing2_2,acc_00123.csv,-0.40337789000945173,-0.21859974396399282,0.13867779940824762,-0.4162153480640172,-0.5616733682877006,-0.5957827751573685,-0.9139335178708787,0.9759481649227019,2.1935124903749963,0.027037446258549813,-0.24417597846905922,-0.8923874107006629,-0.5550234841364358,-0.6895271572226884,-0.7697425314008299,1.5258675801989572,2.059415898010744,-0.05022242552354916,-0.1049024871416461,-0.544985764654306,-0.541492944787393,-0.680295734180581,-0.5217458385693462,-0.20715005839944223,-0.04023097438879056,-0.4545082477224577,-0.3407765862556801,-0.7923982951905956,0.20428330273776074,1.1174771357861986,1.1968370372564991,1.3136816794989155,-0.517263452549831,-0.8859263869709427,-0.8521201356607254,-0.3900030637405958,0.08810893498075506,1.774175687712301,1.0004189100731797,1.389438738702471,-0.3535104071951839,-1.4091177646554962,-0.7661979617283181,-0.4310715616714294,-0.7611682538804797
Bearing2_2,acc_00124.csv,-0.4472096696818305,-0.2432416165338434,0.22635254593724558,-0.48243739999661384,-0.6539272110663449,-0.5685299728045938,-0.7179686997557088,0.8177180764176828,1.8156979339215067,0.4464033229450284,-0.19764382351991414,-0.8325925280943492,-0.5681112292206657,-0.6874819435308436,-0.6724571009675082,1.4470541157052998,1.705749582664143,0.3699020603007998,0.25226220443215136,-0.5494407251650423,-0.5850491038343294,-0.6779997274375235,-0.578816635057238,-0.2030784894285879,-0.020068285977063012,-0.4967222661939545,-0.2771795305014502,-0.7439317586553521,-0.0771919962885813,1.3135828747676708,0.6929958153059717,1.627455800080142,-0.35877935752734375,-0.8259654610240716,-0.7132602855567101,-0.4354365022143789,-0.07037276545562668,1.5264960766465585,0.7312212237736102,1.2881561097296017,0.25651503384460544,-1.322439197514598,-0.7178232715762168,-0.44343985690937704,-0.7611682538804797
Bearing2_2,acc_00125.csv,-0.38635429303333446,-0.18365469199577433,0.028638509204845845,-0.38721981685059215,-0.2653644701659521,-0.6101019645617014,-0.7483422746569696,1.4932441793739994,1.3860235337640896,0.3718660386448435,-0.25475037335215966,-0.9266289400295025,-0.5814185847829944,-0.6867765559860346,-0.5922164148720518,1.9855178310103683,1.1339469926660046,0.23081118016236196,0.23142713551136976,-0.6798662358465414,-0.5856693481725183,-0.6820852525199856,-0.5551755008877455,-0.20699253087259156,0.11684074043131266,-0.4945653455421263,-0.32968369617444127,-0.7761806019973202,0.2842557015164135,1.3977291424785563,0.7431837949018224,1.4743624166515656,-0.6232213253379286,-0.5516349691027935,-0.828477285872427,-0.4047967392890257,0.24049001753245072,1.5345813908779824,0.7770142264301217,1.1434505557374495,0.00841270010248271,-1.0755499502291146,-0.8145859192118274,-0.4224554637767755,-0.7611682538804797
Bearing2_2,acc_00126.csv,-0.4766663761783215,-0.22043836011221177,0.215199523035848,-0.4957192239717957,-0.5687010446465074,-0.5279857054805228,-0.7794230514081477,1.3810026963629665,1.3262624496919346,0.6860426943887694,-0.1817689353727607,-0.7297526365846861,-0.4844072647243499,-0.6821718524484413,-0.6288773376545224,1.7954616436840305,1.0916918178040402,0.6205269778039608,0.4414455188869291,-0.541878130734997,-0.4794037760074405,-0.675714318653959,-0.5687671103503545,-0.20051871066859817,0.07694092060523346,-0.46914449500272126,-0.2736200185990876,-0.7366473561551256,0.15571349772918194,1.2602168110882712,0.7511354074553106,1.3454838627492938,-0.5308508282579882,-0.7748854604623571,-0.5807017304377299,-0.4236028833050786,0.09167656125283018,1.6535544633006032,0.4429861138929285,0.8937097233958781,0.35483416850700755,-1.091811841129464,-0.6014224660941343,-0.41825931530550975,-0.7611682538804797
Bearing2_2,acc_00127.csv,-0.5333464188772783,-0.18232931716479003,0.19980058665639228,-0.4197696389869532,-0.4089191578324774,-0.5519594847899367,-0.6064091533834323,1.4453658286255688,1.006538984913733,0.598643034220537,0.0207663903232594,-0.7414258914435007,-0.5535012970024291,-0.6767166075975161,-0.5269715973812681,1.4326672762944044,1.2491553444176566,0.6614661845620836,0.36294149076584026,-0.5364165641315647,-0.5907220329256232,-0.6654757698623329,-0.614795460293853,-0.20620375886521833,0.18339000992977447,-0.513977631408581,-0.3144889613431745,-0.6961858178370093,0.18793146476867628,1.3221441586174447,0.6589545327205999,1.1509326340528598,-0.22228306971826062,-0.6351860111246805,-0.7698647378951946,-0.36313148110164584,0.15020325016348787,1.2664364467343219,0.8105889799360078,1.1404780665705354,0.15850610258007908,-1.2148377831601476,-0.9026010417562649,-0.306249235774363,-0.7611682538804797
Bearing2_2,acc_00128.csv,-0.49206741183750957,-0.21885220624748142,-0.11246124496677577,-0.48879771006923617,-0.5876602956488285,-0.5509461986426037,-0.7767740044914071,1.1743774801922056,1.5684255975604349,0.5135201523296998,-0.1287870417237474,-0.7335523815479373,-0.5092506832403844,-0.6922497125228569,-0.6164307391613779,1.4889304007757846,1.48854410528919,0.4056451229238812,0.3702019985277463,-0.588698475859901,-0.5373698593081884,-0.6803015434273484,-0.5765569159992043,-0.20278289975889288,-0.03699233210550363,-0.48162382163115636,-0.2260600204629755,-0.7939889864682925,0.6841329989081569,0.9489734583470402,0.756767968051797,1.5396896822085884,-0.4228042272563255,-0.8080186651941973,-0.7899094572267925,-0.4570777147899394,0.3658133502142642,1.074376477763397,0.8892239036369752,1.335457227820333,0.09188796108201953,-1.2747501712362628,-0.8362035824567728,-0.4141640126108724,-0.7611682538804797
Bearing2_2,acc_00129.csv,-0.43559474784334545,-0.2338213989906814,0.2855901679514983,-0.389838768056966,-0.6809581044582506,-0.5380178105270432,-0.7461489652306866,1.1810934543207507,1.5956899514030853,0.28406271939149746,-0.04780612272103808,-0.8117301236562992,-0.5401847739810299,-0.6860787673970983,-0.7198845372957895,1.8343075542827285,1.5050159549474744,0.20480050015043194,0.30929454493368336,-0.6619172696699975,-0.5677341846205559,-0.6729920184573907,-0.5835065826623613,-0.19308367444733307,0.11113005923945952,-0.4565111026134411,-0.16230271054111148,-0.8306934806853985,0.39974489263113194,1.3805055608806784,0.813196534286133,1.2852179626324642,-0.1899579260569663,-0.8401726772785764,-0.8679424533493592,-0.44379227820657674,0.21794023456814537,1.4764090034529607,0.903082307642533,1.096097845589499,0.3688345044332966,-1.300045776256638,-0.939503735524901,-0.4314926106711784,-0.7611682538804797
Bearing2_2,acc_00130.csv,-0.4153540189484534,-0.17601201700834004,0.13823091462643952,-0.35953376124035397,-0.22722226929352404,-0.5627581022744692,-0.7920785313297031,0.8692053160032375,1.9177657900296383,0.34422575945198564,-0.2039395280193179,-0.9511394882147222,-0.4985557774563724,-0.6914117004201724,-0.7219946549825075,1.222569883542525,2.0532464337906258,0.17275722139140956,0.2707547645307192,-0.5997223139904991,-0.517676559348818,-0.6797490506700108,-0.5469067447684858,-0.19957310975654563,0.0226483932983977,-0.44172078957233274,-0.23582160684134815,-0.7284995582245406,-0.016272745113478978,1.120587719486975,0.812020520058801,1.4366313273635776,-0.5250617833556976,-0.8142178934377343,-0.5541642223088219,-0.4241155815680469,-0.11723216531360076,1.2100805165570974,1.048978491291096,0.8328142704382521,0.21646598653063281,-1.4213780324640024,-0.4227295534647002,-0.4560882678910507,-0.7611682538804797
Bearing2_2,acc_00131.csv,-0.4735792558600629,-0.200622880314437,0.1286716599515247,-0.4152800083474551,-0.4477895524565687,-0.5805497736954661,-0.8371179649653219,0.7549998537845035,2.085261221538264,0.4002359210805188,-0.12396810098584349,-0.8565757255560323,-0.564141402981866,-0.6954148476549881,-0.7417022580015153,1.157501986897409,2.1200259082171296,0.3428867573563067,0.2873840214721384,-0.4795197885638365,-0.5864059207783243,-0.6847512661363558,-0.6068535906707428,-0.19907518786511094,-0.12835181502559193,-0.4736124020672227,-0.1748942566726625,-0.6875859229384989,-0.20074869568548429,0.7809822912172198,0.8455391740724056,1.771770564831708,-0.273996497612526,-0.8987008585690615,-0.684543312583271,-0.44567988009414183,-0.19346828871644667,0.8954623980972164,0.7322540768274751,1.6996035957385267,0.35795723774679916,-1.4361095370112407,-0.6905094638047392,-0.4172092315391738,-0.7611682538804797
Bearing2_2,acc_00132.csv,-0.5435449425906371,-0.2099781465051763,0.41406345417341567,-0.5061950287972912,-0.4775992379149672,-0.4956361216700618,-0.8960900052459477,0.996297081642107,1.846624380460937,0.6345689947696808,-0.06498173027172363,-0.7737200436332349,-0.5303732808279708,-0.6758035718751073,-0.652110196216746,0.9536458657109269,1.9599140840046683,0.5502679989825245,0.387344527249016,-0.5024337688504429,-0.5646991971151489,-0.6635163640662676,-0.6039266796652984,-0.19895978354185226,0.11099961308686213,-0.45789769446104506,-0.25920340692919813,-0.7323203138544424,-0.06584195314434405,0.955814705765858,1.0879744733787031,1.5102596810678217,-0.5351248485467243,-0.9355414536642052,-0.6858590020406358,-0.4050107328218608,-0.05752829805241633,1.085234031335929,1.1691267414557802,1.2459683409448021,0.08318489675051542,-1.439064143665711,-0.7523816330318028,-0.3979380068686011,-0.7611682538804797
Bearing2_2,acc_00133.csv,-0.5164107050977592,-0.23580721272880903,0.2954931842300963,-0.5250888910718456,-0.5875879462969676,-0.5826508872114218,-0.6474938079630923,1.1774979841785513,1.2870263217854934,0.7410529437877071,-0.22133847982252228,-0.6885746486601496,-0.547380130868759,-0.6890272406232576,-0.4944993397106514,1.4064316590145938,1.2171091780623098,0.56096492731536,0.554910606902486,-0.5417099286416599,-0.5671776211725079,-0.6834353821836925,-0.6037639455496353,-0.2020123416746046,0.2625893039871409,-0.4713014156545495,-0.34259869976611723,-0.9488467061417394,1.0671077397034872,1.8646031459377874,0.7089989152215355,1.4147078568057503,-0.6643594263352953,-0.8433433979540044,-0.9570160749984152,-0.4666606390395372,0.6838439549880477,1.905212887314769,0.8528213944624078,1.0225498377498115,0.1265412253651426,-1.1875040758424622,-1.079733748995851,-0.47691640283778775,-0.7611682538804797
Bearing2_2,acc_00134.csv,-0.520992323761405,-0.23879624806767719,0.21578428569635086,-0.5565163055483322,-0.5909033317672231,-0.5594356816849597,-0.6529413219728096,0.6137945506499592,1.7467131382221641,0.6643783621540906,-0.13566498188555767,-0.6718426462540514,-0.5213708443743101,-0.6941129466685403,-0.6526106555183122,1.1362771250140338,1.7518075240489248,0.7035384707087048,0.45502697055268626,-0.4854037445869058,-0.5524980984169888,-0.6830259793867401,-0.5550574177932294,-0.1997507967040422,-0.026635483840683982,-0.45805176022188987,-0.29357495772206454,-0.816409282443127,1.2344652429269019,0.8225880699818655,0.6202945192091879,1.748295624837774,-0.5450514084438021,-1.0087134887129638,-0.7242804280924184,-0.5116440000511399,0.6568659491747576,1.0060554365757723,0.7421674845128033,1.3931796837414983,0.2974852560209246,-1.3349531481354477,-0.8368522635376917,-0.4816145299002307,-0.7611682538804797
Bearing2_2,acc_00135.csv,-0.504356432492958,-0.23043922409478415,0.23491411395484285,-0.4730840028309929,-0.6101423641116259,-0.5745580875098646,-0.6482493572922288,1.0090326213235377,1.562564909536955,0.29249627654676724,-0.22883539581181378,-0.684919714388508,-0.5129121419130743,-0.6819949162140727,-0.48026593734904166,1.4202000157419454,1.325431156239903,0.2901763393834747,0.10818874239320668,-0.5458944296959644,-0.526049767749323,-0.6692074950592141,-0.5941911883611092,-0.20284175852744332,0.023477458995641826,-0.46683350859004796,-0.24839446881175373,-0.7485328249196097,0.3890729759631461,1.174296930771331,0.8112469770772341,1.1249822237235674,-0.6406215378654817,-0.7176554717589722,-0.5460950739387017,-0.3913629316540769,0.1654295977854266,1.3348447212359922,0.9800028009287075,0.5926439121891969,-0.09953040304772563,-0.8345213335649786,-0.5570290255778559,-0.4276038754214245,-0.7611682538804797
Bearing2_2,acc_00136.csv,-0.4596738974262908,-0.21236117729241952,0.2397387927873163,-0.39021290394359087,-0.4317797834861588,-0.6077390420651471,-0.8435408208007543,0.8476905311645399,2.0291840389046425,0.5161049899736702,-0.352730117155211,-0.8444019530742809,-0.5845252422269596,-0.6956093942199576,-0.7228849765446237,1.2889038223823672,1.9493861970844302,0.48466996364018655,0.1270062918436028,-0.5133713092353831,-0.5774787120013452,-0.6867471924756654,-0.5984984637038901,-0.21070814497114407,0.035778754554684086,-0.522913445537584,-0.3753016165558855,-0.8042072084450974,0.4968494965313275,1.0397351945925113,1.0789872437897134,1.2033016054773429,-0.6989976274843472,-0.6459833383934048,-0.7339488645914246,-0.4258041639630108,0.38043999169493975,1.4321925839279708,0.9800466758851077,0.7211551171450284,-0.09444077016655673,-0.8750753410888725,-0.7567187136389373,-0.42796846059251203,-0.7611682538804797
Bearing2_2,acc_00137.csv,-0.5246840413999999,-0.25160209987515164,0.35315961831581744,-0.510123455606852,-0.7621811143496404,-0.5885798741100988,-0.655737509862231,0.912334522090691,1.4950330604306832,0.8174409885470585,-0.236465161563397,-0.7229806952297628,-0.5614018121728548,-0.6903127057477221,-0.45220553102730204,1.277929773954814,1.2239990857331935,0.5226394991809372,0.5582272768490634,-0.37286106844903705,-0.5674002369368243,-0.6810204146917299,-0.5968437685935757,-0.19711878993775575,-0.07103978841573745,-0.47962096674017296,-0.23510903198432542,-0.7135959501851886,0.021520918533598707,0.82651768036429,0.8946929914447198,1.6230166087365987,-0.5517657007505877,-0.7095697407948685,-0.6803773311937648,-0.4206473860678064,-0.026365816343475186,1.2243908773861056,0.6760384121807893,1.2072113948948204,0.28127844285305453,-1.0164611722223553,-0.6735926772613626,-0.4498086841219195,-0.7611682538804797
Bearing2_2,acc_00138.csv,-0.44642920555958426,-0.25254931737331354,0.17318328840187197,-0.48412101148642567,-0.8111299177819806,-0.5089324618308345,-0.7863286331688784,0.4796134097116458,2.171756270464589,0.5032533974097301,-0.24620033821214793,-0.708442377193516,-0.5494112484214366,-0.689698410792366,-0.7003429700672944,1.0929152762088081,2.0139467201178056,0.4038187528852648,0.19875559525092007,-0.3407682935796565,-0.5344818546139481,-0.6747605668402578,-0.5671979233285035,-0.18178308693247333,0.11500830302275976,-0.39904457381830133,-0.2554204145060451,-0.7285374373072516,0.28886527276970775,0.7216469055050703,0.8625910355443241,1.2531229203383358,-0.40027224873572637,-0.7361069755081628,-0.5444400593958257,-0.43677551902565975,0.10369683455676604,0.7951126647649627,0.9744688661103306,0.8199960331539775,0.21647207893834142,-0.8374590915220019,-0.5816233465559437,-0.45162109577500786,-0.7611682538804797
Bearing2_2,acc_00139.csv,-0.48072570789684366,-0.2241815288541707,0.14078594499155042,-0.4566220238194999,-0.6429348903247952,-0.6582263184652616,-0.7503730696144401,1.3733896880739727,1.5613965568110921,0.18357153014604227,-0.30298956088226175,-0.7408409986154737,-0.5713472983887887,-0.6969632191658611,-0.7392804219953263,1.7702085280353292,1.7045519466906656,0.1433320875902059,0.07380058830312718,-0.5561069556209692,-0.5926710444379334,-0.6856658546018849,-0.6091773203894767,-0.20049881560504443,0.07675710797095499,-0.47530712543651643,-0.2508803141982943,-0.880354128689389,0.660095273630756,1.3438636742167196,0.8582021471479332,1.2189046051648411,-0.7615385299744767,-0.7426410892569252,-0.5772236435493396,-0.4861888133595511,0.5293785973419752,1.5683491246941212,0.9079899092705118,0.53189816945793,0.06102849788492882,-0.932453518303905,-0.6706451859148846,-0.489110310578089,-0.7611682538804797
Bearing2_2,acc_00140.csv,-0.5216965604882383,-0.2243031221557574,0.23462652331031955,-0.5260242307884078,-0.5353082143448403,-0.5298712992632872,-0.7036670706818493,1.053680226029491,1.40061237333768,0.847113009732641,-0.1378894864451237,-0.6829023453534798,-0.5237107225134232,-0.6802235171707143,-0.6139165485381012,1.6017589582174887,1.1934534986721719,0.6228874263023657,0.7176194407187231,-0.5119401315822956,-0.554963477294696,-0.6667403932044397,-0.6006413753947515,-0.20610952001510066,0.14363912181167626,-0.49780072651986873,-0.3452190497866121,-0.7389587845402414,0.2744481156997869,1.1582369883346564,0.6767331539899288,1.2249335711970637,-0.360080353706295,-0.8146413104515355,-0.5565099234301281,-0.4147053878029434,0.1679175745684154,1.3689073598959434,0.7118898259771994,0.9135812134699497,0.23447128662970498,-1.3740139809619085,-0.559879702823211,-0.38902470086818947,-0.7611682538804797
Bearing2_2,acc_00141.csv,-0.5120187861310119,-0.2527592454917038,0.16784130606767253,-0.553336150512021,-0.6384181154856216,-0.6026069446121085,-0.7305474550641862,0.6620390264683217,2.006692332868586,0.368332874109249,-0.16006005233975976,-0.8179658859583657,-0.5958566127212949,-0.6942195713329179,-0.6183365667514175,1.170486665129057,1.9159383005449693,0.1272723256411771,0.35541156297330134,-0.4500327867996837,-0.5979036367517074,-0.68802253806056,-0.5984192714745287,-0.20381181115150881,0.13727125461413636,-0.516596749342944,-0.32029359892239756,-0.8509127196275205,0.9222125672626618,0.9330671151681291,1.0370740332576567,1.2611535720871152,-0.4548327958948975,-0.7878959799066437,-0.884257176078186,-0.4616177962278728,0.3762786967642794,1.1180379698072127,1.0615672262108886,1.1587841386936406,0.17799427938083753,-1.2115594976987543,-0.8675683815128141,-0.47350803564978405,-0.7611682538804797
Bearing2_2,acc_00142.csv,-0.43097395304119696,-0.22977666744290245,0.27108013001376663,-0.43604455005513376,-0.5800811574786668,-0.6448034933715434,-0.5851315417458807,1.4111311190120404,1.1476981336758572,0.456927194896274,-0.2869745329768577,-0.8326015146183687,-0.5703124990793125,-0.6972877267085391,-0.4447745617450779,1.6052011125428576,1.1295179147983503,0.32611083887996006,0.2576404971330276,-0.6344080156500835,-0.5909393401011586,-0.6903868228320282,-0.5705533276532315,-0.20305233238163453,0.07838556714003103,-0.46298186456892604,-0.34505335802707054,-0.8196465747635207,1.0386749707839105,0.9963054127804108,0.7324793480937353,1.243066000081983,-0.5696116401334517,-0.8314389299845385,-0.6357147785131175,-0.45286326326894394,0.711874001094689,1.3898431251577728,0.7377271865659155,0.8596252947906681,0.059378267219986125,-1.1684638511652352,-0.7011645342881795,-0.4428018175504297,-0.7611682538804797
Bearing2_2,acc_00143.csv,-0.4900128491564326,-0.23719406275393484,0.4648278479849294,-0.4869270306361119,-0.6761731721214574,-0.5769195558380802,-0.6796348951775327,1.248378988062568,1.3733380700410218,0.45867516980744943,-0.18934530962553353,-0.8057514362891999,-0.5247394421772508,-0.6827204137030727,-0.6128013026400809,1.7957084527503726,1.2102193549074498,0.5154222564331471,0.19339174408091733,-0.675597148741591,-0.5404254733585213,-0.6750770445444175,-0.5741572593299453,-0.20413864908972723,-0.10064973659491973,-0.469452626524411,-0.2693385736191823,-0.6247017814850839,-0.0023014048960735695,1.2837171931513296,0.5096255885025825,1.4589831266394635,-0.5048099152074688,-0.7601206899267698,-0.5625239774510595,-0.34328772971397015,-0.11363077047982019,1.3231815223400125,0.6465177054597968,1.148367038483672,0.04937828741083652,-1.0679341812090024,-0.5797695792175388,-0.3737993968818475,-0.7611682538804797
Bearing2_2,acc_00144.csv,-0.4789695345677133,-0.20893767550019485,0.17174620362032747,-0.406300747068459,-0.6571328400896582,-0.6243696421193389,-0.6701692475411412,1.1853560922381325,1.3945394459109755,0.5984229865649252,-0.24082294722691366,-0.8093931364597241,-0.5620337139629381,-0.6909086599463694,-0.7355091681260824,1.5819245214730955,1.62169681145273,0.5470888223959446,0.3102317433003613,-0.5168301352420438,-0.5560399601215061,-0.6798608230529352,-0.6005986097061315,-0.20096427373615677,-0.04684362176541956,-0.4677579031551173,-0.27718864598375376,-0.7557969399708995,0.4997300540274006,0.812459087357876,0.7529268782145575,1.5082644685024125,-0.5210848744408993,-0.7625538563294453,-0.697403315004557,-0.3982353884991334,0.5105218965413924,0.8208961927944266,0.8528060392045996,1.1058495851990782,0.12827942190542746,-1.0492066055607348,-0.7518287889547847,-0.4170889001816485,-0.7611682538804797
Bearing2_2,acc_00145.csv,-0.4800748057305091,-0.21251396947253565,0.5303069437014276,-0.4712133233978687,-0.4834182458666538,-0.5609967032940374,-0.8194373474721159,0.9875695200927258,1.7575173099608246,0.6325037287489023,-0.09499246597671711,-0.7995896941803554,-0.5394001470248655,-0.6918158120008828,-0.6939116478926312,1.4129753385863004,1.6341334461132992,0.6175733332473923,0.3892175300064971,-0.4003446741607066,-0.5900392933067207,-0.6756516410355047,-0.5838558538889264,-0.2040484311801396,0.006379450606980537,-0.501190173258456,-0.26716543881944577,-0.7135334473732247,-0.04644929224361517,1.1473878730674234,0.7658915878030302,1.4540711136392144,-0.42451294685861074,-0.7395459488814643,-0.6320542018561608,-0.4227773590058703,-0.11663770235602365,1.3804041023178213,0.7917936507199815,1.2255131629778626,0.08375465654523058,-1.2702274055084455,-0.5693383842574439,-0.4382788061732549,-0.7611682538804797
Bearing2_2,acc_00146.csv,-0.5266228941824334,-0.21211662008332785,0.4575620353393433,-0.45549961615962536,-0.5023650994939046,-0.6178975811062564,-0.49603156150373134,0.9703352373819484,1.3223941234581902,0.3594893707296756,-0.21454095232971157,-0.7081929881807473,-0.5085324519675402,-0.6953321882000058,-0.4265678817996693,1.4463192444306852,1.2052822270835535,0.24391959785859102,0.23093750652690578,-0.5891235623601887,-0.5116966578309081,-0.6857427822126344,-0.6235769143622677,-0.20400869801264393,0.08217944033739324,-0.4856295314131232,-0.31041528817586495,-0.7487619524504349,0.3613784513985802,1.0039042834121872,0.5295165633515622,1.6577088194402727,-0.5626892411007067,-0.6536857517026182,-0.5867639767022848,-0.46037619510302025,0.36800340092468287,1.0109379832317762,0.8421199943995001,1.174471198818747,-0.015679589327607407,-0.9922333411335291,-0.69295471917685,-0.4482857298190986,-0.7611682538804797
Bearing2_2,acc_00147.csv,-0.4731113142923209,-0.21821827023243254,0.13746472615589536,-0.46709782864499544,-0.5089962885389563,-0.5430826259180235,-0.6338243644544315,0.6037765253327698,1.6863193575416593,0.7457897600697402,-0.10754264421357287,-0.7268356746498192,-0.5412484787333276,-0.6848354734637384,-0.5552993615973756,1.0151500926693577,1.6331015601857852,0.6749629152070479,0.5357340407801617,-0.4985181942736249,-0.5518864797291887,-0.6768293574264652,-0.5923400349176703,-0.2062947102360832,-0.02848466021234895,-0.44018013196388395,-0.36970440721857317,-0.7747366043673767,0.2626848493137281,1.0879154393301398,0.7795229078957976,1.5306634672760362,-0.5107757868247212,-0.8115806333920503,-0.6678258331308664,-0.4385810271120096,0.1556131474657805,1.213903375322616,0.824235138608565,1.0907102697847315,0.24448452449829797,-1.1724921768786059,-0.7467572864259675,-0.41611202272501746,-0.7611682538804797
Bearing2_2,acc_00148.csv,-0.5278851068257223,-0.22429697187190414,0.32754320686559124,-0.4874882344660492,-0.4792552496596446,-0.4743464607403896,-0.7207519063936003,0.7550653475391026,1.626604335718161,0.8333981897703584,-0.035930284096848876,-0.5855991865193579,-0.4875602574255921,-0.6795290567948812,-0.805934202268054,1.703329457661409,1.4279683431190306,0.7592590543849704,0.625175234120234,-0.3483470135907713,-0.5035475713952775,-0.6663694103945745,-0.5525523223041723,-0.2049988935515985,-0.02191251702527706,-0.4692985607635661,-0.27831575233047345,-0.7259335769503764,0.0772741577400105,1.1314291361030668,0.5302749217070652,1.6093881545434567,-0.2976191615812862,-0.8292855897681103,-0.5944896097466941,-0.4482462264484217,0.029407019629148698,1.440460392564853,0.4244257365085625,1.3342282376210108,0.2814449608946646,-1.1682978587847999,-0.5485919946644757,-0.47900639234650716,-0.7611682538804797
Bearing2_2,acc_00149.csv,-0.5059159787828114,-0.21944528651746228,0.033024047013129616,-0.49497095219854603,-0.44299404146323385,-0.5576855426489425,-0.5867808630143649,0.9494366097958044,1.3748722112743033,0.5338547779283936,-0.09329099969203164,-0.7140153835293425,-0.47755784030105125,-0.6838901834332852,-0.5950478890542488,1.7920482199938592,1.1105001034684114,0.3916562792296228,0.3591886809452751,-0.4890288409872143,-0.4704132213229801,-0.6749382054670819,-0.547728011641903,-0.19572928089215227,0.03249756410261363,-0.43170651511741565,-0.21134773273715238,-0.7611740368663193,0.13116084381270857,1.6001310178307657,0.4756689907100028,1.3571629432881678,-0.44330693644349367,-0.8161949044993165,-0.45964081424514774,-0.47559281516706664,0.1006062365957603,1.6939486280403404,0.3931315015827021,0.990436412191725,0.18686639492603774,-1.21492062021644,-0.4428706229703041,-0.43767394495226297,-0.7611682538804797
Bearing2_2,acc_00150.csv,-0.5105133639222053,-0.23731822157326066,0.0757736366035589,-0.5308879973145306,-0.6595699844513174,-0.5430033234573366,-0.6670344199407512,0.8767865326679374,1.5762446340077685,0.583377456480399,-0.10764700409684085,-0.724615187344598,-0.5295357717366889,-0.6795707861188912,-0.5659673454396038,1.1447148001431846,1.5936349993901828,0.4725080335557594,0.50121817869802,-0.4592833876251379,-0.5281645483987757,-0.6725726073351577,-0.5707301675477846,-0.2075847049429525,-0.002332679453895776,-0.46760383739427236,-0.3231644884641103,-0.7693099612739733,0.3430419760412763,0.8467199780214814,0.7373689725943519,1.7987620274900047,-0.5275922576989227,-0.6613398340325102,-0.8472607091767544,-0.4133852594424006,0.16441521883613008,1.032038549052227,0.6471066564231857,1.461663741371915,0.3057201076337505,-1.3992993407646688,-0.6246108979770503,-0.45049296372130837,-0.7611682538804797
Bearing2_2,acc_00151.csv,-0.4913601928011051,-0.23111790953219438,0.346023367603212,-0.5230311436954089,-0.6341456034339819,-0.575260054728628,-0.7858706081908773,0.8442187894135272,1.9449100964087156,0.37649206950724723,-0.17948386198415522,-0.7549284748839454,-0.619522149398101,-0.6788050236186244,-0.7010008811435839,1.732731020297112,1.56919997326131,0.43116005202641855,0.020212955821688198,-0.6350301620719161,-0.6245922286622229,-0.6731392214894854,-0.5697164397345882,-0.19926685091447827,0.1448268962063092,-0.4498862748971113,-0.32083482898105603,-0.8050859467868525,0.7521152621667618,0.9809122671667877,0.6351377036831019,1.7507862771922238,-0.5277040951645883,-0.7943007607715387,-0.842377935998261,-0.4351349644574365,0.32292246578080036,1.1998315592197817,0.7024206684940233,1.5114884213734399,0.05048594188367133,-0.9603360779968085,-0.9566117717154221,-0.42432075163039373,-0.7611682538804797
Bearing2_2,acc_00152.csv,-0.48939417603014396,-0.2517930034700799,0.26607715791563247,-0.528830249938094,-0.6812190089250824,-0.4972564486362048,-0.8435501326985241,0.6532802595350047,2.1324288349409075,0.3919459961396968,-0.21230175224646458,-0.758666876006354,-0.5106522554077089,-0.6763184335692193,-0.7815359926881672,1.5437981765504827,1.7980368839734746,0.30082043740160447,0.32560547067813095,-0.48991411670462537,-0.5314162672876505,-0.6666630197574366,-0.5937656993138437,-0.19942146700705224,0.06913624443438628,-0.4320146466391053,-0.28125882727889595,-0.732505787333215,0.16935301613190598,0.9721467817774029,1.0079787040966428,1.3104451946911555,-0.47843931869249884,-0.8913209845622023,-0.6589474432219254,-0.3988996346355278,0.17230604603447452,1.1053342456825435,0.896704619657658,1.2307102758129038,0.063015666948495,-1.409775526985517,-0.649012450632078,-0.39566197759029065,-0.7611682538804797
Bearing2_2,acc_00153.csv,-0.44913564858250327,-0.18016924014540805,-0.01345014426149111,-0.35953376124035397,-0.32316566979354644,-0.5939072511604545,-0.7617727673894256,1.7458127916411768,1.1445830886120731,0.5312445505133683,-0.2742795542346895,-0.7323377649759146,-0.565898414994126,-0.694344175134396,-0.784497905975422,2.239785878051488,1.1795436202665872,0.471739857147637,0.2382530280071137,-0.5080457528797709,-0.5616374227036132,-0.6786484570620435,-0.559622252628585,-0.19577671111992284,0.1410258844382701,-0.42723860805291414,-0.1639672262776228,-0.8030803223791334,0.3075818157358368,1.2206445394163852,0.6212128756415134,1.8173656450577609,-0.6316033319160408,-0.8325652766115925,-0.6811972596741039,-0.45887580593618926,0.325420435422833,1.0179990982159972,0.7703684880296964,1.4169997940084904,0.0434332032548487,-1.2009227340870134,-0.7682513454849673,-0.4093952826652455,-0.7611682538804797
Bearing2_2,acc_00154.csv,-0.43740045012233353,-0.1961938636622055,-0.031415168816769146,-0.38665861302065496,-0.34262236586812767,-0.5722129820315042,-0.661005828104334,1.173882376591907,1.4470465408655453,0.38358499740836377,-0.1982381043839887,-0.8220879802090594,-0.5667464559092591,-0.6783553965175652,-0.5815052898894768,1.6305073942913328,1.3684708270669337,0.25133646675068594,0.23201681725592785,-0.5830955422948292,-0.5731788885242465,-0.6659850878634738,-0.5750626208581212,-0.20039239765023295,0.09721176669733934,-0.3848705238205724,-0.3656247852963012,-0.625129633416151,0.04435769952617662,0.5576677264592177,0.7172093113608261,1.504727566889306,-0.36486196978896135,-0.811155280048623,-0.5561460339071421,-0.3497095363683542,-0.03740905700877433,0.9580652654134003,0.6830468492337787,1.1726721178380208,0.18402226891488285,-1.1417320413878564,-0.654641923962294,-0.3082336716999578,-0.7611682538804797
Bearing2_2,acc_00155.csv,-0.4852910777398206,-0.18596847493126722,0.35726857399868356,-0.40966797004808253,-0.28988266415481884,-0.622671943690689,-0.6843507554246051,1.4218593396560537,1.315250313122026,0.3754485525297436,-0.10548998278385333,-0.8076334118737972,-0.6012211279513718,-0.6910700266006712,-0.469787750106048,1.702152479680091,1.0980074077870492,0.3186682238045672,0.26729805016691816,-0.6176591038405044,-0.6220327564724775,-0.6826033622992362,-0.6029310038090908,-0.19889057023233414,-0.028562400770725933,-0.4310902520740361,-0.2476147697321052,-0.7637884449981769,0.0059649217577951615,1.253107782913777,0.6683040455639961,1.698883662726868,-0.4114011895375895,-0.6383225857425161,-0.8397676235106293,-0.4140250436620355,-0.12888131556042667,1.1843082132517253,0.8204171210726705,1.290524366459128,0.3801765440735084,-0.9789197328300184,-0.8235434631692651,-0.4680308052750123,-0.7611682538804797
Bearing2_2,acc_00156.csv,-0.5221091473079977,-0.24369165965050468,0.08956139443439694,-0.49833817517816953,-0.7331123024373009,-0.5026452051900865,-0.7522505361165954,0.8276394815821848,1.6400050266225057,0.8155438589388883,-0.07427576301376716,-0.6168799200475891,-0.4863868038563656,-0.6809122490477368,-0.7015988214000435,1.2260762480312575,1.669109149801697,0.624166860700004,0.7144781712888393,-0.3517888290447263,-0.49804913551631136,-0.6713264568194355,-0.5739221486748549,-0.20125740293684244,0.04694638935361074,-0.4652928509815992,-0.2567056158631003,-0.6240004489629715,0.1905241694329758,0.8233824595832767,0.5036099953799962,1.669522520246574,-0.42218656815554784,-0.8240898191624603,-0.5736893542404695,-0.3739997704511563,0.05588105536797231,0.700571285343538,0.6818612715551642,1.1079144119121664,0.4576540253761446,-1.1558943537290334,-0.5688593780222148,-0.3862979389025846,-0.7611682538804797
Bearing2_2,acc_00157.csv,-0.5302334120608672,-0.2413642084063256,0.16571285241823647,-0.5350034920674039,-0.6651605926647132,-0.5307734406939496,-0.5842532916742885,1.1638238708538962,1.1461129847830827,0.7297861854159057,-0.18857383696134333,-0.7565980850516979,-0.4840240047180804,-0.6807033850375465,-0.38302677835103194,1.2856736643739586,1.0951576489138128,0.537487831936752,0.37261235748016547,-0.6689611939657638,-0.48272757972172603,-0.678380040078196,-0.6149934667866342,-0.19616082161469828,-0.10087295755624924,-0.4953356743463506,-0.25583453277401547,-0.7208176527874774,0.249689674050533,0.905462460894091,0.5352357113830944,1.7796241234307235,-0.6314189603232535,-0.6725185332992629,-0.605184246535993,-0.41391290504186823,0.3499169330380798,0.8008025491857816,0.6447169896938227,1.5232175982620628,-0.11148780591911626,-1.016142764953016,-0.6685739197157423,-0.39926345522532014,-0.7611682538804797
Bearing2_2,acc_00158.csv,-0.5023410582351666,-0.23345467157475544,0.06006191826330078,-0.483372739713176,-0.6293274420164939,-0.5517561114185584,-0.667021364222903,1.0502111018683467,1.516039522908821,0.3367048148677599,-0.11654410758994595,-0.7558815238381242,-0.4766108669877294,-0.6851689375896749,-0.5599018961668698,1.37438369953825,1.46773084834617,0.24031138927299944,0.3568399622588103,-0.5051831325078482,-0.48861255027044664,-0.6680833906626698,-0.5709722497647236,-0.20119479438250026,0.08006524145330521,-0.4389476058771249,-0.28266508894578257,-0.7417868437457334,0.45650102402562753,1.1453919782536035,0.6711073922965108,1.3186394452276056,-0.47507581443520297,-0.7651554707019695,-0.573121399865528,-0.4529384488426633,0.24299117027672873,1.250963219046314,0.667350111946471,0.9369753642457883,0.27807533062008744,-1.183947832888607,-0.5545094610060624,-0.4422287231643576,-0.7611682538804797
Bearing2_2,acc_00159.csv,-0.5435768543562877,-0.23018462431807937,0.07948163652186718,-0.5424862097999007,-0.5938827154029801,-0.5343634678342591,-0.6722440877203611,1.4171863715709054,1.1331289657445538,0.6280512747311326,-0.12192691803419083,-0.7016093327432675,-0.49979067589236753,-0.6830654007770449,-0.3951583926705305,1.2372818943619992,1.2086298216110647,0.5114826125564726,0.25262717626893216,-0.585952724824408,-0.5212725652457758,-0.6763326489773539,-0.628896505477148,-0.19963069403943784,0.03740360099709959,-0.47962096674017296,-0.28562440327776006,-0.7483900963706428,0.5929566672683526,1.0913437285502192,0.5910362679393478,1.5562328782870816,-0.4704089827613369,-0.6966914412223922,-0.7248817648831796,-0.45549681991474794,0.19692575276028979,1.5086682808412182,0.5541090029742498,1.5343176503441094,-0.07214389079628808,-1.0851586338661037,-0.78122842998316,-0.4325894041318323,-0.7611682538804797
Bearing2_2,acc_00160.csv,-0.530040037611768,-0.20305133505841863,0.05176969706830179,-0.46204699417556006,-0.5022353468950631,-0.5298294329797569,-0.6570359215794537,0.9020388355954944,1.5354364116763082,0.5123034106705091,-0.004370554505752937,-0.6754386006739163,-0.5286525545472713,-0.6730605168737892,-0.6713988958117338,1.3382271185752477,1.5951468908014403,0.6071761343011562,0.4250751301723546,-0.48055136481799365,-0.5117704317141989,-0.6662839694204475,-0.5949970030395847,-0.2005978388477525,-0.020771727992708107,-0.4797750325010179,-0.2814868431371482,-0.741905345324314,0.8202549437714115,0.6990717082193582,0.7338167888935109,1.4739340571192379,-0.4226204734572769,-0.8785609840652431,-0.802279990614773,-0.3541656529423131,0.4052330741229299,0.9898857676080108,0.883407568197406,1.045298357366973,0.3931016830486556,-1.554143730745525,-0.7474173768003859,-0.37189815628842926,-0.7611682538804797
Bearing2_2,acc_00161.csv,-0.5006930133238309,-0.2404928301206097,0.3162133790959675,-0.4972157675182951,-0.6024925324675527,-0.537537370313212,-0.6029030080881028,0.8972711335397422,1.4905600579882767,0.4554612143099667,-0.04786776439762099,-0.6818747708665018,-0.5300986703193108,-0.6828484487295043,-0.5358490161471379,1.3509651614889688,1.3825407709405904,0.511541323541269,0.2696007163082193,-0.3728160841974111,-0.5468468783513545,-0.6739117831071973,-0.5893154500882355,-0.1961478382908502,-0.024657919265240694,-0.46991482380694566,-0.19242242093499,-0.7019453823113253,0.14501614945958002,1.2263262459152087,0.6033707156608261,1.4850655015631862,-0.38811594714485687,-0.6067820519885876,-0.7518832310497839,-0.3972129244912463,0.17924448107109417,1.418057308398177,0.6321760671319621,1.1777492132280316,0.1831444164520774,-1.1271332008388684,-0.6945414253727565,-0.4411929594641914,-0.7611682538804797
Bearing2_2,acc_00162.csv,-0.5458479598356457,-0.25655274991348337,0.40368058964443004,-0.5677403821470773,-0.8473488452733472,-0.5180186589995326,-0.6850918869935243,0.9635850380114065,1.5055333084657312,0.6178765867769254,-0.13564805940162264,-0.657131528834116,-0.5033988524356217,-0.6747293112281626,-0.6202172933381062,1.3884958291283658,1.466622076371196,0.495774532874651,0.41978317655286546,-0.3746467803185243,-0.5289864687898629,-0.6613362758339433,-0.5858748484395809,-0.19595079160647716,-0.11315719378027354,-0.45219726130978455,-0.22312412173807078,-0.722710815141632,0.2590719067582893,1.0504894638306579,0.7454223108662434,1.4389542998539306,-0.556891562279895,-0.8204879429719767,-0.5812332427361218,-0.40814076684016476,0.1913285771541623,1.1719337226048243,0.8658442579794321,0.9595942122510376,0.1326012423746092,-1.0581521689717805,-0.7179746936546766,-0.39674377863194205,-0.7611682538804797
Bearing2_2,acc_00163.csv,-0.47677246161194564,-0.22781316731661339,0.23078018860216074,-0.4584927032526241,-0.49292748561728567,-0.5784147865144449,-0.715164771853223,1.5910224796483825,1.1082610066472198,0.579997215007704,-0.21553651509416868,-0.7655079385107586,-0.5401920270554263,-0.6682888912302279,-0.5847739623017945,1.7370243692023641,1.1441941649811485,0.5663053789468494,0.20834178378770674,-0.5115056600345805,-0.5748146081964147,-0.6588578321839486,-0.562437234047371,-0.1983819163469281,0.0658470222832161,-0.44095046076810834,-0.22804215521623836,-0.7563861741325517,0.7337361896582189,1.1607457338184146,0.5290259083980792,1.430644705537874,-0.5268238046100352,-0.8807055682025006,-0.7027434287722876,-0.3493933931235521,0.3671117960723614,1.2549280358699342,0.5806442605701564,1.1731618363155059,0.03832605251115882,-1.1608905358818296,-0.7658726433566991,-0.31954401344995476,-0.7611682538804797
Bearing2_2,acc_00164.csv,-0.5348046847519221,-0.2262904496385149,0.07764827337398622,-0.49740283546160746,-0.571089678118301,-0.564799935274542,-0.5287814092514742,1.081807863903448,1.1659053837953357,0.5371841321347144,-0.18285376558040153,-0.6583751280466102,-0.4555699048853118,-0.6807503065418258,-0.4749881936699533,1.4106813951355373,1.1618498577067182,0.47750002025911337,0.2620444195586469,-0.4053518144577653,-0.45701927954823596,-0.6736442516208178,-0.5937205405999213,-0.2106110412816431,-0.06615779583078361,-0.5222971824942044,-0.38694767535966224,-0.6766973587479537,0.1349878195650404,1.1383821553676199,0.6109555112545928,1.3227430426965308,-0.5665996791446584,-0.7417314298008665,-0.44009495203204724,-0.4034831711555205,0.14541951797216435,1.1270244362002924,0.6908066929480469,1.3582732578586603,-0.2708792646548854,-1.0294292960675837,-0.6190003560705432,-0.358996240514573,-0.7611682538804797
Bearing2_2,acc_00165.csv,-0.5957747822917657,-0.2520483281127268,0.3642908746832438,-0.5681145180337022,-0.7587128575963014,-0.4295430589212745,-0.7246272192602642,0.9743372018314131,1.314269072282564,1.0234218475749788,-0.0771970226720285,-0.45955643246641026,-0.39418999279818673,-0.6630297457426559,-0.5016676098237917,1.0105030483353559,1.2201186511769782,0.9544660705444314,0.6836868094873834,-0.24092706446520346,-0.41818952885415384,-0.6553677270581062,-0.6087208926205901,-0.20753414324837527,0.09844470872495943,-0.5218349852116698,-0.30668819539930864,-0.6874334042547615,0.43277699689012544,0.6268619992096405,0.5542853034433863,1.7518311896781449,-0.4323701332996609,-0.7952746668696468,-0.6293672054516821,-0.41580251661857126,0.18251790452354327,0.6630373594451849,0.5856454522634121,1.6080877312004,0.15391861401178045,-1.0637631937346335,-0.7432455377444132,-0.3632136750029256,-0.7611682538804797
Bearing2_2,acc_00166.csv,-0.4874434347119022,-0.21624280182396644,0.08235587264814186,-0.42912303615257424,-0.6946506905144637,-0.5385099822581255,-0.6579635240130548,1.0203496577151472,1.4850410750732717,0.46583208450110447,-0.058918927024865994,-0.6333339890643944,-0.5356419939407625,-0.6821147954780841,-0.5691167875331543,1.4718774661283702,1.3876265324180461,0.3564847307409153,0.3226039169015605,-0.35986120219998263,-0.56430141410318,-0.6678606176586797,-0.6054578292536852,-0.20359075243595712,0.16285617179468212,-0.5002657786933867,-0.2622794375256812,-0.7184939866042928,0.365970930261727,0.6489337189349011,0.6552432239015182,1.5944468530294758,-0.2605046769694468,-0.6799282928183455,-0.7218555523192092,-0.4367513647547473,0.5028696322423446,0.6793705122498791,0.6997391000972627,1.2588006618591778,0.469757176728657,-0.9689098952209434,-0.8824428542866901,-0.43660820692957086,-0.7611682538804797
Bearing2_2,acc_00167.csv,-0.5199376546698814,-0.1593483175252894,-0.22683293777707328,-0.44165658835450633,-0.28021372431041836,-0.4837344324539839,-0.5586044648160653,1.012037888671731,1.341322805982676,0.19694603565245758,-0.10033017308336713,-0.41645185645940797,-0.4459534425163394,-0.6635360730670549,-0.4753373403264258,1.7299841697670397,0.9625820191906428,0.10272327096559271,0.24803526334785486,-0.31990746950406135,-0.4548849788428183,-0.6528073697108494,-0.5816154893339918,-0.19666293219884518,0.06112137320848875,-0.4657550482641339,-0.25018254728802874,-0.5764779950354026,0.3329644356516525,0.9559713589156973,0.44905255630546176,0.9301612919151855,-0.2826557317210228,-0.6934979801175555,-0.49575218907523966,-0.24910734094651235,0.23039120244173117,1.3777822471621703,0.3952886615919542,0.736026416326085,0.006852734361982727,-1.03592106492042,-0.5252507514260436,-0.2410627726084423,-0.7611682538804797
Bearing2_2,acc_00168.csv,-0.4865651455063358,-0.2448990875763311,0.09403432466985619,-0.5205992604323475,-0.6362719983394823,-0.5020881197186792,-0.8221741398504068,0.9900082098188534,1.9054316938174956,0.15395015299035575,-0.11077878242198011,-0.7128432162046239,-0.5527144670874193,-0.6645720387180676,-0.764115265333347,1.4354669622360732,1.9575957880815704,0.050212596414907266,0.2118406120760004,-0.43741469158588625,-0.5448787606052596,-0.6565448583418088,-0.6073516591779659,-0.20091908912843726,0.06528755102084548,-0.47469086239313685,-0.25602267987699545,-0.6865009585749137,0.5752917733361552,0.9053661764566379,0.7624192362914012,1.0666409436632058,-0.4359513380412392,-0.5988015619440393,-0.7234668389355375,-0.3285515471930747,0.33480484310672676,1.071554384890908,0.8417965279571623,0.63544246900461,0.26669959226058443,-0.9953149540265896,-0.7566344868682032,-0.3253730376389342,-0.7611682538804797
Bearing2_2,acc_00169.csv,-0.5716798453888448,-0.18399945023539283,0.3331337028937982,-0.3864715450773425,-0.4348895293678166,-0.43273172951175753,-0.6468584687139771,1.1238811740174326,1.1925944482571078,0.6500554198979354,-0.18225216182167722,-0.47187178766396304,-0.3494221033377958,-0.659105527145215,-0.7033683899330743,1.5358735698445425,1.3277560731809075,0.6691869728678955,0.2443877698539859,-0.08170313963207027,-0.39638236410884525,-0.6438104404479477,-0.6009710113545425,-0.2056423952795953,0.028931761965115682,-0.4800831640227076,-0.3398279096478641,-0.5645068225193004,0.3902447339781364,0.9577425007795536,0.3551154212015026,1.4429979351247277,-0.6560489878673709,-0.6902205059130192,-0.5030687331166293,-0.2754543316999165,0.099904186415764,0.9790598477059846,0.5923271259937662,1.1193672337376752,-0.048008122245157145,-1.1653519237258767,-0.5099338912227306,-0.28214532167193845,-0.7611682538804797
Bearing2_2,acc_00170.csv,-0.5396649371128828,-0.23708477088064794,0.5718084905129603,-0.45905390708256144,-0.7172600784113382,-0.3677298785486009,-0.8085925488290249,1.1676310864311863,1.370862612984781,0.6658487933347226,-0.12545389480093966,-0.4805146755246122,-0.3403422837382845,-0.6276220458361987,-0.7571251551868136,1.5894606514387886,1.3806222312245582,0.5786663265318072,0.33660865022313174,-0.3249556870339136,-0.3738027752128888,-0.6171860309981291,-0.5597463774184308,-0.19628039822263876,-0.042449906211295935,-0.43232277816079506,-0.2576070325076367,-0.46193844394195716,-0.08065795543160392,0.6672967958022658,0.5312404822354183,1.3276277529489493,-0.6790260224179536,-0.7847203171866812,-0.3906979159721858,-0.1576302975294144,-0.17105099055090559,1.0389687753980403,0.4616693965890684,0.8402362789473631,-0.005199138652381925,-1.1877319572759182,-0.3883887323833571,-0.14823611944887657,-0.7611682538804797
Bearing2_2,acc_00171.csv,-0.5118164429511436,-0.23257625935469775,0.28070126326706873,-0.48168912822336424,-0.6935124551199459,-0.4374830248452222,-0.7488762027146277,1.297645211443514,1.317069554460204,0.41867428233791454,-0.13229103167913892,-0.4571840359585398,-0.3658069209504259,-0.6582276724520898,-0.5231660978782856,1.7585409054439225,0.8684104717914515,0.41926711590797655,0.2330148397139308,-0.21702612577853644,-0.41239079430225306,-0.6449647782756099,-0.5654980046065973,-0.19997752754012316,0.067857324836629,-0.44927001185373183,-0.2749092616825512,-0.5749336642328816,0.31277834520098435,0.7700301199057746,0.5771623647024996,1.1831519470209813,-0.5325778958896282,-0.7761875773670942,-0.44310138702258123,-0.2747698135742509,0.2031774471916802,1.0487542917889243,0.5569827233318952,0.8773095264863972,-0.034960507658065645,-0.9768982935265025,-0.48832548714737856,-0.2972193084163074,-0.7611682538804797
Bearing2_2,acc_00172.csv,-0.4873206711655627,-0.21630906178667128,0.5532223567930354,-0.47476761432080467,-0.49927638268919766,-0.43411787485587344,-0.8144984366376187,0.9187144816932504,1.7221783228601828,0.6216526339218109,-0.16018498804999787,-0.5288260322293885,-0.5007800849802323,-0.6514703811044006,-0.7547594813607803,1.4646284006954495,1.6244584770792783,0.48185181896626483,0.5473422489334667,-0.32175338069282655,-0.5473928579233316,-0.6396666573626212,-0.5477661554043828,-0.19119318947910646,-0.08820752472245162,-0.42292476674925755,-0.19590862605756718,-0.5161058653726782,0.2740339579708092,0.567328414359093,0.5740205308479157,1.2959574282768374,-0.5842328456472589,-0.6511139531880432,-0.5492595969412652,-0.20748696003334027,0.25964152439377847,0.9120491276429085,0.5836073757415324,0.759287566870993,0.017571622035848257,-0.9433875725562668,-0.6053493957421199,-0.2076097880002285,-0.7611682538804797
Bearing2_2,acc_00173.csv,-0.5927246620222099,-0.2308821403674321,0.15288785005431585,-0.5297655896546561,-0.6226114356935506,-0.2814201526138195,-0.6969112551253948,0.7173673382871428,1.3627904939660005,0.8697441599164222,-0.013205579508083147,-0.27872841471161697,-0.3082518986883475,-0.596610003955331,-0.7168714978075725,1.1543866162202225,1.409685563886777,0.7179356986874993,0.7519738554030216,-0.14750923610293795,-0.30621632592267417,-0.5866722009821,-0.5685303957524904,-0.20075618001501497,-0.019827715326793543,-0.4646765879382197,-0.2681230525697674,-0.4533665384821583,0.1843989099187189,0.6961525360889865,0.39687135027885867,1.2091306352860587,-0.4465531015764187,-0.768371391391234,-0.5025423575684859,-0.1393838747584721,0.11691364501434534,0.6137883386642804,0.7100821240726005,0.9065969797032838,0.00919125050223704,-1.0892285286879162,-0.6771711141571661,-0.11629232921197254,-0.7611682538804797
Bearing2_2,acc_00174.csv,-0.504779153480521,-0.23124816787020286,0.11022307509123157,-0.49833817517816953,-0.6696721353346152,-0.3531468850451594,-0.8345033217475046,1.3227040551166287,1.4331164857878929,0.21076514134212163,-0.16263063943450123,-0.45323423411287606,-0.3127821055135809,-0.6126304052557755,-0.693775275509344,1.5586221754740175,1.4367997132840724,0.16977723280742887,0.014087181817702672,-0.303633074196018,-0.2868520129551444,-0.6147773739318799,-0.5178171780805921,-0.2018074482460523,0.00809971025980491,-0.4714554814153944,-0.23802695643498092,-0.47005283808940074,0.292184983583599,0.9094710807769837,0.48284088743999404,0.7055446592058978,-0.6182728382681346,-0.7586112739898687,-0.5063297675815286,0.03530058368612002,0.3573898548852907,0.9305894556162164,0.5405049317179756,0.4394529933112444,-0.2634501624061137,-1.030461770476971,-0.5033910027383411,-0.03510602948240154,-0.7611682538804797
Bearing2_2,acc_00175.csv,-0.5222501600450755,-0.22220151265718005,0.13176438333609325,-0.5032019417042924,-0.4934274251423216,-0.3145729181061417,-0.6929248141137213,0.7753618187179865,1.4739535545819316,0.548419363032642,-0.06843439434300862,-0.36796514617274606,-0.32392522819884245,-0.6097251856597503,-0.5755719542097051,1.0521084660542328,1.371707089420346,0.5500907484292136,0.4406051311667215,-0.13972883230251076,-0.3353729478414456,-0.5987976231150212,-0.5544366559089484,-0.19575174415509713,0.0013843547454429179,-0.38733557599409046,-0.3319325916771975,-0.3944436437398196,-0.05465318947945272,0.7307622287609141,0.46617945050431797,0.9183334712620108,-0.541548678155245,-0.716919805192333,-0.32820085528689746,-0.09323853940242549,0.026191775529854144,0.7156056008313569,0.538596631462334,0.5125225859067735,-0.04914218262836928,-1.1528604918704213,-0.27002964598666834,-0.09604732854198787,-0.7611682538804797
Bearing2_2,acc_00176.csv,-0.5237228526119261,-0.24688149126793918,0.34282177871467173,-0.5561421696617073,-0.679509447564466,-0.23127925054652565,-0.8213819964239706,0.5414344870599841,1.7923267343990326,0.5465780465107821,-0.14554829441605022,-0.4218068577049592,-0.24443019671447572,-0.5678224738179196,-0.6216441783767371,0.6837929962719788,1.7390965712756483,0.41901106111977815,0.32165215977326156,-0.05137441027560343,-0.2619625039545095,-0.557300720223298,-0.5207937540758953,-0.19639327055207503,-0.08790953007568374,-0.44433990750669566,-0.19649245402409782,-0.28878570919952745,0.07232057567331523,0.2991656916397769,0.5698546205655969,0.6707064818953646,-0.6601740380868962,-0.8601801798603905,-0.32348885184821613,0.13873892899706072,-0.02099095321013364,0.37620099757395575,0.5810094560156431,0.28333074530183433,-0.19028818532015426,-1.2788560296446974,-0.26930219446065967,0.1539871916412795,-0.7611682538804797
Bearing2_2,acc_00177.csv,-0.5013912935994039,-0.2365998962255529,0.16747595942590976,-0.4644788774386216,-0.7705351274441095,-0.24415618424632973,-0.8288811683982437,0.4974586799731381,1.8379097226425694,0.6874716995150618,-0.2119424891394655,-0.23672288825417845,-0.2591865820823097,-0.5979524155113375,-0.6615597716772961,1.0683910162216181,1.5138154573265967,0.5030655961263433,0.38996739287551296,-0.2475377735771507,-0.19968143561599125,-0.603290352984143,-0.5386538232453902,-0.1946710024685925,-0.0589345879458972,-0.3616065939329957,-0.21754982256192248,-0.38487838564915217,0.7801979999380468,0.46197455312526053,0.31406131379600033,0.8003070690667299,-0.7703616002203677,-0.8360943241013786,-0.3120026535859086,0.022331107413824772,0.3088265002603351,0.5379019633234877,0.3587068354685722,0.6111705503132967,-0.4467180993940841,-1.2617214583242282,-0.18945904577395298,0.05102845589568509,-0.7611682538804797
Bearing2_2,acc_00178.csv,-0.5281500098831344,-0.2263603605032855,0.3994220774698557,-0.453067732896564,-0.6153789593639919,-0.20824090937250506,-0.7805072493606324,0.6558379701894574,1.4864481674195151,0.8278427897249548,-0.2576743336117039,-0.2746823579074402,-0.18620150563920054,-0.5550268479658783,-0.5965263090898743,1.0950009539221197,1.1520163970822506,0.7025864717173366,0.2916803507311959,0.02064539892723893,-0.15546101109060528,-0.5633850902493567,-0.4895199925833916,-0.1848526940533686,-0.08497773504612638,-0.35960373904201226,-0.16607102641868404,-0.19429846124692027,-0.012806841390508352,0.4453009984177798,0.3412461715453541,0.6430646441939981,-0.9836812452813517,-0.7979787860818357,-0.24526772202580294,0.3209166303732126,0.02258344889071617,0.5841188680654225,0.29943722056937006,0.3126550858738767,-0.6452895014005725,-1.1563505916861239,-0.13163630845620822,0.2526915686676478,-0.7611682538804797
Bearing2_2,acc_00179.csv,-0.5409660196160492,-0.20765878196009027,0.14877994097859093,-0.45213239318000187,-0.360341650981368,-0.16176061891290686,-0.7625507485475922,0.7724923958073576,1.2342565700858181,0.8330602194812925,-0.07818227145051318,-0.07761646781954035,-0.07069357516130187,-0.539131733785827,-0.7142251060732799,1.1022576277935772,1.2165505672243033,0.7587685026333837,0.4948219957901354,0.07069934033448402,-0.0842149625534436,-0.5307738521754961,-0.48537133210574596,-0.19344931275482039,0.0518835011493573,-0.41059950588166716,-0.21903066560492038,-0.23967748818673765,0.5465767765502594,0.20747059201902532,0.3073109433197384,0.6492114642557576,-0.6963334958214354,-0.6738947388061883,-0.49909895539858434,0.2614220460814411,0.16827210326208605,0.2057990777185063,0.24817840399598143,0.5182135274956112,-0.25716298993030057,-0.9613681296226709,-0.3497266372304393,0.18933404908720983,-0.7611682538804797
Bearing2_2,acc_00180.csv,-0.5049560200643469,-0.252467558363885,0.10355306026539902,-0.5269595705049699,-0.8630730975090701,-0.10261134312052188,-0.8127135030533268,0.5947922222006425,1.5360267598976292,0.449892144376837,-0.14908520009963785,-0.10646368260763608,0.07926083833509039,-0.5377264527805704,-0.84113314682656,1.431063344382981,1.290475777219554,0.2987384847159286,0.40335684839925273,0.0954363138915782,0.10057889848987271,-0.5420992060394103,-0.4539297703164145,-0.1904246361879763,0.11025998810421672,-0.36484197491073816,-0.22272454784908619,-0.1539911225262804,-0.06610102738928844,0.11864222404084827,0.2974310533674668,1.0250170624015276,-0.9432380186084782,-0.9550913879589913,-0.24108188307712092,0.30393803685605575,-0.1418603949711849,0.35132380046095685,0.09018955686801157,0.5205153574615821,-0.38535712812753514,-1.007202220120748,-0.2754934238437481,0.3184527659570154,-0.7611682538804797
Bearing2_2,acc_00181.csv,-0.4595453592572103,-0.2406877261606391,0.35795274224608825,-0.502079534044418,-0.6924014195840985,-0.1662205213664136,-0.7364114729120683,0.8673655356854463,1.238819143300857,0.5502591938359735,-0.18939994686339673,-0.4302078782142558,-0.08512714976494785,-0.5181115612996624,-0.6596509956243728,1.3048166895659088,1.054314204822609,0.40693735776504997,0.4738357442428022,-0.1443764190314771,-0.08565790393449621,-0.5138297627409028,-0.42466494552987033,-0.1910250327948826,-0.11810880116771678,-0.385486786863952,-0.16350361895968188,-0.07891704383213057,-0.23326531686886248,0.1477892511115827,0.22504656242398177,0.6511911164110193,-0.8497154534850766,-1.0641643411503359,-0.20718401818051815,0.516158767527013,-0.199878060046611,0.27090335534415644,0.1492342573500961,0.34337569385375616,-0.5034359114510847,-1.456158717288485,-0.23761420974020833,0.5458687629762691,-0.7611682538804797
Bearing2_2,acc_00182.csv,-0.48556064866015547,-0.1706018265457239,0.2578430106262298,-0.3440071219454232,-0.3387754160758299,-0.2211364559905135,-0.37973798367715744,0.8413790067544844,0.726747153000562,0.3532835886276467,-0.21541165314960484,-0.413784270573004,-0.03010588211246051,-0.5394202880132386,-0.31269288899584224,0.9046959902179195,0.7908864235845956,0.3303827600923462,0.24496024140216607,-0.2980140679156705,-0.06511524752241553,-0.5295777068609107,-0.40841411895607277,-0.17188578316374395,0.08613877439812796,-0.3187763124181193,-0.05806644174392701,0.04696187391785004,-0.30105434959213806,0.32551363169401887,0.11829076264184801,0.0710854200371249,-0.8633989948196958,-0.9307403170653551,0.3437490396655559,0.3663240642354843,-0.3263055205485558,0.3802483916118152,0.042085506830006794,-0.23300821840668318,-0.6490179751328731,-1.184693576554113,0.4835646761614484,0.35956428075984714,-0.7611682538804797
Bearing2_2,acc_00183.csv,-0.4932274648642452,-0.22568336381998985,0.2545991472677627,-0.4601763147424359,-0.6043129432786826,-0.05141179183368452,-0.8703803293241814,0.5840010702968602,1.6869029633620534,0.2770996424021369,-0.18916047003895647,-0.13891205989971006,-0.06589501425213122,-0.46291223884701244,-0.8650334351802436,1.3761108350572813,1.4337238251936575,0.14238837245896313,0.23704852705077925,0.26028711282128447,-0.1286483623160224,-0.4550741340943963,-0.41058555984372563,-0.19304868554069468,-0.07429260846494076,-0.3953469955580242,-0.16803327261008977,0.034847348048297894,-0.003719970585037437,0.03188540948399569,0.2981385137060063,0.26480389424903816,-0.8855757526347303,-0.8678412852287062,-0.29347708580544857,0.6305127481169283,-0.2427854184982099,0.2983582041980378,0.1477534126296531,-0.23211663983809114,-0.5519469569787243,-0.8648080094342061,-0.3215482544609952,0.6461272383158525,-0.7611682538804797
Bearing2_2,acc_00184.csv,-0.46653118703623786,-0.2204099417062468,0.2241148760059815,-0.43192905530226056,-0.6538912692548022,-0.11742095132025922,-0.7216764164374937,0.7274507712751582,1.2852359716924568,0.3801058918569472,-0.2168692146525037,-0.3427396036743049,0.09716672444990825,-0.5147184355260211,-0.3611750605954587,0.4747469354585935,1.2156141249644625,0.3317976736587555,0.0756666324744797,-0.1446377556440474,0.008597513940598399,-0.5112050010740361,-0.38509121793210843,-0.17803040275738283,0.11869677277131535,-0.3267877319820531,-0.14022578487421514,0.028087283981313133,0.9052339515943544,-0.23183613365442152,0.1415002181885899,0.38777504767913507,-1.0015063270786775,-0.9784536507756434,0.15337768415796213,0.2581903155528239,0.27385743664315776,0.041058658177640366,0.09123466834516764,0.054846088990202865,-0.5782214394398221,-1.0515757164424577,0.07098706768223335,0.3402643671697663,-0.7611682538804797
Bearing2_2,acc_00185.csv,-0.5090343485620984,-0.20912153705567046,-0.04009871651259372,-0.4566220238194999,-0.4845793422529554,-0.031091961377707183,-0.6519630821082449,0.8715987904702063,0.8614812386644889,0.3538452752284194,-0.22924563743743728,-0.1312660033404057,0.18445562281742764,-0.4160399570019726,-0.6517047288421085,1.2157593516821046,0.7060178004761745,0.3921401939186807,0.09236631213369985,0.19523514896476774,0.2791663370761595,-0.39604410182446415,-0.35900922360844034,-0.1755223378170927,-0.03115482367225062,-0.30568072274630465,-0.07052831311759622,0.08168513613872985,-0.22888288721871772,0.10105879490628371,-0.03877450020544922,0.5206021328950318,-0.9914815754471101,-0.765979158898742,-0.1643328511663735,0.6480226640601884,-0.30988703576345905,0.20535915291938686,-0.16604625084922228,0.14785164112666777,-0.6920605946257614,-1.0167650702718067,0.02032888410023384,0.5894771901062944,-0.7611682538804797
Bearing2_2,acc_00186.csv,-0.4679664409234089,-0.2130721270048848,0.008230844573171183,-0.43211612324557297,-0.5027557851706054,-0.06693054758434963,-0.5753972686271559,0.5258068463742994,1.1203815990122479,0.3114854314718423,-0.17032596513188833,-0.35983792076941545,0.09449669976483796,-0.45078429143936616,-0.5714536314199733,1.0305486014190726,0.9380115533485068,0.19526581503407833,0.33510854150352326,0.18229170580234855,0.06384448824706365,-0.44106515659635803,-0.3872628766749261,-0.18366251486750934,-0.0629229253663808,-0.35760088415102886,-0.10298103083606629,0.08704444704302616,0.08083070795333609,0.09888818803033896,0.014099945875163828,0.2735921803239136,-0.9410302501371193,-0.9519387916009289,-0.05957229442926609,0.6211235339064788,-0.19432014766550512,0.05950459492195251,0.04894783961211686,-0.19413457503908696,-0.5687232538733232,-1.2340588583161314,0.24482925331872507,0.5145085174476736,-0.7611682538804797
Bearing2_2,acc_00187.csv,-0.5145666712187367,-0.23903922123196236,0.2189081771928215,-0.49029425361573553,-0.708754179056981,0.07171312249316297,-0.7802524513856415,0.5869479383695138,1.1174143404469457,0.46089627846535874,-0.1655572107656468,-0.07889882118042581,0.2453255474616574,-0.34627181785536704,-0.7701374550985912,0.8845983028987789,1.093470210367488,0.5086274583672983,0.17339961763467973,0.15364190323760624,0.3306845590855457,-0.355483362185032,-0.329826886435714,-0.17457878988221823,0.09172205920233616,-0.30167501296433774,-0.08264735220452284,0.1654678496150192,0.04006396694485445,-0.20500740248247507,-0.09062345878374405,0.4498529251691982,-1.0786136231631651,-1.0345038842506697,-0.14580217959892844,0.8372375216098027,-0.11934014723117184,-0.2521649219199394,-0.060680417644731574,-0.08413338183202664,-0.675905623047278,-1.4223458763853511,0.13798560516985242,0.7411179337614651,-0.7611682538804797
Bearing2_2,acc_00188.csv,-0.4268623353860932,-0.21828910681022565,0.13915381066693916,-0.4809408564501145,-0.4047212042264557,-0.011548383418902946,-0.7809027841634708,1.1736003183026653,0.9834207576712921,0.19990876322012277,-0.2728105744607439,-0.2673384307752233,0.1246230517784579,-0.4384371996682225,-0.4730308065783236,0.9733943629915799,0.8222223708760494,0.07899285760179918,0.08935578644909616,0.2143448019719629,0.13100407968405434,-0.43641532306314706,-0.3096478976039679,-0.1781601168284243,-0.0006018881816301912,-0.27563789938155325,-0.1108163582899949,0.2536411972196036,-0.3438996597073351,-0.34293988942372894,-0.03881949564449735,0.3020392328150671,-0.950584437416763,-0.9374742853462101,0.17252737266946333,0.6893409836421166,-0.40847638919164647,-0.3718165254045096,0.2911047719610413,-0.19607648613787595,-0.7833944944293655,-0.4433439133112324,0.2410200392212309,0.4144653490407702,-0.7611682538804797
Bearing2_2,acc_00189.csv,-0.47490405025181415,-0.19382024811959103,-0.0018534375102284713,-0.41340932891433096,-0.3683957806325287,0.047011222308619115,-0.7471154744086063,1.0068084802809345,0.8072059401376108,0.3320329643958346,-0.1769642529663314,-0.29401800012536156,0.15758085362132265,-0.3231266931696502,-0.5636261005977219,0.7717735250022737,0.9285326443436356,0.15510721326488772,0.33046740812011904,-0.018884975399914176,0.19056658518648986,-0.33994442290954746,-0.3172523160103725,-0.15607716665884175,0.014515418521080362,-0.21200874015261822,0.024138809415834222,0.23429364887895585,-0.273426368630836,-0.14997780603738925,-0.09754931790012136,0.2103775493868028,-1.0906597432018958,-1.0778025751274625,-0.12083909005099418,1.0172463260749824,-0.3194665387408861,-0.04393796992359451,-0.23471214754335942,-0.39410484009102614,-0.6024480217065648,-1.299556611645871,0.15322952027302073,0.8565060015071148,-0.7611682538804797
Bearing2_2,acc_00190.csv,-0.4349168532275404,-0.20971110072290353,0.14034355111296293,-0.4074231547283335,-0.5700885565754714,0.13555317291608018,-0.7111838073374327,0.49281728705825584,1.0281285647853693,0.34421713721859143,-0.27747857655561164,-0.5251825612576393,0.25178781674719625,-0.2568513274713909,-0.6004764422450638,0.5087434498154717,1.0346498840593605,0.06085094375562739,0.4114103926356246,0.16498255851044769,0.236367963213494,-0.2524966262265683,-0.26609618317753064,-0.18076366837117933,0.009145367199217094,-0.3198547727440335,-0.07630597553272636,0.28998309518997994,-0.3561485841827404,-0.02627387471803896,-0.06845853848551949,0.1443906459265955,-1.0933710167784945,-0.9824806398223491,-0.1417901550419749,0.999410008510081,-0.44048113247331977,-0.05238056024056395,-0.09103697383853401,-0.2500098518013057,-0.833132304476383,-1.32762848500199,-0.037200342678103,0.974930117364798,-0.7611682538804797
Bearing2_2,acc_00191.csv,-0.4459701584030507,-0.24040130325792203,0.2125119727178323,-0.4728969348876805,-0.7395816475170823,0.13645417423843084,-0.8230810371628874,0.720728488241866,1.1531859254017516,0.06589507787747846,-0.14454225687735453,-0.231710619428279,0.3088407751743742,-0.31035636817278184,-0.6589893385613945,0.9899386327779169,0.8873488953162812,-0.029977591981485772,0.11937434434582755,0.04792697436740171,0.34415004360821666,-0.30743395720584576,-0.25085483720648166,-0.17158330220294446,0.10610155124599752,-0.2724025184038108,-0.05311066867106458,0.3905375002525682,-0.45800353100348523,-0.31816628003024755,-0.05074133122014397,-0.2224026637161276,-0.9740742713081284,-1.074984003508161,-0.07202095799680189,1.18624241136103,-0.5235917704678894,-0.09733012691925608,-0.25163440247107166,-0.5587868546358296,-0.7762092486679621,-1.4420111163635656,0.09148584985841798,1.129886600781668,-0.7611682538804797
Bearing2_2,acc_00192.csv,-0.4055347162424473,-0.1731182072493233,0.47225382566726254,-0.34176230662567414,-0.3911456142892166,0.07694024457601825,-0.6604224886821363,0.5161162595975705,1.0964008357906625,0.17092164365085896,-0.2566306362447792,-0.39930198851001913,0.25619818829738955,-0.33958257700110683,-0.5779269373195501,0.7257333943618552,0.9895137978057528,0.18954774473595531,0.004399925642364628,0.12609820428023402,0.23187270944741942,-0.326819759405453,-0.22006853380632935,-0.17950968095885306,0.08098074082128012,-0.26500736188325663,-0.11552634381475821,0.4233617034015188,-0.39681016710248124,-0.43866953634097217,-0.1323961755342189,-0.12045627584946521,-1.062585222953562,-1.1419439224491381,0.2408660465706128,1.0377204016070314,-0.40475270363250393,-0.4970080922629757,-0.2192423014022963,-0.4265743698047188,-0.9894224241736447,-1.410586059292224,0.2372092190817719,1.122534964572528,-0.7611682538804797
Bearing2_2,acc_00193.csv,-0.4853289732192173,-0.24410351653737902,0.300711835962036,-0.5271466384482822,-0.7153842455591823,0.2758189184955999,-0.8624685257702878,0.40015727519039246,0.8400292332464147,0.5115774473034325,-0.20353986894613696,-0.27657611619823136,0.8465978027706168,-0.17871397746597348,-0.7426831577600961,0.4035486508826071,0.7499991921659027,0.41120227961747285,0.3343893674280693,0.6724004732488732,0.7205534009121752,-0.15083239959287068,-0.20469039824887827,-0.1696279782121376,-0.04897203202924472,-0.19506150645968162,-0.04516745258584938,0.3800951540816833,-0.41982776732804633,-0.3047244417134208,-0.2469178305953137,0.23349618648317924,-1.1674349828461486,-1.229802706057081,-0.0959301904687002,1.2255531400405493,-0.52004697750557,-0.2856827419368731,-0.32467787717289226,-0.1614580097022728,-0.9486594364715897,-1.3497903590271214,-0.04684193704509522,1.1814883251756945,-0.7611682538804797
Bearing2_2,acc_00194.csv,-0.4760328207406363,-0.2153933616362296,0.3336965969499825,-0.4122869212544564,-0.37560820308202064,0.20032941093735784,-0.6529074013866101,0.398197058903845,0.757485052758866,0.5461397607944599,-0.12541190481931264,-0.14909188200422072,0.6067810943565299,-0.3051256746565498,-0.6513595864061285,0.4794526775864965,0.8469953654105704,0.32365287457008796,0.6523418651331231,0.47026788740470393,0.5187688389367677,-0.2786328014482566,-0.21884509176550596,-0.17687598506836272,0.006959250371662012,-0.22448806678105343,-0.040444329459181305,0.40233494866209635,-0.45426611422456187,-0.4292128367264977,-0.16185521059501667,0.2517847417298681,-0.9555468250752844,-1.1150513996032767,0.17315299923355154,0.8888906419242526,-0.516009580015411,-0.38788784325720216,-0.28501664813069394,-0.3124065996910258,-0.7489798929698845,-0.44086367139746485,0.2264630763962036,0.7412857269620187,-0.7611682538804797
Bearing2_2,acc_00195.csv,-0.420870773782598,-0.22745869284972967,0.3509732364813658,-0.4414695204111939,-0.5967314500865003,0.3057616661419087,-0.8176915146681909,0.019249000602962366,1.301348895579635,0.13170161762757962,-0.18714790114536176,-0.365105049464807,0.5212457384951191,-0.12251249105359432,-0.8644596357521369,0.6084809062551547,1.1726399222997774,0.015664407947862193,0.05452231017268306,0.22005826865298203,0.5700911031528085,-0.13546595871380548,-0.1580527446677147,-0.15299573866981994,0.04572021633864258,-0.13728684614285203,0.05419061018093276,0.588359017509514,-0.3473748334691368,-0.6642916265359091,-0.19428664616736377,-0.40674836047044494,-1.1241969482494614,-1.1283315171661017,0.1722183451382417,1.309152194679881,-0.48707455367681385,-0.44360227070357705,-0.37617258738889864,-0.8865949927207528,-0.9081349637942117,-1.488391845163175,0.22956334081611193,1.363922414171552,-0.7611682538804797
Bearing2_2,acc_00196.csv,-0.4832034178732826,-0.23684428782335956,0.3245451644159348,-0.42893596820926183,-0.7744008495505068,0.3087024180382339,-0.9076246713940808,0.049479290508362236,1.2508372991184686,0.5789479461229863,-0.17807524507846062,-0.02241308012764495,0.7465871495554885,-0.21254255855486695,-0.9225562742162882,0.5084608751753625,1.0840525451602545,0.5103372841186871,0.3597302078358876,0.7748494145968294,0.7239808396474203,-0.20371095507181625,-0.16575964543616528,-0.17051473003428846,0.15852247684301385,-0.24313002384328378,0.0017322883235604436,0.4492595001442115,-0.2847787154923533,-0.5472982513001591,-0.20438656062009278,-0.11948969973954819,-1.0201059663487402,-1.1409971587628027,0.16641666731064295,1.1087700419518884,-0.3428891625415932,-0.5603076695540827,-0.2582542426771196,-0.4888774070531886,-0.8153554842856912,-1.3036178276505428,0.45738779876983066,0.9408740819996962,-0.7611682538804797
Bearing2_2,acc_00197.csv,-0.47683149480683273,-0.24793269911698992,0.0608881755227219,-0.528830249938094,-0.704171573703799,0.31870331333351154,-0.8447993078532987,0.4165133533134925,0.794059993495915,0.34234264991640656,-0.2639112062917474,-0.11763193472271255,0.6664047247879546,-0.06630562588988957,-0.7483950094264171,0.46623500318733246,0.7307620581500941,0.3271522948880096,0.02951102023660828,0.09809178328317447,0.8928482954302219,-0.11896778349179593,-0.1407809722686971,-0.15927888927969278,-0.123554836526558,-0.16825406407267263,0.0521329796678504,0.5582474818331441,-0.15824833295517687,-0.5006878991351925,-0.2659510615750292,-0.31631377030516733,-1.2510887855695842,-1.2101823163560785,0.1689902116439348,1.3092904000564571,-0.3229070537852599,-0.5463040788232137,-0.3175304754463205,-0.695489896479959,-1.0979811361173866,-1.57533425024698,0.4860018484190362,1.1992635905684301,-0.7611682538804797
Bearing2_2,acc_00198.csv,-0.4853892158412429,-0.2111068043980956,0.18630975157676213,-0.4835598076564884,-0.44728710648714987,0.36556315920071664,-0.858486491442248,0.346918962747944,0.7262733807261127,0.41261889577941047,-0.1287453089725869,-0.014286710193946386,0.8384558856209471,-0.06754595402425906,-0.8376794818275487,0.46246824411767035,0.6821916537033849,0.3533460390870263,0.3470962023789163,0.5421576378710559,0.9645494866426727,-0.0945055623390247,-0.1100459284594964,-0.15762289285237344,0.04192469137567401,-0.10524116788711718,0.03382161579530452,0.6079627136992698,-0.2471045984242784,-0.6207107376630724,-0.3670431876280856,-0.25279322343739014,-1.1397049191209716,-1.1910312237379743,0.15105442655991666,1.3402591345549666,-0.480203727804115,-0.6814483486767212,-0.4399790947650554,-0.71853509722008,-1.002328547598014,-1.3756814009190694,0.2324542020042142,1.3896042895161604,-0.7611682538804797
Bearing2_2,acc_00199.csv,-0.4087940448616989,-0.20778032335319485,0.2469267871072492,-0.410790377707957,-0.4446664038731429,0.22062135014817488,-0.7569710412987337,0.7361827174638175,0.7263030636954898,0.0386409659805232,-0.24801342763270603,-0.2976956294716012,0.3062079783021454,-0.07890265883536107,-0.6359045302617014,0.9580723852303147,0.44813635874624336,0.11932519417333695,-0.11933330864304126,-0.0038907298398693302,0.35144388481346406,-0.0894627509352103,-0.08065009933868526,-0.15965503751726742,-0.057843376639777004,-0.11448511353780985,0.0026130227168110246,0.5339234377034221,-0.3177692355352654,-0.5028962726535565,-0.2584454603501695,-0.468957632443584,-1.1964631252664617,-1.2244517196839924,0.0124664487658175,1.5084351139647822,-0.41026751002980083,-0.21448151223667358,-0.4801725818517667,-0.8048576438437086,-1.1844265668503609,-1.5534196231044417,0.37264785949030355,1.3390736947767028,-0.7611682538804797
Bearing2_2,acc_00200.csv,-0.4525707338939508,-0.22593209176175444,-0.03275986135948221,-0.4612987224023105,-0.545576675473549,0.33678065372699717,-0.8397051468940816,0.2643483556407786,0.9092967084588166,0.2702434008972308,-0.3061986234456963,-0.14797819310282323,0.7175084007899797,-0.0637017816024138,-0.8299609114222455,0.5017927609858525,0.8592446298742056,0.1968619144925354,0.19641721262498693,0.5744174747012036,0.5303087549875211,-0.03012300420543055,-0.09835373519276071,-0.11254558961155964,0.048891030694961056,-0.025435103769469784,0.23172385262651077,0.5868950868980092,-0.45728654582548617,-0.4827414438959307,-0.2341580544570186,-0.46591313178329274,-1.2944371746592025,-1.2362249375493428,0.21338651008764,1.4287350178628004,-0.5069919184745144,-0.36973509797639204,-0.3565580904918324,-0.8301957577072476,-1.2580845288214737,-1.633468540884437,0.3522796454116442,1.4194001441769464,-0.7611682538804797
Bearing2_2,acc_00201.csv,-0.4407180086819402,-0.21476794638300653,0.18111069327386314,-0.43604455005513376,-0.4489555358587983,0.4115293096154225,-0.8578134537291371,0.19230810299959344,0.6952768576388072,0.5497052845559478,-0.27795764722653077,-0.11882554791931525,0.9240318755403844,-0.007965167152524268,-0.8023801024433717,0.31733781097514935,0.5713873467905444,0.5444060463960297,0.2354557243747766,0.37050064555196016,1.0406321412350525,-0.04242451723339435,-0.02597654348507929,-0.14630597389844852,0.02004561477626332,-0.12927542657891825,0.15758773492951553,0.7492482448022125,-0.6072493657413383,-0.7794159332899252,-0.35676730787841054,-0.3572571902861592,-1.3497753473122078,-1.2364903013631872,0.4199608281874068,1.4337077714319653,-0.6659666340427484,-0.7531417474455935,-0.5016454113933334,-0.7705609385302976,-1.2333949052122566,-1.5751919216536072,0.6147333675810855,1.423605558308954,-0.7611682538804797
Bearing2_2,acc_00202.csv,-0.41372931562814574,-0.2197357776046406,0.39216621905374355,-0.45119705346343975,-0.49414036422340435,0.4230052908168701,-0.7205983894420018,-0.0006620253880261793,0.6413197988566762,0.18549237316379488,-0.2539802013015023,0.007443895947544482,0.914453590846765,0.061220357302372706,-0.764408137865085,0.614485508372812,0.27720193055592335,0.16713798814375155,0.03020253799166868,0.417998073806555,0.895034131634354,0.06828587740310824,0.012817526434595033,-0.14451610742768028,0.018281377486838682,-0.052242546156478775,0.2639257999599877,0.7656869533156869,-0.4184357122031414,-0.7474170242547615,-0.40889343228862646,-0.6729211507734477,-1.2897672403230063,-1.3404239536860332,0.31102892338055615,1.6338224324306287,-0.5591755237181785,-0.663740671321427,-0.568906897049487,-1.0659691805234073,-1.27656689778218,-1.6679834375898492,0.7756745527419331,1.4598837729115568,-0.7611682538804797
Bearing2_2,acc_00203.csv,-0.47660836760731795,-0.20477198851876902,0.1982683463674359,-0.464665945381934,-0.48340163710255385,0.3214207703313348,-0.7478064551450331,0.4644155167377477,0.6130573919832446,0.28830259051015356,-0.1452758023946708,0.15811578419145067,0.5036910107225119,-0.033251147380527105,-0.6855707824084698,0.5560993282260228,0.534116236272363,0.3017400346464876,0.15163001057629633,0.4318513650551168,0.619506579082566,-0.07933313009871001,-0.08694266440064853,-0.15405181558754436,0.24044063658132578,-0.12064774397160502,0.08029179035032304,0.6204431033563104,-0.3153267284117854,-0.649403926775276,-0.37296282575919487,-0.33297850991372024,-1.2652850304623902,-1.2276405297819,0.040210873785474,1.555639797134452,-0.4738378507407686,-0.6541366651491688,-0.40663904906678544,-0.7515449865294265,-1.1487803481678163,-1.4276374923947097,0.3626001910667179,1.3708842406773052,-0.7611682538804797
Bearing2_2,acc_00204.csv,-0.4648233698146172,-0.24022106342474037,0.5434595361177574,-0.4968416316316702,-0.6770816919684446,0.3696181655128826,-0.8918591485763436,0.28828450924920523,0.8560345046071512,0.2623043108526942,-0.2078642196823783,0.12512072865783494,1.082969596535337,-0.13291118293964777,-0.8107871665725592,0.43701410697811804,0.7968509996318933,0.19573139467746453,0.06728524053292192,0.6653165267870811,0.9829217483753561,-0.12417209266690955,-0.06058880788059991,-0.14566466729322866,0.17368497454646775,-0.044693323875079655,0.07431429227466067,0.601013993105024,0.024448395054622117,-0.6851033441824944,-0.3041782922029891,-0.4976935774488452,-1.2930927247804431,-1.2101898293903877,0.6425674628818775,1.087935662933815,-0.3041446245750042,-0.6881129243402061,-0.38782113534848034,-0.8644153737349384,-1.243543453826859,-1.395405242997293,0.9342642952687716,1.0622168661430496,-0.7611682538804797
Bearing2_2,acc_00205.csv,-0.3834555455432682,-0.2261603749448654,0.18670252659906253,-0.41340932891433096,-0.44720934725387523,0.41298213959866387,-0.8703546022907128,0.5271140573513866,0.6446224798494719,-0.05039634041699869,-0.30408835641383924,0.03392729781094327,0.7485971281113768,0.07605087733608215,-0.8391402368850163,0.7235440119926083,0.5752565673716101,-0.14182551039942776,-0.0788970345757673,0.44448447798798385,0.7544575591956701,0.06120490191901874,0.06988907716207328,-0.16743326103392034,-0.024069841426503005,-0.1035464445178235,0.010622779528444115,0.7643343908045157,-0.4606511983359957,-0.6964783481639596,-0.4284464709744824,-0.6807452973194503,-1.3427376858929212,-1.2290730025354877,-0.007212490570147051,1.8580643131531112,-0.5372673347213711,-0.6764726868714873,-0.5616818539778138,-1.0977483663171528,-1.3497151752886767,-1.4017722335898968,0.26925531976894307,1.7050176212761876,-0.7611682538804797
Bearing2_2,acc_00206.csv,-0.43802308075586044,-0.22168807415807754,0.4022098396751625,-0.3819819144378444,-0.6301833001232586,0.5622821489621854,-0.953710347569669,0.07547323014367069,0.6739075700908397,0.42644331695736076,-0.24381015020505395,0.0016324426401443189,0.9571502481270561,0.19306621359217419,-0.8427280732252234,-0.3404120442099749,0.7593680792780705,0.2856846892041429,0.2159668063943848,1.9253243296068165,0.9526063484342822,0.1643125260889735,0.024838680551492732,-0.16087505628109333,-0.009351962286648821,-0.16994878744196631,0.09831930803968084,0.8504509886080671,-0.59313916259666,-0.8322980381584025,-0.3974014993072915,-0.5355180083618655,-1.3388541651588077,-1.2600217913953358,0.02494389440621282,1.830835781828498,-0.7236412300286932,-0.8942734359818386,-0.5292280172799465,-0.9215697330282482,-1.41752677426999,-1.679183368336872,0.31119849568456354,1.8137080837138306,-0.7611682538804797
Bearing2_2,acc_00207.csv,-0.36265325352677763,-0.18774543580676892,0.06213125595140638,-0.3655199354263514,-0.35031574012551486,0.416352839749052,-0.8680186380004867,0.49102301065990894,0.7218738327699571,0.09015934641917102,-0.28337324593877095,-0.09897288624561244,0.738047911315567,0.011675320985241483,-0.6638816054522746,0.16401376876744267,0.823175898371508,-0.012456914726685898,-0.04766528865611018,0.3135184212704713,0.6643373062188535,0.008935637165781612,0.03511169976857724,-0.1517195967983624,-0.013946292158566046,-0.04099574561480269,0.09426067237151715,0.7158366880980724,-0.554557394526834,-0.5963778690597958,-0.3798309288665796,-0.49475367894128325,-1.3163772281104484,-1.1746731489936688,0.2758746367076896,1.50806804394362,-0.6495919993139765,-0.5446889924919537,-0.5157480913122551,-0.8938288096546066,-1.283167427012646,-1.370202904856182,0.26117534364673267,1.5776541777033042,-0.7611682538804797
Bearing2_2,acc_00208.csv,-0.32270155303726744,-0.20767076433485812,0.05593034478867956,-0.3335313171199277,-0.42395065358077955,0.320646843180691,-0.8211047090619727,0.5525258944460939,0.6904852578415134,0.3764698572155655,-0.3546575520649179,-0.15874292477633584,0.5268552133231503,-0.041275250375722855,-0.6812230876690916,0.7244074969920075,0.4770392683495775,0.263399039157633,0.043651155001611916,0.06909136775863854,0.5983777226485768,-0.07646566767074105,0.06495947350742542,-0.1625173612622135,0.0011467257357934521,-0.11124973256006741,0.05602924297993366,0.6810922250367569,-0.47821274752878457,-0.6818209428214613,-0.3634525330593825,-0.34660171113545435,-1.3626051872455132,-1.335974540449195,0.15601559894728878,1.6041710040855692,-0.539304224562571,-0.595314656419939,-0.48714386001609283,-0.8105272834131947,-1.2906012283800012,-1.6473022756644244,0.43800653391898825,1.5029965576129558,-0.7611682538804797
Bearing2_2,acc_00209.csv,-0.3884044207432686,-0.21728099016081567,0.3365641591212077,-0.3324089094600532,-0.625649608171405,0.5667056674369753,-0.887522832455037,-0.17206659425855833,0.6421489211325923,0.28409645599574296,-0.3048689178135501,-0.11285477834411976,1.2352330840073749,0.21848905088601447,-0.9000247357897279,0.2765439430251399,0.33694584012220824,0.20819047113937875,0.06345238153129168,0.5198137482358567,1.3602115618978228,0.17810235906411861,0.1639620979815897,-0.1223034090037677,-0.07280529094110746,0.007534969051334236,0.30453509042497773,0.8890378748626285,-0.6352112229249275,-0.8465349731283867,-0.4843953506238733,-0.6160372519917542,-1.389534702588805,-1.356225909286504,0.5910009575174128,1.5771759308784694,-0.5880184529341038,-0.803276980423061,-0.6447598189490091,-1.0023842638681286,-1.448311425988211,-1.424902576178754,0.7117323052358028,1.5400091655971253,-0.7611682538804797
Bearing2_2,acc_00210.csv,-0.3952510458747227,-0.1801527862867427,-0.047221535760614115,-0.3846008656442183,-0.21742174165969724,0.5424809792988337,-0.8502613660258674,-0.14083800252881684,0.6632157532706257,0.3243052279430716,-0.3336367881030748,-0.10338357852654131,1.2203089334250368,0.13698611155484627,-0.8609973765264457,0.15609179761099673,0.4513286503149178,0.11484349149364208,0.1755734212350842,0.5971896332886661,1.3811028601503093,0.12319065111627835,0.07238024895148512,-0.15637416361872233,0.09410708359558155,-0.07720119941334916,0.1539006457914725,0.8426712148768333,-0.5912766224166519,-0.8071453575650789,-0.478371741957843,-0.4318398193005702,-1.3366392573837451,-1.331195400704388,0.28739960110793467,1.655966738358703,-0.6828931025940864,-0.7378187436113909,-0.6332516307644709,-0.9346327930826124,-1.1809541074837613,-1.4748499220191649,0.42679102886309833,1.6016407590654327,-0.7611682538804797
Bearing2_2,acc_00211.csv,-0.41711917881121796,-0.22360747762552968,0.2820315386687267,-0.42575581317295064,-0.5680206818605393,0.5230902157717869,-0.8092154009266163,-0.10897362863270003,0.7373797602478399,0.12283109801469107,-0.2039066868684342,0.4073866815152228,0.9464983422263682,0.14090421629563477,-0.7603375341227538,0.018862785325156877,0.5655780345986622,0.026768149574469807,0.10172161371057394,0.3616329544023111,1.2996277449396176,0.08663425420243044,0.07834467536649382,-0.15353224536753615,0.09253584255175518,0.03218549078651489,0.13979107579997208,0.9177408389923504,-0.6538508845021983,-0.840997438787863,-0.3905232010381533,-0.8837749723496939,-1.3464916374967633,-1.2220667358604442,0.45289129609818296,1.6841168921026526,-0.7282361626958522,-0.8531168007159176,-0.46262521318424266,-1.2667349722519332,-1.4453339188427932,-1.4004584369525634,1.1166852934653961,1.359526769533259,-0.7611682538804797
Bearing2_2,acc_00212.csv,-0.3735177758294752,-0.20485006126009978,0.2921404114479604,-0.3415752386823617,-0.5095877751006138,0.6392669287997865,-1.040593273725419,-0.05863288849148227,0.9550235374543214,-0.09319121240878926,-0.3364384694835821,-0.014068296915917535,0.9309149885387297,0.33244545683476484,-0.975052698750695,0.08341826679617745,0.8207037499631488,-0.17221178265293624,-0.15508010806538033,0.5414198517221054,1.011740724144634,0.30885822626459264,0.15452459815872094,-0.14514581839302101,0.0627017710764947,-0.04330673202747583,0.20847789767596614,1.011273701138014,-0.6808863791006163,-0.9395791020130994,-0.4728958795146494,-0.8476283461794809,-1.3954408553285846,-1.3264208410139522,-0.014156643229708811,2.1368476208288034,-0.747162790134862,-0.84831777353172,-0.6563615114000939,-1.1413639008916396,-1.50524479842767,-1.7398661524550385,0.15051374474836565,2.0864178018161863,-0.7611682538804797
Bearing2_2,acc_00213.csv,-0.38102590113651846,-0.11259370308446406,0.18599829470406679,-0.177329584454057,-0.09029410382491773,0.547586851962003,-0.9863266254338934,0.30390755178188134,0.5973568275592632,0.14458264942384158,-0.3487986280455684,0.03993470810568712,1.0776944636174735,0.20144821433187607,-0.8882414554022804,0.1414409256493212,0.5924250692142994,0.07301189604025664,-0.10898592410603643,0.5070995577858455,1.1107850166594824,0.22220765520853508,0.1309741963853865,-0.10460064484675025,0.07808767645085293,0.3127392412850394,0.2782254507888896,0.9348940999726262,-0.43538106772977503,-0.9125202325976793,-0.49483398297343584,-0.7405729306568757,-1.4056098240141401,-1.364384681320641,0.09581254115554949,1.9693635536348963,-0.6134028944701148,-0.8543171646630865,-0.6570574351720608,-1.2050766578154835,-1.408021187050727,-1.7659960971460913,0.2755714572930622,1.977472474824488,-0.7611682538804797
Bearing2_2,acc_00214.csv,-0.40172394213143603,-0.21807685804389695,0.37105115299887664,-0.39975336905252434,-0.5202530590194065,0.5639825195998213,-0.9686944822119189,0.1742515110449197,0.6113288944032204,0.16756738822575704,-0.3613303727709292,-0.0038319723771735067,0.7964263467993835,0.34100186509196034,-0.93563112277558,0.38868635937191554,0.4360247018968358,-0.011616360299462902,0.009125496470765295,0.6167388881469319,0.9735425448046148,0.277485620390878,0.12917728751787166,-0.15197007168728494,0.024041682263081145,-0.07596867332659012,0.18901563122446632,0.9074635827179542,-0.317942301798663,-0.8914435826126504,-0.453616471590474,-0.7838195507558247,-1.417307106206792,-1.3739258329144097,-0.2269239353002104,2.1719537187405025,-0.5105641076134235,-0.7677215309356934,-0.6297695649269827,-1.2450440372989684,-1.4029989434292756,-1.7705552161493252,0.24095419512055116,1.9507130702794806,-0.7611682538804797
Bearing2_2,acc_00215.csv,-0.3791359128547854,-0.2115872282554041,0.20690231079708665,-0.3733767890454731,-0.4905863361903855,0.5310558358020733,-0.9211763244044197,0.05216351279960816,0.8312960890938447,0.16735690028309125,-0.3240936814870963,0.1934484734268983,0.9468893965001547,0.13255984639018112,-0.8583112354855948,0.3713477472101547,0.508334180670825,-0.06890948523813914,0.06865426836824648,1.3772163922307998,1.091398762268104,0.06669334387745363,0.14656215204545625,-0.15470767158744508,0.041223240325942954,-0.05563199289506601,0.13838973826007667,0.8931102663964274,-0.5221378852827194,-0.8399428796117812,-0.4642788729958142,-0.6968513560880897,-1.3939007649022706,-1.256686236538562,0.3853840620388035,1.6846051138607463,-0.6429552696679882,-0.7649379555449629,-0.6243201271947587,-1.143703286153717,-1.4825083762728324,-0.8235934869892152,0.5569634045252885,1.5076908504038276,-0.7611682538804797
Bearing2_2,acc_00216.csv,-0.35197925796040874,-0.19887361797729244,-0.2269023670649681,-0.3642104598231646,-0.4538142938191011,0.609001126932317,-0.9047954407120231,-0.15884962698564037,0.6626959310366956,0.2095507716774527,-0.3536074883905783,0.3634279740215167,1.280816925797996,0.20594760843054824,-0.7941866045474736,0.19849774827654582,0.2224096189781438,0.13636325714455216,-0.09087468657219111,1.0252068989912881,1.339230262074974,0.15346204800205224,0.19560900876956944,-0.1506475380549732,0.06984476684730312,0.024636268505115765,0.15590324476806783,0.9578132713183992,-0.5454424888531333,-0.9507717500436681,-0.4607550314938128,-0.7503269448769734,-1.4200059011135764,-1.369683319381778,0.7011733348843568,1.5668871331647802,-0.6491945280505523,-0.8373142609677534,-0.6351216822881742,-1.2343357436618443,-1.4400244285582993,-0.8810830383718465,0.8221977614573465,1.413785392336112,-0.7611682538804797
Bearing2_2,acc_00217.csv,-0.3717090142216498,-0.17714538657009676,0.05535482452088266,-0.30341337824662806,-0.24539432491738808,0.4941163980827011,-0.7839457611610987,0.3027463872260369,0.3791291519112083,0.2269026899436764,-0.278939090115626,0.20088795909648663,0.8760056386598634,0.14890326973527987,-0.681063428386153,0.2877073694924493,0.24624684239001152,0.135948034439347,0.033311943749821514,0.7498105086713637,0.9829407509920393,0.09429688386849919,0.14886079284643036,-0.1365913001013702,0.12168586965498138,-0.006639080946394571,0.277701266013668,0.9431731054720478,-0.6037496717005961,-0.8922625850775642,-0.4800071196555586,-0.753497127543846,-1.3945930044160235,-1.320505785213466,0.4654426228200171,1.715846728614029,-0.6704674076834773,-0.8768198859442774,-0.6399651761755119,-1.1510333482255968,-1.4674541798233502,-1.2814727081767077,0.6137970159252998,1.6516873655082456,-0.7611682538804797
Bearing2_2,acc_00218.csv,-0.3863948922979758,-0.21604416456700348,0.33883346740548864,-0.4038688638053975,-0.4952195051407503,0.5532575975752689,-0.8038683244026114,-0.25553263007069277,0.6868996832295826,0.4232472239920305,-0.2704768315708988,0.2766723743862675,1.2133211887158364,0.08429584074544837,-0.8341331573220372,0.023908182302854443,0.4820402959073943,0.3023832624003577,0.050010441145863276,1.9282604931668845,1.1711589350013132,0.07580635853813925,0.1481934970999914,-0.15543292331039554,-0.05305076340338331,-0.02790015594298785,0.1102523028841552,0.8833350750092904,-0.6354907685448639,-0.9736849775249747,-0.4129602651400462,-0.4783365558767407,-1.3703345869692392,-1.2732630924306396,0.7907024449925911,1.3274079991046928,-0.5342529053383172,-0.8928879307940782,-0.28365954870042587,-0.9384737265748971,-1.3711432854821166,-1.482201831984267,0.6142086649984982,1.4101655638491015,-0.7611682538804797
Bearing2_2,acc_00219.csv,-0.3219715025436656,-0.22193893665982803,0.09783948918207962,-0.35766308180722983,-0.5653586452180543,0.6838833160937371,-0.9711055444271046,-0.20379184447927762,0.6603667640636598,0.16851907802574922,-0.32230470008664314,-0.19781539761366598,1.1551016945482298,0.38714876810207605,-0.9191542480666129,0.04066100108025708,0.39075924018352043,-0.05311843756555371,0.23948477130041138,0.3332694789485535,1.3009873342298834,0.3444365471859288,0.32067834374853793,-0.12354185822237589,0.1708297294200956,0.23185471684147804,0.273327157482926,1.0950339362717767,-0.6723379164686519,-1.058070013343038,-0.5017958256580297,-0.7296279936039204,-1.4467316491854771,-1.3963787055303942,-0.04143695179984176,2.193504735340886,-0.7615168957404955,-0.9752631283311637,-0.6662023075949666,-1.211843171803688,-1.4093450555639113,-1.9483475821048075,0.2573464236682587,2.118383166613175,-0.7611682538804797
Bearing2_2,acc_00220.csv,-0.3953258267539414,-0.15512300464153425,0.2796679240343955,-0.33035116208361653,-0.21986375219783216,0.7369759504086173,-0.9954540278013904,-0.08940114875181142,0.4701487178866981,0.03507209048994544,-0.3777453932141967,0.15798295342165874,1.5621168089837831,0.35882755604305255,-1.002707056620742,0.04370662259652719,0.39815916309578014,-0.08182018221681277,-0.07552259422865976,0.9696102214347356,1.6973101026635118,0.29783092099106817,0.20031334617178875,-0.12972978267556498,0.116081791517139,0.23632262390597952,0.1846782263432387,1.0432035630971939,-0.4566014331655773,-1.0032081571737461,-0.4948036689912717,-0.9180802662561937,-1.3985656307567098,-1.308518992290917,0.15102298926667412,2.0145413121769775,-0.635206012384384,-0.9166470418339345,-0.6741605311838987,-1.2366969126928253,-1.5447955310739068,-1.768050303097891,0.5610928277336231,1.9027470988474504,-0.7611682538804797
Bearing2_2,acc_00221.csv,-0.3466502072269036,-0.20671884074727476,0.3589930410384303,-0.41995670693026566,-0.31743707023175877,0.7063043217675598,-0.9588916549346123,-0.05375789028762395,0.6014428259715799,0.06665649918841758,-0.3471938689770597,0.22728428814382576,1.2190312063935107,0.3196208333881565,-0.9061855210537044,-0.0715620819925993,0.43579750333981343,-0.07235334117859882,-0.07596885039608874,1.212521779394776,1.266718160422919,0.3393391196810535,0.25105606451107865,-0.15870297651701532,0.02516484612311237,-0.010490724967516598,0.08794825046983781,1.0596425215059893,-0.6756637165029356,-0.9835707259481803,-0.4796036589477056,-0.8188325377199138,-1.4409895212769428,-1.3811894203898614,0.3698738245739994,1.8926827963256392,-0.772883658014928,-0.9779187227765174,-0.6456467726524653,-1.3001738965148586,-1.5338010533503736,-1.4355123644945549,0.5566837299555641,1.8627648007855926,-0.7611682538804797
Bearing2_2,acc_00222.csv,-0.37522242433801284,-0.22924012447875203,0.2468046380113413,-0.4420307242411312,-0.5376215037034194,0.6242864084060997,-0.8828264569631517,0.2895342939870497,0.2197792471608521,0.126276093230455,-0.29550982913273377,0.2599146648124364,1.458910712904258,0.19461315053498718,-0.9082123777848436,0.4688629910578776,0.17966029309961348,0.0832757082848845,-0.08230462700051856,0.9743097281274137,1.4902021306333892,0.14219752543159023,0.17603517809800817,-0.16658650287453267,0.014847293416369726,-0.04916123093958113,0.09814382264373922,0.9489904602940908,-0.6383926166298258,-0.8326216573053606,-0.4975873483154362,-0.8159808154977888,-1.3795797378787142,-1.1314853005697134,0.21840501731591283,1.854820821389821,-0.6801565585914253,-0.7544705452199401,-0.5812423393180294,-1.1217029731187904,-1.5481815913524244,-1.5260647506404788,0.42352123396057617,1.7982612947830128,-0.7611682538804797
Bearing2_2,acc_00223.csv,-0.3758962255780018,-0.20569168255473622,-0.09877053111039258,-0.37131904166903656,-0.4539989424738231,0.7851195255023697,-0.9848753747896174,-0.12065803883041885,0.5875218790440475,-0.16464808734099295,-0.3667482236741501,0.3090793457755101,1.3202311195842404,0.4185509260937894,-0.9266962235894376,-0.20124473247761346,0.4928538573288759,-0.21112537634590095,-0.12560060555787195,0.8595261106120213,1.3398245594658187,0.4311670704415681,0.28614110725091746,-0.15270329291264956,0.07241306835997678,0.03711559513355102,0.19663408845118885,1.1325834094426888,-0.6924411587282473,-1.0247125658896525,-0.5503336710942945,-0.9210676748327955,-1.4273051821692877,-1.361437061006944,0.3348856236128816,2.0061662064564048,-0.7631979975756695,-0.9664183068387276,-0.6877796390227302,-1.3728788998802337,-1.510458884838474,-1.5765343495244362,0.3784935314926098,2.039114459540575,-0.7611682538804797
Bearing2_2,acc_00224.csv,-0.31837567938412353,-0.2328564596692427,0.1609160301008051,-0.39563787429965114,-0.6808273489161183,0.6231650887931084,-0.9017471380981752,0.20787052311098084,0.4971780718595108,-0.06911655711221226,-0.38876405502215283,0.1126246222153795,1.0833766156741982,0.2776664303311437,-0.8748793086185325,0.21052436476470746,0.56026475456536,-0.20395007750955965,-0.17257498924549577,0.7855288584378023,1.1533068108939801,0.21638569594727436,0.2463503322129987,-0.16270098774190206,0.10627401982431518,-0.07288735810969248,0.14908466741103032,0.9852171271392752,-0.5891603609704821,-0.8659064168361911,-0.5464696211186005,-0.8155495418278945,-1.4542538272535543,-1.2443512592795063,0.3108081649936141,1.8776135196657406,-0.6981606012428402,-0.7904274821708953,-0.6704881887945828,-1.1782272637471343,-1.5288873190508594,-1.5070874545136714,0.6577425079815132,1.72434917032459,-0.7611682538804797
Bearing2_2,acc_00225.csv,-0.32165061336206857,-0.2291107734885114,0.1754805006450649,-0.4208920466468278,-0.5677665325100101,0.7349947273604246,-0.8907484402676725,-0.23776090988839235,0.4567743884271578,-0.18108675734012344,-0.35293056824168284,0.24089559281042236,1.1878729117986049,0.5148940137943694,-0.8580712469966155,-0.15762504018415097,0.28081663353192365,-0.21424702266290485,-0.27310161147141226,0.6036942190441567,1.4402773807284879,0.4513870831360198,0.3781281575941365,-0.14396399146875033,0.05925234640258296,0.1619088614179029,0.24769209969723244,1.1764255402958639,-0.7133283681418615,-0.9730252416664371,-0.5407387024852085,-1.0271818203982823,-1.4958386403296378,-1.3560023036023154,0.5253376657927299,1.9302435762841752,-0.7609698298294365,-0.8577936397378696,-0.7616888760117071,-1.4426004585365149,-1.6260985159443893,-1.6957189392347438,0.9054886399991869,1.8416058259969796,-0.7611682538804797
Bearing2_2,acc_00226.csv,-0.36602723167541656,-0.2254013827874635,-0.0054933732782916,-0.434360938565322,-0.5199430197450982,0.637411689695181,-1.0328341130560446,0.18379393621677245,0.5647212469337471,-0.03640376586071376,-0.29664480112816827,-0.1111744500930493,1.0316809732239094,0.40816897522466244,-0.9778915078330594,0.2839306782864051,0.3864708456171775,-0.15101153796866776,-0.10745869780059084,0.9095940863795409,1.0236852385934876,0.3997538092433696,0.3364892805444329,-0.14743704220088658,0.07671890363537331,0.10644518751374657,0.2217471899904926,1.1506438303015007,-0.3800341930057974,-1.017351848696996,-0.6090910490178637,-0.9901404315932832,-1.4079498064977054,-1.3305218724854886,0.4403642002054848,1.892556442758526,-0.6110056397809281,-0.993343393623412,-0.7657844520792418,-1.3809305282217872,-1.5594879483164965,-1.4200508617578582,1.2021397495286181,1.539629014147638,-0.7611682538804797
Bearing2_2,acc_00227.csv,-0.3703205380862827,-0.17412035835752843,0.013908190607681873,-0.3705707698957868,-0.09732123523687322,0.8673769019756872,-0.964821639402322,-0.5830005727961928,0.41041715668624346,0.0005408290080519878,-0.3643123299185884,0.29852496260378003,1.7120717425926646,0.5750300983747746,-0.9421750338439661,-0.593159492510638,0.29335385347276904,-0.05369755556940949,-0.2131959801289671,1.3147026152846604,1.706903661761173,0.5607764961454021,0.3721870935218384,-0.12026971920838696,0.27996477073852966,0.13725833968272225,0.40926223959461644,1.2207300546748459,-0.7101921195133962,-1.0828400730446361,-0.5813603373707245,-1.0160564687331968,-1.4846061771011954,-1.3443536469623578,0.43224009052319656,2.0377293452019263,-0.7175880994111812,-1.0324433672217563,-0.7705132600270852,-1.421441683265914,-1.6220861501497945,-1.2379541355718355,0.3912831214433393,2.030217270780956,-0.7611682538804797
Bearing2_2,acc_00228.csv,-0.33514763860303176,-0.212221180049327,0.23893242508764595,-0.43548334622519647,-0.38628844014022123,0.7729442482456295,-0.9562432373313113,-0.1194093722098973,0.34766496389997137,-0.020652616034570446,-0.39239231590470236,0.5794345644884383,1.5641467791379975,0.4133066559759844,-0.9602285220082635,-0.13874436304211352,0.3574953161511298,-0.09851429315084555,-0.12152060719988686,1.1191182199110574,1.5056344198596006,0.4136462295823359,0.32489351027351254,-0.15146664496902693,0.09497067228939522,-0.042382337462406515,0.28384280618168517,1.1227762576008633,-0.6339049455205765,-1.00886443857171,-0.5366844068336898,-0.945787598122015,-1.499519554749629,-1.43464398105319,0.41514890872970844,1.9929071032783263,-0.7393759006502786,-1.007312730163888,-0.6859958400472643,-1.3241234708810266,-1.610776477527569,-1.6354439632816686,0.5465989213857676,1.9816809942028462,-0.7611682538804797
Bearing2_2,acc_00229.csv,-0.36780368697282195,-0.21374173381195516,0.23221001311477876,-0.37262851727222346,-0.41375620411753866,0.6693740453565669,-0.9624065543402813,-0.11979785591588844,0.6452718702763233,-0.007266509077483977,-0.3389132144019325,0.23569904969251437,1.3721490279215962,0.2909854017921548,-0.9172535051919349,0.02714235412988068,0.479816039708024,-0.02386033665601547,-0.11310530667351727,0.759998396323722,1.4420951862725675,0.25946434892627995,0.30523290237767264,-0.16208774432752027,-0.0016429761741119182,0.061766116868731534,0.0970569605100167,1.0441888772783428,-0.42500859938255653,-0.9439310268922761,-0.5291473237957355,-0.9878110455244831,-1.441441752203604,-1.4159091163692439,0.733633489932332,1.6766362142582625,-0.5921281819406223,-0.9050734975423551,-0.7058021369010083,-1.373397495748669,-1.5708848515268103,-1.328049634402605,0.8527375171912762,1.661183361341488,-0.7611682538804797
Bearing2_2,acc_00230.csv,-0.2747630374583632,-0.13221406605428485,-0.2358723502744989,-0.27722386618288936,0.1141186648851044,0.8128548236700143,-0.8907131113923933,-0.1792852306475984,0.1980896001388414,-0.16421278944237777,-0.40546357358732504,0.27220328486048884,1.7234997224297675,0.4645085826654903,-0.864703188561451,-0.1002424047879106,0.035756135997509576,-0.25336449929319366,-0.27099801298957277,1.1165240215852792,1.7084732546212447,0.4393296775226146,0.499472102351281,-0.0998677316965079,0.1827609968202015,0.4469305189809289,0.36266073919640773,1.2314730932636473,-0.5183933545318525,-1.0992059193796073,-0.5870038525192224,-1.0769683969115238,-1.5117640206261267,-1.4084317154984698,0.6484696628690975,1.9009197503962123,-0.69046481484485,-1.067739289217486,-0.7647997371842553,-1.4508105487390952,-1.6615120027123549,-1.4554103459592425,0.613889264716692,1.990848524425874,-0.7611682538804797
Bearing2_2,acc_00231.csv,-0.3000141418286975,-0.22833384058103462,0.19712216026893561,-0.3890904962837164,-0.5178535917177195,0.7917773435383416,-0.9371064384797444,0.072100833104627,0.2036159347924863,-0.07266016085684603,-0.487712724441786,0.4149516213712596,1.2019773487687455,0.5488146752532893,-1.0000371103096575,0.28258646920320724,0.0783680895274087,-0.180218289626894,-0.35954277814925556,0.8847613171746477,1.5409375450666698,0.4582462627572255,0.4405809935622328,-0.14168242565388334,0.12342207495250722,0.09797157066727827,0.2302094713804825,1.2523261244377908,-0.6950913739428236,-0.9676066355488523,-0.57762224595996,-0.987361806530313,-1.5318531088178853,-1.3190469450400457,0.28390728937239157,2.108571524058795,-0.7098164529272067,-0.9629831290172169,-0.7119135909434557,-1.431047829875969,-1.67549867751745,-1.638102329600759,0.34739042805768816,2.1519810458476267,-0.7611682538804797
Bearing2_2,acc_00232.csv,-0.324545368010862,-0.20862927867726466,0.3017130819269233,-0.33652440421292645,-0.4319689684373506,0.8203740590400578,-0.949382412698903,-0.17499601827866373,0.3282630313008148,-0.019637023870176712,-0.2819009055356559,0.30966952791324703,1.874616949996525,0.3321785916253296,-0.8523604034040269,-0.05694083958292731,0.052908582735666204,-0.16062033862251313,0.008916574041471868,0.9579015655795605,1.7550432245346745,0.3436324458070142,0.4123179851164379,-0.1529825389317809,0.14226741183644184,0.10536672718783247,0.1761223286481804,1.2567790452534016,-0.7297569611750361,-1.0836839172901047,-0.5934477030561164,-1.0159876720178604,-1.4635931676162726,-1.4124093258429808,0.8750937227489233,1.743476497776747,-0.7884330604733165,-0.9676765204193751,-0.7823098149513783,-1.409357635050092,-1.589065659596599,-1.4318107875931412,0.6604644536385428,1.9233348022077699,-0.7611682538804797
Bearing2_2,acc_00233.csv,-0.35247160461502247,-0.20535735108547792,0.23247478554003165,-0.3615915086167906,-0.35802025159447387,0.8241388278864663,-0.9671334887840619,-0.07124941937208583,0.20872055333804188,-0.17457481130289854,-0.2877125940226066,0.5590007986590757,1.5267472360606016,0.5383569875870197,-0.8708826414779203,-0.2223796290699569,0.021851646028395854,-0.21001041704242446,-0.20012230255300348,1.7381518959443882,1.366396158924921,0.5510712676353889,0.42818716120774075,-0.142541116454036,0.08179656860761339,0.29086190324506656,0.20375627106740737,1.1975823404361745,-0.4263418352865327,-1.0296052885913174,-0.6006849433776067,-1.0637306779727245,-1.4669774379795473,-1.3896714751355927,0.48540826152994515,1.9521930053411425,-0.6518258852512302,-0.9336450830912458,-0.7924249565249659,-1.4701274084091696,-1.5772694338276922,-1.7130859645064753,0.48266814161135585,2.0886833755605565,-0.7611682538804797
Bearing2_2,acc_00234.csv,-0.2878622680754679,-0.1479574265327025,0.22292391834086916,-0.19828119410504813,-0.20919621938058316,0.8505088379912831,-1.0531010757131323,-0.36069113249663887,0.514751662017379,-0.1747680689756298,-0.38071848515970924,0.38953254999134573,1.690121611696466,0.5430690149769414,-1.0168373259603742,-0.19625308244443623,0.23593667617198097,-0.221493084768134,-0.2635745205973127,1.3276390412192056,1.6599081290161477,0.5409299915578549,0.5570428566356631,-0.13960735055880416,0.10059011340777807,0.23570636086260008,0.25403604969029486,1.2539421656258993,-0.7514265929789814,-1.151563732066514,-0.5671518191926104,-1.0329754699493876,-1.5565357590066318,-1.4225119217124411,0.7661216321027038,1.8854114741752475,-0.8243023724401746,-1.1254356079000098,-0.7503761413019133,-1.4171927678691654,-1.6726130051767616,-1.5999689027503727,1.0247290933571032,1.8311272842581667,-0.7611682538804797
Bearing2_2,acc_00235.csv,-0.3369012041586068,-0.19610975048703663,0.16867381194146372,-0.3780534876282836,-0.2914242429922027,0.9031907971337193,-1.043886436016781,-0.3372005042024538,0.294745900992166,-0.21143194231816811,-0.29251924716958927,0.2078105910392053,1.8778962122362792,0.6095723202823604,-0.9911075608334512,-0.363019189547923,0.031061355469165504,-0.2824134152843183,-0.22936866293574498,1.1747240927729967,2.1242786803188527,0.5688930621232019,0.5191542822445676,-0.14025721589603823,0.12926534291188427,0.18008862119759866,0.3223107714614918,1.3013275837623295,-0.6813970479038494,-1.2008414213083274,-0.6171582478676807,-1.0296957482824989,-1.5425318519807751,-1.4878292933194994,0.7327626746659793,1.9404618002261171,-0.7821610595739045,-1.1183311731706018,-0.8491590894740783,-1.467477957350137,-1.6192369074040105,-1.6873989346051874,1.1713100892306594,1.8030880231847042,-0.7611682538804797
Bearing2_2,acc_00236.csv,-0.35222889897536874,-0.22040747257238236,0.01312287910151296,-0.38628447713403014,-0.5065234024955046,0.9210042353379019,-1.008509199980438,-0.4106450508456032,0.3128774606771805,-0.15287755627976787,-0.3785767389592306,0.5788779365948243,1.4419530592645633,0.7348683563919167,-0.9883772584541353,-0.49428230571811616,0.29720332080623924,-0.24176543155925756,-0.20105705639721191,1.1882669087998823,1.6192386968296435,0.6369090962595472,0.47781131790806913,-0.16216259936764552,0.04140812992077597,0.05729820980423006,0.17454739272935746,1.27236436790343,-0.7309427188179358,-1.1282011917137478,-0.5857867505724923,-1.0152021209398912,-1.5321816869504743,-1.4217109904942107,0.54377292507777,2.021601433602645,-0.8060832585808805,-1.053896442009491,-0.7960707978590293,-1.419819367561835,-1.645286731786227,-1.6265791859409544,0.865118947817823,1.9199959374859847,-0.7611682538804797
Bearing2_2,acc_00237.csv,-0.2436868419068815,-0.1676090155860451,0.02932986407106741,-0.24617058759302757,-0.15191366076502041,0.7899988185633949,-0.8378024147226277,-0.21155277068129125,0.29177294252761027,-0.20645255449286362,-0.42749481880613643,0.18837142159682918,1.2750947977580127,0.537316343333471,-0.8123921649322233,-0.06317296673188148,0.04361605903941533,-0.21891020344501008,-0.37432727256777115,0.5896052192549386,1.28651364100935,0.5420651202746228,0.5324995313032492,-0.15457013364730476,0.027635512756198223,0.11060496305655819,0.19962395814754982,1.2034002911705903,-0.05786193931508433,-1.1263330387479038,-0.5954162532443372,-1.0639628139267066,-1.50161369285142,-1.4927270031197237,0.43982693598648803,1.9630327175362803,-0.4103359744901682,-0.996270433362603,-0.7977296583458724,-1.4327693837177302,-1.695580414487128,-1.6078665969406645,0.4047787290846005,2.0878479951774502,-0.7611682538804797
Bearing2_2,acc_00238.csv,-0.2812424388443959,-0.21711231127019612,0.18196907528551995,-0.32773221087724264,-0.6136079400670181,0.875015662375897,-0.9410528309107605,0.05050469407355758,-0.01733324756287464,-0.2516680121349331,-0.37416816513669265,0.44174991001061276,1.1985609232794128,0.7537155459983308,-0.8229864444152422,-0.1847401909117045,-0.16370074555299804,-0.32528896475381125,-0.22647546275097252,0.33891685213629585,1.371889369326995,0.7138376222557321,0.6226333619733371,-0.16158670094680908,-0.01905164578639497,0.08641663860391219,0.1865016698196525,1.2336075972028968,-0.6238750671677189,-1.0121686190168786,-0.6615925646185625,-1.1128777705712107,-1.5152610606943524,-1.3735649661648444,0.25801338588509704,2.2317779976620264,-0.7532108864966223,-1.0029024832654871,-0.8336996204545489,-1.5328388002331819,-1.6396063274903945,-1.6378008088230778,0.3768405093893712,2.234381274189456,-0.7611682538804797
Bearing2_2,acc_00239.csv,-0.2510038945244518,-0.1989507465698317,-0.03211163887566543,-0.2869513992351352,-0.37797217004901457,0.9031466032292923,-0.9700293970696294,-0.11894833821319135,0.12038791757927558,-0.12707182767501185,-0.4730842779414622,0.11598449360360592,1.5397862930262765,0.6519518118877257,-0.8345858820772071,-0.388619293150273,0.002769010615957134,-0.2209256640361834,-0.3019314168688682,1.1809472938552845,1.3715653292097374,0.6559064074686521,0.6452889972620167,-0.12675545513164468,-0.03333991862387413,0.3873070695339608,0.23811113527331718,1.3277450690039538,-0.5476917895067115,-1.1009472504715785,-0.6488057339778412,-1.0117057050417038,-1.5845254042314303,-1.4251875232772395,0.5385115573958924,2.029720799988525,-0.6722236551778114,-1.0656041264486855,-0.7988778017411957,-1.4358410560135793,-1.6851242437788554,-1.687531991908473,0.4321157915083284,2.178519745923635,-0.7611682538804797
Bearing2_2,acc_00240.csv,-0.26787510533572373,-0.22212050200248837,0.0665811268527655,-0.3208106969746831,-0.5598315126645932,0.9639544090365469,-1.0523734049418876,-0.4708749262281183,0.3390482590502005,-0.21669531444928594,-0.4215278547934644,0.26180415703674265,1.5782900194974536,0.7860886866344473,-1.0572026634158656,-0.47695269411038643,0.20757340324122345,-0.26640104925215774,-0.3062535549233217,1.3389757625179728,1.6685290747632957,0.7411507026332937,0.6662041490517094,-0.15693523919655938,0.07966710832152062,0.209052984236436,0.23009699468140202,1.3385173632153795,-0.702963841400402,-1.2129620832379684,-0.6136382392811377,-1.130922826210197,-1.5364379472325693,-1.4296385348160305,0.5364204027750978,2.1124562952683625,-0.7745683936426435,-1.0886019860657434,-0.81622612584256,-1.553267255866492,-1.6438570118806834,-1.4580513010367475,0.706850918794979,2.0182556773200733,-0.7611682538804797
Bearing2_2,acc_00241.csv,-0.2882144425177794,-0.2048195564817138,0.21528817771414036,-0.29705306817400584,-0.40883851619857925,1.0475316000580017,-1.1249956041795055,-0.5313127496982154,0.26085370457363016,-0.32237573451591095,-0.3999405033686514,0.7344695502059965,2.0098742702493433,0.8046379487265488,-1.0819890786343405,-0.7292581639238197,0.12948200779514174,-0.2821228346461715,-0.4959089420596298,1.430677525408644,2.1877849823228805,0.7802235786016607,0.7436043713344389,-0.1617608328714065,0.04285188282537163,0.26482478966228207,0.17404324692662645,1.4208734826731357,-0.6982201453923841,-1.1907674817026932,-0.6737193637123629,-1.2249220121581263,-1.5036978779678372,-1.4334979939870944,0.7646597271850397,2.004202039040493,-0.8007895885036701,-1.184481126159618,-0.8515081550332552,-1.6397052513912829,-1.6799943960815749,-1.4515973743558175,1.3554119787917642,1.732516626843752,-0.7611682538804797
Bearing2_2,acc_00242.csv,-0.25514094913492186,-0.2083480751824972,0.5312103626585646,-0.24654472347965245,-0.48691727139959295,0.9495195759513819,-0.9348292533086563,-0.5149558362628658,0.17629438903741076,-0.2534376754950433,-0.4384543808390895,0.27762166466396004,2.156652895798195,0.5741821490037591,-0.9289168736479331,-0.34038727963711435,-0.0773300250938716,-0.4464665054916501,-0.2427261823459537,1.6953810374884788,2.1461155463535544,0.5289147132698379,0.6555478460250719,-0.1686995961983176,0.053552007731331,0.07347511469294242,0.1350093097839684,1.3696682010436703,-0.7559714049704639,-1.207509080848781,-0.6558427728631635,-1.1083739585759587,-1.5552177159579084,-1.441333885075128,1.0191445314746055,1.79549016296258,-0.8257894495212688,-1.1674351959677558,-0.8374548993284999,-1.5496461313547585,-1.6554868345716562,-1.381149191984984,1.4680083661619598,1.6009770268497214,-0.7611682538804797
Bearing2_2,acc_00243.csv,-0.2549498491925945,-0.20302679633607373,0.1437300122295177,-0.3062193973963144,-0.4568285232801066,0.9345187109177082,-0.8923946502473397,-0.24067009841140108,-0.06547391246565323,-0.18954490613572217,-0.4865481863195455,0.04105087907814657,1.91920196461712,0.6349423145282825,-0.8398643432167692,-0.36055425658257323,-0.23487052295286603,-0.29067697166774614,-0.33889975732489375,1.019491406828305,1.918080105838,0.6295415188282013,0.6491699669642873,-0.15268029425445334,0.10641599883380705,0.1367961424001876,0.259489023589811,1.4217829440535796,-0.5095289407864746,-1.2033320834454433,-0.6813027973711883,-1.179673903927189,-1.5564284075338302,-1.4235418707326801,0.7291266336346851,1.983265142716019,-0.7080973115177517,-1.1786601311909923,-0.8496521151961172,-1.604591484716627,-1.7412952584193733,-1.3587357462285539,1.0550470082600454,1.8616962188665764,-0.7611682538804797
Bearing2_2,acc_00244.csv,-0.2434369483340841,-0.1693469654612798,-0.08130118001490176,-0.22035521141591366,-0.1807681600628166,0.9383351574281944,-0.9904164286196543,-0.0004902945941871853,-0.00021826545645263772,-0.2805991609264852,-0.45339796173600455,0.23854048999336083,1.6102923764029236,0.700995873210726,-0.9707853097038125,-0.14551534507695632,-0.07665080570546105,-0.3500503182343717,-0.338243413472905,0.8522421566879019,1.6448952436251925,0.7048140176440301,0.6568629379396995,-0.15035477591970375,0.253224374925895,0.1891785010874464,0.2417748804045448,1.3069443773948657,-0.7274135220701267,-1.0222812185505783,-0.6365970623507118,-1.021938160871987,-1.5409796871635602,-1.4004558797187392,0.5881141120213865,1.9904738475605614,-0.8236999925603914,-0.9890366130950757,-0.7769352592437759,-1.40316921510827,-1.665750615433332,-1.4749961971248957,0.6705702871855664,1.967836029085646,-0.7611682538804797
Bearing2_2,acc_00245.csv,-0.2329556853397135,-0.20188068356720973,0.3021638625172123,-0.2536533053255244,-0.437630300356886,0.9972077804321481,-1.0289655225596357,-0.5318324374502286,0.2213892538313279,-0.2780584046747708,-0.4471547437944488,0.06637470738090556,2.259908705798605,0.6484897637429606,-0.9883575892986275,-0.4876751737804305,-0.0824396743275694,-0.4128283830836394,-0.29953576890166017,1.452648090175116,2.270868852064419,0.6468310892862766,0.7679825525820133,-0.16093168818206383,0.07575699591473097,0.19025696141336065,0.21673842364071969,1.423877395518032,-0.7596789439082992,-1.2287329416890607,-0.6738484010914694,-1.0999223634698039,-1.589289744166216,-1.5024342829277508,0.8802627400862315,1.953243756496709,-0.8332598697655259,-1.196187589259771,-0.8755269585666968,-1.5783646088222825,-1.690384570422912,-1.3020505000264218,1.2018770231388751,1.780284317121664,-0.7611682538804797
Bearing2_2,acc_00246.csv,-0.16695889390725704,-0.2182327995101927,0.3035685616085203,-0.2689928766771428,-0.5609222642932913,0.9986099903295246,-1.0146162153927838,-0.20080095489172164,-0.096577033821428,-0.38405750882300643,-0.4965354307531269,0.17588355886285142,1.6963322975472033,0.9036902580361991,-0.8870450035262549,-0.4075015845618434,-0.31489069231032296,-0.4783871485756943,-0.4591434827785461,1.119582874935691,1.7812026028438646,0.8307848378602269,0.9660334749214068,-0.1548527759082318,0.059069706740650846,0.34663370867091275,0.25198226665817763,1.5337198702227868,-0.7679636976106713,-1.2499646631234647,-0.7123915638100714,-1.212792953617063,-1.6055525515739808,-1.5219149955410407,0.48319620002763514,2.328572349601379,-0.8459270573242343,-1.1630917328997008,-0.925222862539336,-1.648454143468744,-1.7730088045900947,-1.7153033432712075,1.1167569523587169,2.0250477399544846,-0.7611682538804797
Bearing2_2,acc_00247.csv,-0.20764727341683215,-0.2147892716300948,0.10403000086616288,-0.3135150471854988,-0.5871278963215327,0.8947783218064272,-0.936931680831967,-0.26072327712718696,0.1111917160449655,-0.4304647258145342,-0.42382280539834144,0.17436429891832014,1.4286538110822016,0.8010402224425411,-0.921938133799492,-0.251526903851054,-0.06480222987619032,-0.5746126731832071,-0.39284284105516565,0.8616458507000555,1.5473498853984187,0.7733598416690398,0.7612717029810145,-0.16703440739729541,0.06457295367509787,0.13448515598751445,0.13750293919380735,1.430947432805365,-0.7653257868758393,-1.1224765602687732,-0.656864470620517,-1.1946518207196466,-1.561797345245364,-1.4850982294457582,0.472215395493781,2.234372475676149,-0.8366155011776136,-1.0935933978023282,-0.855211137190812,-1.6052423174022286,-1.7027546295458336,-1.7360387214025514,0.6894704196548177,2.1859380968000264,-0.7611682538804797
Bearing2_2,acc_00248.csv,-0.22075741835581797,-0.19146214192799868,0.05385643948688306,-0.35728894592060506,-0.21969927447127993,1.0196356814462244,-1.0555406452102523,-0.4264340947737063,0.1692512031279522,-0.38243966602270946,-0.4364259029164734,0.5103618094702123,1.8211161856725042,0.8281030262060104,-1.0164222378304157,-0.4709390197282087,-0.04903467744443085,-0.519504686618331,-0.28906511150061415,1.4083709132403621,1.7715978487968793,0.83390735885325,0.815728420183131,-0.14797519239994195,0.05020387640654618,0.2859317988980304,0.24648725222051945,1.464151191722443,-0.6735476846290598,-1.2172810209322997,-0.7003243571935209,-1.2102900086339978,-1.5685701577992737,-1.4323798732283248,0.4529947895755973,2.2620827798691385,-0.8037361201865425,-1.2153132442120507,-0.881414858805949,-1.6258717874496438,-1.7153779072700346,-1.6249608382343927,0.6737212505515777,2.2081449817046273,-0.7611682538804797
Bearing2_2,acc_00249.csv,-0.21699587631626935,-0.19606447293862464,0.09944129950687858,-0.2624454986612082,-0.3372574177166993,1.036117015817421,-1.0930622469760691,-0.37382847657979035,0.1414071485157411,-0.3231958729168275,-0.4239479554840755,0.16179608947154916,2.4268910266318446,0.6358883380044871,-0.991371690758068,-0.5454212880900365,-0.031956079325903525,-0.39426673921866157,-0.3699060107225938,1.0167862818386477,2.6415037215962354,0.5739575136903783,0.6739595011155058,-0.16436978001632385,0.1606536986205829,0.1577490858750913,0.1627292013781139,1.460258584230164,-0.7899614416502697,-1.2641952326240435,-0.653084170022609,-1.122746398543815,-1.5678172332336084,-1.3724489489720568,1.1366864380350326,1.7297089072663139,-0.8523175531121846,-1.181112011711954,-0.8517804286270373,-1.5383641289412335,-1.725454082558369,-1.339866132554102,1.598776844312343,1.5508511713211233,-0.7611682538804797
Bearing2_2,acc_00250.csv,-0.17573031284224727,-0.15025527677388073,0.25340663670701885,-0.10961098897496101,-0.15692653949058027,1.0398606839164009,-1.060559690937743,-0.33607349577154094,-0.03161279860674366,-0.47922526734204784,-0.5360405727101305,0.49127574492585335,2.199515732124854,0.8193207650415945,-1.0113516393870554,-0.3182697116783155,-0.30465798249311604,-0.6122133644736603,-0.5125569198069545,1.0156856756676458,2.276235601017401,0.8060934032534314,0.8746397134882068,-0.15477014237671932,0.0325856459897398,0.24972634509948394,0.21053474561110858,1.483030662074028,-0.7666020211154063,-1.217692192351734,-0.6802879620228235,-1.2369229024049075,-1.5978107953364202,-1.363145025756015,0.6757448609300348,2.117467707093224,-0.8103454751442132,-1.1368609840551107,-0.8482026709676078,-1.6569587278508993,-1.814311006556615,-1.678843034523122,0.8293869392865647,2.147804725074416,-0.7611682538804797
Bearing2_2,acc_00251.csv,-0.20625909746597565,-0.16478573685430004,0.41423375667052503,-0.16498310019543733,-0.29386564346543154,1.1071927709181595,-1.1136854753091852,-0.402505075894066,-0.037745570727055755,-0.3599853515196694,-0.5074676475715263,0.45549135134128804,2.196242639703654,0.8930802004438207,-1.0514443698086573,-0.5699074063971842,-0.1221570071148029,-0.45857163700786124,-0.4342181198154783,1.3223880825111491,2.291258626361182,0.8048160731134603,0.8947561338362073,-0.15443974587175308,0.04474497847757473,0.15605436250579746,0.2742166714737124,1.603758304493537,-0.8100482879886173,-1.2562083201667165,-0.7161021399425228,-1.2087733583613645,-1.6276917610097577,-1.515799192214985,0.9206500350559764,2.0348853706875163,-0.888465939426457,-1.199041369633172,-0.8834385369593971,-1.6988308743482794,-1.775719632458655,-1.2738960573309852,1.1831930532025792,1.8749922998186748,-0.7611682538804797
Bearing2_2,acc_00252.csv,-0.23827409586231185,-0.17889216546502215,0.18592222322728466,-0.26469031398095716,-0.23919583020347274,1.1028480269864493,-1.1103186702424357,-0.5634594040098675,0.069130219754914,-0.23728774512433004,-0.40495792439824513,0.532310764669877,2.5253764129222667,0.7325297691924197,-1.0882614213258932,-0.5726860655595242,-0.12347906275770848,-0.2942977065383596,-0.299943288727976,1.9398038962943691,2.616172761604297,0.647030348877118,0.8406025929740056,-0.1618782776408097,0.039271355329951435,0.21983758749557744,0.17973587518773307,1.4716094309655412,-0.7046448423207397,-1.2503160298265523,-0.6932927264845549,-1.1511714390840009,-1.5060074032306687,-1.4309474576489545,1.0061384798696902,1.8250489078038987,-0.802010898972641,-1.2020033551684728,-0.8879265198347119,-1.6034839713385316,-1.6137647036183895,-1.4588348664513824,1.3200796722542023,1.7393953268399465,-0.7611682538804797
Bearing2_2,acc_00253.csv,-0.15684769923159905,-0.17340210927492156,0.3397280410425596,-0.11372648372783428,-0.28113147235562636,1.044009478838801,-1.0965871944797951,-0.3537681600932331,0.19078513301518477,-0.48376888444096294,-0.4602087021360907,0.2646331973199871,2.06265638268028,0.7723418628516785,-1.0573552897529608,-0.4385631983090872,0.027074500881733278,-0.567296266874526,-0.4806162415581391,1.3623603645064797,2.2453481500279064,0.7107814754145977,0.9421747987279389,-0.16094561275052818,0.1066591899056521,0.36126995595117634,0.23433856484572024,1.5378090594268878,-0.7499171220342769,-1.259700573490317,-0.6985791772031034,-1.3268527367830232,-1.555777894700721,-1.5543724881029954,1.0704929249452169,1.9384864364574281,-0.8105942566775803,-1.2212434403204904,-0.824699952727448,-1.7254671895857205,-1.7827233796692021,-1.2960555457725358,1.1222816385609733,1.8883148647439825,-0.7611682538804797
Bearing2_2,acc_00254.csv,-0.18691406112409245,-0.21219460532447693,0.37705230036181103,-0.3322218415167407,-0.26993908657040927,1.0550425463175472,-1.0981883298360853,-0.32547677004412046,0.12288322773421775,-0.3865426163875728,-0.4620919211612846,0.3007943727088815,2.005933167993915,0.799640348836894,-1.0195031703836785,-0.4154457377019179,-0.11537115972385822,-0.45585281944734507,-0.4591288600093943,1.0039794710620558,2.20891523993188,0.7483836449678462,0.8574182762203361,-0.17501067741627116,0.0399374520949432,0.20227409075926125,-0.005868510608356498,1.53502075585328,-0.7952573510759998,-1.247665731233756,-0.6758559923741874,-1.2775051337025065,-1.610129663444063,-1.4329661454048388,0.6086597151512412,2.227635129910202,-0.8540627892226088,-1.1960817919437692,-0.8585444806599916,-1.6937217450202815,-1.8168427769343716,-1.6215381968297007,1.0853236890734168,2.027800166150045,-0.7611682538804797
Bearing2_2,acc_00255.csv,-0.12713645047236755,-0.2072040034018047,0.1151483973879334,-0.32193310463455765,-0.3615814669797746,1.1578740451043588,-1.0155445160325314,-0.5390807806817822,-0.24850686660921165,-0.40886711494673506,-0.4388827885518675,0.5572036834579485,1.7733118148549212,1.1506731511526211,-0.9391177973422339,-0.8000055945257403,-0.46792216917789325,-0.4340306794668306,-0.3973171721376755,1.0158554886835727,1.7238961828848312,1.1611980692319075,1.0643394722142077,-0.1737986191091281,0.11793088645318121,0.24587470107836193,0.045123383859891834,1.6200995229969393,-0.8163529166549074,-1.2518067388969079,-0.735450083900468,-1.3070394494627036,-1.6144377530752076,-1.5031660619381741,0.3357587174061123,2.4855361002851546,-0.849259315555875,-1.2589281411299043,-0.9229637999046015,-1.70160924689224,-1.8353249950683592,-1.7187513482093995,0.5829271547751148,2.4003959601318385,-0.7611682538804797
Bearing2_2,acc_00256.csv,-0.1886021905471677,-0.19178751957081233,0.5216199298242303,-0.23101808418472158,-0.24067670550755882,1.1437701706417687,-1.0905675873659897,-0.5648380133869286,0.007976106564011832,-0.32679573303545045,-0.47211616657070116,0.4703171937579083,2.6532530189050303,0.7393244252153676,-1.073963577220137,-0.6920241136874817,-0.18514372663817233,-0.4532893536583614,-0.40492868888678946,1.4967737961798293,2.9763443298373837,0.683634523598821,0.8722040037643991,-0.17279492333502217,0.08891773348863576,0.13263636685737598,0.08279301422117824,1.579530505604117,-0.8098736089213533,-1.2496792018636067,-0.7123027998375163,-1.1990989569087904,-1.5901384895083253,-1.4654666190209502,1.1035112370889557,1.8623167120320554,-0.8771207489178221,-1.1892496581518976,-0.9016849206959209,-1.656946064390794,-1.7399696050051285,-1.563546593889534,1.5296162344566893,1.7363267820892037,-0.7611682538804797
Bearing2_2,acc_00257.csv,-0.18375455933055618,-0.22609942811384948,0.1565788415808392,-0.3354019965530519,-0.49669589498578887,1.1014251886317514,-1.1059061996939739,-0.30613053583089633,0.08330137622839633,-0.4768354194949503,-0.45838403907007697,0.7961644246556719,2.0030716282654746,0.827815825086408,-1.0183750878133488,-0.46482558137113417,-0.14504570120193147,-0.5305670149498384,-0.41321811240741074,1.3218989821001272,2.144258356977425,0.7888626451654913,0.9587668783779304,-0.186708143027839,0.07953179106289957,0.16129259837452345,-0.0622105723423786,1.571830567684611,-0.7470565834808779,-1.2767147284705367,-0.7276435102727155,-1.2358775237973834,-1.6182824400478555,-1.360276520916865,0.7463512907275868,2.109870687230829,-0.8243953208486109,-1.2397889173293757,-0.9225479953013528,-1.659944443779224,-1.8198452915003607,-1.3533009040552322,0.9139754533814524,2.0677597230684213,-0.7611682538804797
Bearing2_2,acc_00258.csv,-0.1636837327531274,-0.22147847085591213,0.3264731207438999,-0.27404371114657816,-0.5101872162098765,1.2064388016572711,-1.094439943970535,-0.739478352975868,-0.08492155493936955,-0.5263522395468968,-0.5236889386510409,0.44154833980790237,2.664406997013641,0.958673698571938,-1.0492356719348468,-0.9427893878028772,-0.22402009195377706,-0.6426560440047215,-0.4768891412873701,1.4641090098474734,2.6967335633216405,0.9289825711949398,1.0176861150633079,-0.16414508478352047,0.09559791481198213,0.33168932986895955,0.17052465845442125,1.6290506413159986,-0.7437413563637111,-1.2873636973080802,-0.7403810827434926,-1.2934272375467946,-1.6285817762389623,-1.3923922106737798,0.8666090776801243,2.0735821628579183,-0.850536029113842,-1.249913093556788,-0.9460213295832929,-1.744700589023142,-1.8187392438788634,-1.4160150230658506,1.1604414542105113,1.9939077446692455,-0.7611682538804797
Bearing2_2,acc_00259.csv,-0.14218431380044796,-0.23869012015493718,0.2668856092167522,-0.3520510435078572,-0.6027430235462827,1.1468078522256064,-1.1397719438550562,-0.5390811355627907,0.0746207894625066,-0.4061650437531431,-0.46488014490252394,0.5845209864147549,2.699408765379089,0.7362054334635226,-1.0842940200565734,-0.6396405029883141,-0.13602479155190605,-0.4782621203251407,-0.4250493381998992,1.2679216087467766,2.889122120895414,0.6988238349822218,1.0196824545296708,-0.1796647114576482,0.03523625703386124,0.15081612663707175,-0.007349783331408448,1.630920038236124,-0.8086791020490681,-1.3054058282010315,-0.6961519017969563,-1.2641075451388113,-1.6303197217995848,-1.4558434127125126,1.2569502668684724,1.8000046652941004,-0.872598696613548,-1.2468608995149517,-0.885656095141926,-1.7061104663737765,-1.8029355485358043,-1.2608866007295108,1.3198201981565432,1.8136720225197356,-0.7611682538804797
Bearing2_2,acc_00260.csv,-0.1609109858592745,-0.21577527045249448,0.06706766501965185,-0.31145729980906217,-0.3479274501027792,1.122776354189104,-1.0465352388831697,-0.5174417624550951,-0.11607265173938308,-0.4498103639247501,-0.4382478413966345,0.21500175095568733,2.3608411559860705,0.8942136012347195,-1.0291181331699724,-0.6673099972084,-0.2675474477089787,-0.5580037350856955,-0.386989829217643,1.378090392299771,2.481682662197162,0.8490964547613739,1.1012765903626642,-0.17844780801393606,0.11696088315691149,0.23370350597161652,0.054332989179244846,1.6373995474733376,-0.815698206479527,-1.2876364722338562,-0.7428797437000241,-1.3154688795508356,-1.6452462015510216,-1.390623075163399,1.069711145266642,1.961730147827269,-0.8946087500446285,-1.240379300381838,-0.9302776733024929,-1.758522580095016,-1.8557158151635291,-1.3081300744448954,1.4998899239293615,1.7854987259637365,-0.7611682538804797
Bearing2_2,acc_00261.csv,-0.14115068650736962,-0.20976193672427348,-0.07544489167904626,-0.3090254165460007,-0.416089142073028,1.140148726980774,-1.100608502857518,-0.5925248286888773,0.006927983682075767,-0.4107857640555264,-0.4562534758032446,0.36699562592670054,2.9434847070414754,0.683991251553454,-1.0328594600372158,-0.6843662482815835,-0.2393592153199592,-0.5078191348040857,-0.4351721278323861,1.4871038649099733,2.9390911981023926,0.6890176724674005,1.0250990590560907,-0.17535733565316686,0.06341497320601504,0.17454225380718308,0.0752712858576152,1.6129666474449527,-0.7876523748255332,-1.2704117751891442,-0.7012706851652653,-1.2440391047511554,-1.6427935167125722,-1.3242865224375109,0.9856046769370265,1.9280146869778825,-0.8558594405483614,-1.2111410036336463,-0.8714266191130552,-1.6919154970378563,-1.8122627821383095,-1.1386785348436432,1.343735557760054,1.7417588142067637,-0.7611682538804797
Bearing2_2,acc_00262.csv,-0.16242929061528344,-0.1712216045171005,0.11197498073924962,-0.20370616446110829,-0.23693113609739955,1.1697427824919104,-1.0339770941190451,-0.7577835084818451,-0.04257663992425781,-0.392105464719934,-0.47678393613748976,0.43573518021526497,2.744008271357284,0.7885955559975488,-1.0157652186030262,-0.7972430973457465,-0.27865499071204564,-0.5375008116831754,-0.33798122847917356,1.5249651009237875,2.9297472823909048,0.736819796780541,1.0204998262094096,-0.17241099382919645,0.12303949748716099,0.18840817228322218,0.20454257226559128,1.6157353813368929,-0.8364079962093742,-1.2834870696700287,-0.6952751671741864,-1.2597269599711294,-1.5711334565792348,-1.374616119650926,0.9894902856890482,1.9357192750917644,-0.8988690657299769,-1.2002335785276013,-0.8792807149468247,-1.6858663392045992,-1.784130775527499,-1.3708434835207883,1.4550533709924065,1.7463546998068287,-0.7611682538804797
Bearing2_2,acc_00263.csv,-0.17146560594187413,-0.22523008487748647,0.17060374300655803,-0.30042029115362934,-0.5664191231140254,1.1906050236954762,-1.112078451880238,-0.7035074959803272,0.10067765737130298,-0.5472285321948642,-0.4301328649684536,0.5421663909862077,2.3104544970065133,0.9497914299569791,-1.0585721499654634,-0.8809503964418035,-0.05227480410534547,-0.6441653481427135,-0.4703893082926381,1.5003392289526296,2.2400967686221667,0.962921823778241,1.0141399073216202,-0.1696998141468463,0.09736164713104219,0.21922132445219786,0.1804555457849188,1.6063077843395346,-0.6326817212944424,-1.2898790971428982,-0.7117291950649013,-1.295921572063053,-1.5717738273545656,-1.3265766483040817,0.5026557023009876,2.242957532889836,-0.7839598491604866,-1.2384183866492213,-0.9082961332365056,-1.6900841399250643,-1.7885838972389843,-1.4661527989325012,0.915712908338179,2.0830143770522174,-0.7611682538804797
Bearing2_2,acc_00264.csv,-0.13022595472809292,-0.17192351129323719,0.17876347183003458,-0.2029578926878586,-0.19313151897689518,1.303914350517232,-1.1564544151568958,-0.9099834024052063,0.043196508049407535,-0.4702776122759099,-0.3888995439314625,0.31849053068569055,2.9403266058105455,0.9032043088373877,-1.1449013917657487,-0.9735669005846054,-0.18732366864065758,-0.5851903041187925,-0.37532744359304787,1.4362372579821419,2.950866450899993,0.9294691612922772,1.1212514500058408,-0.1653465802118582,-0.002126938186203447,0.29502167878787844,0.2852049134600089,1.6532627507616162,-0.8003759080343376,-1.336404883149298,-0.7191626038916015,-1.2667600489867288,-1.6143120668345012,-1.4345618988659325,0.9206286331818908,2.046957924276306,-0.8739407200985393,-1.2700624781125958,-0.917603610719432,-1.7064136181236187,-1.7888432557126808,-1.423621872824626,1.5820740971255498,1.7264197539394357,-0.7611682538804797
Bearing2_2,acc_00265.csv,-0.19272094631455092,-0.21129484184118838,0.1314989303303069,-0.304722853849815,-0.48591793015283763,1.1148896566525985,-0.9454993113850769,-0.6403671059029139,0.03987932252543615,-0.43991082742638843,-0.4816289179240037,0.3983551300097105,2.2941666259367333,0.7523735504196415,-1.0230125916634123,-0.5822788092396166,-0.10107197061357581,-0.495618823925602,-0.4780012680418318,1.5470825440011273,2.3518821876615554,0.7428362828023413,0.8976032106989161,-0.1802601864861611,0.10254432298849404,0.1645279793522659,0.0034268408532940903,1.5754983235520854,-0.7973001623120546,-1.294975590263535,-0.6930611675599453,-1.2746911747317542,-1.5856332503241897,-1.4203495976296645,1.002523318138525,1.9494580281000464,-0.8777469900801065,-1.2327885152227605,-0.9034688481592053,-1.661012487783009,-1.814662560755995,-1.356920069721824,1.4464756862682477,1.7629368489917743,-0.7611682538804797
Bearing2_2,acc_00266.csv,-0.18074052297556636,-0.22174402892813164,-0.03598717641371031,-0.3251132596708688,-0.5327652586806157,1.2161601474889718,-1.0540229808930162,-0.5939440891216944,-0.17235750427735855,-0.3399616421577776,-0.4493834589806543,0.5623605227661528,2.3941497391309916,0.9295967317201388,-1.011171876591513,-0.8166793133716053,-0.3942959950043052,-0.48614760795245743,-0.292046337171841,2.125210295781694,2.2806846262900073,0.9417809636532126,1.041713182146845,-0.1765531409436663,0.1370921770937903,0.27684191900818267,0.044517411197927896,1.6160450305250702,-0.8058188614320357,-1.2988016771106947,-0.7289462627771067,-1.2285365271755027,-1.6466488318318564,-1.4289739964573538,1.2259463007069353,1.8202263511374857,-0.8275634799132062,-1.2361617502926823,-0.8681615915838593,-1.6960101281216784,-1.8262530661451728,-0.7574288742657631,1.3495400495657701,1.6285084046486018,-0.7611682538804797
Bearing2_2,acc_00267.csv,-0.09550904591442698,-0.21358126099514887,0.3164049114010173,-0.22914740475159742,-0.44332684602708694,1.1942147513649215,-1.0599323864934014,-0.65278523349283,-0.08291370425904027,-0.47459634683162616,-0.4767813584348067,0.3274421121023235,2.759705717441707,0.820095624871847,-1.0624728426429733,-0.8236132511327044,-0.1966448672865615,-0.5891726366262501,-0.39200712905808954,1.8849818614051796,2.681310381826085,0.8243037654929695,1.1009986370588005,-0.1751599535993862,0.027961318466550086,0.21598594347445554,0.1270498593507938,1.5892233883867342,-0.8272876272884692,-1.2048911407125709,-0.7259939242913358,-1.2652110978293878,-1.5827328654369177,-1.4319337119168143,1.0935491370266686,1.8800373599883946,-0.8691366832273276,-1.218957443583347,-0.858352529416624,-1.7228989926402818,-1.7629878308675402,-1.304448504791142,1.2445474148065745,1.8416343341649588,-0.7611682538804797
Bearing2_2,acc_00268.csv,-0.03560153389277399,-0.1842725745072218,0.09843471936048587,-0.2375654622006563,-0.1219517390760624,1.1508970711031268,-1.1508390558287431,-0.40560668326544297,0.028893195193045205,-0.6360575730420565,-0.5378878634391554,0.4826066329380765,2.1759830593004312,0.9743840234358321,-1.1340660848069712,-0.5240341828161779,-0.11553917037110276,-0.6957092943289,-0.6048281678513457,1.1814236948537562,2.626497126661993,0.8431766244031141,1.29106788698579,-0.16392401988292668,0.05368516012583475,0.4484711765893779,0.06699314168263307,1.6843660180501203,-0.7486307877628622,-1.2870057310129384,-0.7233060337107957,-1.3797689796650023,-1.6416342706519493,-1.520270599058004,0.8260437738084948,2.184404904965965,-0.8613690497803104,-1.23373256387835,-0.9274266454804253,-1.806467536368748,-1.8894294320456755,-1.553722134265893,1.5692711338717675,1.8367266549419807,-0.7611682538804797
Bearing2_2,acc_00269.csv,-0.129457968678137,-0.2017779444849393,0.2035004760922442,-0.25140849000577536,-0.3896948054699651,1.3755839136618466,-1.177580139391378,-0.9354973872469811,-0.1480320016365331,-0.4676184125334697,-0.48551826024544326,0.7907146338635523,2.4178230111411225,1.2634370903682612,-1.1461984520101243,-1.0846655668814045,-0.39673354252606163,-0.5705725478295324,-0.38628733839223545,1.4261708012755259,2.6429432564352475,1.1877056042046465,1.2761752943196982,-0.17961646802879622,0.07028635458637385,0.2642085266189025,0.08133105899140301,1.735307798220457,-0.8165015302167882,-1.3374163289660168,-0.7461305755377273,-1.307249029056562,-1.6589463062270724,-1.4463338789995168,0.7809435742856329,2.208091729168823,-0.8786769680196127,-1.30972173352047,-0.916239101394393,-1.745639244953625,-1.872555041360039,-1.5731165607588553,1.0416687438003307,2.138373394170085,-0.7611682538804797
Bearing2_2,acc_00270.csv,-0.09973246892789657,-0.19013297598464696,0.18305652335045028,-0.19641051467192389,-0.21025380858711673,1.3539102566859373,-1.1300678625457488,-0.9178334234974626,-0.13464976072692192,-0.5323552146856628,-0.4638141113955579,0.6393785120121356,2.4809402021168316,1.1854168500020479,-1.1154929094065757,-1.1079952950270333,-0.34639974742205715,-0.5932913822917919,-0.4953624679796463,1.4283509322107784,2.4517704605688833,1.2160599609873306,1.178825484951669,-0.17562878952291724,0.10279422118794361,0.3757521374705949,0.03621170205352382,1.6735813569574152,-0.7667267539775857,-1.318858478472253,-0.7406927714861276,-1.3433969968617407,-1.6152807191569374,-1.4482221309158851,0.4937762546952075,2.3915236423797883,-0.8529079186932764,-1.2823185648379767,-0.8783151607386016,-1.755497294632286,-1.8435627605845317,-1.3622350753391146,0.7224893717688544,2.2222747355700063,-0.7611682538804797
Bearing2_2,acc_00271.csv,-0.07992938353233382,-0.22069278087169322,0.36858577158807615,-0.2515955579490877,-0.5434965470354404,1.2539800376155414,-1.1433245293592096,-0.7472655616571668,0.11922781904698843,-0.5172225029333524,-0.48782432675903786,0.5529310851209273,2.391732395723917,0.9686145672726533,-1.1442729246307717,-0.6448612458127414,-0.09185560580296422,-0.556981459357897,-0.48834993066885507,1.4367574514249557,2.252581936808804,0.955567290065995,1.139768751228194,-0.18412968736973684,0.012832339404258472,0.15651655978833212,-0.00440326719533294,1.6526653621573817,-0.8083126535186627,-1.307308200933069,-0.7284247632209513,-1.3161570788873374,-1.602754485336214,-1.4538640866327257,0.726361103279043,2.210002479392068,-0.8685986495865463,-1.2421990551208568,-0.8940984912926567,-1.7389170666875506,-1.836708405879296,-1.3897598085313114,0.9949794700766729,2.0654565438541086,-0.7611682538804797
Bearing2_2,acc_00272.csv,-0.08425860036034366,-0.157467455489738,-0.2796883102861345,-0.19435276729548734,-0.15051041203413176,1.2620757553931579,-1.133652741211481,-0.6241600190753739,-0.2660970339476068,-0.5743521365983316,-0.43124834611089974,0.350472530002601,3.482357700703711,0.765249250201052,-1.124206695303962,-0.8297133680825012,-0.3666545188425628,-0.6608653743440871,-0.4643095558954435,1.8451347675778746,3.6699396080561044,0.6963705205011166,1.1805116276963976,-0.17905920765895392,0.09425831278990322,0.3170530825886961,0.06825150935510713,1.6613788201250013,-0.7075855643684898,-1.293039422118991,-0.7595368571720043,-1.3332818346836186,-1.6119264024003959,-1.4826355243947402,1.1282445015616835,1.928472833759025,-0.8081952999003369,-1.2711688323426784,-0.9146719849677575,-1.7580576521979268,-1.8470737146118892,-0.9737545518672244,1.480010755244234,1.6724045265925112,-0.7611682538804797
Bearing2_2,acc_00273.csv,-0.1037591227564099,-0.19804252525174784,0.36145494507267023,-0.22428363822547445,-0.3299858172463744,1.191999998604375,-1.139610033019317,-0.5064300669467388,-0.1813119734309316,-0.4818015779093564,-0.45880315660792437,0.6876805888420362,2.495635111629335,0.9848233259367049,-1.1397709106560503,-0.6853833166231273,-0.24961965785543228,-0.6185322556063602,-0.4722318402948122,1.4197120367617335,2.525642798676984,0.9758245631828346,1.1273927236688064,-0.18270892567823438,0.0699543400488566,0.34016294671542785,0.035129906599343556,1.6420810373667707,-0.7197603308595724,-1.2455290673754091,-0.7636473736807644,-1.3180675870187768,-1.6174418166688576,-1.445480024633083,0.9010529880318345,2.064450727684691,-0.8145571354183025,-1.2334713167488194,-0.9108393838702517,-1.7379518371732403,-1.829858875256817,-1.4946390322791407,1.0829817974005924,2.034599285585667,-0.7611682538804797
Bearing2_2,acc_00274.csv,-0.1040791618692897,-0.22164990211346886,0.3732835912548196,-0.27610145852301476,-0.40557809707023995,1.2954985113135393,-1.179828042649672,-0.7798989684492127,-0.14075664889484413,-0.46230267178877493,-0.46599617892236006,0.5282449405614312,2.763899920327987,1.0562532760428478,-1.1994131473922476,-0.9075356507495114,-0.2556372882222799,-0.5153828160808969,-0.4759671501359255,1.6006714368076278,3.05054436747156,0.9483636957168755,1.2125037586264125,-0.1786973212303605,0.09334566921019483,0.4041002374660527,-0.04190785724760001,1.676104232243546,-0.783171830868477,-1.3409457894174475,-0.7284587282105662,-1.3363670866258264,-1.616032022860714,-1.4020839593941106,1.0609303077840313,1.9677105401221648,-0.8744097951571668,-1.286422913685691,-0.9504201720922892,-1.773505692034926,-1.8129218752346037,-1.574496763085628,1.6113457549551573,1.806386573333661,-0.7611682538804797
Bearing2_2,acc_00275.csv,-0.08215930734059004,-0.22467922569845541,0.17856456285578076,-0.30322631030331565,-0.4577659642645765,1.2009360843590786,-1.1289799060735757,-0.6264206345440678,-0.048849996822543554,-0.6746748286887523,-0.43361174822639104,0.5693004858179218,2.4027088695967267,1.0323158825345295,-1.0809802630533945,-0.8136608869757518,-0.257818871546304,-0.8048947281302544,-0.4767117099878718,2.0379412545728566,2.2931546562159753,1.033810183011693,1.1353618903725509,-0.17261669560624923,0.07392364952767677,0.20797452391052176,0.10362420503337008,1.6493059597202542,-0.8338728537593281,-1.2999375027327558,-0.7236294538246897,-1.2866863880922128,-1.6294621012631603,-1.5227684332206186,0.8028282453333294,2.1790165918404956,-0.8724244631166587,-1.2411508596026712,-0.900415569286752,-1.7157114701405671,-1.8256782786659627,-1.3116099113602075,0.8486505353499901,2.117890048749621,-0.7611682538804797
Bearing2_2,acc_00276.csv,-0.053516180753877145,-0.213484324387507,0.30631638292808905,-0.21118888219360502,-0.26373143866307475,1.3251423752289557,-1.1482057955453273,-0.650784631591031,-0.21428091613016417,-0.5779873742143272,-0.472767874305206,0.8327090765574914,2.488844350895645,1.1185235499351587,-1.1015347019034925,-0.9655499912121206,-0.31404045280482173,-0.624645924591893,-0.5044229632788146,1.722375670985187,2.305166294335576,1.1470608039315433,1.273914422982269,-0.17780537559141685,0.05307273499419847,0.40517869779196686,0.07953921591678223,1.7914399376340406,-0.8312830416048792,-1.3348898513197187,-0.7515667796598944,-1.3822347411974314,-1.6405879045112948,-1.3719412913810358,0.8476787558798126,2.156055960447523,-0.8973102306059318,-1.281902282568872,-0.937101249578951,-1.792795417295127,-1.8616983153404625,-1.4162777349470583,1.1405477481330024,2.0543423769752804,-0.7611682538804797
Bearing2_2,acc_00277.csv,-0.06025750622209037,-0.20361717111464267,0.33329885367480344,-0.2038932324044207,-0.28240148633685896,1.373143464544791,-1.1929194633613824,-0.8124596567327557,-0.19200759547857638,-0.6816358105989345,-0.5074065240113229,0.27053812297237534,2.5012894031394834,1.2943597209103919,-1.1492953854915637,-1.093612200820314,-0.37720985988025874,-0.7520905298889315,-0.6129139774913621,1.5377344078564337,2.5454465853634045,1.2688137132885724,1.2876671352413884,-0.18929910582956988,0.03191407198850539,0.21922132445219786,-0.037906035154518486,1.7673624591721229,-0.843004056655762,-1.3404737899093881,-0.7515917780821697,-1.3840054923426806,-1.6551652256366642,-1.4905372018116707,0.4518669250213516,2.502293897287525,-0.9201705602121338,-1.3280133205876716,-0.9341372424092124,-1.8110614531494773,-1.9231613275763055,-1.5502331085264967,1.1217392299394326,2.1502434601719025,-0.7611682538804797
Bearing2_2,acc_00278.csv,-0.0768761278824611,-0.18476021666894477,0.23295372155050598,-0.07257153619910196,-0.31399837365377326,1.4889568569405318,-1.267009320933242,-0.9692900570205143,-0.20059464803574548,-0.6032162520813261,-0.4854651410434064,0.6386830487860617,3.3471133096522347,1.1225491304477835,-1.2686767629948825,-1.13929334496581,-0.41546110535292086,-0.6719487939649462,-0.5326415496109665,1.9270930355484215,3.364041539733403,1.1268329800643009,1.3108026734195126,-0.16428576858781563,0.013046144687527647,0.4785139999541291,0.09560696806891736,1.7999854502623291,-0.8547185902672356,-1.3773989744777175,-0.7549572843509988,-1.3327109444091927,-1.666799962644903,-1.4714335673446164,0.7778265721699923,2.257949508160436,-0.9283458678541192,-1.338537493758482,-0.9711160034639089,-1.772430286914291,-1.8577406161084806,-1.6536924637028845,1.0703407996315886,2.1948687890442136,-0.7611682538804797
Bearing2_2,acc_00279.csv,-0.06294165334184225,-0.20196272298141993,0.48641553866408754,-0.2184845319827895,-0.3435737181038919,1.505790700221317,-1.249068806835046,-0.8986524822105508,-0.3315594271989329,-0.6232660710823053,-0.44936482986657134,0.6386857483977447,2.6387672451969317,1.4134685804626055,-1.2315728585403605,-1.1625665721942409,-0.5166936452476201,-0.7664950556928475,-0.44689309381370035,1.6382780314310892,2.670063179780101,1.3999219694017175,1.3102524097577959,-0.17661763337774994,0.08551259782127284,0.2826964179202881,0.11364203635802492,1.8056638646187475,-0.8023747384265647,-1.347833296048281,-0.7655288018134475,-1.3692740608205696,-1.603677065604571,-1.4992505858637368,0.29262040649963,2.589081425025541,-0.8915787214099976,-1.3054019494279283,-0.9738285979282801,-1.8078682143881382,-1.7977784634660932,-1.8395734610467902,0.4403835423147796,2.589073863582634,-0.7611682538804797
Bearing2_2,acc_00280.csv,-0.020958825020101865,-0.20263683777163485,0.3199294833020724,-0.22914740475159734,-0.4545231751135191,1.501180664723332,-1.2545094421151688,-0.9752920643362669,-0.2062185706166363,-0.557505602979186,-0.5316163680496878,0.6314726594611417,2.054060337570644,1.5799308314488576,-1.2146704142102078,-1.251800326562709,-0.4129434389383343,-0.667902617848815,-0.5782876641811934,1.4383147340457139,2.4079532718163854,1.464994147952351,1.4337689182957496,-0.17279655571904737,0.0397808742683193,0.5375211863577176,0.17429136026056521,1.8147027496881734,-0.8514629801722251,-1.3674993798122381,-0.7643705556431586,-1.2934302715417758,-1.6804928963005212,-1.5118207709478795,0.5022383983825223,2.456740487875908,-0.9335265459788727,-1.3303590781520493,-0.9824169996471853,-1.7384455195942006,-1.861535149591281,-1.6130577632621146,0.9184070240862272,2.2639846142268074,-0.7611682538804797
Bearing2_2,acc_00281.csv,-0.021097741458106826,-0.21822270492899642,0.1642536730063604,-0.24037148135034261,-0.3963834955254282,1.315534175665669,-1.0910137322546951,-0.8287011651123207,-0.12760515099557498,-0.5649922748646458,-0.5163074184940841,0.5556002608833254,2.6749269912180145,1.0326844218828783,-1.052603174846856,-0.9366386016297034,-0.4084653143573477,-0.6862962126351835,-0.474512256051449,1.5742080093026898,2.651546484450457,1.038673938420065,1.3248971469049617,-0.1755813526771614,0.027409736013652892,0.4520146890888101,0.09519221931488103,1.761128053057601,-0.8492980633266881,-1.3326067304912057,-0.7326661050733059,-1.3648749211927298,-1.6619986359237153,-1.5250547393100753,0.8860548352136598,2.1845515716487958,-0.9246656427887063,-1.277476864799457,-0.9491396225981585,-1.7998078171538505,-1.8637713613454825,-1.629641123032278,1.1795272254373288,2.110186752018248,-0.7611682538804797
Bearing2_2,acc_00282.csv,-0.0941179668053881,-0.19132453557443332,-0.04945085322238952,-0.18013560360374342,-0.43047947904589423,1.3470400668836633,-1.1580003908540666,-0.8061084472520782,-0.21525337981421144,-0.5552908321879091,-0.41498460624928574,0.7862570347111318,2.9356317397678846,1.0372421117056683,-1.1415229793212707,-1.0489862767871827,-0.3701464699391013,-0.6471564713639018,-0.44229935948109883,2.088204351484477,3.012446245356092,1.0025506457839595,1.2403728643821197,-0.17502225992867235,0.024221085873626702,0.25049667390370833,0.14839990127583197,1.718886439648332,-0.8416392106363705,-1.3324204669350104,-0.7445650847633518,-1.3425390649020248,-1.6138535448672735,-1.4345606249583749,1.3112595623624128,1.8231753393828123,-0.9177003924131911,-1.2922362514731565,-0.9339305922362271,-1.7589502860623185,-1.8309898417300028,-1.0532825228125071,1.62091694488514,1.651356312803668,-0.7611682538804797
Bearing2_2,acc_00283.csv,-0.04344165902621982,-0.19135055498677198,0.06763059340359258,-0.14159960728138501,-0.388529641746114,1.2737502833299335,-1.1031281447985921,-0.6935883205985061,-0.1656422823551048,-0.5133190190916357,-0.48141263587227473,0.5213995214845883,2.5743520266627558,1.0209831700520364,-1.089386609041972,-0.8582989157804185,-0.4047378062729857,-0.6025343427859592,-0.4967806254291634,1.2563936630341355,2.7660593875508543,1.0174727413876812,1.341058703461345,-0.1699809214454414,0.09857613555595905,0.38114443910016566,0.20194314651214568,1.7529541505692665,-0.8410815426805766,-1.343950072663512,-0.7633481080509407,-1.3273426560965023,-1.6560120852852462,-1.317129322893114,1.0487744165322253,1.9941246309732836,-0.9109962444726319,-1.287426294753177,-0.9678084200086491,-1.7653923781458545,-1.8844377163537236,-1.154725757084571,1.208764789449055,1.9536667620666046,-0.7611682538804797
Bearing2_2,acc_00284.csv,-0.04454204432032489,-0.19941671411218745,0.06458371595071234,-0.130936734512577,-0.4381980216930034,1.2904913836702394,-1.1238906496564371,-0.7128636220266201,-0.1845210680804494,-0.5844162960949063,-0.48109566814665217,0.5350457264040994,2.4290948729969304,1.1393737507958623,-1.0980648509650952,-0.9463044583761827,-0.37485398638362805,-0.6253051093105163,-0.5024574854551891,1.1429055218015272,2.6983559710184375,1.0883527201289909,1.3836757944258007,-0.16777735342967512,0.05592494377232155,0.5241174651642132,0.06529366032495498,1.8027562843822544,-0.8479918066683862,-1.3749764375258904,-0.7611407401278665,-1.334062850342947,-1.6641694685663284,-1.454397275719874,0.6974450152852362,2.3081823798203907,-0.9054238944948877,-1.3326875426293643,-0.9636656524846561,-1.7458746601517834,-1.893259413540884,-1.6294131280117725,1.3295125449098266,2.030348599963911,-0.7611682538804797
Bearing2_2,acc_00285.csv,-0.03553386855303555,-0.20779315936782805,0.32635687908458133,-0.23288876361784583,-0.26953080159056914,1.4505611813325832,-1.1769833232005091,-0.9539713502525416,-0.04209874391514622,-0.6998108212564531,-0.5160463092834344,0.6108086316528474,2.559439271224636,1.218263274158845,-1.242282900759963,-0.8980335487497269,-0.31294999784948285,-0.7982749275339345,-0.6248745060440939,1.434208981765777,2.6373128509748995,1.2377156132853357,1.269365398840003,-0.17929264697373085,0.05520815900049546,0.253577989120606,-0.0012050596120521983,1.7696609401759364,-0.8310372333154978,-1.344683369890466,-0.7373070603102511,-1.3361693903965617,-1.6481321185440467,-1.4803637285822195,0.4611507565715125,2.458124801626847,-0.88153533421279,-1.2939433452523241,-0.8901624331130683,-1.769607549023202,-1.8668318752545037,-1.582107638220165,0.8471471402430203,2.245054571806132,-0.7611682538804797
Bearing2_2,acc_00286.csv,-0.024589857734219598,-0.20526593994911266,0.401866190249341,-0.20856993098723126,-0.25661096687047114,1.3941066124244292,-1.1934998554986394,-0.8425286174488357,-0.2389062580740857,-0.623538524794975,-0.5112410617483015,0.2161755514973937,3.272762490743261,1.0385562420978824,-1.1221013636153485,-1.1153149097194337,-0.446043282509908,-0.701937980421391,-0.5711522454610697,1.6993120879049035,3.551431875653715,0.9379692079316118,1.4180597364925684,-0.1770791708341045,-0.01198162631167749,0.29378915270111927,0.15550573144331975,1.7586413861209382,-0.8590608778424745,-1.3344254607710642,-0.7614729821593341,-1.3503197442320838,-1.6732463458018882,-1.485272229920952,1.0978709527263315,2.0331151188582792,-0.8315274411845798,-1.3391349607746514,-0.823148079371552,-1.7939330133515823,-1.8965116476917259,-1.49986160271808,1.5450890350206008,1.8051829641876802,-0.7611682538804797
Bearing2_2,acc_00287.csv,-0.013949888853919493,-0.18723941049652948,0.4879998817640576,-0.1932303596356127,-0.12747357229278203,1.2993637818341774,-1.0790243968419857,-0.6364366794808658,-0.23531728471420604,-0.6128082916197334,-0.47136704898779513,0.5507074183451095,2.296832984909046,1.1286003142970864,-1.1058186667720022,-0.7675437793075642,-0.4203615375679577,-0.6622890448120219,-0.5987185841733672,1.3453521702486524,2.4674461649266206,1.1125148131223739,1.3671966903255137,-0.17822154339484247,0.03589386074143627,0.3638890738855392,0.04310967021045379,1.7267839576034094,-0.8402925990799454,-1.3068982587324063,-0.7495798842550396,-1.3510802346101842,-1.6525043265321826,-1.5094174531767592,0.9346339598767851,2.1370296263747766,-0.9220355676468821,-1.2616205249881176,-0.9591983894520841,-1.8038749643849221,-1.8585750685216955,-1.545930209505497,1.4988266840015398,1.899979326874688,-0.7611682538804797
Bearing2_2,acc_00288.csv,-0.03121397239752039,-0.1698065021752156,0.3921868455869029,-0.120273861743769,-0.1407327030022364,1.4730182303918686,-1.2122735923459593,-0.9564846975768163,-0.2685186223618199,-0.6480012125428535,-0.5103288191117833,0.7429100229854251,2.916025273904788,1.2655384568460084,-1.1953284993390394,-1.1181838646463946,-0.4810591040588109,-0.7863065942967953,-0.6269033748925364,2.7168158140734904,3.1311661648180804,1.1118197753377332,1.4674380971134424,-0.1835219120834238,0.0787513096648763,0.39162091083761735,0.05506477551010992,1.8169905158351045,-0.7487971260144647,-1.3675600263669436,-0.7666476545266733,-1.4126027056232804,-1.6705063716124549,-1.4926194537059871,0.9431813782662879,2.160212880439877,-0.8521990676685876,-1.312543371609365,-0.9706971817495934,-1.8258608131986944,-1.9232012712253073,-1.388548738992327,1.1890144240360578,2.0633334450666574,-0.7611682538804797
Bearing2_2,acc_00289.csv,-0.014587810762282992,-0.21779413634760347,0.1312024889014941,-0.20108721325473447,-0.3890867114702002,1.3616519968403313,-1.1565352082119287,-0.7848010197501102,-0.1983765507292032,-0.6519838063650285,-0.5009575664254543,0.2975971951270124,2.7671469471751577,1.1322256997158708,-1.1588601348932752,-1.002451795362101,-0.3477429779780316,-0.8130965199220316,-0.5290956860121645,2.8306893296107893,2.694129607918404,1.0710273984918626,1.448276192520326,-0.1773481316789195,0.005917238462491882,0.4684997254992123,0.10029806594458185,1.8537016791708243,-0.8147444860242385,-1.399662469866799,-0.7793000040762496,-1.4001432239043505,-1.6477216055412314,-1.4378760353363294,1.1517818620159326,2.006796666104226,-0.8558229320554537,-1.361586223375729,-0.8575430296653794,-1.8012863183601608,-1.8468554184855912,-1.1641262581167722,1.27895273951333,1.8706956199831668,-0.7611682538804797
Bearing2_2,acc_00290.csv,-0.027148055137336542,-0.20735788934202554,0.10968921071863415,-0.13636170486863716,-0.4191099905909954,1.333163562045198,-1.1859784714775974,-0.7821570227643571,-0.14276480289496765,-0.4729196115307358,-0.47638738211790194,0.6758272904474014,2.552168068913443,1.1417334700775568,-1.1228347946722417,-0.978438074207012,-0.3687962411734703,-0.5860624197349764,-0.32180388258815107,2.069342692326578,2.6940795344923782,1.0244954917409472,1.3344646029682667,-0.17970651302891938,0.08608552373649683,0.317207148349541,0.08075206581491873,1.7472804755905695,-0.8460242989139277,-1.3394281527274916,-0.7556814545892535,-1.3065911759151974,-1.6640375022765255,-1.5244399307035335,0.9766775343443352,2.1102813460573855,-0.9223082953677632,-1.3037751078088076,-0.9677557954444187,-1.7761500676706976,-1.8489659756383756,-1.5281513914013893,1.2061323904533068,2.0650800117361436,-0.7611682538804797
Bearing2_2,acc_00291.csv,0.0037401916057650565,-0.2059645970601276,-0.05719666714095773,-0.17845199211393156,-0.4137784514991698,1.408972537953545,-1.236658521829813,-0.9453706746339839,-0.12358253190719398,-0.467161112449486,-0.5182705175381598,0.18140165899187222,2.3112732769400743,1.3902533227806624,-1.2228250964900895,-1.1413549787387771,-0.3240824314592492,-0.5694679032960053,-0.5129600504257718,1.2101456564732533,2.2836362885591543,1.408028357667643,1.4180879332634007,-0.19041338914367287,0.06025099996571162,0.34093327551965236,-0.08472547919061907,1.7697027843121231,-0.8617513496011965,-1.3595989525518875,-0.7600118451234469,-1.28388688139862,-1.6542502769152987,-1.4475806833527396,0.6742465231055268,2.296810483318593,-0.9189638265437114,-1.3172814984264478,-0.9440628178402983,-1.7181758594751506,-1.8411292283456577,-1.5209872976268253,1.0710922134855472,2.109329110195036,-0.7611682538804797
Bearing2_2,acc_00292.csv,-0.10175322424021215,-0.18894170366560686,0.5554527031522603,-0.18574764190311596,-0.2525184404633062,1.4745080464719769,-1.2416077627371795,-0.8987809351933836,-0.20283224048597762,-0.5230931517247281,-0.4004095999359985,0.6329158459900057,2.6451087235414446,1.2839322909809874,-1.2238571149310107,-1.0819383336275796,-0.3962335260446069,-0.6098496543015185,-0.44004965825354353,1.9938952908612564,3.034222512618843,1.1163622969648435,1.2910381130211406,-0.17832541469452937,0.05577749499885515,0.44184634887304797,0.033349484718659034,1.7075601241669567,-0.8284031358091436,-1.3212952352702285,-0.7265699913755107,-1.2950262040209568,-1.633073309692518,-1.4451054592214472,0.975889133154953,2.038015446122896,-0.9033811018540834,-1.2725972548646183,-0.9331965573730443,-1.7423925003833105,-1.8347022505204234,-1.1198592878531493,1.4127219289365016,1.7779811798813359,-0.7611682538804797
Bearing2_2,acc_00293.csv,0.014093819201302569,-0.19368045797089956,0.4849884264803152,-0.157687450406253,-0.2687403269098182,1.3933378824260476,-1.176269690779238,-0.8761885646771497,-0.10879054081444244,-0.6007875774484323,-0.5017659970632069,0.49451081227363525,2.348956262067333,1.2769516517824775,-1.1742982487066795,-1.0205475423518342,-0.30550529934059767,-0.7414803846766695,-0.4391585785105965,1.6601137075857417,2.5237018606075368,1.1997379867681406,1.3918209707537437,-0.18495713070551212,0.07870072947346668,0.3390844863895137,0.003828272578800359,1.7990705066013075,-0.8644314065222644,-1.3533046748110078,-0.7362144990682518,-1.3553084509904583,-1.6392115962959777,-1.435117741188156,0.6423101959856609,2.3236775880458573,-0.9276405590856605,-1.3177987965619642,-0.9455731499961114,-1.7839721181361512,-1.838686846529091,-1.5393405086923098,0.8428257454889985,2.2725202514237735,-0.7611682538804797
Bearing2_2,acc_00294.csv,-0.01307850633123983,-0.16695095220977924,0.27820680938244013,-0.06490175052329285,-0.19733838079302837,1.5431225176982493,-1.1843956678565448,-1.1141661086174641,-0.2703846115465195,-0.6523572303036628,-0.48942914271959587,0.655947018379593,2.7561807745065128,1.377501472986472,-1.1885315165482886,-1.275816364812421,-0.48114376989583063,-0.7111871563088062,-0.603138310862594,1.8913400502984585,2.962268948730437,1.2811733969726211,1.5145968644200152,-0.1745244536558799,0.009367417740656083,0.4595639113702091,0.10033678389109325,1.9217770499767695,-0.8631174065878168,-1.397811109006206,-0.7851097370600534,-1.436347081527144,-1.6549816108459958,-1.5540246347652877,0.9276336092485858,2.2434462435275475,-0.9349846661230968,-1.3449789332240634,-1.0060321683401143,-1.879454132279543,-1.8787633978786669,-1.5607049561701933,1.571486309147196,1.9423790216491459,-0.7611682538804797
Bearing2_2,acc_00295.csv,-0.03169904572068823,-0.18964869710075719,0.3225341771552869,-0.07519048740547589,-0.410609148447042,1.4084684633924138,-1.1559110139038649,-0.8848037783578917,-0.2569096091742422,-0.5706421762139893,-0.4616106842812149,0.8123748822642665,2.4010366267117873,1.3145696551807402,-1.1378509729668433,-1.1341959719046752,-0.44576941337259046,-0.6837186161148398,-0.5250644748674265,1.6893330084449671,2.707589048682852,1.2231329693669757,1.4524536562450443,-0.17328318354455896,0.045797989014535724,0.35341260214808745,0.18111119489382477,1.8435642827585033,-0.8758572263325433,-1.3455673334146576,-0.774039383612216,-1.3650800232877576,-1.6557339870166439,-1.3918369491439337,0.5206756926664713,2.4318742388050563,-0.9183691868982989,-1.3133696991854316,-0.933598718178535,-1.7885593031569673,-1.8901092280883813,-1.1960138065865908,0.9621486823157009,2.112092246796392,-0.7611682538804797
Bearing2_2,acc_00296.csv,-0.07245704632827778,-0.21313430701150213,0.2705309471640044,-0.18630884573305334,-0.43470235303614735,1.3736520797883969,-1.155597175387398,-0.8870236520178445,-0.1601115814310334,-0.5785731965570777,-0.43688938321166526,0.8974708716323593,2.7909419219203238,1.0992566925804155,-1.1255055403855982,-1.0781122665592962,-0.3415858335043911,-0.6421392575361449,-0.4840351103063563,1.7404427021856679,2.947694147704173,1.0363728691455316,1.2839277443488308,-0.18715986557427713,0.10971324882617531,0.30472782172110574,-0.08351776581484421,1.7169859311745013,-0.7806518615097784,-1.3562772569813217,-0.7587469063544292,-1.346216176265555,-1.6287869211656019,-1.2919944179357636,1.0205732428474328,1.983943652457274,-0.8541668373152297,-1.3237271177311691,-0.9687102887046246,-1.7610324521146494,-1.834696907791662,-1.3719113237389153,1.3294785037284875,1.9245580899551085,-0.7611682538804797
Bearing2_2,acc_00297.csv,-0.037483142223826774,-0.19147758231453382,0.251182730715562,-0.1509530044470058,-0.2637999100517818,1.416359627508678,-1.187754727142108,-0.8220117164913883,-0.248023926475479,-0.5909302544086226,-0.4883446127314111,0.9467597913573312,2.487295319844734,1.2815656698699005,-1.1763643706134843,-1.052108505983049,-0.35020241586234124,-0.6841438756651981,-0.5147185439611515,1.5485943185596487,2.8616823980647514,1.1399185074271296,1.3671056641849855,-0.1865076088810862,0.0774416601843354,0.3666622575807471,-0.08690406638421073,1.7785854774985235,-0.8439937007400996,-1.3362136233029773,-0.765785907445667,-1.35201002686677,-1.6459550365111275,-1.4479333441638353,0.5398759078208659,2.4133400656442516,-0.8714576139341751,-1.2948566103862407,-0.9422094816816091,-1.7901187058523584,-1.8442468550679616,-1.412078096664079,0.8622592125208226,2.2056621003561556,-0.7611682538804797
Bearing2_2,acc_00298.csv,-0.037601440731867206,-0.21387129382586045,0.26518262588121283,-0.19397863140886246,-0.4487702897770811,1.4548602699953848,-1.2495279341947871,-0.8098485827065729,-0.237648587804429,-0.5633691463942695,-0.5194792079276837,1.1155423974728416,2.898978286368627,1.1786867829431702,-1.2315205052170433,-1.0091626069461104,-0.45123960299981314,-0.6624018396870481,-0.5876691435173733,1.6112940095382782,2.839792039305309,1.2399034161282494,1.3847187169875455,-0.17342795070766728,0.08067269445389426,0.34570931410584355,0.07091591688016313,1.837145149929046,-0.8604192911876302,-1.3601601287433351,-0.7756047246627878,-1.386474443730617,-1.6368610536209067,-1.3492938352033765,1.0128277259931877,2.0613913656966902,-0.9260336449127821,-1.31435597581951,-0.9761582040038558,-1.8201051784872564,-1.8626519289176808,-1.5865116098050016,1.3544114457716336,2.0249645212837217,-0.7611682538804797
Bearing2_2,acc_00299.csv,-0.01832306516778379,-0.22188564302121522,0.2110939082186266,-0.25178262589240025,-0.3825867529561251,1.4959722210944661,-1.1978132569274513,-0.9942347966162124,-0.31240842221759596,-0.4970876813279106,-0.5088679020181041,0.8983784989532874,3.13559765267303,1.173524255096703,-1.207113731048492,-1.2219757037281962,-0.515422401087805,-0.5916491269385665,-0.44065489758961424,2.1853424343226604,3.506847756892365,1.0558479825928686,1.4581842742554008,-0.1804861671055987,0.03170127492055164,0.38314729399114905,0.01887292215227337,1.8062262895411887,-0.8508862538211199,-1.3870365277159447,-0.7767357360530733,-1.350650410725849,-1.637531158092823,-1.4180400421193426,0.895246832296633,2.1607057993375016,-0.9017408801165161,-1.3310835131696535,-0.9943652436278498,-1.7477788935268823,-1.8715646493881672,-1.5130534615269355,1.0525982718506275,2.160860471426974,-0.7611682538804797
Bearing2_2,acc_00300.csv,-0.015326923131208446,-0.23198109463723926,0.08359616598337503,-0.23475944305097,-0.5961320142345036,1.4753177608140247,-1.170618830745573,-0.9530950275113701,-0.278328370867803,-0.6953730113815556,-0.5170532598764983,0.7779752684615537,2.7689785296843206,1.2881709830341073,-1.178312986290109,-1.185687298294488,-0.474542370852153,-0.7824501807113885,-0.5211482613173836,1.4596247840890257,2.7734371897235555,1.32335659524753,1.4807264594666523,-0.17507879373186097,0.10246304654323804,0.44569799289417,0.06085394529245901,1.8168658608232024,-0.8520300411031739,-1.3705849864459168,-0.7795069331963337,-1.3787974634135,-1.6851138335426938,-1.4524448038536788,0.9573171704123643,2.1618184283438175,-0.9314263366758776,-1.347357246346995,-0.9726739361582816,-1.8162033573998677,-1.900138044030054,-1.7658355139064446,1.1082337230226067,2.2412161031759394,-0.7611682538804797
Bearing2_2,acc_00301.csv,0.016681942723946016,-0.17643654364591263,0.26204128050921294,-0.13767118047182406,-0.1234394820936212,1.4981938814563514,-1.2681565117048643,-0.8275100521073688,-0.3283105751106893,-0.6695588515493242,-0.5390567269040254,0.4266990080878963,3.096301681534057,1.259913509552533,-1.2460748027830812,-1.1328053944946344,-0.4611660063044377,-0.7511962754935695,-0.6343636850076545,2.466193076854677,2.8896708224909164,1.2558520623364209,1.5437790520542312,-0.17444897727718847,0.05887656716397319,0.4024055140967589,0.09190034968054818,1.8931514536067207,-0.8747487573195025,-1.356931970543957,-0.780715597090191,-1.405464428653473,-1.6860390291234275,-1.5512790087732296,1.096833892574744,2.108938980630829,-0.9140962392525631,-1.3159660944112899,-0.9650882327390636,-1.844272114627406,-1.9097499437465517,-1.4432820988370314,1.432788130223624,1.9548111613073436,-0.7611682538804797
Bearing2_2,acc_00302.csv,-0.02743968166466314,-0.18663223623621886,0.12420715326661769,-0.18275455481011735,-0.1774999979995952,1.530763990856634,-1.235140540967943,-1.029191605901092,-0.23564978336326436,-0.7068127289197552,-0.4712187279106811,0.6486256072687562,3.214480531513109,1.2120861767322024,-1.227289615095604,-1.1799357920101985,-0.48347620622726695,-0.7287072554066548,-0.6061771304279199,1.9914628529138005,3.2769605064215104,1.17683042590595,1.464833883341015,-0.18460524645439264,0.02192620567661917,0.34771216899682683,0.005109883266234428,1.8771103278104393,-0.8824354715527088,-1.3889540578700335,-0.7820596398733954,-1.3804515012873608,-1.6582357905165308,-1.4629712390936507,1.3365276298034334,1.895530365031292,-0.9517423527413618,-1.3698155666279375,-0.9947467227876899,-1.7815400616431742,-1.9150138780412795,-1.1592663355785746,1.6804276789432184,1.742758491070149,-0.7611682538804797
Bearing2_2,acc_00303.csv,-0.01424301906523685,-0.20185027925420448,0.19570704930302266,-0.12756951153295332,-0.3949486893421112,1.4930620715605563,-1.2396493250021154,-0.9293348570038762,-0.23213727266475562,-0.5369380796304775,-0.47026308031563835,0.6644053270543391,2.7427302785971874,1.2924809451371626,-1.1437588487563422,-1.2684930079826604,-0.3755062268800723,-0.6337040636315058,-0.5433516850511322,1.8809731454137946,2.507974830326416,1.2960015586988236,1.3632444579093141,-0.18805461251920144,0.02439049174931989,0.28084762879014946,-0.03622113025488095,1.85301846677982,-0.8465228589707572,-1.3844712552542402,-0.7543731369687307,-1.3574287414203858,-1.6678773840481158,-1.4608080304482196,1.0782748235113564,2.048150633724988,-0.9180353804835679,-1.3391915301837434,-0.9524158876560442,-1.7770824122490565,-1.8851274098418376,-1.1795568012221922,1.2935252984958954,1.9246778797558601,-0.7611682538804797
Bearing2_2,acc_00304.csv,0.015142181499378708,-0.1325699532583243,0.11780898991794125,0.06978716866164958,-0.16638552829935785,1.6074889612618772,-1.2498146896090676,-1.0040747298176322,-0.3704774940520213,-0.6882640891712888,-0.5242731039816865,0.9604963387734488,3.536600788284527,1.1787555813936905,-1.2289645512124352,-1.2986335972395866,-0.5631409403344426,-0.7459953074647423,-0.5616549749925677,1.9540857647748244,3.4722715793559735,1.2143385545227507,1.4307473962547872,-0.1891511131154573,0.08622460074553495,0.3842257543170633,-0.1079431860526977,1.8986027621209463,-0.8272796441636746,-1.3731198927950812,-0.785381305784316,-1.4126191250649875,-1.67955792219269,-1.4490340473883387,0.9896128619355563,2.1454376534102817,-0.9004881292385956,-1.3341641545998404,-1.0022128615461772,-1.8650548307681154,-1.8796334627991178,-1.4040786387499193,1.0244262171073952,2.1935210651841706,-0.7611682538804797
Bearing2_2,acc_00305.csv,-0.021583087502402017,-0.17235566126769644,0.06365677087720867,-0.11728077465077029,-0.19400054989709048,1.539581310010688,-1.178991085349384,-1.1612783250091467,-0.12573927888238073,-0.6325156336349168,-0.5461638372936771,0.8002941336295754,3.016543213687884,1.2009110393832334,-1.1922995741503797,-1.2433193652858725,-0.39459155547211905,-0.7052614347032564,-0.6248306595890343,2.079595833359224,3.3102458854760104,1.1014115987665116,1.4344672697047036,-0.1738560835091218,0.02952181199801919,0.4859091564746836,0.1287362692676578,1.8493253336317994,-0.8538734108057977,-1.3968202016099724,-0.7546565397676657,-1.3799066733719496,-1.6573816046621235,-1.377511068954509,0.8277375548786623,2.211010019773701,-0.889812652933263,-1.3420387953418995,-0.9751995082549274,-1.8149858923034836,-1.891384492272443,-1.579118238200333,1.5056940860580386,1.9411711457273444,-0.7611682538804797
Bearing2_2,acc_00306.csv,0.009972613905366435,-0.21914193072249938,0.27588201013697217,-0.1872441854496154,-0.47956394555347254,1.3511477196041592,-1.1655068835308027,-0.7305331797857271,-0.16248631006944314,-0.69627655916475,-0.5713821688213493,0.6460733510976847,2.38675186139554,1.2350292369580518,-1.134519681660212,-0.872649077678189,-0.4246546144604109,-0.7964307822933895,-0.6619568400613094,1.8382425363147263,2.6195661376909993,1.140489954321207,1.4655640094425604,-0.19134934776680432,0.0477852793302381,0.2803854315076148,-0.10744984115216626,1.8606264747208985,-0.8678758274723838,-1.36313783774469,-0.7653941851326064,-1.405827835511961,-1.6848181670349207,-1.5212823778526345,0.8549889635667898,2.2668161783910463,-0.9325963222777655,-1.341142179688161,-0.9705462187943507,-1.8682928984281415,-1.8897518669438704,-1.5215910892838254,1.4436817139769378,1.9869929000725348,-0.7611682538804797
Bearing2_2,acc_00307.csv,0.03578290305587634,-0.19938304040154092,0.2905753710871832,-0.17545890502093286,-0.24849948012161857,1.4458458035096944,-1.1697677306957623,-0.7277267291145836,-0.4228736917310063,-0.6425600917815315,-0.521175392444399,0.24112326380419336,2.709831379737899,1.295664483056849,-1.1331584148993417,-1.0468612497299208,-0.6387473092585333,-0.7753465197866911,-0.5605954356829271,1.4828573025402652,2.87710734800525,1.2620600377637419,1.6027923281623788,-0.17174308217218004,0.0366894754514786,0.43183207441813065,0.12790335898982844,1.9267787412429456,-0.8317230891709866,-1.3841078263199749,-0.8024625613115033,-1.4168744612877258,-1.6617615575313476,-1.4588989129433227,0.7524012856762817,2.3280748114312484,-0.8938045926274105,-1.3479057762465252,-1.011742422014236,-1.8096854387737953,-1.8913398213932953,-1.6553314044969556,1.0630248793281332,2.236785987361882,-0.7611682538804797
Bearing2_2,acc_00308.csv,0.006539134268364584,-0.20809436795652717,0.5325532045106859,-0.19828119410504805,-0.37997523388469656,1.449167401311431,-1.14823729962707,-0.9465846329870548,-0.22522035415511538,-0.6221724782984555,-0.5406061903341646,0.9037101911493596,2.3597240125924808,1.3512319966068156,-1.1832003977990797,-1.0740751103176989,-0.38075810611015365,-0.7224992914984371,-0.5936081016411372,1.6571343007113133,2.820200274570473,1.1945862593611147,1.5651985569042426,-0.19082466499436596,-0.0056342153969842655,0.40856814453055396,-0.040795926291374136,1.8880488508865938,-0.8069236901653262,-1.3869222759524416,-0.7658477971623087,-1.3981448532809597,-1.6766126565776736,-1.391097380690006,0.7348887845090863,2.290088303306421,-0.9041433485560879,-1.3406446526736986,-0.9696443602282407,-1.830991949231208,-1.9105424766556258,-1.5412556675179432,1.2696728735149305,2.079707459292134,-0.7611682538804797
Bearing2_2,acc_00309.csv,-0.006845150064463978,-0.1922295458006661,0.05100395022706501,-0.12195747323358085,-0.40622183594943856,1.5054557562968467,-1.2112749774548217,-0.8692243479970649,-0.32700991337121055,-0.6895342706708911,-0.5055697427678336,0.941309107000235,3.066693527149762,1.203512242490276,-1.2017019534470577,-1.0378386589673727,-0.5780254883711254,-0.7734155857070818,-0.5921597164410131,1.6782144905904905,3.476996159170414,1.100265902154467,1.4545119614386637,-0.18831008090422516,0.060861791482868154,0.30549815052533014,-0.02105731909737225,1.8372273897086466,-0.8495373188254557,-1.3600074832293927,-0.7818360605177065,-1.3765659427773305,-1.6842476316497137,-1.455543630723676,1.1414945557011742,2.0274482040451405,-0.922289199210625,-1.3365593265344546,-0.9932229969001972,-1.8228376896977005,-1.909343553697374,-1.4469836721128424,1.51085806870296,1.9229185329522038,-0.7611682538804797
Bearing2_2,acc_00310.csv,0.00470361193182402,-0.21974228104744375,0.0778575306121624,-0.161241741329189,-0.5249138570909877,1.5207411482005773,-1.2223111657775285,-0.9579449891629321,-0.2568310888370232,-0.6788200652620882,-0.512628107246545,0.49342398792266495,2.747735223187763,1.341675604854305,-1.2469363174265091,-1.0799397273865463,-0.46407077223657794,-0.7472329509685954,-0.6162448165926748,1.9835271917527657,3.0550881400520775,1.2177856468948784,1.5774495109058448,-0.17680018449245452,0.06045446186950517,0.5355183314667344,0.12022592639724633,1.9504795439819154,-0.8360001986433322,-1.4180031542758473,-0.7931725079784766,-1.3936468844828944,-1.6950539939221658,-1.542492515647117,0.6360266048019023,2.4504124722896474,-0.9132349886122914,-1.3781275036278378,-1.011601989355198,-1.8554698329463244,-1.9120964421308455,-1.2512070550147831,1.1528555712961015,2.100479149637429,-0.7611682538804797
Bearing2_2,acc_00311.csv,0.0008644265054544271,-0.2249750469894449,0.10283179345338626,-0.2510343541191505,-0.42756705365667547,1.4155643768350659,-1.1219138170922154,-0.8260682611687853,-0.2893538765026165,-0.5950668753293554,-0.5376340560045517,0.521234721217712,2.5287601152956265,1.2452473798274084,-1.083138730900003,-1.125744088507155,-0.46703994782796704,-0.7317776930411218,-0.5590325840746534,1.2840639150185478,2.7776318889016594,1.193455473129087,1.4934493020305413,-0.19256112700412978,0.014712354776612821,0.31458803041517786,-0.10611869977905902,1.867607146227532,-0.846239316509405,-1.363176690948291,-0.7843793289527095,-1.306030421366374,-1.6697783910097002,-1.5354468074817085,0.8851984180072398,2.2026262048948304,-0.8658705385664015,-1.3225805946714277,-0.985185438771842,-1.7789933058842398,-1.8304898243948111,-1.7251977584573435,1.070464718258596,2.19498153428677,-0.7611682538804797
Bearing2_2,acc_00312.csv,0.0660151374976873,-0.22837741155617639,0.08417900789840117,-0.265064449867582,-0.49332259819083446,1.4468537688216419,-1.155971697650617,-0.7597033130261523,-0.34863260798628337,-0.6360693403038427,-0.5755500353154858,0.6554399583387245,2.6422280911301934,1.256871488656802,-1.1252247386982257,-1.0423994097135831,-0.5377164722070167,-0.7001794506973382,-0.6304251364007694,1.8854463332960838,2.7377569158204516,1.2040921748045097,1.5186415704791119,-0.16760216491383265,0.10485848409875785,0.6336582211249224,0.09013437508053113,1.8644280359074163,-0.8432942086571771,-1.3545226830695571,-0.7813670982972194,-1.367230214159763,-1.6868491938786312,-1.4268199633185739,0.513247669676029,2.457446693180655,-0.9085913269346587,-1.3305909605230182,-0.9881777547763854,-1.826592317942818,-1.8943084564914887,-1.76602854196193,0.8763496241674079,2.373740964936007,-0.7611682538804797
Bearing2_2,acc_00313.csv,0.0791157065502989,-0.19419039266660743,0.2416751001894388,-0.1739623614744335,-0.2444691192507158,1.442830969487632,-1.1835337053549881,-0.857402240760409,-0.22512272690225726,-0.723470496173644,-0.5639878478298518,0.30069606622318124,2.679919109989623,1.2804420840399835,-1.1686867991182355,-1.114611959027655,-0.4119076784781748,-0.801879257990386,-0.6951973891706378,1.5284571015297672,2.8386894342387756,1.2453743423225039,1.5941921399918852,-0.19065020672863497,0.056391959247783785,0.250958871186243,-0.04191791511745733,1.8622044855870092,-0.8526177902105998,-1.3616562896572653,-0.7683559503260119,-1.4221022223581212,-1.669060623189506,-1.5654827683108172,0.8128314610393346,2.310297750089631,-0.8786318311464909,-1.2960083105969311,-0.9656104906217596,-1.8136493828851898,-1.9200988010290396,-1.5239394203328231,1.195368165651185,2.0949412948592423,-0.7611682538804797
Bearing2_2,acc_00314.csv,0.049535683214215566,-0.21672208843464494,0.3942343765114655,-0.21642678460635287,-0.5646323606903378,1.430196883956359,-1.1735096623503578,-0.8506615063367475,-0.2765165020098976,-0.5538512025563866,-0.5073390114825918,0.46390957442386427,2.361017342819123,1.3552317555881597,-1.1847324360531188,-1.0854170780430528,-0.39084454588924683,-0.6438011455788205,-0.5451850800108758,1.826988350455586,2.36883082649919,1.3149712208932622,1.5558209367016789,-0.19145099078269667,0.07861182128253105,0.31320143856757404,-0.09337661624110243,1.9174305117930213,-0.8575507961654287,-1.391372839232331,-0.7804663225200349,-1.3415851182699399,-1.6722377346615704,-1.5227899308265853,0.7077701973834931,2.343382709337184,-0.9379160343799721,-1.3514209373241388,-0.9957210646908957,-1.7862481204149359,-1.9096037999009496,-1.5999796148644934,1.0121912465643412,2.252771201535041,-0.7611682538804797
Bearing2_2,acc_00315.csv,0.0021839187109775615,-0.19946640332198926,0.09759914874640585,-0.18705711750630294,-0.426147090049868,1.440204663845529,-1.1965483913093269,-0.7898833781311349,-0.2552069802069002,-0.6841135867343469,-0.4741962992013357,0.607573525603901,3.759109704622449,0.8434781910064852,-1.1931300055757326,-0.9099286787896893,-0.45735710065575985,-0.772502646612168,-0.533858776627279,2.126587916587248,3.4128927914523697,0.9454322758129047,1.3749146944952602,-0.18494363803830793,0.04519046983327564,0.3164368195453165,-0.10195365762248441,1.788115614517504,-0.821325893900846,-1.3504037581396626,-0.7671099567224531,-1.3341469997212272,-1.655959135756437,-1.346555849083428,1.6756234223966828,1.550659315537615,-0.8909857456706559,-1.3020781694954786,-0.9431282596896474,-1.772210969203217,-1.869944921530354,-1.2723211079227703,2.0403582664375053,1.4930352553451276,-0.7611682538804797
Bearing2_2,acc_00316.csv,-0.01418772717721441,-0.22287121783552183,0.13888975164823433,-0.2493507426293388,-0.5562639121836288,1.4189603553604448,-1.1627735901116858,-0.832498662658352,-0.2629883916103987,-0.5530417192794738,-0.4980143564993136,1.1665832809025216,2.697981392996104,1.172633586139292,-1.109933598444244,-1.1196897721589798,-0.458961966848272,-0.6213543021105443,-0.5123316901016877,2.0133387850553586,2.6687547663391125,1.164531247037643,1.364656404304938,-0.18487217353812097,0.10613531601198604,0.4111872624649171,-0.027100432413120115,1.7450501423606763,-0.8203151832011881,-1.3477914509293736,-0.7641157608205572,-1.3083748737887775,-1.6430115220818167,-1.3596325965727543,1.0671531619117547,1.9780490218556679,-0.8711702269519281,-1.340178604561791,-0.9514505506626167,-1.7125209486726998,-1.8540625224528469,-1.5932729085384207,1.1813766888005526,2.0667532692229207,-0.7611682538804797
Bearing2_2,acc_00317.csv,0.008577738257788965,-0.22235694667796893,0.23499755331964264,-0.2153043769464783,-0.49535702781290525,1.4015730990196813,-1.122913960690699,-0.7370722426590668,-0.3580832055671803,-0.603970150314433,-0.5033648519013623,0.7134692100652223,3.037683986461315,1.0427650057738989,-1.164268000655907,-0.891576886166016,-0.552609470243614,-0.7182821245963786,-0.5862470885725133,2.633012228497379,2.8357771098866653,1.0912957139753303,1.479246762867907,-0.1923724484883276,0.08551308757950105,0.2974867309613965,-0.10766384843501638,1.8510764367749697,-0.8572487441788949,-1.3462770258239485,-0.7805599488004935,-1.3648837586494111,-1.6488770623512745,-1.4493907931850076,1.0255438510649821,2.085516637870576,-0.9001174100974246,-1.31918179220442,-0.9413707821687776,-1.8184574369760493,-1.8768180423198402,-1.3854952112272179,1.270596000703959,1.9967690382771897,-0.7611682538804797
Bearing2_2,acc_00318.csv,0.022101339629404342,-0.21509181664722132,0.07199162573794646,-0.25833000390833494,-0.46896473043487363,1.5415882365819005,-1.232186202505841,-1.0401977855113302,-0.2861009124647151,-0.6245238636762195,-0.5540193044150731,-0.03401704673051964,2.710492401474423,1.4554753241688894,-1.247998568942519,-1.2710546721814222,-0.4386037961571333,-0.712704450314908,-0.6235561164187001,1.5879816998613006,2.911662944122662,1.3666161226648992,1.66604247167135,-0.1833239869736012,0.04464055714537682,0.7163915346986223,-0.002427215706418036,1.948513843487593,-0.8823433454351625,-1.4057255609958703,-0.7864846324855623,-1.391246327909419,-1.674602757330544,-1.4845978736186445,0.8264317936873359,2.2867370750419087,-0.9403304832620424,-1.3615521937870927,-0.9711068920322506,-1.8410508025967411,-1.8964691121519075,-1.3627143288889012,1.241357098923678,2.056465460837428,-0.7611682538804797
Bearing2_2,acc_00319.csv,0.009159967822772598,-0.23262433960062817,0.0987331016380601,-0.24729299525290213,-0.588017414809803,1.5119161759311193,-1.25044987464487,-0.828014944291417,-0.29928156778022696,-0.5966145171164555,-0.5155220666283536,0.5736676492364493,2.1723557525154327,1.5074177922153043,-1.1966699238272898,-1.1879613191193203,-0.49281013586409755,-0.6520526596938148,-0.5957203321682504,0.9937812871098933,2.5356012037673956,1.4514357643361393,1.5926482558619093,-0.18827208006890755,0.06706881784579037,0.5943714521094782,-0.13670129633202177,1.8556046558760888,-0.8713483569281563,-1.3576831618650727,-0.7709192900155158,-1.3645614510294115,-1.6547983820934438,-1.532493452018631,0.6304176451337754,2.402091306333899,-0.9345487123105023,-1.2945842383520962,-0.9876939451146652,-1.8108671697296395,-1.8637951570181661,-1.5433558792389488,0.808890221470254,2.326727949787225,-0.7611682538804797
Bearing2_2,acc_00320.csv,0.04432023036738573,-0.214978603541535,0.3010350983948462,-0.1664796437419367,-0.3448571554428623,1.5509408471037032,-1.2760536670200637,-1.0247526196775265,-0.2893768070234176,-0.65802871126534,-0.48239350712258094,0.3952945783992343,2.6414483050457083,1.508158898602373,-1.2422206314564022,-1.2617365535394562,-0.5412786946941965,-0.7277867711582781,-0.5705210786326276,1.1611012687141729,2.939805612172833,1.431425583878439,1.680881337597735,-0.17514087230064038,0.04846646642206192,0.5564712749416378,0.046735851144313174,1.981470527772709,-0.799616069382552,-1.4004147242548843,-0.7926043226097969,-1.431837418871616,-1.6579252799085211,-1.5508655410219647,0.47443001191870526,2.5556088181154712,-0.9145544818291453,-1.360705217106872,-1.0068770375332543,-1.8468572961994192,-1.9228336937096249,-1.796475519917782,0.8356148255820112,2.4415155741822687,-0.7611682538804797
Bearing2_2,acc_00321.csv,0.04074678638796785,-0.19649334666552754,0.395539656700142,-0.03459674370668068,-0.4884393159062112,1.5192773563159307,-1.186292165169965,-1.003233041251949,-0.3149899555563574,-0.6963316604584678,-0.5114497238950783,0.4549903409701169,2.865715822734632,1.336741385320491,-1.2259847236260535,-1.1610876203577296,-0.5389451005264609,-0.775973170874703,-0.6417694037849616,1.5954019336003615,2.779320646842603,1.3984572596048086,1.5675687926104578,-0.18407084684846017,0.08931781605188062,0.4130360515950557,-0.026576276106845168,1.8973690136754593,-0.8631496281872083,-1.3818750122418342,-0.777409974699017,-1.3759335441881755,-1.6822597011648672,-1.4454839598247518,0.9358699342082324,2.177180464067686,-0.9064697296453197,-1.3513158782365517,-0.9317036339981136,-1.8024965213260102,-1.9077343382856164,-1.4119359739552217,1.2140508958761491,2.048243235701755,-0.7611682538804797
Bearing2_2,acc_00322.csv,-0.001810512794167195,-0.20673709086989114,0.36483422534664595,-0.11765491053739525,-0.4207515786981162,1.4381781300617318,-1.175516117179738,-0.959066463896066,-0.30938186030660264,-0.6597677178993442,-0.39239340571881576,0.817364693661481,3.1725591705778866,1.12655638377949,-1.152661036311027,-1.270355882961939,-0.5062369892806965,-0.7241640865029405,-0.5263840060089794,2.2868806648734314,3.4942817143947127,1.0443484058591552,1.3975229228578359,-0.18915711005840516,0.039976688269118855,0.3315352641081146,-0.055063735235552115,1.8395399061127162,-0.8538855458406921,-1.3833616973303626,-0.7786122218349886,-1.3779488115569278,-1.6057987595294414,-1.3237674995880293,0.9304427644917503,2.098978158685561,-0.8983567655811385,-1.347886986170293,-0.9075448046578093,-1.7928441133940372,-1.8525632701123793,-1.2918805179515496,1.180775359507728,1.9944800198416421,-0.7611682538804797
Bearing2_2,acc_00323.csv,0.0887398101438517,-0.1787504425257955,0.13985154121876306,-0.09240073819021845,-0.26725344361814884,1.5072691009498553,-1.2602285024616473,-0.879770500434842,-0.23623676954758485,-0.6652686927206117,-0.5712265555372649,0.3524391453243841,3.0478555626432313,1.239222092393652,-1.2281969387213125,-1.091546783636416,-0.46287389014282737,-0.8001770876557828,-0.5664814578278443,1.4155591994044026,3.0842690102127266,1.243020329110627,1.5723528572759533,-0.17260580131862485,0.05019934689427694,0.5473813950517898,0.06173364517614007,1.8622705143432317,-0.7380955837403951,-1.375120180174138,-0.7783356723743963,-1.4114554271675837,-1.6810782067167234,-1.3835869666203706,0.8885688691543369,2.171046220453829,-0.86785756913661,-1.3221327968933194,-0.9920022239885931,-1.837785673439619,-1.9309871834791512,-1.349110138025805,1.4547626030537797,1.9210290225987054,-0.7611682538804797
Bearing2_2,acc_00324.csv,0.05028211793503907,-0.17308580036164187,-0.16749390365084904,-0.08342147691122229,-0.3093339991715261,1.5117247778290281,-1.2494808517911336,-0.9090486801583613,-0.2873062274705619,-0.7527027796880061,-0.5379069737765868,0.3282117980523894,2.3099035463461837,1.5676353724087733,-1.1831315462361918,-1.331455034072776,-0.501756346039195,-0.826150366457863,-0.702138577590088,2.134811813494362,2.451772952120946,1.4873343173156526,1.627466220434806,-0.1820278764917499,0.08373909537713596,0.2945594815053438,0.0364714488552956,1.9113017749221295,-0.8464724975238571,-1.3814055293723952,-0.7779952906579215,-1.4217684256080205,-1.6754768949317007,-1.4952241215272786,0.679185622095682,2.3884114753782577,-0.9214097216810552,-1.3516859287093774,-0.994916883613029,-1.8577393614696653,-1.9318288089347568,-1.6241093039528114,0.8368866870915294,2.390441660431977,-0.7611682538804797
Bearing2_2,acc_00325.csv,0.03434000205296691,-0.18243168523819253,0.1474559938110604,-0.08791110755072036,-0.23237409834579467,1.5291677027650898,-1.1847339912362376,-1.0251327663967167,-0.422475538733718,-0.6668680400302122,-0.5257874796551189,0.28102554064116136,2.6981386057815375,1.4739062402674858,-1.1824604911445755,-1.2971011068368343,-0.6286371111479638,-0.746084132959998,-0.565574482936794,1.523289595827744,2.6779496634725963,1.4828472676428244,1.6188765532118818,-0.1736850515731423,0.08069155563948151,0.6310391031905592,0.08566704839843947,1.9424002117173578,-0.8690960642350697,-1.3940812747372466,-0.7950132625058883,-1.3956980097446736,-1.6767108943169784,-1.5156440349671403,0.862544097618419,2.2749016174877412,-0.9463732353914002,-1.3647306921486746,-0.9980531420161542,-1.842097004365607,-1.9141240581291814,-1.7645938997540196,1.3313602484380194,2.145847434529251,-0.7611682538804797
Bearing2_2,acc_00326.csv,0.05026116668104557,-0.1921617650945544,0.36392929313957406,-0.07780943861184964,-0.25239755717259266,1.5597783312645093,-1.2243850011976525,-1.033328713023341,-0.33335321573733756,-0.7370839072002072,-0.5613735738793749,0.5928448242544927,2.9999014217542053,1.3722599744115693,-1.2313057896080846,-1.2473175463627109,-0.5032406227811085,-0.8382755201859846,-0.677347701748189,1.8387103627986008,2.8495585535239334,1.4001451333265058,1.5789144981680296,-0.18647210260005107,0.05377817415086365,0.38515014888213245,-0.02741376868024713,1.9433549807258321,-0.8346978693904464,-1.3984087242829861,-0.7902448142460459,-1.4392269549577872,-1.6918810761556367,-1.4237930921160242,1.1107679000332464,2.0791270807580298,-0.9259452473208492,-1.3688135264822865,-0.9995266142691015,-1.885172448096869,-1.9143657012493878,-1.513492215477022,1.3923138471177356,2.047509953633187,-0.7611682538804797
Bearing2_2,acc_00327.csv,0.030852558475831512,-0.2377483463808278,0.3009248695712649,-0.14347028671450918,-0.6157854718016649,1.4936406602152255,-1.2560358142025394,-0.9001725036272469,-0.14369312258517106,-0.5906588186099456,-0.4860178071035028,0.8212147265497886,2.920292699390995,1.1795571047345437,-1.225669983748131,-1.1272340129786649,-0.35645375155978914,-0.6658237915751003,-0.5378608620754278,1.7380355917948243,3.150555179194481,1.1253028948447807,1.4418255028996294,-0.18828455071185796,0.030521259436163923,0.2642085266189025,-0.029043947908238305,1.847735465659325,-0.844297389405645,-1.3910073976866704,-0.7632945026227501,-1.350108740091654,-1.6564440542821675,-1.461686977155794,1.0254837409571964,2.085438772934413,-0.9273013601302769,-1.333327218643063,-0.9733808485119,-1.7902935123243842,-1.8540954620711705,-1.6290729975342875,1.384713408612959,2.010332372678018,-0.7611682538804797
Bearing2_2,acc_00328.csv,0.05525403428867268,-0.20257293049422034,0.23266168657059486,-0.17414942941774597,-0.37118026199420157,1.5585907008963962,-1.2429335054941584,-0.9196205323328136,-0.3134013023181757,-0.5938615138869918,-0.47688572003339097,0.3072919710595416,2.5250332408116525,1.4553958337393502,-1.22557908299358,-1.2412395916703693,-0.45605332140739474,-0.6380059825949871,-0.566884120581509,1.2129061912931027,2.799819225855127,1.381731894700744,1.727175165173592,-0.19072106180271095,0.06311696568103939,0.5034726532109997,-0.08896340128810402,1.964863611295193,-0.8698656568055362,-1.408975940741442,-0.7910998646357261,-1.3804329041132009,-1.6786722761238058,-1.439571085711966,0.9659817829885811,2.1661775654256594,-0.9343220042016454,-1.3734117911244115,-1.0068655729480656,-1.8248809521327292,-1.8882547047330078,-1.5193332903133363,1.2205715429651511,2.1240919424849936,-0.7611682538804797
Bearing2_2,acc_00329.csv,-0.015396117352484055,-0.22777681462717966,0.36735923526645,-0.22783792914841045,-0.5266380219976923,1.4624779695137564,-1.1969364876850468,-0.8354661821324536,-0.28960516653335483,-0.7212942691653457,-0.45559855267966143,0.7088757085390605,3.0051394571145122,1.168494390130787,-1.1673043148254816,-1.0646673623375218,-0.42586543103504204,-0.7741390947443592,-0.5770370856307029,1.7780948245888553,3.1713699580273675,1.0827366329432604,1.3714668461001935,-0.19822985105672303,0.030900552892397286,0.1965736576080006,-0.18628529441536798,1.8349593714983556,-0.7909442712815896,-1.3919817905487568,-0.7767892197186281,-1.3433893670099117,-1.640645487017519,-1.380063439036856,0.9722796105687531,2.077108858757088,-0.8704199327765202,-1.3405793147141474,-0.8735388316928796,-1.7911757917166082,-1.8677586427790693,-1.2266303005886805,1.3567470862280138,1.8538616692709902,-0.7611682538804797
Bearing2_2,acc_00330.csv,0.02393944254563773,-0.22218694224758836,0.28962606911060673,-0.17414942941774597,-0.6138714414545616,1.6451894816309696,-1.3131670053895244,-1.0295686041759284,-0.33159705087502434,-0.693145423953818,-0.5278402962459665,0.6322715921336883,2.6984542639742823,1.563202872079491,-1.2479481999088158,-1.3007693262423117,-0.574352837103008,-0.7609886277215262,-0.5753119978756854,1.567159704761765,3.083426504722523,1.4014216086850948,1.631663711937495,-0.1972842273673261,0.11975804783324466,0.4165795640944879,-0.17667125466830702,1.9591141475428773,-0.8885326366903317,-1.3918430081802409,-0.7839211570125498,-1.4259829652737468,-1.6810240963642895,-1.5665692734261332,0.6485144615688956,2.460688495584605,-0.9540388255008995,-1.3669324798567932,-0.9919658398853306,-1.8786790305650503,-1.8995372419339907,-1.6565800619795579,0.9833668970068201,2.3223378202640506,-0.7611682538804797
Bearing2_2,acc_00331.csv,0.06956523174042771,-0.16257852484626412,0.0028353209743707196,0.005809932048801884,-0.27514035309842144,1.5322332254029887,-1.2215695550850056,-0.9778898627953109,-0.2870149916803767,-0.6875006868576434,-0.5411695742942797,0.6050426723505872,3.2931926982182897,1.1829327215142793,-1.205736873727605,-1.222685379230696,-0.47204495285286274,-0.7744556901035595,-0.5830101490051574,1.8363999156241495,3.347231975451749,1.163237853362512,1.4863470311142326,-0.17670957451574484,0.11228234024324185,0.43568371843925296,0.0006215552343096484,1.933455484062707,-0.8459453121251136,-1.3908503192362205,-0.7841722262650902,-1.3727737343429127,-1.6592063745418018,-1.4370978882278262,0.774930744317629,2.279621752462926,-0.9038894101310287,-1.3612742012254315,-0.9822604817893632,-1.798701655487882,-1.8845965458967149,-1.6715256250302977,1.237151886396316,2.1274164231922716,-0.7611682538804797
Bearing2_2,acc_00332.csv,0.08500737929700741,-0.21220613230387214,0.08828191090701128,-0.06920431321947844,-0.552548434361304,1.6086308830483365,-1.2230809195962946,-0.9954201364770805,-0.3629459448803876,-0.7123044105890857,-0.5386143562068779,0.5129207566931981,3.0646085105500753,1.3409018428232453,-1.1981259207740693,-1.277660219546809,-0.5405013230046749,-0.8035433976966427,-0.5959630958787222,1.3344273540824905,3.784774146365901,1.1252731747867684,1.6435447960201595,-0.1881085937196333,0.07322920144698056,0.38453388583875303,-0.056471783352216906,1.950359554948302,-0.8478851024798487,-1.4078669316664059,-0.7916545479559212,-1.4173142172323623,-1.6637724408666599,-1.5435157794127472,0.7300663432927419,2.379591165656003,-0.9080294835397491,-1.3344362148473257,-1.0155178581770299,-1.8589826543028054,-1.9011491539085936,-1.839947088771658,1.677872439290832,1.9597966419081256,-0.7611682538804797
Bearing2_2,acc_00333.csv,0.05897851671598194,-0.2026582936571104,-0.019476293520837393,-0.10399895067558852,-0.47562586632537535,1.6088266629880716,-1.2622359276592423,-1.081123050178689,-0.24549900705152886,-0.6775982565506872,-0.5466332845999962,0.5090521581297082,3.063811043492406,1.3379023797496894,-1.2523050615180416,-1.280985060529963,-0.4850528567954168,-0.7670079817463135,-0.6211794011272396,1.835416737355698,3.347343411555235,1.2520704140176804,1.561800556746749,-0.18869165507170302,0.05165060400119787,0.4004026592057755,-0.06153911093592514,1.9023538962587272,-0.8573872898460295,-1.3838292201435476,-0.7852843488778863,-1.3857393907540043,-1.670935856223394,-1.5110390841491232,0.8050693981648017,2.2964145255554085,-0.9454685645013866,-1.3334448618208163,-0.9888477761222813,-1.8147406964830954,-1.9179043250848022,-1.5968920855894435,1.2513231190855851,2.121120462104755,-0.7611682538804797
Bearing2_2,acc_00334.csv,0.10591984739118895,-0.20133931636764482,0.45131963872293174,-0.14683750969413253,-0.2780646955612269,1.6412605868272063,-1.251866961981246,-1.0185901990591852,-0.38955483156756904,-0.7759613601429338,-0.5463339683207358,0.4319517697688094,2.308195147481504,1.7037307145083682,-1.266672911914237,-1.2323963374310705,-0.5639141770065836,-0.8657181345404067,-0.7056325192839998,1.4882965568916235,2.5658414835127292,1.590973226142895,1.5930824218775819,-0.1973127528755836,0.08710053123576407,0.3509475499745694,-0.16557863482453775,1.940982052298575,-0.8622656950618401,-1.4023427972484737,-0.7838809153136918,-1.4120844240154649,-1.6759757386676974,-1.4533917953895659,0.8193432612322318,2.2846106259928027,-0.9083815596308907,-1.3668451179048,-0.9140161779506181,-1.8731391699890998,-1.9110738197058816,-1.3757852495316056,1.013027817342307,2.1766987227428682,-0.7611682538804797
Bearing2_2,acc_00335.csv,0.1091546729161259,-0.2364646040907226,0.10197693264835003,-0.21923280375603918,-0.6446112588105355,1.6160874874372657,-1.2698605851191265,-1.0787772676873504,-0.26134880380068626,-0.7781056463046505,-0.4487972521261344,0.4518924129865896,2.6145133696963305,1.5462702467452059,-1.2781899989124377,-1.251204525408633,-0.5298175995417931,-0.8585210290152675,-0.5381958878620948,1.3696828736850495,2.733709825384617,1.5301060483716324,1.6174922396459193,-0.19322540393776255,0.08507631500966274,0.3823769651869248,-0.17069574991080705,1.987050799946688,-0.8947766906627017,-1.40471034693769,-0.7891406884647693,-1.4232130680361645,-1.648311463455733,-1.385256282334105,0.79923977511045,2.2802450387245403,-0.9674467330024403,-1.367628624728958,-1.0070849135831197,-1.859418304902555,-1.892520510564439,-1.4356871634382071,1.160895030060213,2.1545919513109464,-0.7611682538804797
Bearing2_2,acc_00336.csv,-0.004590495510499738,-0.19909799511862616,0.4330307198490257,-0.17059513849480998,-0.30433715640898545,1.5816238919372567,-1.1815134618427958,-1.0669217241192133,-0.3532565203859565,-0.7379388053123532,-0.4812854660211703,0.8145466921734197,3.0211848235720082,1.3270356917668757,-1.2080479051492512,-1.2428158943808745,-0.55898869493773,-0.8297895265848394,-0.6012603728756377,1.7972321775844693,2.939150889240065,1.365324897162323,1.3637433872951197,-0.18207919856194768,0.03613090752014609,0.494074641799462,-0.03842796472098113,1.8610990270028331,-0.8485871675318335,-1.358844790186473,-0.7746915779114022,-1.3640813718227645,-1.654347034280144,-1.4663293741399968,1.1507867069703148,1.9996043851019631,-0.9028748198500003,-1.3280999536450204,-0.9806406444656475,-1.7685247960689932,-1.8921968968155258,-1.4957078902338565,1.272506655442946,2.0368196802333736,-0.7611682538804797
Bearing2_2,acc_00337.csv,0.04690234961764283,-0.20962635421468112,0.4064404625354488,-0.13467809337882533,-0.42455357542379923,1.6787217882273853,-1.2644050296411073,-1.1145632865518234,-0.39175331168252503,-0.6626176237059938,-0.47350602614500636,0.34711420093470013,2.9764865308666293,1.4921453240829758,-1.2804218403747114,-1.4267677618153805,-0.6123631422044529,-0.7868343618616812,-0.6342077932438005,2.19318470167465,2.858419911091913,1.547998051114099,1.5750506955424697,-0.19794804935133167,0.05154297847381507,0.26451665814059233,-0.11613956541075661,1.9835372492587655,-0.8351592341707937,-1.3883238976557393,-0.7955136043008558,-1.3836683172126876,-1.6751110670207803,-1.4739010109830282,0.8120844247035526,2.279302114467434,-0.9349678703387327,-1.3681167810092696,-1.016763657976749,-1.827755551635491,-1.914486693411633,-1.7210260159333053,1.0443582139890497,2.2999903952494427,-0.7611682538804797
Bearing2_2,acc_00338.csv,0.031182287185076357,-0.24352662195622804,0.15741280424980572,-0.26543858575420687,-0.6560442458455981,1.5810869202016564,-1.252505203476877,-0.9537335168730886,-0.28833998641673936,-0.7765617137269486,-0.46703358785505095,0.4483819537618218,2.8775809367404324,1.3814805175486302,-1.2072050205604319,-1.2704280918440787,-0.4461732263612888,-0.8362614558350615,-0.6257199303354373,1.6134970000238174,3.2937143552780985,1.2257703394507315,1.5550430675765954,-0.18947372083785127,-0.002561730921878871,0.46772939669498753,-0.07797298969900895,1.9201135047532358,-0.8693745932782129,-1.3865652537608744,-0.775494939058623,-1.4373816100030954,-1.6552355673426866,-1.442325080452846,0.9921747802210575,2.1522634195982753,-0.9392998255080933,-1.3680891954586378,-0.9807497337148137,-1.856363018446571,-1.9145380350875838,-1.4704915008609312,1.3932452811618758,2.018647606704323,-0.7611682538804797
Bearing2_2,acc_00339.csv,0.13269823358075153,-0.16771403034564566,0.04399625048406478,0.015350397157735325,-0.09225308515297101,1.6250763462760813,-1.2611435839970027,-1.0549661787579827,-0.319408555636681,-0.7755023297979735,-0.5302417530985639,0.10013212949935946,3.4184463095258346,1.2842725770127572,-1.2747392783771545,-1.2466879095719428,-0.5282902411981708,-0.8459209803299311,-0.6175922959073897,1.9123654959827987,3.3851919351620943,1.2798978138157762,1.8106884390114621,-0.17752041581985575,0.08307705083518903,0.6951304597020289,0.004961745552714636,2.011108902513357,-0.857568461534992,-1.406771802973223,-0.8013711557625,-1.4731309373651895,-1.6788804660570111,-1.5501309590592343,1.0749050353563874,2.172694603823313,-0.9410943596047137,-1.377281093943171,-1.015619642182283,-1.8864174691399793,-1.955869861376339,-1.6744318881564175,1.1463489146419745,2.2664355552861193,-0.7611682538804797
Bearing2_2,acc_00340.csv,0.07495731155977366,-0.23209936757710325,0.0003538449159173428,-0.24299043255671646,-0.49737959253684266,1.6511853683868074,-1.2712123061506695,-0.9793535168554811,-0.3704910233504743,-0.6318498556232008,-0.47351201615851185,0.6549175422811728,2.071634343462925,1.7259911153535465,-1.28095329646762,-1.1564674697152437,-0.6275401347282887,-0.7696494461634635,-0.4617445773236974,1.2901981469443078,2.3267349211444572,1.6488174870886054,1.8147292028641016,-0.18952687844445668,0.0830013539693399,0.4638777526738658,0.003951128125636911,2.01022161663404,-0.8860818994231084,-1.4081739615442763,-0.8031548741855464,-1.3961151987399603,-1.6742838928515065,-1.5884965031614124,0.6229327544269634,2.4799119921515396,-0.9355158035777212,-1.3753404342823645,-1.014937973674134,-1.8410346295276374,-1.8850824314089434,-1.8380437412731192,1.02562834877985,2.341192770371658,-0.7611682538804797
Bearing2_2,acc_00341.csv,0.08722097721562835,-0.20466126196507997,0.09594883317352904,-0.02000544412831204,-0.48014711915143765,1.6528703645452751,-1.276954859598714,-1.091240244190013,-0.39812991445542206,-0.6912430813007078,-0.5027129329789377,0.38608541763724324,2.3833149986058566,1.7268264015394843,-1.2580281259461095,-1.4468967484342967,-0.5863293664298069,-0.7813503588619508,-0.6518555556474275,1.2203377663885202,2.3225229021914515,1.7690264355677383,1.7699689772511034,-0.18418001269983245,0.04868169412759441,0.6290362482995758,0.011616420999270682,1.9907679928516935,-0.8635495946476167,-1.4070222899672837,-0.8049456678638564,-1.4109857007725284,-1.6668370751063448,-1.5372427873283017,0.5285452699259494,2.5316494656396515,-0.8532949674817915,-1.3658009674100182,-0.9217332490224037,-1.8032184631071866,-1.9169832003465377,-1.5207358538528095,0.49156416772712125,2.4875501844332426,-0.7611682538804797
Bearing2_2,acc_00342.csv,0.011864362988174873,-0.21596810697852067,0.45786983408058657,-0.23793959808728118,-0.4963367611703336,1.572646628698727,-1.2130850209709183,-0.955709904084596,-0.34463648255078627,-0.7305576081675355,-0.5280414641530575,0.8067333654894114,2.5365570085254365,1.480544445364137,-1.1901580957032685,-1.2312049264802212,-0.5448084794722903,-0.8144191764508314,-0.6250036401635004,1.2963245179499894,2.9354409975004163,1.3745804722211885,1.5914520711441869,-0.19062255751087814,0.058833172664240437,0.4872957483222872,-0.08988203423773666,1.9336499144637869,-0.7769187040547166,-1.3796678710247128,-0.801974606987927,-1.422222511464043,-1.6724354685235114,-1.494996263429675,0.7464660484356245,2.331347598060198,-0.9001811219801762,-1.328795001956472,-1.0088806014557803,-1.8645188686579997,-1.900579585191146,-1.6953068851546038,1.4950576244585274,2.017534638583348,-0.7611682538804797
Bearing2_2,acc_00343.csv,0.03738061073375288,-0.1790056609618884,0.5063946776665637,0.01703400864754717,-0.4145882709834748,1.697066728559547,-1.2806289464520484,-1.1445478039353085,-0.35882380529109054,-0.700266275747862,-0.5116249195992194,0.7623152467744209,3.125985490708181,1.4456746718587488,-1.2474053545966752,-1.479022821525479,-0.548186085093022,-0.7671079384215438,-0.6082899473480078,1.5644960598272746,3.5250452073655363,1.335711809609342,1.5948414159649007,-0.18793001498479142,0.03346840828510505,0.45155249180627544,-0.0876260182217819,1.954244125277229,-0.8600672028218935,-1.4087751307588454,-0.7930254295221372,-1.4155677143051903,-1.688670950742047,-1.409922787834275,0.6415333802529597,2.4102512372826745,-0.9196433945036486,-1.3389602152450564,-1.0075710347097826,-1.8165574252651366,-1.9034701572924453,-1.6269234494490117,1.3786708756099835,2.0551524940411205,-0.7611682538804797
Bearing2_2,acc_00344.csv,0.10418360853816003,-0.24323682967158744,0.1477350721538688,-0.11690663876414549,-0.681007536153142,1.5842492055286848,-1.234234639097012,-1.0769188488703252,-0.2374257413246805,-0.7536738676628373,-0.5243317119689308,0.3780456948153258,2.686106000132183,1.4638023453935751,-1.2600035997041503,-1.2541825570657388,-0.4097229472774443,-0.8459639265982263,-0.5947966178820269,1.2554101449451833,3.066153602643562,1.3575426087920557,1.745931618046583,-0.1934439774630624,0.06443807561691962,0.41288198583421093,-0.10492541126271265,2.0172420667484645,-0.8278966690684867,-1.4256976993440917,-0.7838324763887292,-1.4287491478089964,-1.6852610829907184,-1.5575649912062255,0.5945707497012069,2.492173113129736,-0.9310670012025903,-1.3922655316075012,-0.9875219820266321,-1.872810850472958,-1.9357401517441364,-1.9614032919783455,0.8300413129311418,2.5116569636449757,-0.7611682538804797
Bearing2_2,acc_00345.csv,0.09723616474002537,-0.19386918812136525,0.21241938510932615,-0.11859025025395717,-0.25368644572276816,1.6372746969722016,-1.2682257021770023,-1.1133690669166292,-0.31512364408715066,-0.7219244417053967,-0.5045952653525455,-0.006885595398456782,2.7669671018044126,1.5537713498414283,-1.2789379227113487,-1.348077982914058,-0.5544293443470286,-0.8118652658839299,-0.6346705027103405,1.20544449428467,2.8809113305036695,1.5580587878172627,1.7265963898306829,-0.18051488110047242,0.05074491564668743,0.5965283727613067,0.00901781945156614,2.0301806131293727,-0.86766423155861,-1.4327439209639536,-0.803159282006876,-1.409022547651797,-1.6566949597453544,-1.5565397651640356,0.4851523552978077,2.571191264773533,-0.9337164100412753,-1.4112901472288155,-1.0069196668671727,-1.8340871446984717,-1.9118786369003296,-1.7209678495169258,0.9260105502545036,2.375999319929307,-0.7611682538804797
Bearing2_2,acc_00346.csv,0.146192775735645,-0.21404688443148143,0.3063125370684414,-0.018883036468437475,-0.4413923113663117,1.6365503965056358,-1.256552932568588,-1.0077123273475497,-0.36719185253668835,-0.7835584323736071,-0.5710273186348569,0.3287719389607212,2.866617420609871,1.4867550518049661,-1.2617729949766148,-1.2792797012290786,-0.5646763656147489,-0.8348096671347083,-0.7287140888918786,1.5142530702488133,2.84409252282822,1.5143307828553656,1.8394497948152222,-0.18630015004628156,0.06653432342320365,0.7462802923025289,-0.10354530486137806,2.0315943880806584,-0.8826666709894274,-1.4144254028207592,-0.8008928905620295,-1.437446217368812,-1.6818075988441201,-1.5037620987260378,0.6421117282880849,2.461012920365759,-0.9548447213346412,-1.3638215648373295,-1.023620219483567,-1.877813630889895,-1.9234403095995862,-1.6659236176244576,1.4218135839970576,2.0936107611108725,-0.7611682538804797
Bearing2_2,acc_00347.csv,0.10929999630098351,-0.18803569780790538,0.2637290447970902,-0.06565002229654245,-0.20914487531885603,1.6594814162937455,-1.3018369633198463,-0.9846975803765947,-0.29067462595222815,-0.7381943260403779,-0.4830474229511793,0.7556581307579489,2.715683536121732,1.4966712453920723,-1.2541814988185291,-1.293189835179982,-0.48082228515207814,-0.8529352398697119,-0.5649338634978032,1.471562180654617,2.5739414643955207,1.5419729353898268,1.8075629551941979,-0.19277018214787103,0.0466222028247861,0.5142572564701409,-0.08811568336489344,1.9752293130219156,-0.8871306839017477,-1.4074956280123694,-0.792445437291731,-1.409198367009283,-1.6942613069803865,-1.479089206197117,0.5785452464705719,2.4856472566958847,-0.9655721516527724,-1.3747826312809912,-0.9981403491393307,-1.8345813126408652,-1.9214477187777719,-1.7490891454233914,1.0200050432000742,2.3286110848694888,-0.7611682538804797
Bearing2_2,acc_00348.csv,0.03636958444262929,-0.2175936015586438,-0.033940173169014376,-0.1124170081246474,-0.4826805337888577,1.61032811939526,-1.2345157568169096,-0.9663266161138754,-0.4277055041064352,-0.6938726853291323,-0.40185977894237296,1.235717808447261,2.479585364262212,1.5458257412089376,-1.120393107460292,-1.3019278079611754,-0.6537786484105162,-0.7706532128127492,-0.6012875650071148,1.2509757179274197,2.9063713446593304,1.3878789972657513,1.650167157201901,-0.1919269982835255,0.05224501691902457,0.3276836200869927,-0.0672447819420426,1.937619392301303,-0.8583985243634272,-1.4081926239888585,-0.7912951801217019,-1.4085987007381378,-1.6686578115889585,-1.4101302944508574,0.6414110847311717,2.3975143227739752,-0.9269666140646862,-1.3674965672105812,-1.0116861348749213,-1.8260442224197222,-1.9119113469941171,-1.740799218950015,1.1355154560965541,2.247200439873315,-0.7611682538804797
Bearing2_2,acc_00349.csv,0.04585013614519935,-0.22045869654676895,0.29661290436264476,-0.18518643807317878,-0.5515001187382689,1.6240730645951893,-1.2285025246593788,-1.125225155288915,-0.33269340343205495,-0.684143672650216,-0.3943114987648973,0.7379034374007889,2.78117319946881,1.4662022595140547,-1.254834554376671,-1.3114334960543104,-0.536916482390116,-0.7394926024971464,-0.4624664610563281,1.529450712118555,3.271421337529185,1.3206743684536342,1.6433767961201422,-0.20209058378150838,0.0805872021833622,0.2820801548769085,-0.17166126901341652,1.9514734496733879,-0.8717153404441329,-1.407109843548985,-0.7892311630993757,-1.3778545366527704,-1.6720663928940123,-1.5222019612389597,0.9690734187521929,2.1841016180886377,-0.9491101651497907,-1.3727871777339045,-0.991283287559589,-1.8281146195123927,-1.8942159414123034,-1.5575511582646777,1.507726616110393,1.969518000894105,-0.7611682538804797
Bearing2_2,acc_00350.csv,0.10128962135903084,-0.23103060515372165,0.30692542055172883,-0.0439501408723018,-0.5638334971189385,1.6811806871895498,-1.2752659419012597,-1.0552280157712601,-0.4510575150879451,-0.7736096209085548,-0.46546084983684377,0.5953332413886046,2.7137465098062936,1.6281195213025708,-1.2332921573410076,-1.4168208890197118,-0.6215403082394962,-0.8475943788797351,-0.6645224755779326,1.3681644604249115,2.9588208922688204,1.5464269979343714,1.7746795656245482,-0.2042026102588015,0.04815315374453918,0.25835402770679716,-0.15113825652864932,2.0075395394409465,-0.8605565820264026,-1.4422882809528454,-0.8083466505310325,-1.4445051624940506,-1.6776983487103587,-1.5148038937723558,0.8333247833127669,2.3346969531306576,-0.9313796121299012,-1.3961360791027915,-1.0258445891943277,-1.8617180368400514,-1.9530722738716402,-1.6070426730421492,1.423748939830977,2.082984556876429,-0.7611682538804797
Bearing2_2,acc_00351.csv,0.07114220046045559,-0.2268607403197354,0.21369205068354533,-0.19061140842923893,-0.5495055181174319,1.6784421911947243,-1.2901047965498382,-1.0634956700899318,-0.3749648090385457,-0.6804311887907173,-0.45289260881484067,0.9694165249419201,2.275357559494616,1.712456870555392,-1.2691475008568487,-1.4343610956766204,-0.5359834523298991,-0.7218163532098509,-0.5456184480346913,1.155552424144517,2.420117586414774,1.699837698629703,1.7344377630959675,-0.1852963722484344,0.053766168319351854,0.3997863961623961,0.05993969331991658,1.979372836983705,-0.8869402398473405,-1.408221582916012,-0.7851070412412379,-1.4101585154376681,-1.6622241525431838,-1.519798386548105,0.818425104134718,2.3106407595765077,-0.9420169100882703,-1.3613295586973335,-0.9973799244633094,-1.8280698826814699,-1.8976502656284684,-1.6125098596550402,0.781445779405048,2.404919441780183,-0.7611682538804797
Bearing2_2,acc_00352.csv,0.18150500624398097,-0.19558755191869018,0.08806962912153384,-0.0396475781761162,-0.23411901141807553,1.7963428316693897,-1.348901497933999,-1.1650307035971748,-0.4437677004982103,-0.8751240072968459,-0.5023481400920302,0.7574712313617291,2.963036166122812,1.7027680114380794,-1.3237688434482628,-1.5483708060548522,-0.6205374355130502,-0.9377678211908549,-0.7180739562866199,1.7341144973437672,3.1669931379797376,1.635723799623974,1.9483826269608955,-0.1914473677401223,0.030384874418660737,0.44323294072065195,0.00884076659344632,2.0637789498845183,-0.890659350787702,-1.4300103557379766,-0.8084108566299604,-1.4622593650616782,-1.6813258772713577,-1.4672144305644743,0.5403081787692752,2.5410851030111012,-0.9379944681464182,-1.3964223741956066,-1.000014783727195,-1.869895753944672,-1.93918878197045,-1.4903413568238277,0.6205526589987843,2.500409659011423,-0.7611682538804797
Bearing2_2,acc_00353.csv,0.09710989140046047,-0.21558303814683832,0.2729020269780948,-0.12794364741957828,-0.3581416643122173,1.7575270298397208,-1.2706787844831169,-1.245089988998741,-0.3868424405600732,-0.7496291595290719,-0.5175093551187784,0.8686827971290052,3.0204970023287845,1.5564524525201944,-1.301004576289206,-1.449517267658496,-0.5792680511432229,-0.8672942934304657,-0.6294408452720673,1.4444394511896939,3.4192730465208614,1.4627273610875131,1.7651306599183454,-0.18853474666631562,0.05932278624798994,0.40425430322689754,-0.021726701795208678,2.016539747060521,-0.8947929316785903,-1.4242784514852154,-0.786915850070384,-1.404826387146061,-1.683504653117686,-1.4795916316772144,0.618029986601372,2.454878473883876,-0.9611657538963453,-1.389319282332691,-0.9916961433431623,-1.8269934983946383,-1.9340443658558018,-1.7129995164027876,1.090889638865578,2.2783450227829856,-0.7611682538804797
Bearing2_2,acc_00354.csv,0.0708059639557551,-0.20504512111589607,0.05486549926512802,-0.1245764244399546,-0.3932606074331896,1.6102049333077812,-1.2535783478379223,-0.966281948012322,-0.3351098744729896,-0.640040162929339,-0.5390578326725215,0.7228648237784036,2.1681316286747556,1.6448513802976725,-1.2423699704793647,-1.2619055233832654,-0.5043553396768007,-0.7169234447650336,-0.5808060148647401,1.649939161172327,2.4700099170045764,1.5205957922433422,1.7792461611789396,-0.18175978016268626,0.0889266112748675,0.5381374494010973,-0.013370091104250581,2.00282181987756,-0.8715882720050434,-1.415904763616522,-0.8028942347199765,-1.40937794435001,-1.6984148053443293,-1.4396745775527509,0.5096020661896662,2.5266288928129503,-0.9260980121691389,-1.3840011187616834,-0.9698969637263958,-1.8734246762037279,-1.9119510479124213,-1.5210192233519393,0.7070881605253557,2.4313409867463744,-0.7611682538804797
Bearing2_2,acc_00355.csv,0.07101917471222145,-0.20736258800509047,0.17863132209850968,-0.17414942941774597,-0.3413077216630031,1.653326037477434,-1.2493540457651104,-0.96037598917327,-0.4748161833016844,-0.7697384008966625,-0.4657264868827361,1.0843063744401171,2.6354085379905743,1.5610194879899157,-1.2168243938037133,-1.3147309379869212,-0.6768214584197563,-0.8272731446484187,-0.5938421203494105,1.5782347259223153,2.633559109737046,1.5827285006879384,1.6896542324445012,-0.18787450560264105,0.06548589690379168,0.5560090776591032,-0.14055559869010117,1.9822318555438097,-0.787024072914628,-1.418230202094516,-0.8040849806141824,-1.4252074485165616,-1.688992448437496,-1.3995540410237084,0.5327951362801208,2.474566564430611,-0.9003108460622913,-1.3961593077412868,-1.0210538894121126,-1.8708569822883219,-1.9350431621243473,-1.5962520226126002,1.2461814214109908,2.1690829537224467,-0.7611682538804797
Bearing2_2,acc_00356.csv,0.04250729754206048,-0.20427369391786365,0.1750821573826222,-0.09183953436028133,-0.4873170184975345,1.7136393952720461,-1.2662310916067467,-1.1819127739604043,-0.40328778423424266,-0.727953147953539,-0.43772437865758446,1.193033810384034,2.796628621300392,1.581970729265434,-1.282441431585286,-1.5072836234746048,-0.5327771529486035,-0.7808899825632959,-0.6436374474509848,2.7180908023911505,2.7948619121039635,1.5238484446918268,1.688744740231135,-0.18318279663350928,0.049452076415291445,0.6760263053572639,-0.06520713429810851,2.0102730755069906,-0.8944241205821644,-1.4284970173304636,-0.810047173974012,-1.4331988237185325,-1.648546515674816,-1.4383095858304642,0.9892272066415686,2.183806733879142,-0.962666691416458,-1.3910612281472547,-0.9995316609642111,-1.8447086803720498,-1.88519426191778,-1.193859642872553,1.2221164582478474,2.040313026752358,-0.7611682538804797
Bearing2_2,acc_00357.csv,0.05379832269839296,-0.20441427720103258,0.2982450700765152,-0.17994853566043092,-0.39083688801972416,1.660334530909622,-1.2607191309687251,-1.1277626799875153,-0.31691357852407737,-0.7846182290279011,-0.47274172784121016,0.6396232316856068,3.154678513364862,1.3979887372451154,-1.254046123649463,-1.4597449073202546,-0.5388258751597401,-0.905403107833781,-0.5720936666137344,3.167273588707439,2.9019150746167885,1.4181126443241803,1.5345605677049847,-0.1985876688547963,0.1237575630682041,0.28701025922394463,-0.18076567064652177,1.9128585411694004,-0.7991564294711656,-1.4001209960483436,-0.7804747455113267,-1.4036734292750042,-1.6529537171174746,-1.3717661873904146,1.0027220369831287,2.0878607193566623,-0.8273305017628599,-1.3505715268095633,-0.935864459042931,-1.8331138907116322,-1.876238635359932,-1.4030535839226008,1.0663778294525734,2.112008635103826,-0.7611682538804797
Bearing2_2,acc_00358.csv,0.0902645685526998,-0.1658249934536388,0.2798262593428165,0.06062083943934093,-0.2422060825962029,1.6976918406747479,-1.3029086738526934,-1.0759359638007502,-0.26243232201147143,-0.7993696004536759,-0.5392760598276702,0.6611149547539338,3.5515421769233346,1.246298870117279,-1.2822992812637728,-1.3775936401131688,-0.45338005603501563,-0.9392182027877639,-0.5875849527576452,1.6431220892168787,3.505737719131046,1.3085889936404365,1.6379769558314219,-0.18538436495972566,0.06101022638582561,0.3906965162725482,0.027954936936074978,1.971231547774657,-0.7455541148196287,-1.411260528103064,-0.7829743260840344,-1.4534657760718883,-1.6794783638314534,-1.5224634422621097,1.3360600410081462,1.9289890667951959,-0.8760681996696484,-1.3478398448984932,-1.0052508603540657,-1.8973837097682196,-1.9118523125710778,-1.5129232480856938,1.4239731930361927,2.0169581596646,-0.7611682538804797
Bearing2_2,acc_00359.csv,0.1366898037467313,-0.21214711405244913,0.2041837019553911,-0.04320186909905221,-0.457279410551368,1.7453711840497197,-1.2968505676358895,-1.1676711938655966,-0.3310435253590701,-0.8505619472889782,-0.5325518468881318,0.6686458322190837,2.402066633856296,1.768985577845011,-1.2864439017113658,-1.4346016808301076,-0.5511780109902528,-0.9275684534319825,-0.6846541930595175,1.2883416627536468,2.6254912046908103,1.707247102685612,1.8278985969926878,-0.1926781953156478,0.05224139788204213,0.4395353624603747,-0.0974268810348953,2.0550060983372123,-0.8574709456350519,-1.4284090123065083,-0.7929479521261416,-1.463905648519895,-1.676667118472681,-1.5107169419873097,0.6201450619472002,2.4762346837599045,-0.943176446763324,-1.3717533007032319,-1.009843059879221,-1.906492514468434,-1.9272088053192191,-1.719373922010666,1.3540352134601232,2.1532904953085743,-0.7611682538804797
Bearing2_2,acc_00360.csv,0.11949383024598358,-0.21427808866351195,0.3929583313568537,-0.07144912853922757,-0.5330260263598653,1.7388869725903666,-1.285740501329951,-1.1671639729213932,-0.39937106889711677,-0.7709400198793738,-0.5153272915561261,0.644013643534222,3.3638974786904714,1.395403703608561,-1.2865727554963395,-1.4263301700382147,-0.6205925791053479,-0.8863689576258488,-0.6258816588639904,1.718660747026781,3.305446488189617,1.4741653675098545,1.768160567699513,-0.20375455835748937,0.04928631980227974,0.2911700347667564,-0.17737249265056915,2.0278866568656624,-0.8423914770285925,-1.4425228590222903,-0.7923269966013033,-1.4686774144092387,-1.682223127975978,-1.5371784531528543,0.8560893902668855,2.3195239753606964,-0.9283813582123911,-1.4019369095997878,-1.0176642884086236,-1.8848693914010117,-1.9321958565237076,-1.6113650542515714,1.1499506511665747,2.2403738469179464,-0.7611682538804797
Bearing2_2,acc_00361.csv,0.039133226306468635,-0.1812111098991547,-0.0015262062652259595,-0.13767118047182406,-0.34359723786986807,1.6468241756903736,-1.2883310902170084,-1.0385160488900356,-0.26081862462391514,-0.8137697906738683,-0.3601071221603723,1.2733967344378976,3.27852949603623,1.2633780340917593,-1.26673853625222,-1.3126411549307295,-0.4107166955351888,-0.9018545022652986,-0.5221879686011185,2.5219241893473696,3.867178342678756,1.0379386243172217,1.5812884428528777,-0.17504058466101807,0.08933222497310431,0.6412074434063214,0.031171673991102457,1.9679335795029325,-0.7524557490881728,-1.4306824381235481,-0.7780934925929699,-1.4663338998577204,-1.6703411098474295,-1.49838539598655,0.8605117556677135,2.2679798750570215,-0.8768445764742219,-1.366116318778863,-0.9752259684156487,-1.8948885442865622,-1.9035491719885589,-1.7771087398188061,1.0970128904169791,2.272502680539707,-0.7611682538804797
Bearing2_2,acc_00362.csv,0.09028502607698831,-0.2222705946433404,0.17923676256384002,-0.16030640161262694,-0.5144111030683307,1.6828816367562762,-1.316663535938231,-1.080585977177459,-0.3265326927956142,-0.7603179559938648,-0.31762551999422733,1.1522565659380475,3.083771649256522,1.4169149063529582,-1.2978220326937298,-1.4052868100836686,-0.5165345465447806,-0.8035280591638876,-0.4685879873150987,1.8229239820755025,3.6435847958389664,1.2728898173989363,1.8126726624271283,-0.1920983749788894,0.07118086587612445,0.3390844863895137,-0.02192136417391009,2.030290000862315,-0.8738126697610016,-1.4097664667938796,-0.7916329970258851,-1.4680107960061646,-1.6909184062903304,-1.5292767286990334,1.0574838892736702,2.1812868625000874,-0.9592128556487833,-1.3637681824416692,-1.015768800722086,-1.910292296649889,-1.9222021742166373,-1.7354818895975088,1.6016598882368804,2.0192846966983486,-0.7611682538804797
Bearing2_2,acc_00363.csv,0.06734537959169241,-0.22444673381966843,0.2111601907905426,-0.21904573581272677,-0.4903671392487565,1.6764710569038028,-1.2709084471221985,-1.0757516048603124,-0.34123546789005993,-0.8058251875261819,-0.2851420543344354,1.4190813241320963,2.5602371001517645,1.566422663681115,-1.2446398202069227,-1.39518385021028,-0.5329692566070461,-0.818256253691521,-0.5134602568040796,1.6796158694457324,2.7830300300801794,1.5098221790460675,1.8228201221297446,-0.18394069857024628,0.0014083034010018208,0.49761815429889417,-0.04595045875653526,2.017451640647143,-0.7505895440609679,-1.4378446673961878,-0.7983647817064734,-1.4698698472088962,-1.6695561746860565,-1.4609413257671175,0.8959365397852648,2.243458470352973,-0.8876722757741475,-1.3866810422236182,-1.0135786995404106,-1.8898647739194299,-1.9339274708247858,-1.5259521773798312,1.4834769655452138,2.0083221069417085,-0.7611682538804797
Bearing2_2,acc_00364.csv,0.11513845215717321,-0.1514023793133054,0.06138558972214512,0.04041750156159965,0.08286788211326333,1.752596535251502,-1.292049416169278,-1.161148529446711,-0.4161132761158889,-0.7826873523746001,-0.3839380211797529,1.325298118214567,2.6429713263921926,1.6652435236421106,-1.2787356326623687,-1.4485501128814775,-0.66015164455733,-0.8557933054599516,-0.5632199999716517,1.3126294048015876,2.929755584835264,1.6349638618913767,1.7871513661538032,-0.1821761726497903,0.07095379546601441,0.46018017441358855,0.010833966486219534,2.0300214371885663,-0.8725131174989251,-1.4456569586439783,-0.807369680474345,-1.4423641193610668,-1.6550647675407661,-1.4948750509844124,0.6884845664863566,2.4239044017702813,-0.8897197784789818,-1.4011141462010392,-0.948979067786108,-1.8817001889281182,-1.9025373446716622,-1.606076078082912,1.2118782196647,2.1503183867005307,-0.7611682538804797
Bearing2_2,acc_00365.csv,0.06654321281500945,-0.1986692409728641,0.049805684072520784,-0.08828524343734533,-0.2947508369342175,1.7036506977993875,-1.2944090483144428,-1.1558753190967637,-0.37405996328133795,-0.7877487760282572,-0.32552869741409834,1.3442264323493185,2.880709530421428,1.5474909558885688,-1.2873187411731153,-1.4573672464061982,-0.628785476225818,-0.847407363957739,-0.5572486572092484,1.7439648279747284,3.1685646155412974,1.5192947319540666,1.8941572215600295,-0.18863178881075804,0.08685621660631834,0.5076324287538112,-0.0362674029065012,2.0226060033511786,-0.9022428862961576,-1.4243992822083595,-0.8039524714819213,-1.4504401805017926,-1.6723300642669794,-1.4671331833041428,1.3884914537953066,1.9188500397899477,-0.9481591626949456,-1.3820616556271437,-0.9936090058190739,-1.852110821536273,-1.913401956238063,-1.1484809129986153,1.865926541777841,1.658778826966602,-0.7611682538804797
Bearing2_2,acc_00366.csv,0.028919061559760696,-0.2337364316284362,0.4058791446568917,-0.202209620914609,-0.5607399489831123,1.6441425105752958,-1.225631157233381,-1.0729333659061946,-0.42667874292329727,-0.6910254947830484,-0.31269789621949473,2.217965828920104,2.5768929036215025,1.5061836173032914,-1.2165672738200193,-1.3581093681435217,-0.6529284692416933,-0.7179607286459881,-0.3669750791130079,1.9955774720865633,2.7379265235632375,1.4751938103637376,1.8304884516640354,-0.19991779340167054,0.07023336934630157,0.31689901682785115,-0.12361405883809842,2.021981620467964,-0.8800595578122453,-1.4355429634866197,-0.8041478084753995,-1.4620974943077574,-1.673996842437481,-1.2700851463367353,1.1311100579270852,2.0401177305536256,-0.9604166454096652,-1.3820088373036892,-1.009934657536027,-1.8794799972827425,-1.9257109646395982,-1.4882940927590542,1.5844838581101601,1.9478019742972574,-0.7611682538804797
Bearing2_2,acc_00367.csv,0.06020254725076482,-0.23856695017710317,0.15145707036605568,-0.19697171850186118,-0.6509747146272624,1.665510008094616,-1.2758083163785183,-1.1192497723694625,-0.36409860038320413,-0.7229146041236862,-0.3078341896052607,2.392644599797445,3.232746893600912,1.3048819315482567,-1.2238198377458291,-1.456188022362733,-0.5761123037633032,-0.7836665222342603,-0.5306570944315698,2.627728843850468,3.513377520590756,1.2242105919421677,1.7660594464329127,-0.19250586389255459,0.06531447757288104,0.42212593148490346,-0.09084053707934521,2.050598052007437,-0.8971879870067485,-1.427335460185198,-0.8096477128037556,-1.4758297308217176,-1.6701089517236498,-1.407192188644582,1.3957098899858789,1.9091723904885285,-0.9646954595191141,-1.3888177383164713,-1.0270619347007826,-1.9005704357547126,-1.9106362018865266,-1.4451701350764354,1.4530647621813118,2.0235125651971737,-0.7611682538804797
Bearing2_2,acc_00368.csv,0.1217072913277763,-0.2055406571155778,0.014680140049984731,-0.08697576783415828,-0.3329825672638154,1.7424950298785418,-1.3175561567092335,-1.1703881115478127,-0.3448787325107215,-0.8197368982575554,-0.33236946127228817,1.749599669010777,3.719062475804101,1.2397485075718615,-1.2930632748994602,-1.4628924598293584,-0.5625126512580856,-0.8728994038966741,-0.5140456304461468,2.618155058149746,3.804069772134428,1.2212412750347803,1.8290972972955641,-0.18983598643330918,0.034903878454358044,0.4278263646361641,-0.04917141138203092,1.9966544225789327,-0.8411868134315938,-1.445782567152156,-0.7888783479155245,-1.4899376178613764,-1.6649702389867271,-1.4242305721991693,1.3251998038600121,1.9492364504822883,-0.9366755588462307,-1.405134010468401,-1.0061939274633387,-1.911558703010527,-1.9053087135594937,-1.4663464735992175,1.7676516745653,1.8377054333391347,-0.7611682538804797
Bearing2_2,acc_00369.csv,0.05521625769522692,-0.23408806532619508,0.15486013761131856,-0.2570205283051479,-0.5777977114585507,1.6961821248886686,-1.2366019337185643,-1.280417258459565,-0.3917951713347991,-0.7694836783015528,-0.27546418225143693,2.7074312978573754,3.230215281342658,1.3519337554700148,-1.2421499963263707,-1.5647590134072054,-0.5801020368998,-0.8212792182610267,-0.36024145928509144,3.485458469463621,3.552984251686014,1.201619621550277,1.7729553916040632,-0.19452783684525948,0.07657948167150769,0.32414010758756057,-0.035417668249606286,1.948869447597715,-0.7488101202597764,-1.4239708767183705,-0.8058511797448815,-1.4495006674046718,-1.6673211152427367,-1.4608556098661514,1.26837703716936,1.9658461598349632,-0.8765008327865873,-1.3918731810721299,-0.9980600073721033,-1.878698094457309,-1.918504628499317,-1.171296514880214,1.8145617036647816,1.6928170914181295,-0.7611682538804797
Bearing2_2,acc_00370.csv,0.07561710047033905,-0.23497668777853284,0.2934133340014217,-0.16348655664893796,-0.570697923592285,1.6837332337506719,-1.3068670917349188,-1.1151820119828326,-0.34434168550008104,-0.689624427983062,-0.3012338898985605,1.8955861831458753,2.9164140558699683,1.4501484813748777,-1.2786198120769752,-1.4647276942575298,-0.4988451791947117,-0.7631620726122287,-0.4011961643355171,2.368137901067752,3.483381520049487,1.2605169560537768,1.7743611080120185,-0.18303902176386003,0.04462497629465662,0.39424002877198033,0.014119098065897347,1.9948117795692504,-0.8082071532280584,-1.431174800487293,-0.8105589636892566,-1.420987256603251,-1.6674606243899597,-1.4564084109529143,0.8621958474808586,2.26090114146393,-0.8978551091478841,-1.3894981664876265,-1.0257709876441274,-1.8494804783853296,-1.8704715509412,-1.6800263930901354,1.718917463800537,1.8898334514369324,-0.7611682538804797
Bearing2_2,acc_00371.csv,0.08343629861051972,-0.17722410030367022,0.2786604929505786,-0.056109557187609,-0.2532232535528232,1.7262465930637962,-1.2818781674434352,-1.1235831148765085,-0.4169837642261952,-0.8011001634254861,-0.2385994542419352,2.0550302991189984,2.7455632161181502,1.550266621106444,-1.2658901027252425,-1.448623703393975,-0.6296138086431177,-0.822977717804672,-0.4277719772973408,1.8574823484675569,3.2992886939626325,1.4210551061601997,1.883304857004903,-0.17155939522200767,0.026342613421930373,0.6056182526511544,0.17014531636272,2.0557707640482135,-0.8567590455926777,-1.4249712026924584,-0.8148473981512634,-1.461550968758423,-1.672645939039818,-1.4991114356476822,1.1934167496768913,2.073812613600003,-0.8871263017201055,-1.3935394290913068,-0.9455956049936687,-1.8948835858974336,-1.935275263262965,-1.3026687162311608,1.6635342850301091,1.8108908011086036,-0.7611682538804797
Bearing2_2,acc_00372.csv,0.1069384071077592,-0.21527390316965106,0.33324326286692885,-0.14047719962151045,-0.42653189293929145,1.7274110065489687,-1.278226299982937,-1.175318434384121,-0.3648062174570105,-0.7612749573766583,-0.39751786628515756,1.614994711707408,3.3168786208595753,1.3579713357438754,-1.258553645646424,-1.461014955403535,-0.5779617068902494,-0.7896108792474813,-0.5730578125574821,2.353059062979119,3.5566314905216627,1.2809583558323419,1.8694988544763131,-0.20007785423202754,0.07787592907386591,0.5381374494010973,-0.18646761534897155,2.0286734799778823,-0.8201726684865719,-1.4431914051611767,-0.8122084300654182,-1.4776097511418491,-1.6647627507135563,-1.3064051317848733,1.3673888720099319,1.8761097609802169,-0.913947494758617,-1.416812505142801,-1.0370154601407318,-1.8838780999158928,-1.9516035851234264,-0.956426185310513,1.7723378743878666,1.700096891023294,-0.7611682538804797
Bearing2_2,acc_00373.csv,0.07397454409896288,-0.23675536528431979,0.3141921573894642,-0.2510343541191505,-0.4587997137371458,1.7378930743141567,-1.281383760085896,-1.2071371584191257,-0.3375618610281995,-0.7287543912901414,-0.3860871768408526,1.278892233387951,3.474732807369763,1.3101079838464669,-1.2733673124237417,-1.467083352315297,-0.5847491015694953,-0.8130881610136227,-0.4986856205632161,2.3298560243085746,3.774837442684553,1.232229542452834,1.769742604932569,-0.19623004016088652,0.02917368569406631,0.3848420173604429,-0.11509925638381659,2.0362029920052667,-0.8806651527628528,-1.4433924072212114,-0.7962594763301208,-1.430472575991649,-1.6897264747129779,-1.3641697835354356,1.6192037076032482,1.714972678802609,-0.9393871475382581,-1.398229859423769,-0.9789480515392032,-1.8676806194215143,-1.9384895259061015,-0.9517571588248276,2.0571886240849264,1.4992990589354582,-0.7611682538804797
Bearing2_2,acc_00374.csv,0.1394210329996762,-0.24127736720330178,0.18327675872630056,-0.17471063324768327,-0.6790764155513282,1.7649534073963462,-1.250724964785746,-1.2425231648956967,-0.4784489159888994,-0.8216266670382997,-0.3139761439665957,1.4568952230422865,2.5884748879899533,1.7247102383370503,-1.256210992096365,-1.575914679209785,-0.6809289918361315,-0.8283314703728618,-0.5176660580628515,2.0211901906922667,3.223446569326633,1.5184372645317021,1.989081336022752,-0.2024569279746205,0.045349356706625654,0.41072506518238244,-0.242652764802465,2.0833796824319175,-0.8834467787887103,-1.4493364979812369,-0.8073239114350499,-1.4761582514738718,-1.6852948193782802,-1.3983565390523045,0.8799275737670729,2.2836030332764694,-0.9595300616081806,-1.417183132559639,-1.028732119978064,-1.9013345832586397,-1.9348976060770913,-1.4407155382618175,1.2178428504108292,2.1737874062592524,-0.7611682538804797
Bearing2_2,acc_00375.csv,0.12218374454896133,-0.2141536185282508,0.05109478486545064,-0.08398268074115957,-0.494166420544528,1.712352794998435,-1.2409049344194008,-1.1421642126462392,-0.31270279856839284,-0.8353048529269452,-0.3988283284733314,1.6334559374329545,2.4957967138975117,1.5734765823949801,-1.2499340366905047,-1.286618135030102,-0.5159251266159972,-0.9009325415131887,-0.6367324754093248,2.3335005659530195,2.8966001429404216,1.3976636703459822,1.8541891250602076,-0.19416290540154948,0.058110412996989325,0.5312044901630778,-0.09056888189626196,2.0622909678232726,-0.8384243220858463,-1.443104542212765,-0.8052755031982607,-1.488585470801039,-1.6835081798988116,-1.4694048957971142,1.0652858681089878,2.1669857674336703,-0.8971583825102192,-1.3936346111509226,-0.9925709974766235,-1.879060583436019,-1.9362167271821606,-1.6304315899219528,1.679043250064162,1.9182940520818108,-0.7611682538804797
Bearing2_2,acc_00376.csv,0.0948442383479794,-0.21320066652741662,0.17876716827795086,-0.16909859494831062,-0.43288376994593725,1.7904089962979062,-1.305750590228106,-1.251189810522089,-0.40231426426680195,-0.788363775233547,-0.3418802846320081,2.1531858525563194,3.0129821723370687,1.5496355566105893,-1.2914893675321193,-1.5499108382362372,-0.6424692838267203,-0.8149533524816597,-0.5591304712819078,2.4348446416720386,3.0399972389630436,1.552431090749363,1.892907375835516,-0.19536115927911626,0.03834058822118457,0.3906965162725483,-0.1064071497850887,2.0994758757145853,-0.8213446623659005,-1.4373207951971383,-0.814880809590782,-1.4984509492180993,-1.6828216675054266,-1.4570691117442347,0.913773933757476,2.273598883038051,-0.898331850352713,-1.3798600630081213,-1.0183290540437222,-1.9114686919889026,-1.9398818215087914,-1.6364886067622357,1.3046683584198893,2.1577498699537427,-0.7611682538804797
Bearing2_2,acc_00377.csv,0.08637379473413419,-0.22066338215267048,0.2261775758071683,-0.09408434968003028,-0.5856701496491705,1.6944299093507147,-1.2365290915547222,-1.200795403930722,-0.35499725459134973,-0.8159317904007892,-0.2653052317966926,2.2530228507486942,3.3290002049483065,1.2801881620622673,-1.2532683365847652,-1.4441791558587653,-0.583227539954843,-0.8197519397925063,-0.5255395668045023,2.59566255414253,3.7860074187054757,1.1776871007670975,1.697668568212466,-0.1814793589592084,0.0286342646029237,0.4808249863668024,-0.01562625942970838,1.9728248793234042,-0.8039122928355572,-1.4345999483511744,-0.7954521646697342,-1.4603460204204621,-1.6563063725669505,-1.4544600183949876,1.5143857221703578,1.7960133056851064,-0.9147464055838626,-1.391004297270079,-1.0106459683834408,-1.8779799347488975,-1.916484801346345,-1.4126528928991486,2.000262717542809,1.671936400203146,-0.7611682538804797
Bearing2_2,acc_00378.csv,0.10515571416099624,-0.19944729931377522,0.18967707659506156,-0.13000139479601477,-0.3332293818579396,1.8770572169673005,-1.3303305493103144,-1.332414393364417,-0.4633553333866237,-0.8005075731884085,-0.4074984900066691,2.6851915367552492,3.3502838013947174,1.5309298607439077,-1.3250306326619767,-1.6597795223922183,-0.6886256685558302,-0.830713495137779,-0.6538604437390088,2.789460168705585,3.827498695336614,1.4008007843173536,1.7741254397457207,-0.17874475470272325,0.08206258217464137,0.6838836591603528,0.039164466998361125,2.0638087713909514,-0.8901940708003077,-1.4264057754081376,-0.813736017756911,-1.470910824017229,-1.673749630478558,-1.36140892412889,0.8820605251306428,2.2619240513825307,-0.9351661219150752,-1.381853324547705,-1.0075300167985561,-1.8657794261890266,-1.9239238549598554,-1.7459879655091082,1.3475175862216824,2.148714293523,-0.7611682538804797
Bearing2_2,acc_00379.csv,0.22971598600158552,-0.1876676882015326,0.09701473012577198,0.06005963560940381,-0.33520533718978446,1.9226399918928367,-1.3489302480361447,-1.2872189398999598,-0.49420711970440284,-0.9053470963018876,-0.36673987970508604,1.8296606846122039,2.971584665101438,1.747643386454461,-1.3336767242510355,-1.6594777605627349,-0.7136811437400108,-0.9345948219683761,-0.6496683674864419,2.5057192492247524,3.199724188128205,1.6645693863458262,2.0775822965858404,-0.195232492950641,0.03818821913587832,0.537213054836028,-0.10645486434678955,2.1496822800183053,-0.8485953883634374,-1.4516255314584248,-0.8267192376250616,-1.5184416910753191,-1.6931340999185291,-1.3665648804285302,0.8323169920774679,2.3316070655930674,-0.9468442905671104,-1.424349835050942,-1.0357536406144552,-1.9536301652209744,-1.962671397827593,-1.3854844014372099,1.0637142357583058,2.2768237190425085,-0.7611682538804797
Bearing2_2,acc_00380.csv,0.12708753843330192,-0.20434416724792584,0.003183387376876803,-0.10287654301571396,-0.4894068081450732,1.8446497882151238,-1.2911195034994718,-1.3316768843620075,-0.46949549451966527,-0.7728209830772658,-0.3212401681766365,1.5979807248127862,3.4857065043905964,1.4665671222234027,-1.2712322683140944,-1.6632389224804243,-0.7123813136427062,-0.8356473104103948,-0.43341158565875626,2.697582390997868,3.722210036931175,1.3703447988802058,1.936784781461964,-0.19021946133491854,0.09242193996924261,0.6083914363463621,-0.10276475334366168,2.0901319803682057,-0.8983143486292691,-1.4421026288008072,-0.8135856557994088,-1.484460970444337,-1.6730241253403553,-1.41840108184182,1.2314702562557638,2.0418918408417155,-0.971761566505979,-1.4120605245662265,-1.0134435280499678,-1.9059914992443472,-1.9488258333127826,-1.4555829234829156,1.587022533449373,1.9665241580271011,-0.7611682538804797
Bearing2_2,acc_00381.csv,0.11764415959145327,-0.23198556324212516,0.3144362170169723,-0.15301075182344245,-0.5496614732101617,1.8208187586419293,-1.2951591387960073,-1.32770962072017,-0.3763319146914747,-0.8077901753999104,-0.18547480315457257,1.7800296685363706,3.592159181483766,1.3509798784800315,-1.2803551346666093,-1.681496075789744,-0.5558426689922095,-0.7354257898419102,-0.5067672632304755,2.1567194969317316,3.809298003621129,1.3140726982037545,1.868493190887282,-0.2042861863704585,-0.04424654605865334,0.3524882075830182,-0.1810105173579462,2.023433131065657,-0.8342129632724384,-1.4422974851668093,-0.8035824606806371,-1.4599142579196096,-1.6579825903668792,-1.4264197535519527,1.513232992901169,1.8014253903833493,-0.9061652602277208,-1.3838382893940417,-1.0065773261205395,-1.8350599629125761,-1.9171202339197213,-1.190735189185125,1.7198287027992962,1.7465815109041738,-0.7611682538804797
Bearing2_2,acc_00382.csv,0.20766052172118304,-0.229028033980106,0.1351490404013921,-0.16329948870562566,-0.4858619361216461,1.7720000855273317,-1.3658863130369352,-1.1151999133299484,-0.4349882120490075,-0.8042951425773432,-0.3719430451714111,1.470045293344597,3.073485328431125,1.585340899692582,-1.3562123490205078,-1.4124407969558415,-0.6609184770834688,-0.8364732872432922,-0.5651147791990343,2.4922863361726364,3.4176092869801376,1.4506462013154646,2.1375611163351227,-0.19689565675709317,0.06331369860771525,0.4768192765848355,-0.1889690477063475,2.09670032256788,-0.8910583484171657,-1.4439998370994787,-0.8166086839397981,-1.507026622724909,-1.6812481030121786,-1.4567416798251636,0.9627233889120561,2.2629451108619514,-0.9695207803519682,-1.4036453837925553,-1.040562174514037,-1.9233583924136715,-1.9366228457322339,-1.3949567900852708,1.4952735355951863,2.01268580104959,-0.7611682538804797
Bearing2_2,acc_00383.csv,0.1132883290743687,-0.2124264229588651,-0.03405310937844256,-0.13299448188901364,-0.3359444334248297,1.745055313969258,-1.2986998228920557,-1.1482723432844417,-0.41564150384473497,-0.8313610561736584,-0.3237148723577148,1.8163878893949286,3.3443704989597602,1.397459784617984,-1.2818441264526665,-1.4605558916596002,-0.6510441825174728,-0.8756660602275131,-0.5161972378548706,2.7681035542227654,3.5384533956086472,1.3261095604073978,1.84143998094921,-0.19102114448504023,0.0853441054677704,0.44200041463389306,-0.058126173445262934,2.0589553729806562,-0.8813462324964391,-1.442013905549495,-0.8106511661723652,-1.4528251265754513,-1.6671864721125325,-1.3736022422562424,1.388894701680459,1.8905902467807654,-0.9517084740138604,-1.417790792111634,-1.014447426554281,-1.8429333686316662,-1.93345202875419,-1.3325536884066487,1.803082160934213,1.773454974069404,-0.7611682538804797
Bearing2_2,acc_00384.csv,0.2458587989313649,-0.19806422243894864,0.32218829255031367,-0.022811463277998278,-0.341934252606248,1.92886970258063,-1.3289387769570136,-1.2807984666969043,-0.5325452159582058,-0.9308053341225664,-0.48880493183217183,1.7744623460648419,2.88395314564722,1.802168223744358,-1.3300913338028466,-1.6278599998165257,-0.7346599051931826,-0.9693383440953027,-0.7575436156261983,2.7092017125928742,3.2444564163536658,1.6454802954527505,2.102969321030915,-0.19015885188514356,0.07732434703938466,0.5238093336425236,-0.022682513488999162,2.1589564078431236,-0.8872779478388483,-1.4243968423415816,-0.8182085536350139,-1.526033780124854,-1.6898910862119667,-1.4203832209934255,0.727639896766374,2.426641795802159,-0.9641302702947635,-1.3934810142604015,-1.0417174108518983,-1.9552197973435448,-1.971199972226424,-1.379149762639102,1.4099435662381243,2.0776809544770694,-0.7611682538804797
Bearing2_2,acc_00385.csv,0.15553935639231387,-0.2095724654746016,0.2272297452643261,-0.03927344228949124,-0.36806474018352814,1.8278574571262431,-1.3013689785566778,-1.2894545023754334,-0.46199404633554475,-0.8159145799529202,-0.31074220264344155,2.0006076132170554,3.826138820001669,1.3179065720419343,-1.2815024301682554,-1.656736519195073,-0.6105090121305499,-0.8890740844641262,-0.5139295994564215,3.602877966545611,3.8795298986822115,1.2222792505151565,1.967688644710557,-0.19067534996472787,0.041660394723330205,0.42135560268067923,-0.0024055352825713538,2.137548787024518,-0.9117286779585099,-1.4599404130847229,-0.8120819971744399,-1.4949100968060893,-1.666419767285932,-1.4154790862319968,1.2089117515798202,2.0666588587589088,-0.9434548082893098,-1.4202971535057103,-1.0137987599552225,-1.9216534609795484,-1.9375718942336944,-1.1805575449604213,1.5641809409742713,1.8940254623793387,-0.7611682538804797
Bearing2_2,acc_00386.csv,0.17274668411903177,-0.18378104858054353,-0.02368823173987394,0.010673698574924763,-0.2529250037180463,1.7988589616529491,-1.2775204843092585,-1.1991513511102654,-0.4925235390423726,-0.8516062325711656,-0.369324562583086,1.9010584406765245,3.1161048014234622,1.5407690229938915,-1.2603141175844763,-1.5425759840462512,-0.6653335735467324,-0.8987683511328798,-0.5215078540429228,2.0645832186464568,3.358575177579495,1.4670812271951754,1.926569618572181,-0.17969494752476173,0.0062564594991879555,0.5909820053708907,0.05354701606692014,2.113261226011113,-0.896323863751117,-1.4600821564174673,-0.8138665411760329,-1.4835410376994238,-1.6643330020890437,-1.3803551610552511,0.825339672222502,2.3211306057021157,-0.9643101340435113,-1.430711308305262,-1.0260149920905672,-1.9018806482441846,-1.927456719887018,-1.5491890398617654,1.2246043282011574,2.2033182604208377,-0.7611682538804797
Bearing2_2,acc_00387.csv,0.20251512650172682,-0.20128972594824726,0.09429895728851317,-0.12326694883676773,-0.31670529131920455,1.8008085464445611,-1.2559658315109485,-1.2352645744926256,-0.4474710693838055,-0.8265167654440433,-0.40813180451138087,1.452761287604295,2.990395570580329,1.5676654224213282,-1.2678894452889793,-1.5111703298132015,-0.6821183785750229,-0.9509699636812441,-0.5770059480084911,2.7516000246012857,3.4169731400170122,1.4116979206315199,1.9859967799963938,-0.18073049158665142,0.06248065184058923,0.7052987999177911,0.025539540896948428,2.065222321933434,-0.9008299865850786,-1.436258167281482,-0.8106940158819674,-1.4781227793014848,-1.6652218122826359,-1.3800606019510804,0.6534460779166813,2.435906513079355,-0.9575762169567329,-1.4038665105267352,-1.0338559382150505,-1.8926865516690492,-1.9357407554006523,-1.6878404323111538,1.7104924956741607,1.958598756726495,-0.7611682538804797
Bearing2_2,acc_00388.csv,0.13174039740342916,-0.21844576569156118,0.01377042792537604,-0.06340520697679332,-0.5926266252757225,1.81820607885576,-1.2868915021462648,-1.282813086966015,-0.4582289976073665,-0.8568667886455422,-0.32708691989864774,1.4698638191700057,3.212687662984997,1.5547559523451662,-1.2909155418076426,-1.6014455474804605,-0.6674428341861885,-0.9305081811060986,-0.5318468347596376,2.36918539530864,3.9602386966962726,1.3216055557858017,1.995219250114424,-0.1936038356338291,0.03235406302590507,0.5493842499427736,-0.10198627641093849,2.1250564721387923,-0.9023307038059828,-1.4549206565983088,-0.8171931960806481,-1.5171180433790104,-1.66005797871945,-1.3162181542141065,1.2448679137584011,2.005635981142487,-0.9541261534989244,-1.425410336275601,-1.0214450241209374,-1.909662419019325,-1.9466286973032265,-1.072378798922575,1.5962370979211196,1.849545604458514,-0.7611682538804797
Bearing2_2,acc_00389.csv,0.20007930944844324,-0.22193365695937126,0.05558417146608461,0.0037521846723654086,-0.6663410060536461,1.8850590099837947,-1.342340621577772,-1.2526684145607514,-0.5231405060550487,-0.9214799972902189,-0.3189187012921857,1.3516057727532567,2.8574434054962157,1.8015707384557198,-1.3253659918826102,-1.6557584492198925,-0.7369803178062021,-0.9653168878287506,-0.578330499477201,2.1532684941508067,2.989516810354499,1.758331473313408,2.0934022089650974,-0.19839943891636344,0.01309833817593887,0.5117922042966231,-0.16734148108335795,2.1462760867545314,-0.9011439583363792,-1.4492873103003656,-0.824923267785447,-1.523964995419607,-1.6635334702497722,-1.4073759132020893,1.2824486893422609,2.0204749533985846,-0.9768749362675176,-1.4077070990914977,-1.0493974310547367,-1.94564277188202,-1.9415025378043558,-1.45138586525395,1.6171882211031057,1.9757431276827866,-0.7611682538804797
Bearing2_2,acc_00390.csv,0.17140831201938422,-0.2347125000958933,0.25417936362946975,-0.1735882255878087,-0.5780826637489739,1.9038729945883177,-1.3433196745492062,-1.3117300393568196,-0.44316749413355494,-0.9071581657068902,-0.3890181937961503,1.2118748103727996,3.343835893155415,1.6108109909237838,-1.3475783566169266,-1.6043044760519665,-0.6512310241833177,-0.9540708251807083,-0.6841662789984371,2.425231826477041,3.573995966458374,1.517987786557802,2.081900456373514,-0.199265740705366,0.02517356963376608,0.3997863961623961,-0.14994058559894008,2.1937493184566663,-0.9081776663969141,-1.4433105918738802,-0.8173919874196399,-1.5059080395026214,-1.6946390207586781,-1.4516604911483875,1.1623857192892872,2.12404936610006,-0.9798632282657114,-1.4194856649264405,-1.044163074050528,-1.9282753309429166,-1.9839705435946624,-1.389425466427017,1.6136483396374428,1.969707307166755,-0.7611682538804797
Bearing2_2,acc_00391.csv,0.25948244876134785,-0.17435410526031864,0.10026879050093222,0.04191404510809901,-0.1926457152348063,1.9615121415373564,-1.340008434921685,-1.3327395209725679,-0.5029982546877529,-0.9366624575004274,-0.4689854420555353,0.9541257561542418,3.2366808238317986,1.726909281181226,-1.3376134021879447,-1.687267394833611,-0.6721184490817239,-0.9823655276117566,-0.7166510290123124,2.368178862669916,3.3170123404548932,1.6516105141620587,2.0563847181403516,-0.19828818185871921,0.04648854350877083,0.4782058684324395,-0.0984476670984833,2.192195797325071,-0.8854435367334904,-1.4537704116786634,-0.8280196306232462,-1.5178520292737179,-1.6717903536048189,-1.3720734285577605,0.8460890879351997,2.3249205864586475,-0.958894846106874,-1.4312360396424566,-1.0309693651762497,-1.9257703476955332,-1.9526807667530242,-1.4538577957928749,1.0729501645776875,2.281051876510685,-0.7611682538804797
Bearing2_2,acc_00392.csv,0.2412835069252314,-0.21903501041791493,0.22425375011531112,-0.029171773350620517,-0.4732245821198429,1.9347024743466779,-1.302218149201621,-1.3473073333586192,-0.5335537690221395,-0.9512916857467602,-0.45303071079258767,1.1961839299826063,3.3494370435458913,1.6564837334259528,-1.3063382034273123,-1.6707348517598353,-0.734577560993708,-0.9598447146948454,-0.696255641451182,2.219094114122505,3.427625966442956,1.6118013036932362,2.0005712760184644,-0.20496038475109218,0.07669379264514826,0.3849960831212877,-0.17834070515359532,2.1866530860084983,-0.8470371271461817,-1.4589546310939343,-0.8210226317476742,-1.51647840404349,-1.6866200339820074,-1.4303101307835882,0.9198011259125347,2.2849915904554297,-0.9411569163597512,-1.4228969380334442,-1.0360090289872605,-1.927407696752421,-1.975059608896951,-1.61597038014988,1.2095840949236936,2.2548080222317077,-0.7611682538804797
Bearing2_2,acc_00393.csv,0.16414006896109215,-0.22706095739258758,0.41957294950280005,-0.17134341026805958,-0.38452661899861434,1.8507957315759709,-1.2960769997408228,-1.2558307260193862,-0.47450555870309474,-0.8650423070164026,-0.37737792781749424,1.9497726498847612,3.0063399949841294,1.6268140227532533,-1.3075727384248481,-1.573514425128705,-0.6557653780440997,-0.9565265629012853,-0.6268877000889096,2.439175878784142,3.3281244143505972,1.5318467284679795,1.995677237921566,-0.19808357545241534,0.05828288879267914,0.37837125540495786,-0.1734018009128494,2.1275349243382857,-0.8843749075514469,-1.4308378058525353,-0.8186442942230959,-1.4987476711106849,-1.6424898636106586,-1.500843467631381,0.9946555690247059,2.2312016104624237,-0.9300217959138215,-1.4171145365565303,-1.0308258534933532,-1.8841604397865843,-1.9109826009011128,-1.7949321267006413,1.0243052870393237,2.3702270565687638,-0.7611682538804797
Bearing2_2,acc_00394.csv,0.3253075754615604,-0.22570709136054243,0.10477060435510147,0.00487459233223997,-0.6732268379739879,1.9415319118431755,-1.308066512148136,-1.3311812059836996,-0.5097787470220996,-0.9898719396460165,-0.5244377041038872,1.1500838278897727,2.5661690711861667,1.9518738270980878,-1.3193330633791338,-1.6272745869202954,-0.7488431603087915,-1.051210134023177,-0.7479356614798127,1.4272085385611664,2.8798467934974648,1.875112513076139,2.1020078978950245,-0.19226866866271802,0.0743778934128371,0.5248877939684377,-0.02603022097336404,2.1830247554789546,-0.8123550644806543,-1.4616613820754816,-0.8143296694519128,-1.5171552441219283,-1.7003571486615445,-1.4811353531778995,0.3330068258651297,2.71411482502999,-0.918182490824987,-1.425006934733657,-1.0069104485121032,-1.955017966289557,-1.9705745769684422,-1.7998756108240297,0.9401223966934091,2.4554859531272277,-0.7611682538804797
Bearing2_2,acc_00395.csv,0.2044215828265944,-0.21473332184430793,0.08682297398679834,-0.11933852202720709,-0.42189333319098454,1.9230324819771911,-1.3539465582631456,-1.2909611660442228,-0.4511878860031035,-0.9344420387889883,-0.3342857125278223,1.9990661234160618,3.0549325029939953,1.6912650616001235,-1.3500495227922145,-1.6259849666742436,-0.6455537364956653,-0.973414699379176,-0.5970123031385309,2.4404427594756,3.204818218830698,1.63686334193179,2.0013667556612025,-0.18301695660924233,0.06729169188504408,0.576499823851472,-0.007857873247023217,2.1606997409028876,-0.8873272415976005,-1.443516219958896,-0.8170694131695496,-1.5242656019997347,-1.6719352697463497,-1.4416891632611613,1.0900365581442808,2.169281730169808,-0.9553935649492156,-1.422715751132333,-1.0388760707343512,-1.9462421884492933,-1.9560075223392341,-1.4728776135608777,1.3565743018444292,2.1318394147089164,-0.7611682538804797
Bearing2_2,acc_00396.csv,0.26590820562958967,-0.2048621066989595,0.11808621639852873,0.06585874185208877,-0.3911156513549783,1.9076900862986752,-1.3053058320967417,-1.292743335179347,-0.5381979221764167,-0.8981732991383908,-0.43784741449297265,1.302999545529193,3.2090877075364483,1.662709260379858,-1.292152077565957,-1.7023025693973972,-0.7262869871004769,-0.9770605471839376,-0.5927399656401429,2.0437148296872354,3.6348166360482734,1.546090110954368,2.0916719165244713,-0.1867834694373567,0.0497495562786872,0.8228509754424335,-0.11538962303311107,2.1574889917541205,-0.8664863269876979,-1.4442461311454675,-0.8300518180688436,-1.4759738666650934,-1.6839594755847074,-1.472761618180148,0.7613751205160012,2.3996024118698904,-0.9547885899281107,-1.4090717047600247,-1.0498351728531656,-1.900787758245792,-1.9473004461157293,-1.4585880834881457,1.2124228654597873,2.192698386787785,-0.7611682538804797
Bearing2_2,acc_00397.csv,0.19165981175874763,-0.22881116469325197,0.09723891617647522,-0.16199001310243877,-0.5468563016128882,1.9702953738840323,-1.3494241821024793,-1.2961800699991708,-0.5167244324016691,-0.9089799807849229,-0.3945499345035164,1.1099495511294364,3.1517796335387858,1.7278393843539863,-1.340070515588031,-1.6376464680357006,-0.7386526186101364,-0.9166816112164977,-0.674306232966463,2.156079072831931,3.114099402772477,1.7295592199972907,2.1308012677219668,-0.20085587860339682,0.0711580247300983,0.45725292495753583,-0.14446522281048618,2.176614966940467,-0.8880585528864763,-1.4568813835995382,-0.8252186080211659,-1.5150942025461471,-1.6608865709408642,-1.4254788182843148,1.2914443386896401,2.017650242936025,-0.9592485704505389,-1.4224633631798098,-1.047527453364566,-1.904114787433037,-1.9320902084397762,-1.2157058981746482,1.435032351740087,1.9906250079015557,-0.7611682538804797
Bearing2_2,acc_00398.csv,0.2832850062935179,-0.21866420118243254,0.2981393655045444,0.04266231688134861,-0.5109329717211254,1.962253854121373,-1.3705301483004795,-1.2973997904230765,-0.4900857737096388,-0.962469549388396,-0.40847374906232087,1.0299544393243119,3.2223148622236506,1.7215967748830605,-1.353108290293104,-1.6577424593624996,-0.7409059999709565,-1.0321599287983114,-0.7173472077146372,2.1847670536843777,3.398221414574197,1.6895737706307512,2.1852079272112923,-0.19724844695953547,0.026203948973099633,0.4512443602845856,-0.04959344878243288,2.2240070751550376,-0.8903684072387706,-1.4430991729159697,-0.8336389935733918,-1.525448294866622,-1.690378245353344,-1.4627258381478723,0.7334021063183607,2.4488005383601736,-0.9752796367122083,-1.4205876015943957,-1.0537229188709805,-1.9616908859014244,-1.9734013430328259,-1.7538313223591855,0.9721363230986642,2.461086374181562,-0.7611682538804797
Bearing2_2,acc_00399.csv,0.21996213457895503,-0.1752484716090967,-0.06738398479612963,0.1552772187554254,-0.4436065238524061,1.9651952474787184,-1.3444471573869186,-1.3328182954752201,-0.49797578771639656,-0.9429143828360289,-0.48618697443988146,1.1008152548414472,3.871471760179826,1.4915895362368712,-1.3506517956695183,-1.649341896718883,-0.6850416737015772,-1.012548355175301,-0.7764576434705212,1.9402960816188057,3.956953223622023,1.500355110282301,2.175182305488999,-0.19988127851259674,0.0894650117883135,0.7301033874138163,-0.22976842736070252,2.243025087166291,-0.915624954751054,-1.4621392606156844,-0.8281598871409881,-1.5226562582367864,-1.697245854580885,-1.4356737983219123,1.4132203852988703,1.9466272680311385,-0.9671769538005763,-1.43164018229521,-1.0419940122041988,-1.9543523115808283,-1.9625991037663328,-1.2290947254306044,1.8369387508273878,1.7932481234905238,-0.7611682538804797
Bearing2_2,acc_00400.csv,0.30798521055698,-0.21200389221659086,0.17692153424386306,0.1818408667057891,-0.46485371361757655,2.00751817150916,-1.3548210287066798,-1.3212941577315658,-0.5433229267857442,-0.9635147018339073,-0.47887094242671485,1.1657693284994712,2.70531583630131,1.9605313787119059,-1.3388776250439636,-1.7142888264472964,-0.7235096921179305,-1.0233541058752045,-0.7256720164581894,1.4199232875387766,3.122186567730275,1.8401115988876589,2.256216422942303,-0.21142733660713026,0.056350394261875054,0.42520724670180093,-0.23972163667950488,2.2351973186062626,-0.8787675365919022,-1.4544289335556189,-0.8332889972237055,-1.5263568310202789,-1.6912880020578525,-1.5214410284553714,0.6309280092611552,2.545000109315848,-0.9657570641514163,-1.4281019436654412,-1.055311494232023,-1.9584692250239892,-1.9639134777451026,-1.6365515174254122,1.081219708077429,2.3585756745232778,-0.7611682538804797
Bearing2_2,acc_00401.csv,0.3478900138736146,-0.2136289303625438,0.211026819533287,0.09148705008589021,-0.40755410904150396,2.0147555314623955,-1.3585284770630162,-1.326891278206356,-0.46139492423797124,-0.9962532230224719,-0.5560665680678817,1.2264835293821164,2.79695081286594,1.889472734131784,-1.3464702122764312,-1.6522958161726637,-0.7039216898193114,-1.0757726011688673,-0.7979159422416527,1.9518859507004367,2.9265772930672322,1.8468079230588526,2.347354310066304,-0.19632865876095576,0.05026881235270497,0.6372017336243546,-0.14421094664622744,2.2420022364058863,-0.9056110173801661,-1.4545582664946426,-0.8227340668886874,-1.5346359331173165,-1.7151376271266163,-1.4159923240284245,0.561171780009144,2.574499519867338,-0.9603597372406113,-1.416825730374973,-1.0334670278272562,-1.9761836483094593,-1.9906547768655087,-1.7272596460240333,0.7534039008618062,2.577098985483843,-0.7611682538804797
Bearing2_2,acc_00402.csv,0.22971186514166664,-0.26065848348568144,0.3154784260329155,-0.1876183213362402,-0.8558101222022233,1.8982849513857822,-1.3448018868755143,-1.1944624672851527,-0.44983288083793743,-0.9432503779732583,-0.3965663254413122,1.7759128552626582,3.140745978080922,1.6057703719145957,-1.332761457837853,-1.5026187320181328,-0.6737344208444446,-0.9820401379519523,-0.676359326974616,2.3018003012011428,3.074621161663136,1.6384390169977825,2.123230619728265,-0.20565493093861453,0.0631597923064846,0.36065369290779686,-0.21083894529859493,2.189123416307525,-0.9043567639180937,-1.4586840882764538,-0.8297719701924415,-1.5224888506247354,-1.6867398361740462,-1.4244280725607779,1.1678782716978722,2.127388782986799,-0.9543253555604401,-1.4173273748633628,-1.0336933761570815,-1.906379912376883,-1.9408371658441383,-1.60644087312609,1.6692094169325644,1.9673819903007155,-0.7611682538804797
Bearing2_2,acc_00403.csv,0.24954354500652406,-0.23372663376322617,0.2681824148148636,-0.10362481478896372,-0.6311364193569861,1.9567347172338336,-1.3216441336502096,-1.2787190975805445,-0.534746624944717,-0.956432227139074,-0.380842173568227,1.6200631625840367,3.098820422505881,1.7143902801593027,-1.31409559532225,-1.6492542009764777,-0.7391167129451153,-1.010669739948672,-0.662302248455539,2.451236399123362,3.161095787813112,1.6839529593245344,2.0728715630164674,-0.19577363930199929,0.05289782130258929,0.5265825173377315,-0.09851701006230469,2.1908853655874103,-0.9066147070161424,-1.4509262899845055,-0.8326626044959414,-1.5296750286910892,-1.6702694264070321,-1.3912427299140693,1.3543583474337157,1.9766603585303806,-0.9734464304489676,-1.4247222233337233,-1.0446965955057388,-1.9462409352975016,-1.9210403700578889,-1.2842020427970606,1.499325820169558,1.988058188550737,-0.7611682538804797
Bearing2_2,acc_00404.csv,0.23370307219935652,-0.20696386070451905,0.12527773168170636,-0.037028626969742115,-0.41623495147564404,1.8975279422574671,-1.299340586186383,-1.2050804204511687,-0.4989518375452964,-0.9517537902521257,-0.34348055989739196,1.4511845697760706,2.988519121909723,1.662116972396859,-1.2839478424008712,-1.5281794671455367,-0.732535169956907,-0.9975742781988965,-0.6179074726907979,2.104792499893529,2.965099571294885,1.6731775600791312,2.0240053002410217,-0.19303092144151474,0.07701683478576611,0.5365967917926485,-0.1321023130348337,2.1433412592485572,-0.90314107966408,-1.449598653543264,-0.8210262236708705,-1.522952189599469,-1.6517219736435138,-1.3249404244498504,1.7441617569949404,1.65577958699117,-0.9745558537419504,-1.4048572408575253,-1.0321866467369831,-1.9359761207278547,-1.9089870721906184,-1.016443292476353,1.8412466367349352,1.6919213540000395,-0.7611682538804797
Bearing2_2,acc_00405.csv,0.3630839153981471,-0.19601903117930886,0.11208414213480558,0.1289006387483742,-0.2764184984906811,2.0314245860175464,-1.3411782363883837,-1.3100907637006913,-0.4980919118333392,-1.0602718363826757,-0.41333537048268526,0.8403080610221083,2.563659617559294,1.9796016748210987,-1.3585499248381208,-1.581192100108167,-0.7255996353606811,-1.0959901391468487,-0.8201108378305498,1.507145152819803,2.5225068830110704,2.0091025998887027,2.162491033811366,-0.19359381563010328,0.041115812560583304,0.7248651515450906,-0.08771274065303133,2.2322033217248136,-0.9054541562332513,-1.4423544989775599,-0.8281217129479119,-1.5434849655299325,-1.673664140892768,-1.3326584292133612,1.208930272076528,2.058500077805011,-0.976463744615028,-1.408141602351358,-1.0474795378483885,-1.9611031429312011,-1.9656166575916307,-1.2551637459260996,1.1449884937779946,2.203301292534823,-0.7611682538804797
Bearing2_2,acc_00406.csv,0.3022361419872076,-0.22142972837447664,0.2500498820771569,0.05557000496990557,-0.42321116809791304,2.0823079841495375,-1.3495185824232896,-1.374479516233558,-0.5018833779533408,-1.0378396475973493,-0.37561419366493753,0.7055742642798571,3.012284286544772,1.8685534359827447,-1.342994090156033,-1.7387253587067546,-0.7206836714040012,-1.0394176213530442,-0.7532160493347883,1.9333268375073642,3.2212654536103247,1.787729110570794,2.3460001347631163,-0.19791548762117964,0.04821178791242219,0.45663666191415636,-0.1136790417783457,2.21256570794922,-0.8228305862687562,-1.4466647838120454,-0.8288336875460186,-1.548774323382189,-1.6833089588465626,-1.3807567100392388,1.400333644366604,1.9269858696656867,-0.9283654660856667,-1.4139056850981957,-1.0518000581198301,-1.9585407620965571,-1.9704660077169063,-1.3728432071040808,1.8026745081299482,1.8503181106404565,-0.7611682538804797
Bearing2_2,acc_00407.csv,0.42761144437147913,-0.20926833616598353,0.4938788384725797,0.02058829957048317,-0.39563057829602183,2.1692007342200124,-1.3839947987621661,-1.366450240865531,-0.583510827881089,-1.0626493645970116,-0.5004980154681549,0.836555774725643,2.3180154316609336,2.227815929847622,-1.3813326152409284,-1.7558144576144674,-0.8014899620129123,-1.1163091833985899,-0.8738032194158618,1.402426292059805,2.448669080094621,2.197150425724104,2.297947970058653,-0.20600995820823984,0.06471590369889428,0.7032959450268074,-0.25310963274538223,2.283206373341764,-0.8586065498058445,-1.4481698992162526,-0.8397071936125121,-1.5382922723701506,-1.701104904103247,-1.486355981198956,0.8015994940176666,2.417126788417143,-0.9592134606535214,-1.4223265705105255,-1.063462948357391,-1.9638958887360463,-1.991414339234709,-1.545210588412488,1.174189459883701,2.2898491108512378,-0.7611682538804797
Bearing2_2,acc_00408.csv,0.4704561263901398,-0.2140767316658724,0.10784344928725648,0.025639134039918365,-0.41681106985558536,2.2636238713444135,-1.4179498045204189,-1.3870399457465055,-0.5980338231875575,-1.076574138560209,-0.4948712639061238,0.7170183759371657,2.5550018857540375,2.1805244895423175,-1.4059712871547019,-1.7879876598680637,-0.8243001626171684,-1.133427934196689,-0.8248011627741345,1.80537477517888,2.767865381844249,2.114863354915668,2.356567982977142,-0.19503290188995542,0.044749817658388105,0.5065539684278973,-0.12938682913441393,2.3307622931933576,-0.9229057826528815,-1.4509595656597292,-0.8343071284924608,-1.5447982605901678,-1.6923634719481708,-1.276722626636122,0.9300373622320562,2.261845897828475,-0.9757572868494453,-1.417857839751071,-1.0397310344899566,-1.969663913858469,-1.9716456018652662,-1.4501852538160422,1.2448963365771968,2.2079810294226263,-0.7611682538804797
Bearing2_2,acc_00409.csv,0.43907530856689675,-0.24733617195124852,0.08205410435554701,-0.0604121198837946,-0.6560756916805348,2.1882118236662667,-1.3810564553632338,-1.3873095569731608,-0.5464941356689862,-1.0874296188657735,-0.5724291146646039,0.7499335937239034,3.1209364187585664,1.934116946612128,-1.3936994265933758,-1.7442062278182697,-0.7587529911463782,-1.126499341857377,-0.9512877690737672,2.009119858589758,3.117362688889838,1.9334101518736195,2.327067415837009,-0.20307467546209515,0.06863174907241854,0.5740347716779541,-0.16933516058071035,2.2853117925477355,-0.8829251563189008,-1.4629738705235702,-0.8336631000231057,-1.5417326433191265,-1.7047502458526103,-1.3604948725748904,1.3085641826032066,2.017764329891215,-0.9715277417324679,-1.4418628943764285,-1.0465575685314878,-1.974933962610862,-1.9440579761736994,-1.3328308631423385,1.6466520370321158,1.9407553325247997,-0.7611682538804797
Bearing2_2,acc_00410.csv,0.37557124840518696,-0.2573512176263127,0.2657690239760258,-0.12364108472339269,-0.7816559610133686,2.1375505208346897,-1.3810658527721715,-1.3985972598363567,-0.4870133330512356,-1.0674004019205243,-0.4681395909697232,0.9866641238488221,2.3315459419288125,2.1642138812511913,-1.3929535019855634,-1.7163353034009612,-0.6912262812989043,-1.1132710782966346,-0.8164027056599937,1.7698424136521624,2.283443771406421,2.149624898742032,2.2464774062219006,-0.2009705708846605,0.06821966180103972,0.4782058684324395,-0.11507958795071384,2.254110075350696,-0.8720017517265198,-1.4503640260754753,-0.8274767870518274,-1.5542773660909988,-1.6902221691547377,-1.3180502219494665,1.1184215139892109,2.128478981131108,-0.9625136928499777,-1.4206816127382467,-1.0321162240680164,-1.981387017222716,-1.9628632264330268,-1.4359171019932426,1.6526205103634568,1.963039604855784,-0.7611682538804797
Bearing2_2,acc_00411.csv,0.46963910531383174,-0.22484307691318425,0.33883053187641515,0.05594414085653053,-0.44816682536522445,2.1599191514154588,-1.387445625759409,-1.377320984003593,-0.5654143362744495,-1.0701479026551255,-0.48025447923752873,0.5839683173844729,2.820126512962904,2.050956391134795,-1.3930667034708426,-1.72568163261445,-0.8018269558238511,-1.075846524448691,-0.8951828573593695,2.146252757985437,2.6748660437360887,2.058876824906769,2.352957175074624,-0.18596438004272708,0.059516355077715376,0.7935784808819067,-0.06592693564197552,2.2294130854982392,-0.9113460815528682,-1.4484278137850717,-0.8298279527135334,-1.5366833718850386,-1.6965402468503867,-1.2617746982408453,1.0402906763176074,2.171541786702766,-0.9210789901189405,-1.4087964796292733,-0.9626447315377672,-1.9703631548500906,-1.9876592275885019,-0.7354151926049146,1.2404112533358456,1.9518616991034259,-0.7611682538804797
Bearing2_2,acc_00412.csv,0.4249452522492648,-0.23732071129326857,0.07672038025219913,0.002816844955803163,-0.5807319775115997,2.150027593933531,-1.3803063843596381,-1.3774802395049792,-0.5022201078781858,-1.0676567497403313,-0.4309359543976924,0.4491324773984748,2.5426476033406624,2.068307583842397,-1.3420957100227795,-1.7524776710582624,-0.7188632755771198,-1.0930634464861952,-0.8639680630823032,1.7750801848393054,2.555765098397673,2.039277963730203,2.2861660744096146,-0.1978162414177031,0.03006094145460867,0.6999064982882203,-0.16232449819778674,2.2552749225144315,-0.8968223237655466,-1.450648382786513,-0.8312258020040173,-1.5548487517888243,-1.6701931509426053,-1.283747069062541,1.399505085314937,1.9150103196083867,-0.9648934153210383,-1.4201576143549748,-1.0449153074754591,-1.9717385831208372,-1.9459752865758793,-1.1519623899303095,1.2321795049906121,2.1177451457305603,-0.7611682538804797
Bearing2_2,acc_00413.csv,0.431870987826585,-0.21025592549328054,0.14214868346116227,0.036114938865413886,-0.3656076583444898,2.1994268416708924,-1.3874251803686182,-1.4209939962521363,-0.5764019718696165,-1.0788136549580993,-0.48881269398548904,0.5603423138058589,2.7258041217381175,2.1104278259168385,-1.3803880514358813,-1.772596565911073,-0.825620713885767,-1.131425361569664,-0.8713927731237864,1.9820616425243105,2.735430807404759,2.0809434815197547,2.3775308345530473,-0.19450599136995458,0.0663899130986587,0.5426053564655988,-0.06968015872145142,2.257555203337585,-0.922423562894068,-1.4481063688557285,-0.8379967974450235,-1.5399445616179877,-1.6675230467615691,-1.3108921640568891,1.3463951301910846,1.961428831761755,-0.9755236034127776,-1.4090016496926085,-1.02433695554618,-1.9536857769386513,-1.9648739360822942,-0.8092681789089115,1.7569967795306847,1.7028598530559205,-0.7611682538804797
Bearing2_2,acc_00414.csv,0.46915309757301055,-0.1710615768939834,0.11891319981311366,0.07596041079095933,0.011626155168542417,2.116370390487711,-1.3486754108306518,-1.3477642468299746,-0.6059316899012366,-1.0654444636401526,-0.4791604675849454,0.7989870928549759,2.883965363521607,1.9757523639738357,-1.3261294642170285,-1.7787163080199089,-0.8135903555331239,-1.1236938137263992,-0.8062517887642939,1.8452370651233982,2.5909077828907665,2.0648613010750627,2.280613648541965,-0.19151352585718837,0.0627656257758112,0.8627540075012571,-0.11799009086228074,2.2416219950774123,-0.903690585649696,-1.449277714915495,-0.8364066819108582,-1.5332988824273852,-1.6804090913101808,-1.2084843230078197,1.1821881365024083,2.0428904167781825,-0.9755428323486058,-1.4310427271192196,-1.049933815838089,-1.9640744296866754,-1.9327708440309228,-1.1487281432418988,1.4881040338241245,1.9691247096145676,-0.7611682538804797
Bearing2_2,acc_00415.csv,0.48612361331655923,-0.2521500108955403,0.1964001044255704,-0.049000975341736995,-0.7855101251008929,2.1454865135219405,-1.3825811989685584,-1.3110234538849963,-0.5847743691153706,-1.0831829680164586,-0.5370704417745057,0.8066244536322101,2.7008117852432343,1.9907114183304029,-1.377345238621119,-1.6438864810596063,-0.8050589766668972,-1.1626118609978542,-0.8804860073768104,2.020270291844284,2.6610310939662405,2.034553101662626,2.4164026062562582,-0.21047853817798587,0.05620610845296344,0.546302934725876,-0.324292184806545,2.226450210938014,-0.8607426262420349,-1.4360616885876671,-0.8394082942292176,-1.544944730210614,-1.6976638186522162,-1.1250767919993687,1.4276308888436404,1.8378740739315784,-0.958584106781338,-1.3974478299416795,-1.0533285832821113,-1.9737119760691262,-1.9664342083998576,-0.8995308929588618,1.5574391062706034,1.858651072128468,-0.7611682538804797
Bearing2_2,acc_00416.csv,0.4635107782860164,-0.2270241374658164,0.11501086851200962,-0.011961522565877956,-0.4953157216002501,2.269769192937799,-1.4090402210362283,-1.3976459030840058,-0.5835612226241241,-1.1058471995113766,-0.5404580249439713,0.3973762322366707,2.881523447495663,2.0832989459262845,-1.4101001036571095,-1.7688046349493507,-0.8083297874974085,-1.1484225049653,-0.8780289375357332,1.7319663856737986,2.908606467100245,2.0729180068174933,2.479862020502271,-0.20857396399608416,0.022856984883554133,0.5202658211430914,-0.2854098816939948,2.2692097786970837,-0.8539795323184745,-1.4610897422786036,-0.8397199091896573,-1.553392486210457,-1.703659159281375,-1.218634106031356,1.559366769084477,1.7843335484356568,-0.9329064486328762,-1.4269045113004812,-1.0361263157746972,-1.9848782414775668,-1.981161076042951,-0.8757513326423911,1.6471938343114807,1.8022027226711659,-0.7611682538804797
Bearing2_2,acc_00417.csv,0.4563596397260329,-0.20682820830813134,0.07719733524429238,0.08737155533301694,-0.4783991082640553,2.1701444182063008,-1.378789064382053,-1.3640326099182254,-0.5131307715608941,-1.1020290320549193,-0.4850178830336393,0.5281576930962737,2.335633631604268,2.19101552076205,-1.3585791430172902,-1.7112554833782212,-0.7556185197073425,-1.1365523390832117,-0.8931973197711012,0.8188494161428006,2.3117848146571025,2.2244977104954806,2.281717227142202,-0.20396291685858547,0.0368759842664654,0.4384569021344606,-0.14760036769360155,2.2761095484328937,-0.9136318009570236,-1.4458290603240207,-0.831680708232497,-1.5568936904521748,-1.6758879112926623,-1.0862878972353636,1.2318617250675659,1.9650480068031266,-0.9734462849188246,-1.4247271576819713,-1.031115150717417,-1.9796678638108918,-1.960796390526786,-1.0609931162423376,1.607553907150288,1.87892956226667,-0.7611682538804797
Bearing2_2,acc_00418.csv,0.5346099753581857,-0.18358490563923305,0.22169992570313765,0.1549030828688006,-0.2468170434660732,2.20303300582682,-1.3773713306100688,-1.3776437063684852,-0.569795234588792,-1.1225451068070955,-0.49162517303167846,0.6297516338457041,2.267586069426005,2.2605917155706026,-1.3923768261714966,-1.741077510381873,-0.8151333874379635,-1.1567532325361336,-0.910209329796848,1.3934555433185367,2.3534761283140297,2.2526078415510153,2.4489394287476633,-0.19350727960235858,0.09545826998500567,0.7391932673036643,-0.06592501531904235,2.273462058547292,-0.9124243509974999,-1.4553869153488619,-0.8318496142926495,-1.5585127771224871,-1.7019667071048794,-1.2271325305879823,1.1128256514300403,2.1173646000746587,-0.9824808339845464,-1.414045771117908,-1.0556582865852238,-1.9872558119277053,-1.9819378213815924,-1.154933833168146,1.682380372809185,1.884697573752106,-0.7611682538804797
Bearing2_2,acc_00419.csv,0.45064148386876957,-0.24010701075906313,0.19275249743289402,-0.09857398031952837,-0.5967173254822128,2.1459202865373244,-1.3844680616665361,-1.3336664744274496,-0.5646568697080583,-1.0942072112637877,-0.4982533625503528,0.835449602582185,2.7661509061091114,1.8317391743105533,-1.3625378445750163,-1.7130777748427366,-0.7773701784945052,-1.1253699248173277,-0.8526362744911089,1.844628769189247,3.039594683023239,1.9199476603240833,2.380569271848061,-0.20136459074838092,0.05761173933542494,0.5473813950517901,-0.16193784905612593,2.19959008392312,-0.8853225673700216,-1.4528522974177684,-0.83858842728202,-1.545066859365163,-1.662738039401348,-0.9787300887747526,1.4248212116053132,1.7833364661909732,-0.9471594675407708,-1.422302428979642,-1.029531034325093,-1.9442233228593617,-1.9319788714308195,-1.1000342260661906,1.8534098870685736,1.7173756108547042,-0.7611682538804797
Bearing2_2,acc_00420.csv,0.41612791782925557,-0.196690410142369,0.1631386699009043,0.11150332002031918,-0.38295717338236773,2.122068711810881,-1.3530380619302056,-1.3887122279893218,-0.5021595199922456,-1.0718836596303671,-0.45730783314320766,1.2223845721558462,2.2710760701068056,2.0848312253468326,-1.361036940376304,-1.6988588269206641,-0.7403105236531254,-1.123808676764528,-0.786245573456415,1.7603633698770111,2.2547030159085804,2.1396639414734864,2.2231457672894073,-0.19182788184836827,0.03206271087269751,0.9513418199870627,-0.13621393324319142,2.2279376679064784,-0.9147669535749535,-1.4597478473253824,-0.8286825642602542,-1.5427853509465244,-1.674957465788844,-1.0043081597176744,1.447061981896575,1.7846351093599704,-0.981771936674884,-1.413261793750672,-1.0322449733228107,-1.9562410152453358,-1.9643644591081517,-0.8465417216714247,1.5654383064668036,1.8316876190486056,-0.7611682538804797
Bearing2_2,acc_00421.csv,0.4835620655826936,-0.20036562922021772,0.28163796437732846,0.115057610943255,-0.14966843882815922,2.1732615558472075,-1.3879143464292003,-1.345642038006133,-0.5903499009413608,-1.083774672463328,-0.36345572615869537,1.5343981472277748,3.96537162559492,1.5753252617940237,-1.3697883062019163,-1.749796099211259,-0.8209857155388696,-1.1279899883266036,-0.7289491645798324,2.370698879489569,3.851022931386034,1.6536228639439563,2.441045380893324,-0.19324082572584317,0.051181805464027216,0.7097667069822926,-0.06201385048123913,2.2585350605909844,-0.9052264176787187,-1.4642016445056587,-0.843844537852242,-1.5652818306991558,-1.6785429892768642,-0.7597593712267021,1.7712345547268502,1.4838944629786577,-0.9688084330120418,-1.4302096277614664,-1.0370437279814988,-1.97196866552306,-1.9608107159201797,-0.4981644074330095,2.2787699083789867,1.3227104838915593,-0.7611682538804797
Bearing2_2,acc_00422.csv,0.4737479451529242,-0.2013720600102136,0.14094231472485927,0.22636303721414494,-0.4041446461138877,2.1231417005574196,-1.3506483814752028,-1.3679452054070382,-0.5576849037770469,-1.0904384013466109,-0.4016578182797232,0.9550547465613333,2.846191324054243,1.8695359259121986,-1.3520593347030812,-1.7152670977892277,-0.7684569071614269,-1.1160330339359887,-0.7731771012238512,2.493348515717789,2.987534650068839,1.8570245344033645,2.2376852952912984,-0.19345462523776977,0.05461533902682051,0.6774128972048679,-0.08874301410712039,2.204062385823242,-0.8648639577738965,-1.4527854271113325,-0.8294932811315396,-1.553089599361746,-1.6633582904454105,-0.9257157434878478,1.1715104812340262,1.939277055356534,-0.9414406099145938,-1.4209695687321315,-1.021264292618482,-1.9704920628533358,-1.9461973556730232,-1.1542010977308783,1.4184910534760282,1.99397431700258,-0.7611682538804797
Bearing2_2,acc_00423.csv,0.5096109077228498,-0.15191130626014684,0.2016175039422114,0.2793032651715597,-0.19126326804234126,2.1985505092076374,-1.3726641212078334,-1.4214905614049484,-0.582212836274301,-1.082396516872549,-0.34541555757554676,1.0654728102148063,2.9248161482219177,2.000901229082625,-1.3735400383319492,-1.8137912133588185,-0.7726697352324171,-1.0707350498843353,-0.7887730552990212,2.079633263480611,2.980754498327416,1.9579895936009932,2.410688335800604,-0.18948746544554967,0.022156295145697277,0.7746283922979865,-0.12424906005559305,2.272176629838951,-0.9205812131975716,-1.4622700091642435,-0.829983739454703,-1.5444063605549232,-1.666599366604317,-0.8367527513541662,1.1388523960973167,1.9368344372671433,-0.9931077310561649,-1.4310937447892988,-1.0360866404775473,-1.9766668571055124,-1.937885708851431,-0.7373079913522376,1.3936807776421298,1.9052629594084423,-0.7611682538804797
Bearing2_2,acc_00424.csv,0.5758822352642409,-0.176332012938459,0.21716111661111034,0.23216214345683006,-0.19573286714527072,2.148852913845121,-1.3710678520997366,-1.3203055673337525,-0.5767772802048865,-1.114452975020456,-0.34284130451895706,0.8207763998170815,2.6253164503056565,2.0185437798796033,-1.3674826221954826,-1.683762501106975,-0.7750697652785498,-1.1490143973779425,-0.7335169191848896,2.1049234866080435,2.595756336771972,2.020269321054371,2.416643066278609,-0.20054685244465437,0.028762163189762813,0.6090076993897418,-0.18875109638714396,2.251818195710089,-0.8736008719474425,-1.470325554451466,-0.8333547628079996,-1.5638614503521227,-1.6889782846817878,-0.8791236607183153,1.2719093561853951,1.8767820486245037,-0.9592571235730206,-1.428881871343301,-1.0305770496054334,-1.9890218240116038,-1.9593280818005732,-0.5750285515627602,1.306392069230436,1.9075956882314866,-0.7611682538804797
Bearing2_2,acc_00425.csv,0.5889327184500416,-0.2114893337068,0.31951164054421405,0.018343484250734045,-0.3215618130412747,2.222816656872414,-1.366582439597521,-1.4097972728270556,-0.6160962094556196,-1.098419466546979,-0.43319204861854377,1.0443797430215367,3.1992281754740954,1.9250449030747814,-1.372655223675283,-1.814886913787248,-0.8296850268520735,-1.1711249373829051,-0.8279019178123845,2.0013194596701607,3.1005927346874564,1.9793690400285082,2.4427477301323477,-0.18160269535492643,0.053031478531192396,0.771393011320244,-0.04040819554319457,2.2407214216604796,-0.8923491777404072,-1.463622105134307,-0.834678524554551,-1.5700195170636955,-1.6948816030019174,-0.9124563393563901,1.801887338477485,1.5157897192934333,-0.9561228908250868,-1.4258996151803625,-1.0300757751767204,-1.9807080414428324,-1.9848931573252289,-0.4431499709753058,1.567290199909618,1.7217677618057818,-0.7611682538804797
Bearing2_2,acc_00426.csv,0.5081985615310508,-0.2084800384650735,0.06755438331708113,0.08924223476614125,-0.33185362886876996,2.1713760495389725,-1.380219272923975,-1.4242161747458444,-0.5189252340676124,-1.0845726140011462,-0.3642801449268975,0.9610656911492085,3.534088311528966,1.7268581551652444,-1.3798190524660292,-1.741428195384361,-0.7538757058963977,-1.0420445060845698,-0.7841540410209945,1.941990239400463,3.3698243532484726,1.803578549171352,2.582020633657874,-0.19619574909273532,0.035884613340710726,0.6860405798121813,-0.1364097687071898,2.2612951722503345,-0.9147269883838604,-1.4694980904026527,-0.8398145982295757,-1.5633616509741473,-1.6944344225126355,-0.9481129844073083,1.725047338301475,1.5877162577403878,-0.9709922554980273,-1.4391414528730904,-1.0355233530401178,-1.9846039757558793,-1.9954956138037565,-0.6297513546779084,1.7895229349149853,1.664001817226076,-0.7611682538804797
Bearing2_2,acc_00427.csv,0.49227715325066085,-0.22467401980009674,0.17281282992506655,0.03611493886541405,-0.45875979842934456,2.1675911535021815,-1.3943251661519767,-1.3866241430360442,-0.5645640675959254,-1.0952380804786321,-0.3888977802391573,0.8755148708727578,3.093928498055864,1.9430689409891668,-1.3886066596096136,-1.7398455592202065,-0.816537365634294,-1.125097621160522,-0.7644554300822649,1.6291944839493322,3.183022724356203,1.943266717146685,2.6427785750839266,-0.1804880991779341,0.051564320165234365,1.1391479824569701,-0.057588804192156166,2.238610456238602,-0.914519243949143,-1.4780527779400339,-0.8402739672153594,-1.5533785675285592,-1.690666370130217,-1.1191750307737498,2.047812944578715,1.4162139722542737,-0.9861061236341816,-1.4455708367340128,-1.0437677708328756,-1.9628078958923243,-1.9656352226758418,-0.676557046635501,1.8368491390378558,1.6413025664458154,-0.7611682538804797
Bearing2_2,acc_00428.csv,0.5438935176280452,-0.18439252284485655,0.09113494269040873,0.1489169086828032,-0.21386159089786633,2.16476146710606,-1.384934803698755,-1.3280278626501631,-0.6120512589134824,-1.109087335472586,-0.35038374414013673,1.353456851006123,3.1853966382626857,1.885488337335879,-1.3663304645946295,-1.7518261758438933,-0.7815580790416122,-1.1164621811820505,-0.7468647964956863,2.009812986152333,2.96653461124545,1.9397146409793908,2.447050852862109,-0.20204024060247602,0.03191005748039222,0.5256581227726622,-0.14681932963668595,2.2564159196714253,-0.8514441984324791,-1.4785103098294512,-0.8431638022595798,-1.5672054277037628,-1.6786248569855806,-0.985768852729624,1.354496718676295,1.8534763924087971,-0.9498993655836538,-1.4555825400445825,-1.0459625051524417,-1.9912324487690722,-1.9535909665927544,-0.7141218381366932,1.5327596986355991,1.828430761416741,-0.7611682538804797
Bearing2_2,acc_00429.csv,0.6005752863914432,-0.20759809103402782,0.036791379942295734,0.186704633231912,-0.4870616695157676,2.241708680906253,-1.3835308719638564,-1.431036494567068,-0.5998899560465705,-1.1193901934836707,-0.4130137369703279,1.2182237786374681,3.5741071540222022,1.7889078876837496,-1.3715585612852055,-1.7828584299541659,-0.8512999827665869,-1.1390997978792734,-0.8200710220942518,2.1983451632592947,3.4831435852967596,1.8301638346946716,2.589654587179342,-0.19860408994660383,-0.0016214284837311928,0.5717237852652809,-0.08554379006383507,2.272574031051815,-0.8952582422881373,-1.4682409012037398,-0.8359370417942651,-1.5642924054771254,-1.6782729768656606,-1.1287334191864349,1.584989288164778,1.739881808995168,-0.9485572683557549,-1.4388921557663925,-1.0277141048690974,-1.9885843646240196,-1.9781854451597454,-0.8446289215707627,1.8974116736444675,1.6518400192626967,-0.7611682538804797
Bearing2_2,acc_00430.csv,0.5749139819143967,-0.21377954481944172,0.3217519127934281,0.08811982710626654,-0.3548432113249389,2.1773284922763017,-1.3858896720625455,-1.391038980824516,-0.6013062720767388,-1.1100407422905854,-0.33648333117683715,1.0447673155329706,3.666478703537226,1.7140814029641518,-1.3786267204056877,-1.7998743982842675,-0.8242309194150754,-1.1222191565708637,-0.7582050238525838,1.7281373816947365,3.8839130772428283,1.7327940039713776,2.321585241278793,-0.18583655365367482,0.03845718202964342,0.7536754488230831,-0.05148705906719094,2.1865886354534143,-0.8987277853689408,-1.4524233019648505,-0.824037636241363,-1.5680232429049565,-1.6636103609457782,-1.1357046498101087,1.802378919024286,1.5740100363610212,-0.9357704456788168,-1.402190027250067,-0.9948477588209205,-1.975660683066167,-1.946359196980332,-0.7078139760278381,1.6484529978374554,1.7113381539451804,-0.7611682538804797
Bearing2_2,acc_00431.csv,0.5892190197651976,-0.2058849441218472,0.038360093492700406,0.16912024656054447,-0.3039513428583831,2.172305591373965,-1.3916554568908615,-1.3691462058340849,-0.5785659089445627,-1.114879133562048,-0.27902519301272677,0.981344250977099,3.596551715860674,1.6468384572044374,-1.381891657245236,-1.7853333400304312,-0.6997218446464535,-1.1112349776749553,-0.7565870312999843,3.248235103623277,3.4226610356060947,1.685055634953065,2.4670461602543865,-0.18695523975330042,0.04477948862918975,0.9900123259591272,-0.08196310675734732,2.203120593626828,-0.8909739190804622,-1.4668251646106225,-0.8335529853548419,-1.5695646888620078,-1.6584766296330797,-0.9519977197815332,1.829355544063651,1.4880446371583658,-0.9455496257103978,-1.4263844468765303,-1.0253526179413999,-1.9787865289527875,-1.9450018014618644,-0.7922561873602953,1.6171128290928565,1.777699771373109,-0.7611682538804797
Bearing2_2,acc_00432.csv,0.595413726834985,-0.21302211000590862,0.15461653818092438,0.08942930270945373,-0.4410168955047652,2.2097373251971177,-1.3884236787902418,-1.4109335318250944,-0.5747678382625945,-1.1257247570777686,-0.38317406906702706,1.3618202908940071,3.4932043025885267,1.7659239491084773,-1.3576182402567607,-1.7827846043335063,-0.7966864192374921,-1.1392848658309993,-0.7913409412177288,3.1907991868304384,3.1605388478035605,1.8041987176992702,2.5967350074150866,-0.19362179169503801,0.047866331684625806,0.615940658627761,-0.009395537607018896,2.221136649652073,-0.8836653946745064,-1.4679170173523923,-0.8311691589576629,-1.5715712828118098,-1.658691030384877,-1.0806970422559325,1.6670386401722856,1.6488222983323806,-0.9689675194197875,-1.4171626758556932,-1.0381356414591476,-1.9850464606122136,-1.9536752594794486,-0.8220039270061328,2.0380991303575873,1.5580291583182286,-0.7611682538804797
Bearing2_2,acc_00433.csv,0.6138430136844906,-0.20796730379695696,-0.012219280320748552,0.3152203102875443,-0.39175948206236766,2.2380277623917344,-1.3886768911569805,-1.3940988146718853,-0.6420993867868501,-1.1297684946577373,-0.3568112192526436,0.8520609205845386,3.4162616305032274,1.8369925327524501,-1.3941492508836217,-1.7731136018598772,-0.8700360139267107,-1.1392637916149742,-0.8010864545374895,2.137018500242105,3.2382564727794954,1.9407629121976289,2.637056939217159,-0.19061248997865962,0.014326031391101338,0.7516725939320994,-0.12131873713876941,2.279941860857785,-0.8281451313683104,-1.4802157548105621,-0.8438166738108988,-1.5816707037157671,-1.678787033208787,-1.1666183329106108,1.7465284814427562,1.6354412368241618,-0.9156486898217708,-1.4468602390419203,-1.0569589245080597,-1.999022677240436,-1.9661929053332716,-0.8246449100228003,2.027224792258824,1.576980949617294,-0.7611682538804797
Bearing2_2,acc_00434.csv,0.5399776359548749,-0.18525522628420663,0.29342553333244575,0.44972216152917427,-0.3726675694763574,2.2234574563872225,-1.3652641559622534,-1.42763945959214,-0.5875125189861088,-1.1198782369419615,-0.3534982087914362,0.7884182018734693,2.965091652954682,1.9465623388558275,-1.3679407241773407,-1.7999338686484734,-0.8007701241248226,-1.1468394111866518,-0.7680316259834832,1.6743111979397602,3.042141069959318,1.9855930654575413,2.566185585061343,-0.20073143100187887,0.055148372235762175,0.6147081325410021,-0.1938514433822101,2.224258005066478,-0.8877306401728635,-1.4676072339305832,-0.8398648520402445,-1.5681995638067905,-1.683759733177175,-1.094778150894237,1.753170302076078,1.6130970409068157,-0.9546663181174647,-1.4294016425123934,-1.049618717406526,-1.963767980130625,-1.9433885013644219,-0.7117032857052175,1.5707702792746714,1.7883862929026542,-0.7611682538804797
Bearing2_2,acc_00435.csv,0.640085375314416,-0.2185516091752581,0.12818476795647193,0.18726583706184927,-0.41644879596060785,2.294645603297751,-1.3822732016705896,-1.4477093807430355,-0.6278803314376593,-1.1264904643966074,-0.44886136953328565,0.5234057862033306,3.3206915388499265,1.9287796213024646,-1.375446899962625,-1.847971028523243,-0.8330658448257197,-1.1600094308990008,-0.8524530583159878,1.5278055039117178,3.2227805449665685,2.00033255196762,2.767494240980183,-0.19728086826894126,0.04261038641561718,0.6758722395964191,-0.10280111914327021,2.324547014518619,-0.876485160541345,-1.4848521865037627,-0.8458514310659572,-1.5875482277578248,-1.6964618587054034,-1.1364038796020364,1.7068979183510264,1.6769915177827655,-0.9537957273011257,-1.4460720272429255,-1.037468165065108,-2.0012927552788216,-2.0020305565539562,-0.5855309720318177,2.002911391807185,1.534021047402426,-0.7611682538804797
Bearing2_2,acc_00436.csv,0.663672613902588,-0.20390627474793463,-0.018131009426861747,0.3200840768136672,-0.5569311785804039,2.1963072956871903,-1.3863209638806184,-1.3118692795233973,-0.6045855980201026,-1.111938473323582,-0.4133573423956559,0.6748408686939785,3.0629776044700763,1.9545734155739898,-1.3731694245940087,-1.7070722911651584,-0.849739907611341,-1.1269231050462347,-0.8503295889160675,1.9495968861095316,3.0381887015369666,1.9583196246209227,2.645270847196037,-0.19822842267452306,0.05135075344374762,0.679569817856696,-0.1882791591782341,2.1576547366261796,-0.8070382092499041,-1.4667224369785146,-0.8270175059712335,-1.558171792159233,-1.6605254194100691,-1.034163665820738,1.8165770103370462,1.499279397949404,-0.8960642963813082,-1.4236147296474124,-0.9720264637217435,-1.9697009986675462,-1.951677581024035,-0.5353810507598539,1.992658520828813,1.4456619479678234,-0.7611682538804797
Bearing2_2,acc_00437.csv,0.6442889899137535,-0.23826705288936367,0.080700554763671,0.06211738298584029,-0.5520577678751352,2.2618739860075125,-1.362803196986801,-1.4463930443716009,-0.6213896409116931,-1.1315918011279502,-0.41926550912639,0.8965649587410119,2.8241723643596366,2.044330815848271,-1.358712797348923,-1.8397829850771552,-0.8222223813373277,-1.1664884887910612,-0.8254124867014062,1.9094844121230685,2.8048695016086937,2.071507124434463,2.6339559139481272,-0.19647889454567916,0.037340273801326054,0.9870850765030748,-0.1904919571642601,2.2665205812482228,-0.754764363585536,-1.4740639632399664,-0.8398284371351044,-1.5771078019616096,-1.6732890073764688,-1.1055948165313438,1.7429948782959408,1.581947316802087,-0.9061833018889578,-1.430460198266051,-1.0581856018764886,-1.997441424429075,-1.9444793526180741,-0.8867001178036008,2.071231720961042,1.5556804065251764,-0.7611682538804797
Bearing2_2,acc_00438.csv,0.643429881855817,-0.22546064689254344,0.34153951234595425,0.19231667153128446,-0.522256792251626,2.220459387062266,-1.392822617203043,-1.3790432203243155,-0.6249638719858157,-1.1171651723965859,-0.36844274807921046,0.7596894105027401,3.22380262786718,1.9327570329261228,-1.3749363193748545,-1.7941765242371621,-0.8396455278146867,-1.1314524139142768,-0.7966335547865879,1.3914743613136964,3.0185213492877856,2.041799195038471,2.5936972807356544,-0.20333773570159644,0.05495081428424449,0.5593985243976906,-0.23054028628997023,2.186165914306872,-0.826564884429109,-1.4715557023783936,-0.8390313315012018,-1.5651290823500892,-1.6669902121244786,-1.1143585667762077,2.249844659572165,1.2388759044813356,-0.8942655767169763,-1.4308268423514479,-1.0370710812821646,-1.91339721085337,-1.9557963429442915,-0.6382574344128276,2.4099434430036424,1.2470648137837679,-0.7611682538804797
Bearing2_2,acc_00439.csv,0.5814409791410888,-0.24792995797811027,0.4079904304007469,0.15003931634267775,-0.7396531059643263,2.169458096217498,-1.3629329111949378,-1.3787127386279316,-0.5981526019210957,-1.1038709051378492,-0.38798246459485763,1.073560731911624,2.9997328361933246,1.9535751198311215,-1.36527436815186,-1.7339843516057798,-0.756102936087849,-1.1012929893974428,-0.8029566636087282,2.53605848125733,3.1552330278917333,1.8181902899236697,2.6057611231204896,-0.2035457780587231,0.06617610267495998,0.602228805912567,-0.22939658451713701,2.291704738883007,-0.9121406849811036,-1.4763590717043662,-0.8417079882968407,-1.5688225140191372,-1.6804943485966446,-1.1734922330913868,1.7937243923933077,1.6196512184898437,-0.9450336395069461,-1.4244423096382273,-0.9888242958505077,-1.9740351844095807,-1.9901571942018093,-0.7184407815542222,1.826289318078836,1.6322530199175542,-0.7611682538804797
Bearing2_2,acc_00440.csv,0.6453507229839521,-0.24976960955962835,0.009692712898711618,0.06062083943934093,-0.7970804333680719,2.180682762451934,-1.3757660373617249,-1.2837649021190545,-0.6344288975379351,-1.1115063849358107,-0.3699094120261334,0.9326173114597756,2.7041367892632375,2.0633064098508886,-1.3554510355278842,-1.7117407094648862,-0.821476510452001,-1.105884826583388,-0.86611128318942,0.9565998320282187,2.917861014569701,2.043068756616324,2.592353281252515,-0.20883976302731538,0.01335403260804799,0.552465565159671,-0.2947308041054881,2.25443650699381,-0.8780525616930612,-1.4626423677696334,-0.8362084185225198,-1.5578920994634544,-1.6703223880633267,-1.1003841681405253,1.55404751168211,1.702535298480234,-0.942406360750568,-1.4309224264602816,-1.0243436801047638,-1.9665166486377337,-1.944689515375907,-0.982862482065097,2.013441376708762,1.6010593905844872,-0.7611682538804797
Bearing2_2,acc_00441.csv,0.6480485156462246,-0.22991690646467045,0.16041302071336408,0.10869730087063294,-0.6362849036909287,2.164479982531317,-1.3700621501024677,-1.3269709531809848,-0.6331288555635104,-1.1202910334231508,-0.40576995253761694,0.6946023970432446,3.287282867590382,1.881541908721999,-1.3704949552076051,-1.7398245324928496,-0.8282974509222356,-1.138303892959525,-0.7744592237804956,1.5882603001099858,3.2332754446087884,1.9203369958000926,2.570371948217588,-0.20333092424238552,0.04237875274137513,0.6761803711181089,-0.2528082965621165,2.2153395718959197,-0.887958914442786,-1.4672232821603208,-0.8304421603696868,-1.5723436954073606,-1.676520129611534,-1.1428225557203309,1.7886550147206473,1.5941355979939185,-0.9662565873225337,-1.4359088419817567,-1.0389833456066375,-1.9872150111043447,-1.9644121399529682,-0.6629797841928249,1.990381992917011,1.5471352887307712,-0.7611682538804797
Bearing2_2,acc_00442.csv,0.677713951982995,-0.20942732488573348,0.25549596047265705,0.21644843621858653,-0.4162069786125338,2.1478256201163424,-1.3354111543853402,-1.3779242425595843,-0.6146277506367224,-1.0968099645019804,-0.3735150154156406,0.8685041314068698,2.8502514466795383,1.988651599560514,-1.3227273545318634,-1.770043542431,-0.8336537326372606,-1.0922312416590905,-0.8031605813182889,1.5590864726935738,3.1106988497923145,1.9197743171569372,2.6565516521342283,-0.19424912154032012,0.029687302070969174,1.005418902043615,-0.17574013241646014,2.218379953829711,-0.8956458098226919,-1.4732965122515669,-0.8377612703079952,-1.558449565163872,-1.6630878904833248,-1.0959538316744246,1.8884068339684872,1.5049133316573804,-0.9443652400927998,-1.4337601194135534,-0.9975408575932561,-1.9732391195807875,-1.9452768214849607,-0.525258477282996,1.8190573209781327,1.5683262626943213,-0.7611682538804797
Bearing2_2,acc_00443.csv,0.7195876914268026,-0.20276515075870435,0.2733073087864645,0.4706737711801653,-0.4958973972425959,2.164923636353977,-1.3647676359499326,-1.3050623731308244,-0.6162640827940161,-1.1380845260334336,-0.3700493581344994,0.6411650407338563,3.372431574796565,1.810515978285619,-1.3459332195122338,-1.6884611682376647,-0.8606114800277171,-1.146343399767473,-0.8026652282195352,1.643564664366253,3.30478399970261,1.8635728847969797,3.071728335192893,-0.20252345538902633,0.03903182509962604,0.9032733026034605,-0.22930601996336555,2.220336555474075,-0.9183057006244193,-1.4605607856810388,-0.8368712236385074,-1.583830046854248,-1.6832780719145093,-1.2235145021582632,2.16138554665581,1.3760963319425459,-0.9497317333544492,-1.4261648187693616,-1.0231178383122652,-1.9615721986721317,-1.9921481127900913,0.010788407959833197,2.0188386497206,1.3160273485410614,-0.7611682538804797
Bearing2_2,acc_00444.csv,0.775555777929597,-0.1903956056523795,0.23774167620710845,0.29520404035311554,-0.16978387516524335,2.2237941789572377,-1.3994305369707787,-1.3189842419306808,-0.5693653433240285,-1.1084173446236578,-0.42415295461686414,0.47177391188212814,2.925839493842853,2.0031155861224756,-1.3852359930240978,-1.7172302364310577,-0.7794539012550286,-1.1544431287119725,-0.8425105245239826,1.987812679886433,2.7442287000118535,2.0344282426681106,2.927512014643073,-0.19342393403888777,0.06345190035923944,0.8870963977147482,-0.15156167314793412,2.2201879077051268,-0.8974796077260051,-1.476104220155939,-0.8331796837288274,-1.5672464647605042,-1.659189971024042,-1.1646259407527217,2.092341979156347,1.3709418841066485,-0.9794996445538043,-1.4193234971805548,-1.0391397585609836,-1.961541653894076,-1.957838924132548,-0.6837629173167775,2.34274329578593,1.3373562272640813,-0.7611682538804797
Bearing2_2,acc_00445.csv,0.6401773670049351,-0.21755992369428992,0.1014121898198244,0.18053139110260222,-0.5890621524479471,2.233895245397163,-1.3630855363824903,-1.3968123806850008,-0.6157208830867552,-1.096726975348692,-0.3815590732835439,1.022812830306958,3.0086282008893392,1.8893979266159084,-1.368793512240984,-1.7805252227255657,-0.8306614562280757,-1.147533956224345,-0.751762981063176,2.1620076801860026,2.9765196472007682,1.972174795549191,2.627332189854172,-0.20507493384426329,0.053249139695406796,0.7435071086073209,-0.2692925041785085,2.1669164757898205,-0.8924349942966843,-1.4529679874430321,-0.8310967763456357,-1.5516613441558078,-1.6531068364583208,-0.9956586845050845,1.6622238236262679,1.6012543326401971,-0.9711630774706889,-1.4139257304807946,-1.0325423787668122,-1.9642646296420627,-1.9238360092189513,-0.5550943153381367,1.7855140020811766,1.6031912788772176,-0.7611682538804797
Bearing2_2,acc_00446.csv,0.6836743307619279,-0.21828621224554512,0.17621501723957592,0.2016700686969056,-0.4442476321719578,2.2023110713766267,-1.3854197585780066,-1.3766070742978282,-0.5740011710703276,-1.1294558935039996,-0.3729880289889323,0.5164939896328424,3.2551342279410718,1.9037601261805526,-1.3687123544700515,-1.7737232956921578,-0.8077838045137392,-1.1296417902038618,-0.8003598602080632,1.5417157669871915,3.232798350011074,1.9288842289337795,2.7748579380076723,-0.19379138043797012,-0.006185563436294111,0.7681576303425016,-0.1425259552674997,2.237148217621245,-0.8886779390871751,-1.4748445038250018,-0.8327122915749057,-1.560017850326687,-1.6838410779738493,-1.1793105653867118,1.6305297343567777,1.7257850441062128,-0.9614769079190526,-1.4221989888533246,-1.0253470890488985,-1.9575235558773194,-1.9748738340938772,-0.7620404976549873,1.9953491762866078,1.5561713699171902,-0.7611682538804797
Bearing2_2,acc_00447.csv,0.6968000425575002,-0.22786219324041562,0.047269870168134887,0.21401655295552527,-0.5551950036912067,2.2028003439651265,-1.4052089029973338,-1.374213372822757,-0.5824622428574634,-1.1099185723637441,-0.33131869980969,1.0004209315342785,3.514354587877281,1.8010548560220754,-1.3726866986299489,-1.8089235698846475,-0.7354246033523463,-1.1335237832183223,-0.7538485061782437,2.7296895785456465,3.1421772388194826,1.839288292174305,2.7991458004886445,-0.19546292418153396,0.04851473999290621,0.7556783037140662,-0.13474443740485462,2.188429166809995,-0.8872414602545424,-1.4666725601661716,-0.8295044304691616,-1.5611485329141246,-1.6743847066435187,-1.2312211441232421,2.215544150737423,1.3150935105694532,-0.9609009637000668,-1.4275179590514262,-1.0230244913045425,-1.9773999276537433,-1.9520527158353576,-0.655470069914508,2.4143502921887894,1.2812283152740178,-0.7611682538804797
Bearing2_2,acc_00448.csv,0.7876033234862333,-0.20184869423485052,0.29473010351228784,0.19792870983065727,-0.32673074684966485,2.2966724848381936,-1.3969808878074854,-1.4398493438917472,-0.6094583156548038,-1.1229207251138635,-0.36287790081469073,0.4979704024935042,2.933302298993438,2.0712485632457804,-1.3830488285925986,-1.8458821857897714,-0.83275263382646,-1.123895988066336,-0.8096478721535554,1.2515227172205226,3.0854074478246045,2.0616520964007834,2.9072405968182644,-0.20554195928999372,0.04046760797271769,0.7148508770901735,-0.2648068907860252,2.2902414146829506,-0.9127645915296706,-1.466220662900898,-0.8339583858361727,-1.5698570116375719,-1.6897778603233724,-1.2545358690257797,1.7208907052397215,1.6867458696356585,-0.9698227536551742,-1.431520629275634,-1.0331660051946363,-1.9842361142773135,-1.982260195674951,-0.7641065197924023,1.8756716142104732,1.646222000118485,-0.7611682538804797
Bearing2_2,acc_00449.csv,0.8618689717688799,-0.21651808723950003,0.0752617121148876,0.2791161972282474,-0.38993253545108286,2.3208105745337777,-1.4014295188152819,-1.4499092874554416,-0.6215457526931153,-1.1393738724130698,-0.43635775638041113,0.5060382156388434,3.2526649217023396,1.96999780888167,-1.4057580024429026,-1.836264666178726,-0.8273336134155223,-1.191204352809838,-0.8234551210350928,1.4527646925418898,3.1511635731207366,2.0569783350713364,2.969973943365869,-0.20725376060661577,0.05480565262078382,0.6965170515496326,-0.23752014524349807,2.2527953518897315,-0.8804615935379583,-1.481386511614059,-0.8333316537043918,-1.5712622030926295,-1.6899262430548525,-1.190462278117228,2.0146303216950563,1.461201870107424,-0.9203221076593511,-1.4397792980405038,-0.987729322157012,-1.9741430126134953,-1.9709810904684875,-0.6473354845237981,2.2563725933494494,1.352656006648102,-0.7611682538804797
Bearing2_2,acc_00450.csv,0.7671768566917533,-0.22984393717150278,0.14037387584014718,0.13993764740380701,-0.4844795194666421,2.333013718975803,-1.4019079799491874,-1.4536475281316135,-0.6248537311086978,-1.1372276098626672,-0.37075013111644883,0.7053696853419622,2.855984782815649,2.1341127727128666,-1.4064275871790948,-1.8215213717263286,-0.8502714450460247,-1.1441862625570225,-0.7940956374939012,0.9981321637801625,2.7522088362099533,2.213591459110466,2.7999095069196422,-0.20337054871758695,0.06668330108790041,0.6635469787288287,-0.19532215134367795,2.280531694133939,-0.9179825415821625,-1.477083786825615,-0.8319745469887294,-1.571376735038304,-1.6737685162178095,-1.1577683124680418,1.6347865932822627,1.7204455954391915,-0.9859340423415615,-1.427563456997216,-1.045901494052258,-1.982623661196836,-1.9553902302804647,-0.5329749905111728,1.6895394801739583,1.6832240750103906,-0.7611682538804797
Bearing2_2,acc_00451.csv,0.6323850945416286,-0.2534707766293386,0.26543574829540995,0.026948609643105408,-0.6830987639310188,2.1768906949075397,-1.3831800853654332,-1.3692807500916426,-0.6173612685664357,-1.1036054371377528,-0.24926763239638183,1.158215717170946,3.5676609225785056,1.6994602540830712,-1.367129725009114,-1.7901807051949736,-0.7796563029544838,-1.0398677672480257,-0.7196956705052814,1.8601538026393036,3.7839342697493614,1.692938268608513,2.6550739780087564,-0.192297946130123,0.062388447377893244,0.806057807510342,-0.1537437643198799,2.2272618537741473,-0.9160594288251608,-1.4781059234980203,-0.8336235963926083,-1.5703666436333337,-1.6339225058337747,-1.0888677816967178,2.0191962991769947,1.3985165619188908,-0.987796206947912,-1.4403464329059406,-1.0516358293289771,-1.9690213809991453,-1.9132006496240588,-0.4091429711129809,2.1373890684069563,1.3736022368706742,-0.7611682538804797
Bearing2_2,acc_00452.csv,0.8288826531090573,-0.1781704588504908,0.009806242959413517,0.3563752578162768,-0.14447631568599228,2.258855529070145,-1.3868176620797583,-1.4233571617990293,-0.6102695258793954,-1.129400166737499,-0.3685446166913793,0.776310059829276,3.9532610031208857,1.6235823767396982,-1.3840778835749892,-1.8225736939352943,-0.8352095994345335,-1.1326993395757243,-0.7884737621066849,2.06835057761045,3.676128487341134,1.7987585137875999,3.0036947963400684,-0.18485216687573616,0.03882908972158604,1.0011050607399583,-0.024694753179736753,2.247234573084839,-0.9074858562427439,-1.474515575064608,-0.835763268246783,-1.5852916057996778,-1.6682621066667793,-1.3207377119867807,2.0578532252086847,1.475512283289096,-0.9584060018796488,-1.4465000402662913,-1.019259763878223,-1.993476916727568,-1.973161553094245,-0.5546524194758842,2.3033766682126675,1.3310794901577256,-0.7611682538804797
Bearing2_2,acc_00453.csv,0.8090516309929742,-0.22362002841389964,0.2120777127876521,0.20915278642940222,-0.45339174457109155,2.274303347673253,-1.4006694867552507,-1.400179466662258,-0.6141562784861191,-1.133818847319424,-0.36323342418604243,0.6458809626672457,2.321779718630898,2.3010142072545356,-1.3840377185612538,-1.8240124532464244,-0.8483897653172643,-1.1477014161035177,-0.8289377079949942,1.3551213792107863,2.014834268287938,2.3980347727200644,2.860904043072917,-0.19285270439500507,0.05899068505572434,0.9251506406434333,-0.18500815472004967,2.283727897983224,-0.9077369047964507,-1.4745077445592534,-0.8325449902179249,-1.5767482879369847,-1.6640361222664295,-1.2516202643501448,1.755291366858886,1.664064455309477,-0.9628873372581012,-1.4405579294640232,-1.0107262950192633,-1.9733338782819223,-1.9562793000422924,-0.8470084309077001,2.0838191975093316,1.527954447915279,-0.7611682538804797
Bearing2_2,acc_00454.csv,0.8119290221088089,-0.18438926173457443,0.15330139096107426,0.2916497494301795,-0.16752301187095994,2.268778015863059,-1.3955584248224584,-1.3736471575727192,-0.6380198121098023,-1.1256726701427686,-0.3569114799846521,0.6786755029483001,2.960889699519514,2.004217015774545,-1.3877934280835282,-1.7933709642946711,-0.8497479219192863,-1.1403573562642484,-0.7473088141446941,0.9488810161843879,2.910289331977436,2.1271475101359894,2.9814629723049957,-0.1677332213378755,0.05202111129310983,1.1610253204969427,0.027268975756995193,2.2704135360501536,-0.8836439112094673,-1.4806711556400267,-0.8363934005721577,-1.5804097660258927,-1.6763766514464706,-1.3282935863785668,1.9456655093823763,1.5369929332211105,-0.9536685524722551,-1.4350480068386708,-1.0517715242674512,-1.9751136480857627,-1.9710312368646516,-0.7761699090162266,1.9675220907612765,1.5945346875176702,-0.7611682538804797
Bearing2_2,acc_00455.csv,0.7785182959243199,-0.2444555480632256,-0.0076204877130464374,0.058376024119591974,-0.7169583667980824,2.2686655713603123,-1.3894619019593026,-1.448164598412569,-0.6087429204778219,-1.1206259118596833,-0.3407877872585711,0.6868283506418198,3.3786303163622446,1.9116070695614131,-1.3830867723869698,-1.8626712427777332,-0.8288468309869227,-1.1152222026062188,-0.7400709986220043,1.3725979359214504,3.304372073522197,1.978334746926043,2.927965043847847,-0.20208071830033025,0.04956896528701528,0.7143886798076389,-0.19400482022559581,2.25030371608838,-0.9093328255571481,-1.4666724700014362,-0.8331964903321042,-1.5798457406065263,-1.6734455962182218,-1.1805926326026954,2.2249144005396126,1.2905883938538238,-0.9543667638418821,-1.4364744624014056,-1.0162239698539681,-1.9914501326071137,-1.9494010084060245,-0.5763631088147806,2.123860303731688,1.42710336016088,-0.7611682538804797
Bearing2_2,acc_00456.csv,0.7445869101192443,-0.2349187260910928,0.12053391240975928,0.11936017363944078,-0.615353948284457,2.263440582258882,-1.4015598061982841,-1.4290020215442036,-0.5734257787564712,-1.1120943002734844,-0.3711303331081411,0.8081569339373947,3.2219157960355047,1.9433066618344368,-1.3929097304535103,-1.78580149601356,-0.8080147749384073,-1.1138945480376248,-0.8027592854294509,1.492089475658394,3.1667948132015717,1.9837575957462559,3.0058889970980043,-0.19330448101482905,0.07036712015006454,1.0556443400790456,-0.1726939549294791,2.204080534518552,-0.909648631681686,-1.4580444770957721,-0.8296091930849882,-1.5775686836921672,-1.6731957933136568,-1.0969052275175657,1.9156568985046791,1.484575786598723,-0.952724480081525,-1.424602789766911,-1.0269442215387972,-1.928252132955919,-1.9249056397746387,-0.7118378592001625,2.4670044233250086,1.2391782595640968,-0.7611682538804797
Bearing2_2,acc_00457.csv,0.7713822636593191,-0.21170377671919596,0.0670466710258387,0.15359360726561375,-0.2652566438289514,2.262712916643189,-1.393513064571242,-1.3880600181915133,-0.6219783200719264,-1.1071083150037888,-0.3737898549567365,0.523232162040691,3.3237290353312856,1.9212451604884286,-1.3781243018373848,-1.813483266968263,-0.8433945991965931,-1.1238532336732432,-0.7850499653290113,1.4105805635954227,2.898847253880201,2.0897613281055682,2.8919284341013625,-0.20555026523597114,0.047506108150018954,0.821310317833985,-0.26224275183638895,2.244706008938441,-0.9125707528841291,-1.4687543943177859,-0.8275860997277719,-1.560248638407237,-1.673171795222548,-1.2693569268331126,1.742845752681837,1.6526958159114478,-0.9633394007857281,-1.4397100952690085,-1.0203982926726494,-1.9317434825094997,-1.94248156190223,-1.2613416415149528,2.3844797037375813,1.4625031333848166,-0.7611682538804797
Bearing2_2,acc_00458.csv,0.8939883368840791,-0.22085271182522187,0.22698398103711964,0.17286160542679294,-0.4219608156696863,2.413658326713791,-1.4339884074814033,-1.4766755316679008,-0.6434628675177794,-1.1414494697164224,-0.4540152988581306,0.22410501884307685,3.1542866599749426,2.124767060625141,-1.4304255025444028,-1.8927318899915861,-0.8836801783864447,-1.1753412959411194,-0.8051333439991766,0.9577310289975601,3.369502305512296,2.105849945022797,2.9561513114505966,-0.19510763203982137,0.10848040030954106,0.8428795243522681,-0.1220606677061866,2.30272116075855,-0.9160275305470422,-1.474870465629193,-0.8334520827175751,-1.5768640209389924,-1.6680666275628009,-1.2590513089059534,1.612627416403609,1.7742527653984217,-0.9722321208659116,-1.4413650828550029,-1.0134388302556618,-1.98907535128901,-1.9494103162011307,-1.2276443767699219,1.9462091923328018,1.7283717154336873,-0.7611682538804797
Bearing2_2,acc_00459.csv,0.7083714956754001,-0.222570692365315,0.23232305356414104,0.0991568357616995,-0.531016467357794,2.272939913260101,-1.398811008446091,-1.4309177429293316,-0.6130466049227283,-1.1141772959988872,-0.339603214587038,0.9095686915602134,2.0555692759405564,2.393983118070082,-1.3850253944351665,-1.84394262095218,-0.8316590239009676,-1.1573899663830507,-0.7984703567867518,1.530258206875465,2.0155472231163603,2.3834769295922906,2.5414761054937887,-0.2038006271918656,0.047414379867083085,0.5305882271196983,-0.21497988739129162,2.2114592875682346,-0.8990206881070258,-1.467181643348227,-0.8214471893571729,-1.5637563622663626,-1.6328477186814638,-1.1258498028294681,1.6779118881718247,1.6447396790112994,-0.9231053726760791,-1.4336587841190427,-0.9973328109497518,-1.9614146555971268,-1.9147557273767928,-0.8425617779158643,1.926357731086256,1.5804726611711475,-0.7611682538804797
Bearing2_2,acc_00460.csv,0.7999179699333663,-0.23717951715105967,0.08050454683915964,0.2879083905639312,-0.5786371653542929,2.3690056892058045,-1.411817115053069,-1.460890634793362,-0.6389532194966315,-1.1380555581337701,-0.38750887239523685,0.3812160025245971,2.5625460971661367,2.1805565743619533,-1.4070921419169014,-1.8610992761044944,-0.8679284737961209,-1.1632930654935993,-0.8451738027995113,1.2234571638121257,2.734367110628658,2.2389001957378167,2.8012843838163617,-0.2071865969239504,0.04517413758591279,0.5644826945055715,-0.2602428634649583,2.316858440353294,-0.8870420680573315,-1.4777098093891994,-0.8370720271845888,-1.5752109431885293,-1.6780065618529052,-1.2308825271982131,1.4040422473562655,1.9087696386058843,-0.9700935674620013,-1.4441122609658092,-1.0524016106204712,-1.9949417593336591,-1.956089928356099,-0.9509943892546718,1.573273733075739,1.8832482706915106,-0.7611682538804797
Bearing2_2,acc_00461.csv,0.8029391496692924,-0.23479346562799294,0.04185162880127155,0.15677376230192477,-0.6049294987109591,2.312368265905177,-1.3874418689244767,-1.4402244040785728,-0.6547499166974877,-1.1187549444112763,-0.31289747745853536,0.8033835614314038,2.4825994358205956,2.204188545955303,-1.3925866255654242,-1.8390211930221336,-0.8752013542951621,-1.1500786738948878,-0.7108763121835625,1.1682997219533942,2.5870721674227997,2.2488490964844194,2.785344730733675,-0.20394754636292048,0.024260655942435063,0.5843571776545611,-0.18884946798938948,2.2029035486730812,-0.725320714614806,-1.465493065118021,-0.8387944250735199,-1.5556646705864143,-1.6337062482888942,-1.2289560970822213,1.5666084853353233,1.7134017691487162,-0.8828782328852357,-1.4160953091027197,-1.0502723540529075,-1.9538710297242459,-1.9115290484672798,-0.840657247957231,1.7000934860169084,1.7157335006200118,-0.7611682538804797
Bearing2_2,acc_00462.csv,0.8625252220792456,-0.2061427628198017,0.11978771870883746,0.473666858273164,-0.38810536560677544,2.3517318829642573,-1.3887037694915532,-1.46295562491111,-0.6622029991743672,-1.1283473456600408,-0.35983939775155555,0.3799804389883757,2.786041817475832,2.182512329704733,-1.3788978483253165,-1.8570876966565542,-0.8805909974765127,-1.1188848688392767,-0.8087713800377799,1.2680252509361198,2.8485719775832865,2.1595576403154504,2.876683554644638,-0.20595146697415187,0.061330518861772106,0.7361119520867667,-0.2975369233034729,2.2736806392768516,-0.8812332375592885,-1.4834754547498938,-0.8373445563991718,-1.5814220315439511,-1.6500997945547349,-1.441650402206235,1.8278901409431654,1.6728086110271572,-0.945381533583748,-1.4417355692485991,-1.0277705029490112,-1.9846192400328062,-1.938055919551773,-0.7258927561975452,2.037108451555657,1.5196663746082133,-0.7611682538804797
Bearing2_2,acc_00463.csv,0.8341799288372936,-0.1842424048063719,0.10872099074477523,0.4218490379756237,-0.2649992179892896,2.3476105367711484,-1.3960751261323268,-1.428571338404332,-0.6575939274373073,-1.137289539790587,-0.47827693683649813,0.23299045852947878,2.463496470491464,2.320452364787199,-1.3869137130574563,-1.8589899124134757,-0.8824822942435995,-1.1848268036156329,-0.8671327814087895,0.9502125571737406,2.5320872377134465,2.316062759268167,2.4318767246408255,-0.2004434495441304,0.06439234867445526,0.5661774178748651,-0.1649974763783172,2.2170935032165078,-0.9014024157032035,-1.4566058339161223,-0.8136773498627883,-1.5654619653084028,-1.6293525408313685,-1.2200437151463752,1.4736243464182575,1.8200617393777399,-0.9752868058328443,-1.4187391722735705,-1.029692374238487,-1.9363208214634764,-1.9254218669937306,-0.600180132924472,1.6023576237133785,1.7140817022028516,-0.7611682538804797
Bearing2_2,acc_00464.csv,0.9704973611733895,-0.2139505714584269,0.22128317617117096,0.3228900959633536,-0.3921147220318849,2.4158919063503714,-1.4282127244471086,-1.45924040301784,-0.6733206200452663,-1.1562051142073886,-0.3802516541689408,0.1632519033365116,2.6926170218556824,2.2466263539171827,-1.4256201227922838,-1.8861077581494017,-0.9009521442199703,-1.1673223271564412,-0.843599125826899,0.8807619185781923,2.794208941009353,2.2978143289540816,2.8026075513079585,-0.20230686926993136,0.08125641583809852,0.7767853129498147,-0.2870945869712894,2.301279005022773,-0.9128303036576052,-1.48411046242582,-0.8322252232309364,-1.5845575302621293,-1.6201709061562812,-1.3055299077823126,1.7955181280561847,1.6429806114701926,-0.9574584976375242,-1.4447724713653383,-0.973151311592858,-1.9584654255464626,-1.9152760185470903,-0.9245902402696704,1.739832381406276,1.7127478857167655,-0.7611682538804797
Bearing2_2,acc_00465.csv,0.8115113981720572,-0.21809306437934703,0.16430797587605636,0.3350495122786608,-0.6577283473078441,2.241386502255138,-1.3939822731597082,-1.383897933334346,-0.6378872833459185,-1.1156632437827736,-0.3992700151121519,0.4587801338365461,2.518203913656483,2.2286703561676715,-1.3864150257896986,-1.7910249625529566,-0.8281323294666131,-1.1191926411666482,-0.8063899662047205,0.833194885210201,2.459669605589023,2.2684224250029414,2.665878198234637,-0.19261409320659084,0.03319706224408488,0.8401063406570601,-0.13127156767113624,2.2017733160128037,-0.852397396061008,-1.4570028777230175,-0.8266943937430373,-1.5515256506809139,-1.6664299296773604,-1.3006496055776646,1.4735027265989962,1.8467798752350764,-0.9479264663262574,-1.4216287829931498,-1.0313872143893366,-1.9509335081714316,-1.9422162918912216,-0.9165745416400982,1.7851760140737516,1.7088631489434516,-0.7611682538804797
Bearing2_2,acc_00466.csv,0.9687910489966103,-0.1971029361619105,0.25037564731944983,0.41249564081000273,-0.21378206634773492,2.4159662773560444,-1.4276547910764654,-1.4574599669350148,-0.6716121353451464,-1.1451868448081022,-0.4282250666340173,0.12519773901042655,2.334473979104479,2.419755575585791,-1.419140809327665,-1.8945798403456382,-0.8908967509263437,-1.1419610931200876,-0.9142480982621267,0.7601133797968217,2.308629639980461,2.4564696600343923,2.774178572332657,-0.17961590452368778,0.029130479865799818,1.1368369960442968,-0.1107544655932345,2.2770022835197476,-0.9164798475142119,-1.4777997668354788,-0.8300322375666437,-1.5764406217271074,-1.647795916975719,-1.2853245680825147,1.708839981501317,1.7041381912040179,-0.9785316122101482,-1.4434478109880766,-1.0403727316233107,-1.9690463480491431,-1.9437796836304047,-0.8209103931472199,1.9153227749392083,1.6295217036363867,-0.7611682538804797
Bearing2_2,acc_00467.csv,0.8822476908937685,-0.23087268357632246,0.2284080905466353,0.23796124969951488,-0.5903969695971564,2.3633967910761418,-1.4246271689602286,-1.4552045879845932,-0.6614284861951564,-1.1187646638552224,-0.4349746273194111,0.6141382719752336,2.1547334307949773,2.431742155853276,-1.4297103433822858,-1.8604382518261837,-0.8804243604173989,-1.156054308970457,-0.796678499708881,0.8270677904154365,2.2499658059458514,2.448747186213428,2.809026283884766,-0.20336868668284133,0.10020794057374206,0.721629770567348,-0.22523398468778863,2.168579687980053,-0.868430793894777,-1.4639848842678138,-0.8265169404878954,-1.5586434154987152,-1.6481669500120493,-1.2012473777015382,1.7751992341367955,1.6016893199657296,-0.9545222633122044,-1.4122168458494295,-1.03287092576154,-1.9454877410256475,-1.9429982596179731,-0.585449023270354,1.934855661151556,1.5215581439146564,-0.7611682538804797
Bearing2_2,acc_00468.csv,0.8777876654847716,-0.2388530854169213,0.003481667842970527,0.26527316942312834,-0.5722820376199224,2.362601470404278,-1.4154696110433482,-1.4668294822919676,-0.6272351832671381,-1.1227336775943693,-0.4019964353229142,0.46389320044675114,2.5684966806085536,2.281848358937642,-1.4131251019373812,-1.873591012750063,-0.8530861525420639,-1.1441365017435876,-0.8662280659480966,1.304499480307235,2.6646460468717055,2.258046959992125,2.8493297721273607,-0.19889996676235608,0.04752217000535931,0.7427367798030965,-0.16176630826825608,2.263527070925853,-0.917327096248464,-1.4792940674563164,-0.8229512892462549,-1.5653044049605835,-1.6557754953736696,-1.2409397072717054,1.7545563464477556,1.6490580965217343,-0.9873274881090472,-1.4283488342505248,-1.0338626608906172,-1.9818058915959902,-1.9446534119185335,-0.8401827721864418,2.0534067585088143,1.5558592077415379,-0.7611682538804797
Bearing2_2,acc_00469.csv,0.927913911723934,-0.23762418557834078,0.045383110063416034,0.2501206660148224,-0.6402208206677498,2.4714003700187512,-1.438280180783704,-1.4766726625301725,-0.6606568753217091,-1.1360009437261052,-0.41594149836766736,0.4389731741926048,2.10286529151571,2.4613884988067167,-1.4227468397103855,-1.902911104850112,-0.8841910013050349,-1.1574186107741467,-0.8672104096147416,0.6106475872134149,2.0880641907366155,2.5402746849199187,2.9217619086974014,-0.19706638067571314,0.04499148691563938,0.9579666477033923,-0.2106988128735959,2.290906124225405,-0.9234143762657949,-1.479636856437445,-0.8343259997462248,-1.570911173968894,-1.6644444693220315,-1.186677994899273,1.7624081261828937,1.6328516544223002,-0.9854012662416772,-1.4412831878709438,-1.047275731073045,-1.9746612011870397,-1.9560535371035932,-0.7106832358161466,1.9720830446846513,1.5744635061534824,-0.7611682538804797
Bearing2_2,acc_00470.csv,0.9888046510352326,-0.2272682625374018,0.10499595538754447,0.29445576857986594,-0.4933044147464171,2.4420827705946064,-1.416113427992557,-1.4921771302219122,-0.6489811083153811,-1.1330144851950017,-0.47522850784980347,0.12730264861673318,2.115820800004487,2.479110548164794,-1.4036899343689566,-1.9054327043023478,-0.8756452192366414,-1.1627402262991635,-0.9231853305511019,1.0845855228967385,1.8672357520131087,2.5547797629358477,2.8684828213908204,-0.1901118992454824,0.1108163703656956,1.0305316210613304,-0.1808405526650922,2.2180312367716066,-0.7709262034624048,-1.4766563053300483,-0.8297503183574086,-1.5741129124739761,-1.6537737843287128,-1.2056749395442874,1.7580011216230156,1.6040333220859202,-0.9116657700947612,-1.442848648779847,-1.0371726836253243,-1.9735034031185328,-1.9667361476261882,-0.8293162887659364,2.1624863331423096,1.4803298092928359,-0.7611682538804797
Bearing2_2,acc_00471.csv,0.901328012604219,-0.2423249588327771,0.12768134525628455,0.19250373947459695,-0.6202330466292729,2.4063333338073596,-1.4318792503158315,-1.4516786154571866,-0.6620135514938593,-1.1381244241219808,-0.47646256064897324,0.4107049303588423,2.2192381141640567,2.4155980967501045,-1.419186859564814,-1.8927792169485167,-0.8911238005760328,-1.1842105357121073,-0.8832998820360295,0.7291060215105629,2.3723823488637072,2.442565715555841,2.7838356873940113,-0.1913403871176286,0.02653739797940789,0.9889338656332131,-0.13210896463497573,2.2751892473433277,-0.9102582655091085,-1.4841539628923563,-0.8322128734573735,-1.5798255269223946,-1.6742670706354639,-1.2646990821689352,1.8142473111962316,1.636297511350084,-0.9680634350143908,-1.442111136571604,-1.0321336727568184,-1.9961312218375282,-1.9633830016216214,-0.7718210057683209,2.097481500834681,1.519612617866061,-0.7611682538804797
Bearing2_2,acc_00472.csv,0.8315295571980057,-0.207780823597145,0.063181443592271,0.20485022373321662,-0.23871965381069388,2.3529680125667807,-1.4048568616248602,-1.4094479267663582,-0.6491923902582001,-1.1256411018952748,-0.4781189259458635,0.2000620512555467,2.5136017719090953,2.2039795773749185,-1.3744328207536751,-1.8549065564805902,-0.872683598920573,-1.1470140815905794,-0.8714000941922794,0.7533860351753412,2.770073722784279,2.229160495595755,2.750413037679786,-0.19593377203516177,0.05709650749347972,0.9357811781417298,-0.1923849010367491,2.2333876905805923,-0.89356738468503,-1.4778061548258443,-0.8327536637429078,-1.5639965960712578,-1.6546275189801758,-1.1316759765447113,1.7990275561879958,1.5752535696028513,-0.972957839154371,-1.4247171894799269,-1.0439444889449745,-1.9731973015153097,-1.9679220541021913,-0.5524637526505803,1.6973977451558702,1.680707089748854,-0.7611682538804797
Bearing2_2,acc_00473.csv,0.8536070516459504,-0.24800138757495097,0.10506188004985792,0.25143014161800925,-0.8252794101523455,2.4091290364506412,-1.414514821998623,-1.459620922712065,-0.6328334207168479,-1.135650747161643,-0.43434816918347335,0.3073769841335498,2.6365028328024924,2.268470126723177,-1.4013704337024706,-1.8507785434273165,-0.8460589859044313,-1.1726749646321706,-0.8451699596896068,0.8184313986199953,2.8364756794031316,2.2189202408447946,2.6523066398403397,-0.20964354608682942,0.05690260340721071,0.541989093422219,-0.328823873795668,2.2146305933945274,-0.8995140606115818,-1.4739125629264527,-0.8113851502816585,-1.5674696428413648,-1.6556351676061722,-1.260716346855052,1.6939417340807792,1.6859563127147692,-0.9643001358652735,-1.439509247327153,-1.029094128074973,-1.9694114811758805,-1.9648248565703172,-0.828932562307975,1.7488829329736315,1.7261070464581785,-0.7611682538804797
Bearing2_2,acc_00474.csv,0.9820619883827478,-0.19249539276365166,0.08787614714327784,0.4459808026629258,-0.35074575211847514,2.407638250312488,-1.4094224550867698,-1.4736340019821426,-0.6548364460325092,-1.144511655035828,-0.3994814549821362,-0.05568995500368456,2.459166138559796,2.3644013125113474,-1.4003677961733279,-1.893124224423769,-0.8833838255347611,-1.1774983994537755,-0.8620580347123502,0.5456293515074923,2.47029309557189,2.397925266717922,2.679587260680119,-0.1979933980741263,0.014163284819987767,0.8230050412032786,-0.2043728314444325,2.304203449600736,-0.9070676250692419,-1.4772227202462258,-0.8292354868616171,-1.5630321691961204,-1.626502101275032,-1.3641941813654943,1.577045816927352,1.7998660839514249,-0.9791581124426142,-1.438130810903361,-1.0355372414093602,-1.9555586776105596,-1.9405079566191263,-1.1811963143885744,1.7114589759566474,1.8457624083257436,-0.7611682538804797
Bearing2_2,acc_00475.csv,0.880227381310856,-0.23022937509346272,0.19025194484787214,0.3795716827870168,-0.5982348385335383,2.413029996337578,-1.4144036284754937,-1.4815355599441424,-0.6560679597254248,-1.1357263375230375,-0.36410124911319713,0.22847533255803273,1.9015948825710574,2.5560937378262536,-1.4006999729402765,-1.8773299943310002,-0.8961381426402183,-1.1413897815400873,-0.850381807468059,0.6977835956438682,1.9033144221539524,2.5563260159156367,2.3494780072614594,-0.20364244595415676,0.05188797865334647,0.5866681640672343,-0.27896365789353444,2.264659063211272,-0.8853461692310236,-1.4819179202111359,-0.8167062905864542,-1.5595097289413624,-1.621250982666082,-1.1882959389637116,0.9847243381553649,2.149936435958209,-0.9705514828616045,-1.445118863269797,-1.0287784336596846,-1.9486904772743714,-1.929037359322345,-1.3063619677622862,1.0280317198962279,2.268158778154531,-0.7611682538804797
Bearing2_2,acc_00476.csv,0.8451544389844938,-0.18068407513650894,0.051526515970837114,0.4179206111660627,-0.2933595208872439,2.3788955136118672,-1.4153933037124784,-1.3852881260740668,-0.6643087158921104,-1.1426397483109818,-0.42996035992817905,0.2888303863609958,2.574443485206577,2.2625524944315485,-1.388659160258083,-1.8176151876746778,-0.8853574069467429,-1.168135822273794,-0.854594652585853,0.9229751974309583,2.4778154125230523,2.314951259550755,2.7472198015287432,-0.1857918374866261,0.06313292062403171,0.9795358542216756,-0.018865253781998624,2.2998993401544725,-0.9210324986593043,-1.476590051485135,-0.8338294411215946,-1.5737756255516715,-1.6675491307595836,-1.3375241893819982,1.9598324938340115,1.5505280578819434,-0.9866828118233576,-1.4374260442665372,-1.0563575424828646,-1.9964632588223443,-1.9554579014669313,-0.8760121107980592,2.278827380241331,1.4576754440545767,-0.7611682538804797
Bearing2_2,acc_00477.csv,0.7742916575421085,-0.22708927990958616,0.12106535967861586,0.2130812132389632,-0.41124213387551406,2.384449808610529,-1.4061981722166825,-1.4556470455562343,-0.6545727470964642,-1.1356154820284245,-0.40061254189902673,0.27262305155358324,2.2894476979867573,2.2246112698543405,-1.405922523445732,-1.8531591442372188,-0.8812388553125742,-1.1193720240653349,-0.7768510389540261,0.739002603634401,2.541203679614352,2.324882906523842,2.509075496696515,-0.1981907841872598,0.045050772227701055,0.7139264825251042,-0.16067329012903406,2.2196119475730463,-0.8486554940652132,-1.466205314671995,-0.8273518801627039,-1.5687546673648671,-1.6372301210468945,-1.3367908642534985,1.730626263002957,1.6770152383317718,-0.9452758002112535,-1.4249716683172868,-1.0354951679093287,-1.9188710098114998,-1.9428328692665646,-1.2039482699865194,1.9998516451848964,1.661503228503757,-0.7611682538804797
Bearing2_2,acc_00478.csv,0.8025350742862889,-0.22423315044832096,0.1575902671680475,0.21064932997590174,-0.5681004951586631,2.3142028018143357,-1.3879724462869307,-1.4635252555360563,-0.6232856419073034,-1.1282028307210568,-0.3809651120982197,0.603120526142268,2.2351731779148856,2.3594529066949654,-1.389274861415412,-1.8518021615632332,-0.8253192719703566,-1.1614211930332583,-0.8180507680023519,1.3946534325698634,2.279590049958802,2.3191489060387247,2.6857288632659397,-0.1994397886776162,0.03512411099395361,0.7245570200234009,-0.1674462274739276,2.26223664905321,-0.9091843078769127,-1.4732056117101031,-0.8313073035658921,-1.5747379351232442,-1.6571174560520112,-1.382253144660895,1.8997998947081198,1.5938964177283015,-0.9838795916155167,-1.4375861464624595,-1.0446027118767667,-1.9925958359922322,-1.9411956134739794,-0.8391001252504072,1.8440095870850353,1.68547306397157,-0.7611682538804797
Bearing2_2,acc_00479.csv,0.9305655158078074,-0.20501516135273679,0.2983822747356115,0.3436546376710323,-0.35079769001120975,2.383952489895447,-1.4125390146846937,-1.466447887028301,-0.6749875624900213,-1.1157754570187062,-0.4526285747580784,0.16823916264686886,2.3233229546997896,2.4121182453917447,-1.4018636154792208,-1.8936578090805412,-0.8764635912473007,-1.1696426331007164,-0.8517206661295805,1.0313499861114361,2.4408633010321465,2.36323132025227,2.9153122108046245,-0.19799771111617379,0.08447555642751456,0.8149936216393449,-0.14422576178773033,2.262883761171145,-0.8989905655533109,-1.4794504144316671,-0.8295915931323121,-1.56538262352653,-1.6765756900956883,-1.263322542345981,1.478144745288561,1.8465412618082608,-0.9136797611876989,-1.4242711278112303,-0.9880381872359719,-1.97997327165665,-1.978908885715385,-0.8676210239953535,1.617081359724956,1.787462066106768,-0.7611682538804797
Bearing2_2,acc_00480.csv,0.8859916114260395,-0.2298879873045095,0.1761062254368705,0.19998645720709374,-0.5302747603940449,2.3739825806734745,-1.4088974245993362,-1.4320453902677495,-0.6609025156112831,-1.133939576062554,-0.43576798840784253,0.094338035400739,2.6563277962957113,2.2571354598371367,-1.4012936081809464,-1.8706512822206365,-0.886236626091765,-1.1670828956860597,-0.8498360238082282,0.7526934085701652,2.873999919267192,2.2418203527839613,2.880287899323455,-0.19941156049715578,0.07460113348867534,0.8142232928351203,-0.2177719252609691,2.230788749017115,-0.8682241885156761,-1.4675151062209124,-0.8230788110664468,-1.5708429899107725,-1.6878256555323983,-1.3803577077851836,1.7998626935744375,1.6665090927729815,-0.9595155746254505,-1.428293779080395,-1.0359309507489718,-1.975114906191918,-1.9810752462129466,-0.9023934233704388,2.3601516301019965,1.4016707818943042,-0.7611682538804797
Bearing2_2,acc_00481.csv,0.8110750555872319,-0.23400032408784333,0.17248156754650074,0.2394577932460144,-0.754502509210702,2.3676531279856423,-1.4074522339310098,-1.4498965089322307,-0.6486949861947179,-1.1157587151048023,-0.38595193263490485,0.23231938413651562,1.9751023615481467,2.4525403364526066,-1.4052202992277096,-1.8557081688788053,-0.8748260458312813,-1.1378418559864087,-0.7928546649392403,0.6512501040084142,1.9567530962082609,2.519618498751549,2.422620725309365,-0.19433479922795496,0.10588366995863,0.6789535548133169,-0.15806465935914435,2.171957892935555,-0.8667616191824384,-1.467722268704995,-0.8124304775712766,-1.5470046023598298,-1.636709876928811,-1.1788904398166724,1.6055792043803405,1.670612391360799,-0.893678164644246,-1.428091228129689,-1.017631044562846,-1.9147995961646893,-1.9179938321856853,-0.5647626135441909,2.026137764174068,1.4242499960575383,-0.7611682538804797
Bearing2_2,acc_00482.csv,0.9595163349272184,-0.22010942256368543,0.17288426367440626,0.2785549933983101,-0.5827299135185989,2.4607484946320217,-1.424048781984119,-1.4699815829010807,-0.6807197457933313,-1.1419582544957523,-0.47127134370821105,0.027687593659794722,2.5997220233752825,2.251842915375297,-1.4199815820285981,-1.8915376001764534,-0.9117963509255916,-1.1770531709691607,-0.8341398793259159,0.531316293762775,2.70163754056465,2.3582179787242827,2.6501718913060035,-0.19505996668606856,0.08287740603929412,0.9131335112975328,-0.14514410107589462,2.2210961150904667,-0.9037409123848369,-1.4678696047288389,-0.8376194486497756,-1.5570778044618896,-1.6421770236376387,-1.3356150601481944,2.1418613808605813,1.3878323490374376,-0.9779518896200268,-1.431468265397318,-1.0385793760541424,-1.9504865053785287,-1.9451595366933874,-0.7294101028178734,2.341256434288557,1.3458005263028328,-0.7611682538804797
Bearing2_2,acc_00483.csv,0.8254611935245786,-0.20471353741104614,0.1795470574979818,0.19530975862428318,-0.28020734322477386,2.364516058151104,-1.4043870057853445,-1.4517088303341374,-0.6401221780761055,-1.1286398923741836,-0.40641170556452644,0.08430622445190729,2.7245144425772425,2.2056484131728173,-1.4030884630250604,-1.8659999289554348,-0.8664742444149572,-1.1626415957308596,-0.7887754655738105,0.6597236440206802,2.6854180140846355,2.2905961478527064,2.4477105968186152,-0.189559754286954,0.05227123355700196,0.8528937988071849,-0.12809326960543319,2.2291425788626316,-0.8627446840427712,-1.476842205281007,-0.8228729618754916,-1.5807264004429458,-1.6515553188795757,-1.2675061441147588,1.8254397747538555,1.596289747932197,-0.9493302383022547,-1.4363853748760909,-1.0455839618787683,-1.9726764046423073,-1.9677077272678878,-0.7866561848876978,2.105696586442328,1.5122037694420714,-0.7611682538804797
Bearing2_2,acc_00484.csv,0.8033240664161349,-0.22340732802968064,0.03066625990968638,0.24020606501926398,-0.4888430753970582,2.336459737904984,-1.401929562665271,-1.4596352760650173,-0.6267314092816004,-1.1117402676578787,-0.39448282881349117,0.029075070632848754,2.3858817323508172,2.3368452487328226,-1.4007681033004766,-1.8708920711549337,-0.8502023702586857,-1.159159802406077,-0.7983862233862564,1.0231721587690394,2.10948738109371,2.4350591188122706,2.4730296755253174,-0.19040954844531904,0.04190462143410539,0.8706113613043462,-0.17890326791623085,2.1771637210936228,-0.8884114570346238,-1.4682947031881175,-0.8106714585229615,-1.557861984024571,-1.6286411854627187,-1.2076246454080437,1.927258211395865,1.4837852579856112,-0.9342839441732458,-1.4186883149680396,-0.9639236989888468,-1.957677135350111,-1.8921352895231678,-0.685338955324416,2.0065500355551547,1.4616839437137699,-0.7611682538804797
Bearing2_2,acc_00485.csv,0.7599156165904656,-0.19173348150584307,0.155501639287741,0.41997835854249954,-0.17576717834565153,2.331145217153535,-1.3955326535350996,-1.4567189042807873,-0.6560383713568122,-1.1209203428217058,-0.3605012882374472,-0.09168294014513272,2.9568673555701297,2.128836765600293,-1.3757875708355556,-1.8718534571898693,-0.8941253262729849,-1.1283280137932132,-0.7690498378942922,0.6402027677414545,3.2418865038016818,2.0937138459427262,2.286405457808533,-0.19618251202294135,0.06745578034916777,0.504088916254379,-0.1125052974781258,2.162898901060869,-0.901394614901443,-1.4658716177304079,-0.8182969202866065,-1.558450420571355,-1.6369075399100004,-1.2597898334156903,1.6998751107630727,1.6763002960800082,-0.9643067135948645,-1.4123944525281444,-1.0215435297405404,-1.9426661654015378,-1.9225231795511621,-0.7928139085334672,1.9995274014469195,1.5353306089936616,-0.7611682538804797
Bearing2_2,acc_00486.csv,0.8679202335666051,-0.2172412731311472,0.03518732121707236,0.2181320477083984,-0.43725105681869875,2.3625575963612184,-1.4042371278278867,-1.4566236828446424,-0.6571382869359502,-1.1396742727036615,-0.43580210423521754,-0.12050193980470311,1.6217084208481956,2.3798327233573766,-1.3968714884966118,-1.8731386874985771,-0.8632863805049543,-1.1790593779008958,-0.856258649132558,0.5932577283167807,1.6994342688249093,2.614128460753839,2.2195494281425945,-0.2037807703860054,0.07122469113327091,0.4717351064769543,-0.24026858960129818,2.1565365255847277,-0.9128680693215195,-1.467973809547806,-0.8084823508894097,-1.558075730750339,-1.6180823932167985,-1.1531762496435949,1.6452245243994,1.6660722276025726,-0.9538225137140965,-1.4312611591354232,-0.9666756478843712,-1.9408489689145416,-1.9218102163775024,-0.9900820536770628,1.8301618320884352,1.6688802509297618,-0.7611682538804797
Bearing2_2,acc_00487.csv,0.8979325997483651,-0.19451858167932476,-0.022821035746030626,0.28528943935755713,-0.37768584130448307,2.318485884696964,-1.4107851367102973,-1.4168573598276522,-0.6625546178597058,-1.1348242383635676,-0.4792030678073498,-0.24682932158834697,2.6200114355834447,2.240980951552354,-1.4089573391898824,-1.8319648177712788,-0.8980897640183143,-1.1922458848917448,-0.8962123214694415,0.6948738856029428,2.701109907748295,2.3082862580952446,2.344904560852324,-0.1867484092890261,0.08797070920917942,0.9977156140013713,-0.14257492331627122,2.15581270755962,-0.8785871341823746,-1.470619507614333,-0.8144058929178493,-1.5414555483972425,-1.6704994368548305,-1.2812555288496388,1.9032853508968681,1.537825047105286,-0.9261122750937469,-1.429959497280166,-1.0099115747517973,-1.9801706297874557,-1.930231459062485,-0.5632593271647722,1.6380585704101882,1.6812811311353486,-0.7611682538804797
Bearing2_2,acc_00488.csv,0.7352606984474148,-0.2167761312446704,0.08603946196555964,0.18445981791216287,-0.2879254437461239,2.2378649735719565,-1.3759026914371324,-1.3643676446528064,-0.6382706233220148,-1.107534354142875,-0.4143760136737017,0.06157962220177174,2.143940959068075,2.294628951382359,-1.3700368587175522,-1.7328511893712149,-0.8595119008793004,-1.1412795002943112,-0.819216408413862,1.0275416350808468,2.3903301077345187,2.2512329639938526,2.107361217797013,-0.20279801759721333,0.021117178158988226,0.43691624452601185,-0.24192135787315053,2.079848714140131,-0.8238216273264108,-1.4617551894993484,-0.8096469639185223,-1.5361155904530153,-1.624961029132338,-1.1257833074681092,1.7186707330431743,1.5671743172588346,-0.9153356870046857,-1.396489660877206,-0.9996634960945928,-1.8758347227420087,-1.8812025464780466,-0.4482377034133785,1.7018450847613125,1.5390231549050608,-0.7611682538804797
Bearing2_2,acc_00489.csv,0.8815017723540486,-0.22662724079613605,0.05826412109138928,0.2209380668580848,-0.46591841642605325,2.377179808541372,-1.4195866972024829,-1.4430894071098277,-0.6578058171562008,-1.123043092537236,-0.46517704085609,-0.1741772617032891,1.99969126499155,2.1177172804003352,-1.4085440609958906,-1.856669048403313,-0.8836854406652831,-1.1441641552774142,-0.8732744551427927,0.29573430257956096,2.2046912752355365,2.4896282213299434,2.255014588102489,-0.19522582635266114,0.10707155041876713,0.7267139406752292,-0.21479095455066308,2.184851483604129,-0.8953234327134135,-1.4599603660373137,-0.8098660796046817,-1.552176474450786,-1.647008293996606,-1.1501662385079845,1.385309850604099,1.850941860372219,-0.9659068219928287,-1.4069658700508605,-1.0323747676697654,-1.9383711743623562,-1.9188537162340649,-0.7464070089188103,1.459239670764672,1.8347167735117917,-0.7611682538804797
Bearing2_2,acc_00490.csv,0.7178646015170772,-0.2243291545892252,0.11834995087860053,0.2011088648669683,-0.4547969285025344,2.2335082263531136,-1.3962238671704355,-1.3521764053166827,-0.6305821618423628,-1.1269069352073573,-0.37183316897928853,0.06238745691109378,1.7838968183904584,2.482589438565358,-1.372500018172235,-1.802366954976532,-0.8398901047155902,-1.1387316833278802,-0.8324529875861965,1.002803784547297,1.9078488726011005,2.4320287982611664,2.2536675341542405,-0.2062646993604542,0.060397715216213343,0.5210361499473156,-0.2810022087501841,2.1169683168312154,-0.8312857881358663,-1.4557411074899866,-0.808172515470182,-1.5510109996895571,-1.6394495238160185,-1.188697637905524,1.643101310230234,1.6536164273860474,-0.9333430244177509,-1.4128390545431868,-1.0246324558037914,-1.9508539948062094,-1.9248954787824955,-0.8006890833100327,1.8831658098074533,1.6022967652633076,-0.7611682538804797
Bearing2_2,acc_00491.csv,0.9086065325017514,-0.2065893323388894,-0.03482373733387626,0.34608652093409376,-0.3279797824260657,2.250099178569178,-1.3966694465960363,-1.3909309482853112,-0.6302848062461334,-1.0926584297254347,-0.4241417059065498,0.11077658956433073,2.3709362924363404,2.301597520378849,-1.3906721551895942,-1.7912540029292279,-0.8277256018835425,-1.1270761460575274,-0.8268723584934007,1.2820193396274397,2.2676926197923657,2.3011915123256186,2.1813102679905993,-0.1910043635484294,0.08688316546851524,0.8793931096725042,-0.14537535551612177,2.1190775261377053,-0.8970208043881464,-1.464630238601979,-0.8123697884064732,-1.5461432170668605,-1.6334634012266152,-1.0597312865386352,1.9147703709144068,1.4322260574779866,-0.9682855408471766,-1.4097386797455738,-1.0199464640041642,-1.9437769849323978,-1.9167044482609608,-0.32998639208232544,1.8925690820632401,1.456597469216186,-0.7611682538804797
Bearing2_2,acc_00492.csv,0.817276744915081,-0.20865917665564537,0.12221384533879662,0.2727558871556251,-0.3131111951124314,2.3396228282084257,-1.4183531200030841,-1.4343803954881083,-0.659451916711395,-1.1101765242114083,-0.38942220052956567,0.09392470017368817,2.3904896324486637,2.324478894378815,-1.400677801460972,-1.8756226414781851,-0.8937509089335344,-1.1463788697678918,-0.7802152226709415,0.9218619670405144,2.3956951295238853,2.372709020840197,2.3128668857807435,-0.1983486549940997,0.042639999210179004,0.6744856477488151,-0.22760944873523556,2.1720960549798227,-0.8718696065444503,-1.477110007233096,-0.8213952029726482,-1.5519732018838435,-1.6079244860907562,-1.1992151272052316,1.7064810016194203,1.6296630888125763,-0.9414099765136138,-1.4378257852144873,-1.0142502181021968,-1.920059075294909,-1.9037145081142888,-0.7907733305511819,1.7253183563402206,1.6756822269844842,-0.7611682538804797
Bearing2_2,acc_00493.csv,0.8055244553988354,-0.18261595384991847,-0.13494893069937644,0.3326176290155994,-0.35085407066776947,2.264404891418848,-1.3909020358580202,-1.396595195744783,-0.6350153614515629,-1.101454304611066,-0.3779336327365659,0.013310858404975437,2.137509518742975,2.3877752805754637,-1.3776952131816445,-1.8201078162759345,-0.8439084723113095,-1.1259412864144127,-0.7897856768569106,0.5184000406959216,2.2988574709354226,2.3563083031727743,2.1784348976346135,-0.1983261606137144,0.07862759204652009,0.47204323799864417,-0.2186914791611952,2.127872811439183,-0.8069174216602354,-1.4540753178413992,-0.8107829614506108,-1.5499285353136814,-1.6254003566712658,-1.204737229144611,1.4126856414611106,1.8207132885127346,-0.9289947103447783,-1.4111986089194777,-1.0153559364454467,-1.9424376880681498,-1.930542079237097,-0.935007474036727,1.807913442804923,1.6792971502953815,-0.7611682538804797
Bearing2_2,acc_00494.csv,0.7382388370455966,-0.21492730855167402,0.05848162300994415,0.3193358050404176,-0.5501472601571404,2.1945897191527686,-1.3618342598734996,-1.367064292398121,-0.6242261620817124,-1.1064999347007831,-0.3861825573343626,0.12513627847103578,2.320922868970342,2.2523054391782886,-1.364180414674804,-1.7783760258339578,-0.8513781052599027,-1.1307478622620615,-0.8236866494318485,0.894814086419888,1.9661264239253415,2.4053290835091943,2.0416899999925593,-0.20007826734849707,0.1187559828769739,0.4145767092035045,-0.16723192749056948,2.130289041507616,-0.8841308353618877,-1.4698456663649524,-0.8082650825458645,-1.5614820932533722,-1.6242715265687315,-1.1568779154199154,1.8703004294696026,1.504512596840716,-0.9456974521875778,-1.4146194704980561,-1.0247682340661566,-1.9182766874116006,-1.9193049849954218,-0.7550764411463274,2.143140147258155,1.4283730544542494,-0.7611682538804797
Bearing2_2,acc_00495.csv,0.8015525739622049,-0.197696014147673,0.0021815802979688885,0.23066559991033056,-0.39391990104594354,2.2377301440348876,-1.4100598962463493,-1.3785879613377503,-0.631128354368747,-1.0783359961151977,-0.44230498398557233,-0.020644319348434415,2.8228406137541406,2.012363021714449,-1.3934664816794746,-1.7012331961662512,-0.8468959960342698,-1.0764926753604043,-0.8071932104521525,0.6726703454232466,3.002752299678319,2.077247324848333,2.0774800915076743,-0.20229207541260608,0.06699804690233212,0.45786918800091525,-0.23786741133801434,2.1048630517667597,-0.8367557672468517,-1.4464573058049857,-0.8076005672252381,-1.5346131684743494,-1.6550106540168967,-1.1343738021995937,1.8094056604391295,1.5232248089077132,-0.8763324487843883,-1.3930999848752594,-0.9578428625702428,-1.914947014663812,-1.9196003807514261,-0.5489627732696292,1.9684510961340087,1.4133299679386186,-0.7611682538804797
Bearing2_2,acc_00496.csv,0.8070405694359174,-0.23714691452756262,0.12253099229032906,0.24263794828232543,-0.6378303293744682,2.279931845970179,-1.405735017177637,-1.3518817498899554,-0.6590952445427307,-1.0935972709670814,-0.43360033785605906,0.03531640823553034,2.5935877672612286,2.1413180265030487,-1.384973731081538,-1.796948132517301,-0.8594917854660541,-1.1038728749080742,-0.841572363068318,1.323708192672036,2.5194840571612653,2.2281068590572715,2.0647932052344458,-0.1979702117101726,0.02912639131492092,0.5031645216893097,-0.21505364429007695,2.0817331499134806,-0.857609298603884,-1.453810229066357,-0.8123590274933488,-1.5370491456744548,-1.6346648037016065,-1.0735470639703344,1.764218046945249,1.5331707723779382,-0.8958850815374398,-1.4112818298733394,-0.9483725219186439,-1.9426448718543943,-1.9179523297359131,-0.02776700201401297,1.9612165585015637,1.2763235406867224,-0.7611682538804797
Bearing2_2,acc_00497.csv,0.6460398153180342,-0.21961555885573347,-0.005682697138047579,0.1397505794604947,-0.5618816047379398,2.2000736739395035,-1.3877608306578801,-1.3897794847750353,-0.5806856816903261,-1.073247738916623,-0.31163226627065294,0.3363634652612808,2.5510296872288816,2.140338670588519,-1.387975713624951,-1.78097002275502,-0.7697037899562654,-1.0757070588231399,-0.7552868936572371,1.044258432790006,2.6514090668390744,2.1429169629789495,2.062725151205022,-0.19111735911875197,0.0367806345594107,0.6880434347031646,-0.15164650975827562,2.1113101404763346,-0.8832295282686388,-1.4401372411754896,-0.7989788792267882,-1.5297214613493475,-1.5804273339339865,-1.233053275993055,1.6705103834219959,1.62865458451142,-0.9486967887598626,-1.4122476884806012,-0.9935699529712242,-1.9049058759754405,-1.8875628738063148,-0.9441235615867718,2.001937242706858,1.536520422508905,-0.7611682538804797
Bearing2_2,acc_00498.csv,0.8123486785145635,-0.2178110603325026,0.033865769659113774,0.22991732813708096,-0.3296071855204394,2.311522157206286,-1.4197160667633704,-1.4132047610213396,-0.6253059900117348,-1.103534645910722,-0.3978894423469323,-0.09657915478669747,2.2837116402182014,2.3662163608971265,-1.3961876526788897,-1.8162924699632146,-0.8612711363745071,-1.1325088355014816,-0.8141698271546486,0.7220213161977119,2.3271178127717858,2.3627043101488154,2.2090813322947973,-0.1843559716215646,0.021041124659397156,0.5929848602618741,-0.006942143777791527,2.1066086843960767,-0.8172480375868781,-1.4763376998988165,-0.812150880438957,-1.5453114781761144,-1.609529562888428,-1.223963080006456,1.4951070529616473,1.7682003043410912,-0.9113620377236993,-1.406238619072556,-0.9907593642089234,-1.9159138266276192,-1.8830816595413222,-0.6630859862494605,1.747913425417454,1.589228995150026,-0.7611682538804797
Bearing2_2,acc_00499.csv,0.7402611952168705,-0.2028033665860184,-0.1503374957856988,0.06323979064571485,-0.29370884169002337,2.27541327131733,-1.390946106570394,-1.438941575334579,-0.641052176946612,-1.0864897065005712,-0.3849895237932617,0.1325414327649361,2.4057943191429643,2.291855602596587,-1.3731935383738327,-1.8377927326907584,-0.7985263469680951,-1.100302918928392,-0.8310684111576951,1.9468033792822266,2.1979760197019664,2.25151826959398,2.0409966861293403,-0.19925054433300254,0.053931978249409894,0.5028563901676202,-0.13428288210423073,2.07201973996454,-0.8975506615845765,-1.4484627076990904,-0.8090897574377158,-1.530220486540135,-1.6083106608942854,-1.1179889779870464,1.7871921990881718,1.5281630041355054,-0.874872469989475,-1.412585796054905,-0.8968672278612928,-1.9016786622761834,-1.8970432894775286,-0.3967825111909847,1.8906006105899915,1.37720133448139,-0.7611682538804797
Bearing2_2,acc_00500.csv,0.9126844306365083,-0.20932998640480388,0.06874619956170816,0.3092341361015469,-0.34191286706567486,2.33856884554019,-1.417689032328494,-1.4090966065043429,-0.6397240534099307,-1.10264845779203,-0.4550382777543278,-0.20357119359161147,2.0039409415707086,2.468331580261628,-1.4072154987397427,-1.814244692675352,-0.8767620960316527,-1.1214709068644553,-0.8676965832913681,0.340268056103959,2.262406972423873,2.437909082595142,2.170195225696215,-0.1898062246465515,0.010726979943133442,0.7384229384994401,-0.04065372599478923,2.113515737821691,-0.8083988853598992,-1.4575663767082858,-0.8074080884414003,-1.5293807759748912,-1.6279175717423238,-1.2381804315700236,1.5122761053909772,1.7525106557406867,-0.9100207440237966,-1.4216972933624827,-1.0142925501518876,-1.8862134651720244,-1.9355585735480825,-0.684964506596602,1.6830014647148916,1.655637179384762,-0.7611682538804797
Bearing2_2,acc_00501.csv,0.7915082438645848,-0.2087955904705324,-0.046488468792951244,0.20990105820265198,-0.31558166416841277,2.2342107150883126,-1.3879447906995095,-1.350498226897197,-0.6544083407862604,-1.1032315452590111,-0.3804254909874452,-0.23168759527819607,2.8982223578171777,2.0933033074035845,-1.3872009408324053,-1.7542035194115935,-0.8863487040510791,-1.1334375226442643,-0.7698558288942837,1.3117506553457858,2.786927740302784,2.138020319646239,2.4032979277342865,-0.17881019780698726,0.10082804918156081,0.8267026194635557,-0.02349387051453931,2.1706938620541485,-0.8935489650315815,-1.4593495559339749,-0.8249742693282971,-1.5610317968097758,-1.6499863376041621,-1.168223908222406,2.1341698656993744,1.3358682243716733,-0.9616000947977122,-1.4280316826361004,-1.037532474293262,-1.9638804078207353,-1.9330253683102285,-0.673448449910077,2.3050082879233775,1.3449183143073538,-0.7611682538804797
Bearing2_2,acc_00502.csv,0.8048215550558359,-0.24156369584190998,0.06402562299133151,0.1668754312407955,-0.7171227333947707,2.2739144375838314,-1.4009814353328276,-1.4265474501101927,-0.6270030923488912,-1.072752693131178,-0.414599473500544,0.15807133457247804,2.3048717904436904,2.334053638031674,-1.393658032803181,-1.844906730454887,-0.8388224549867718,-1.020357197932611,-0.7825263720923172,1.439793119879918,2.3105899888076022,2.2830055449499618,2.2235944784635966,-0.19108261880885316,0.06560289644347227,0.7656925781689835,-0.20489561625551797,2.15746578719066,-0.8468795481806858,-1.4621955366386459,-0.8164475122688667,-1.53829903578077,-1.6602892193709464,-1.161962285300726,1.3588867179040112,1.86330007735423,-0.9321818644290014,-1.4184327085182662,-1.0331405149986035,-1.9666673034735072,-1.934193074005223,-0.7666324031138246,1.6515805688511913,1.739911639624064,-0.7611682538804797
Bearing2_2,acc_00503.csv,0.838688386073338,-0.21642115859831515,-0.16898292000971535,0.28323169198112064,-0.3256288496582763,2.257554709815645,-1.3856954360539864,-1.407693845796389,-0.6369527196936141,-1.0986518933972187,-0.4756604153800619,-0.0009702450844053554,2.346924067153022,2.3084722418308723,-1.3747395800715936,-1.8174945444318644,-0.8704752770332835,-1.1444475217223318,-0.8585478204006995,0.926737921046661,2.2541284145330702,2.3581484571497797,2.2221084879883355,-0.1840022956040022,0.05696297060063547,0.6698636749234689,-0.07633573275148217,2.1253375691084337,-0.7766737885769757,-1.460747304327658,-0.8189871154689004,-1.536640797219675,-1.6731641487204707,-1.1536491739841652,1.9893611763539614,1.399545767318433,-0.8989756565713134,-1.405803639171577,-1.0332380969280275,-1.9595258539602243,-1.9635188870173015,-0.245196390404473,1.966912062745175,1.3979415152248251,-0.7611682538804797
Bearing2_2,acc_00504.csv,0.7803415683102384,-0.19470013921340207,0.06259231862826194,0.4738539262164765,-0.3472876607974503,2.296315783024243,-1.406737834396704,-1.3635400734808285,-0.6462331324208105,-1.1088492013431215,-0.5157925092751287,-0.05502064340152764,2.3680916908204286,2.3013972511148753,-1.3962891999585165,-1.7827779358900104,-0.8706196364968228,-1.145744984414776,-0.9015445254775111,0.7986321129894419,2.488561658982772,2.3076458223270007,2.0014733156985534,-0.19336132156164035,0.053223854068177874,0.6997524325273753,-0.18896261202853026,2.112500722970683,-0.7927687669970785,-1.4546131571800456,-0.8107345480844202,-1.5283982708063002,-1.646911813473143,-1.1498292270375947,1.4957539940881466,1.7278192322424293,-0.8552235210045681,-1.4116489394194154,-0.9086035762530605,-1.926241869675607,-1.9402726289934122,-0.5882466335103145,1.5216676071747752,1.6720549641758553,-0.7611682538804797
Bearing2_2,acc_00505.csv,0.6435089367574683,-0.22464322533177,-0.01711724800690585,0.186704633231912,-0.6033357254709666,2.169130620222616,-1.3685301623813813,-1.3792958110568136,-0.6190070202815946,-1.0562033705299931,-0.3374259586356555,0.1556300668032176,2.074568052685892,2.3319827739104615,-1.3709251259050805,-1.7821061253396773,-0.8395742031739624,-1.0812828610962733,-0.7627727701800848,1.1902911057138363,2.1222766088699307,2.3181859153481366,1.9108305419122622,-0.1952568637095264,0.06317613526804611,0.5014697983200161,-0.16199526906346393,2.1002586420974723,-0.8875536341958876,-1.4526470955529942,-0.8092780450099897,-1.537344163868853,-1.6162309591433097,-0.99116125049963,1.6175546683847455,1.6094500168312476,-0.9405398466568612,-1.417433981313806,-1.0192918023927353,-1.9192458078088064,-1.8894999312238059,-0.7350443499002219,2.0075302253886336,1.4873330658173063,-0.7611682538804797
Bearing2_2,acc_00506.csv,0.758224893652799,-0.2374165040450681,0.20309481822547282,0.12740409520187485,-0.5622637925052818,2.2071567344954173,-1.3798673964271044,-1.327628449779111,-0.6324515554774401,-1.0960067978893204,-0.45121257100691364,-0.003537212248600935,2.0281184062684106,2.3379875710795783,-1.3686522104606933,-1.7367876661957902,-0.8500017708916603,-1.1461033393290614,-0.8008274779114626,0.44200164916373474,2.061461997473876,2.397209329117814,1.9451883086765225,-0.19604068538664596,0.03333688578672226,0.4991588119073429,-0.1557562458473349,2.0776997408601976,-0.8917181632626159,-1.429878824111525,-0.7985829405870646,-1.5177540068526976,-1.6359096100618968,-1.0947732378145731,1.5470289380889137,1.6825931787834159,-0.9525570279638107,-1.3885944829859989,-0.9633189855049692,-1.9250921096269145,-1.9179807027095417,-0.5878667182375646,1.9894975771800982,1.4366919207779205,-0.7611682538804797
Bearing2_2,acc_00507.csv,0.634945571822884,-0.17035091638908806,-0.057237014708429734,0.25498443254094527,-0.1705607582161558,2.2368194305466007,-1.385496840018928,-1.3652926250232051,-0.655907118400712,-1.0730316029670643,-0.4175837754721007,0.13322884297466892,2.560210022254266,2.1671097659750984,-1.3665146961763452,-1.8042122587952787,-0.7737420557354202,-1.107838310236319,-0.8273178358041988,2.2993075939708985,2.512316298597947,2.088379202597605,1.961161885129168,-0.19297948706012616,0.051846105307204085,0.7501319363236509,-0.1446722577347972,2.1181865802055104,-0.8823442352388493,-1.4511006107042674,-0.8289840048144247,-1.5242777052418417,-1.6396215281462092,-0.9384595677827446,1.7432691168927719,1.4909195768223211,-0.9283368408256545,-1.4193419048077214,-0.9620196372699688,-1.941764960411851,-1.9145303180467987,-0.7968129008052905,1.8654799958471524,1.576696269358001,-0.7611682538804797
Bearing2_2,acc_00508.csv,0.7137390363023457,-0.15492326126560851,2.2141009753504872e-05,0.28678598290405666,0.19752980186995434,2.277084121503044,-1.3876205189373638,-1.3947904489430532,-0.6427775642573781,-1.0893702503849525,-0.4250075345390277,-0.0377653635074003,2.4219942630481954,2.2807470412125608,-1.3856760355149338,-1.7969415223768495,-0.8555497337670555,-1.0893903357915689,-0.8853382039977794,0.7955572879378411,2.235269891258467,2.362331620717018,1.7968081495924644,-0.19269427479035037,0.0524172061964608,0.7982004537072528,-0.20631476519852018,2.1146952669955215,-0.892005948239575,-1.4398516265628374,-0.7977122269481026,-1.5298192848960048,-1.6416138462325742,-1.022809377703434,1.4925983584306588,1.7103118448725045,-0.9509738807096997,-1.397452218430296,-0.9807973782686104,-1.9045973338075592,-1.889002840869813,-0.6168731965880648,1.5866872618278391,1.6700857297933387,-0.7611682538804797
Bearing2_2,acc_00509.csv,0.5838968004435354,-0.22208878784696467,0.05078560410423344,0.09279652568907709,-0.6142622834931235,2.1020526445895693,-1.3418043766507508,-1.3126063724384385,-0.6099047140416102,-1.0638778534410152,-0.359457430562929,0.34007507542263044,2.3967048096596284,2.0910285027732325,-1.322001748042902,-1.7200817267529025,-0.824423393662285,-1.0882188722234019,-0.7630800474146591,0.9202146828539342,2.307791758375497,2.1917082274597908,1.954188232115713,-0.18068306959340713,0.06075292849103591,0.6983658406797713,-0.1335397506539067,2.018038253024789,-0.8467579180448755,-1.4418707740373395,-0.807374605557934,-1.5125810247342024,-1.6415107522677699,-1.0385407722180517,1.8764368392642998,1.4232457933016738,-0.9447754258112123,-1.3755851405458823,-0.9981384346179171,-1.9154293600238441,-1.8886814595279922,-0.5575958226265065,2.2742860995362535,1.2593274984583425,-0.7611682538804797
Bearing2_2,acc_00510.csv,0.6450415695138282,-0.1812134689087311,-0.0030091588965556687,0.2658343732530656,-0.18925543248428753,2.155257917684291,-1.3493531865448056,-1.3698076285746994,-0.6177016036946811,-1.1017523117213348,-0.4051875079766209,0.09722343159842646,2.294179655072143,2.2534774170051004,-1.3446756325663858,-1.8168733538355302,-0.7777383409664057,-1.1217636905570754,-0.8290310917799429,1.8925889156422162,2.003886009382255,2.2690474687329822,1.8321451495944343,-0.194544222999663,0.016692553749699,0.47250543528117883,-0.10468297869579958,2.052407140468216,-0.8623397976318329,-1.4338618228613649,-0.8083811889878085,-1.523362592252031,-1.6127267707156885,-0.9002366452829077,1.7750762117486574,1.4376053116440506,-0.9456866439008808,-1.3983825675016985,-1.0110606628725016,-1.9307149854440644,-1.8682429900642934,-0.3965107234430179,1.787069985977026,1.5026977876635557,-0.7611682538804797
Bearing2_2,acc_00511.csv,0.6421672296821676,-0.2350321388538721,0.17918624236024785,0.125720483712063,-0.5863092214951603,2.1898859532074426,-1.369463944366746,-1.4190677942018768,-0.6143828180205548,-1.1090324578782669,-0.44381264960956396,0.30768679141496896,1.9668642889563237,2.422664515913514,-1.3657364932261633,-1.8029813446857406,-0.8551879252218525,-1.1235977039881873,-0.8765241916587787,0.7495190708796691,2.0108260595372225,2.423094566839597,1.8425740771734818,-0.19941570136189984,0.0783377259361216,0.3390844863895137,-0.19062862729181954,2.0976755877266333,-0.8582046621257975,-1.4386422522532363,-0.8030924813428761,-1.5470109984062932,-1.6228872667049692,-1.1569725597765839,1.480530676982172,1.7585102460034445,-0.9134845245026335,-1.3945241406045126,-0.9819551432216514,-1.9454775881114483,-1.9105187486573534,-0.9982858619017395,1.6448026637248845,1.7631996986188536,-0.7611682538804797
Bearing2_2,acc_00512.csv,0.6138910317543004,-0.20939026283841802,0.0474591019800069,0.1762288284064163,-0.2917301426366368,2.082326636780569,-1.366656114615991,-1.2450827920408754,-0.6019705496750856,-1.0832763141753583,-0.3917672895420272,0.3843179383643654,2.0979970015485745,2.2499019334617194,-1.34881378767587,-1.6599928775998363,-0.7956748944542353,-1.120331791666419,-0.779979482753029,1.388684950466978,1.893448790764622,2.27988226742772,1.8608758925415931,-0.1914055035928837,0.04899741988597744,0.39162091083761735,-0.11973370484531648,2.046537811830811,-0.8120709997993844,-1.4298824641806462,-0.810724272797511,-1.5153299083273815,-1.6125625215595614,-0.904439922065487,1.3818339094789402,1.7099907312285154,-0.9163718519747331,-1.3895222230770032,-1.0166265843168736,-1.9176106920564637,-1.8620187988990462,-0.5554596648687813,1.3623026829526688,1.7815299612828002,-0.7611682538804797
Bearing2_2,acc_00513.csv,0.74771108226449,-0.17906821460527056,-0.2327230102689199,0.290527341770305,0.008949757187487332,2.220240374780254,-1.3753794465122282,-1.4088140814731238,-0.6362003803625339,-1.1062719297817691,-0.43725843680700727,-0.1369933925788605,1.9345238508398612,2.4636772025999334,-1.3434850269433178,-1.8166992073498773,-0.8492211686243604,-1.1746119883850843,-0.8045920764333804,0.3201034630849746,1.982893520506086,2.4467100507309825,1.8142612234470668,-0.1908070247944835,0.046072845031884364,0.5595525901585354,-0.1550165601416375,2.056817124823927,-0.8646386014792636,-1.4381678147946486,-0.8109828757603842,-1.521990792182038,-1.634949151196003,-0.9839891312017184,1.5707206544324308,1.6282228920303021,-0.9437722130299564,-1.400593149104482,-1.0152810227061744,-1.9289976066986905,-1.8915417133678518,-0.8322398337103183,1.926154428503415,1.5624113999108773,-0.7611682538804797
Bearing2_2,acc_00514.csv,0.8787550933734948,-0.20898887758302495,0.17846718302388426,0.3700312176780835,-0.33723821261858206,2.3617083443296325,-1.406666956029688,-1.4530675706409448,-0.6411708417902793,-1.1182026633016269,-0.5015150733335476,-0.0208267055924023,2.305872148387514,2.399792476643594,-1.3986873572277325,-1.8709439358128739,-0.8587803274349542,-1.170331610377413,-0.911156621424465,1.0903080712318522,2.207458420123519,2.4162866667648286,2.336577371260357,-0.18306219413886626,0.057230306667055864,0.7498238048019611,0.0032958526982050933,2.1616059852884852,-0.7033512324401885,-1.4620669081932351,-0.82156131283282,-1.543078682070845,-1.6559903045236755,-0.9652559194443436,1.7412077935033192,1.489858595048446,-0.8733976942514143,-1.4292640190459454,-1.024215261819668,-1.9615321412918005,-1.9195909395013642,-0.8109560061966787,2.085341265422857,1.4791033640265534,-0.7611682538804797
Bearing2_2,acc_00515.csv,0.6873004046873578,-0.22210421662422228,0.10623406983414478,0.17417108102997983,-0.43038476511232165,2.248503211315885,-1.3822653155589772,-1.4073971066357605,-0.632961355758121,-1.1096969249642648,-0.42711698780983004,0.11893957040950863,2.558713474246486,2.2055121791065977,-1.3817008689161088,-1.7963564600344448,-0.8561983930820445,-1.1543042506831003,-0.7972646327155949,0.8397325354834902,2.6980588848184532,2.209812921309296,1.8966761964224006,-0.173760352213235,0.04229963955687229,0.9225315227090705,-0.04712527873914406,2.054529233687392,-0.8857958922843018,-1.4270575225534734,-0.810002227465619,-1.537361996266541,-1.6334629296836436,-1.0637705767939594,1.7513420467781922,1.4827739546175092,-0.9524303044065019,-1.387466246665507,-1.0052531194217205,-1.9569579809472328,-1.9017671004759056,-0.36597662571439943,1.8550385927766886,1.472089244187984,-0.7611682538804797
Bearing2_2,acc_00516.csv,0.7940645331399699,-0.21561532445130496,-0.07016064322869331,0.27051107183587614,-0.5041046559024839,2.275035875293958,-1.3842335914843236,-1.4358619901320508,-0.6386519713151537,-1.092724687557144,-0.4831700416326761,-0.09962732571848813,1.6694345206483212,2.578418458650309,-1.3849090515152107,-1.8507180341218967,-0.8479753310630092,-1.1400877073588034,-0.8778417260376827,0.40342212725094173,1.7503184081250138,2.576929621199869,1.809569260473228,-0.2033459671375298,0.05937988967226501,0.46911598854259146,-0.2193337157224721,2.0604187437477353,-0.753246471618846,-1.4529601552662847,-0.7973551766601006,-1.509958887245905,-1.5963740214183637,-1.0709202879463444,1.2864108937738776,1.8098119731242719,-0.8897937007665235,-1.4106793403374291,-0.996694537788551,-1.9039377574662768,-1.857058948592755,-0.7996927260228726,1.4013264438467263,1.8150264272901147,-0.7611682538804797
Bearing2_2,acc_00517.csv,0.6486424473143729,-0.2053306695315935,-0.0976962069845788,0.15284533549236398,-0.4126859811202111,2.1457824701978394,-1.3660348591966942,-1.3068300792526781,-0.597790835617175,-1.0832714350743022,-0.4603055568257172,-0.007380957610122927,1.57798644077432,2.295527244804324,-1.3398904841045323,-1.7034292854660165,-0.8117207414127651,-1.0804954689275061,-0.8487021737538911,0.5385127811639561,1.694503983285525,2.4313115881897938,1.8547164795966666,-0.1950310824452684,0.1012613719967535,0.485138827670459,-0.1430126276681108,2.055450431586016,-0.8873526577871229,-1.4200837539837818,-0.803359770300959,-1.5265671238966776,-1.6151645565367754,-1.178934554351485,1.495884224579552,1.7473198509808323,-0.965857805675914,-1.379603508528078,-1.0241775840765237,-1.9257904178776244,-1.8873977608847325,-0.5336788847747567,1.7523629931802167,1.5751634205178022,-0.7611682538804797
Bearing2_2,acc_00518.csv,0.6196292752452486,-0.20470976323919726,-0.050881416109154476,0.17735123606629086,-0.39128962652740423,2.128076842812918,-1.3565993891567794,-1.3511509933745502,-0.5858281125099362,-1.0636088071206615,-0.3711864341423259,0.15054762002415978,2.2607651290592643,2.210676701710277,-1.3298300723146288,-1.7781852025395481,-0.8041507206778551,-1.0911459677311741,-0.7783246651272732,0.6991160437480614,2.093447889710065,2.3052358371479023,1.772971049748246,-0.18137867794434057,0.0891397672685172,0.7214757048065031,-0.05773356914925648,1.9958311210220316,-0.7212207736793214,-1.4108886807417218,-0.7923342187195708,-1.4999428608865193,-1.6518523611380986,-1.0911405506268286,1.5636152554500007,1.6208278344170919,-0.8430981271173211,-1.3826573181731596,-0.9732244446266937,-1.9242356400991945,-1.8877473720253173,-0.7107115988355768,1.6928404764707952,1.6086125432403622,-0.7611682538804797
Bearing2_2,acc_00519.csv,0.7298746493910564,-0.1991396189832588,0.1605427970998319,0.2995066030493011,-0.3925631883568783,2.261066787026095,-1.3892322439051192,-1.4198163683867597,-0.6366246610497401,-1.1094007820334477,-0.4341955887309305,-0.06537629253608238,1.866281607424157,2.488474035518352,-1.3825333085448797,-1.8342582790061202,-0.8603466473764478,-1.1342582082075268,-0.852051120922379,0.5973452814327485,1.8196461389798964,2.5310730836794457,1.688886033213143,-0.19057118013952162,0.044686870581495036,0.46911598854259146,-0.08846906864848408,2.0067729447159404,-0.8482118581593505,-1.4047933737313212,-0.7949968681409054,-1.5225522580975501,-1.6355729066401532,-1.0892225777667028,1.7331868198003624,1.5339090454401567,-0.9314468435201466,-1.3534885586271719,-0.9786755956604427,-1.896117455198796,-1.9186993407578898,-0.7243273423288393,1.8320743702973026,1.5508700643693907,-0.7611682538804797
Bearing2_2,acc_00520.csv,0.5872236321055505,-0.24484535503720353,0.18535656869169723,0.03667614269535117,-0.7121337153985388,2.1163793350506013,-1.368677061137194,-1.3627288171854182,-0.59998235936564,-1.0835974346158042,-0.4545449431725388,0.14679429544449998,1.6222974619222676,2.231740466974364,-1.3578918171437309,-1.7165367019367368,-0.8307021682781197,-1.138406745164833,-0.8061428473262596,0.6525582857968684,1.8818569189471557,2.4046843894056953,1.7301720326408905,-0.18959356475066436,0.08432933885070776,0.4609505032178128,-0.07041501212438113,2.0168331579839163,-0.7682141576881323,-1.4356133924868213,-0.7911504827552531,-1.518480256073027,-1.6290245015026177,-1.0225237988345657,1.4842820117404327,1.6445832791457602,-0.8966072588592083,-1.3806392641384104,-0.9647812836628699,-1.9276681541321063,-1.9234533966536949,-0.519335069314869,1.7947778846473972,1.51591013626827,-0.7611682538804797
Bearing2_2,acc_00521.csv,0.620338866863725,-0.16956478807110656,-0.2012776040103072,0.32438663950985297,-0.2632848870017946,2.144561354054743,-1.3483695806381941,-1.3559703595397878,-0.624913165725575,-1.0583737582172779,-0.4235440867908903,0.05162854830300165,1.8091124861814334,2.2374600848351855,-1.358252160848608,-1.7245054341145418,-0.8325972372698373,-1.083507908197063,-0.7904821061923637,0.20149008136186342,1.8935947315132085,2.4304375091977093,1.7114641123946452,-0.18947243597481367,0.06661600650171003,0.42736416735362914,-0.14637306720183932,2.0300482744179735,-0.8779078370413556,-1.4274074004356092,-0.805427675528334,-1.4966007404764972,-1.58024731661115,-1.0473995143806,1.3077270372387306,1.808018506283121,-0.9335108833247554,-1.3822992844681907,-0.9985259489406899,-1.8839987400700242,-1.8545259456879974,-0.6614243629659727,1.660814371431036,1.6203882029662442,-0.7611682538804797
Bearing2_2,acc_00522.csv,0.662138082705482,-0.23085415573872034,-0.04498622446368368,0.17679003223635376,-0.6737432641329988,2.1263848428481342,-1.383624587235068,-1.2488966211955341,-0.6119827780598692,-1.111886491190599,-0.452069661758148,0.22265178585274578,2.5085177543934893,2.1493085309020943,-1.3552028693229896,-1.6807739967320074,-0.8308822746256391,-1.1349257304399751,-0.8381340091996671,0.8988285019744822,2.68136997535072,2.115076658217597,1.8368332770925095,-0.19236447885646615,0.08905708346289616,0.45863951680513976,-0.1691949251453798,1.9945628040886025,-0.7413231919117668,-1.4346380677959822,-0.8062708584390996,-1.521549238254313,-1.638923187217101,-1.0514903288247823,1.7154352925063725,1.5173602006608313,-0.8710236897618796,-1.380901149545422,-0.9547983839264168,-1.9399535679189321,-1.9077610848095214,-0.400280690956469,1.903709273852301,1.405143952336527,-0.7611682538804797
Bearing2_2,acc_00523.csv,0.6020792179477256,-0.19890361273082538,-0.2856537273206716,0.19942525337715647,-0.27121934717784135,2.0671966034111984,-1.3109527515196646,-1.2889901044004521,-0.6156514548812296,-1.068949294130972,-0.4667048440167298,0.25392792438823575,2.536635153540219,2.055360918444442,-1.3180681343601255,-1.6659863175498946,-0.8328439950642316,-1.138509731838028,-0.7992016376324711,0.8445896494529869,2.7808345022464094,2.036869939686583,1.687973921543011,-0.17771095334277384,0.09494009411496743,0.8316327238105918,-0.11474681078553231,2.005988648417953,-0.8528685979214998,-1.431727161948397,-0.7989117764911269,-1.5272030581657736,-1.6401060735677009,-1.1407354293761502,2.011260092295496,1.3655255146325425,-0.888156653129401,-1.3828371397633974,-0.9827337522726048,-1.9506384059830448,-1.9072757853197604,-0.24273549664381217,2.0835983171159045,1.2750986588576845,-0.7611682538804797
Bearing2_2,acc_00524.csv,0.5537613888564421,-0.17304396156594207,-0.10269773962441966,0.300816078652488,-0.24834361991568027,2.113393166668327,-1.3309129904380572,-1.326342085658381,-0.5694592001263415,-1.0699880677092544,-0.4822628693544374,0.03536653679999884,1.8387538970070323,2.2123063549607735,-1.3065348013492344,-1.7230704949673954,-0.7830460092510811,-1.1048731770543154,-0.8579726565118053,0.8160191547796536,1.802870024928513,2.337345502257698,1.6432809244640205,-0.1818367242928544,0.08742672956846022,0.5133328619050719,-0.06491957464953094,1.9762991523284392,-0.7394180991513081,-1.4130478145593592,-0.7817033212797826,-1.4967112020638198,-1.6115258985864482,-0.9709292174608323,1.205418476592051,1.8103510932815143,-0.8682371223857839,-1.3956098302048645,-0.988308990351975,-1.8782760559115328,-1.9021838058690814,-0.6407622759556973,1.5427370367156135,1.6796273800890242,-0.7611682538804797
Bearing2_2,acc_00525.csv,0.5409471183626076,-0.19226844350177172,0.04056774014156567,0.23029146402370576,-0.4581677594717065,2.119986220883195,-1.349177947166726,-1.2908257446643525,-0.6052088767479129,-1.0564969767115022,-0.4377633222562993,0.11643507625550467,2.230929327097808,2.1954199252944915,-1.3466433042692243,-1.667302596133439,-0.8245835423419,-1.1072891762999562,-0.8104379376336005,0.5840052055365845,2.4027315148416184,2.2013154559276273,1.6704021072661115,-0.18159714404777857,0.027547636380309673,0.4834441043011652,-0.08564399445406266,2.0524892839050564,-0.8354996590237276,-1.43808321194026,-0.8089033777383156,-1.5052653736600237,-1.6347687937888031,-1.008967993164633,1.4246652395016541,1.731855251538803,-0.8624026471392299,-1.3853737999200844,-0.9506667524880676,-1.899383944115785,-1.8978079461310915,-0.4459172857464716,1.7228099227319011,1.5022890261382553,-0.7611682538804797
Bearing2_2,acc_00526.csv,0.7362694282059018,-0.1403162346251741,-0.14886681222813888,0.42241024180556097,0.08287836214528208,2.1868269208270523,-1.3809271600176662,-1.3472314745123037,-0.6367466521472879,-1.0873210118907162,-0.49063161549322326,-0.02722058746908935,1.5065113678063051,2.5925520853130424,-1.3683507000279704,-1.7559642815984866,-0.8571289245880032,-1.1285991822124657,-0.8977318139483944,1.0419788225813678,1.5141163149532124,2.542034210801349,1.6306904324065068,-0.18700420315832006,0.07928343890260077,0.4108791309432272,-0.06654596219415203,2.0257186824072155,-0.88790801532374,-1.4363899931068074,-0.7900619395484388,-1.506581600171783,-1.6164977288170983,-1.0651016761403382,1.5363455745573333,1.6454123513927723,-0.9429960298527326,-1.38235607828739,-0.9687514493297962,-1.8913195204186575,-1.9002353215743233,-0.6447637687481464,1.6246717952173808,1.644454071983657,-0.7611682538804797
Bearing2_2,acc_00527.csv,0.538105470592787,-0.2079876417067369,-0.16537204064523758,0.14106005506368158,-0.46154847151112804,2.040965200744727,-1.3494044770755744,-1.3146178847169976,-0.5977364457795515,-1.0496630920905738,-0.35658069719352253,-0.010712865551652677,1.648945750862902,2.0880550809873513,-1.3268528225755467,-1.7285724457272953,-0.8072978319157419,-1.0228503973765797,-0.7393270569312754,0.565498153655175,1.5818320519209232,2.4355960858497254,1.5371213242313482,-0.19139730519219195,0.10121769874209369,0.4204312081156099,-0.13208983912915032,1.92889883953657,-0.7820199292547603,-1.4193214810235066,-0.7899787677353424,-1.4954129110550436,-1.5943469130704269,-0.9821650056068909,1.786258909482111,1.4076147799468315,-0.8427068518134958,-1.354984225512123,-0.9683748693064962,-1.8458387702164152,-1.8858769593978084,-0.6864817984319748,1.8661394989123243,1.4630497518869687,-0.7611682538804797
Bearing2_2,acc_00528.csv,0.518135891567096,-0.20241176480146014,-0.16185317169868776,0.12946184257831134,-0.25732633269254956,2.0690626901795843,-1.3504581850887027,-1.3063743206610314,-0.5848727050632102,-1.0462182310292445,-0.3602661941277812,0.23149216366845857,1.634006309887723,2.3354241608086093,-1.3138436172827386,-1.7355771691946862,-0.8039716894905707,-1.0446521577490786,-0.8272181672784353,0.7570460821738668,1.5838947513292019,2.4210377259846676,1.4643220016590444,-0.17893537788536942,0.08962932507876482,0.6952845254628738,-0.09994427520766029,1.911634836106624,-0.8408834141594566,-1.4155896993205461,-0.789999462134735,-1.4587129641027894,-1.598460886241301,-0.9967542147546224,1.7774892787182583,1.4094717625167474,-0.91782345485511,-1.3610538640848318,-0.9433146149324141,-1.8421080081025272,-1.8416976947830999,-0.04091657464196034,1.638784816395315,1.393631078421986,-0.7611682538804797
Bearing2_2,acc_00529.csv,0.6454379587811727,-0.17889882642403412,-0.33885685488161404,0.24862412246832286,-0.25682803086735667,2.162352083676786,-1.3519052051927676,-1.3923686767860322,-0.6101206221436578,-1.0816522284096952,-0.44768482117058206,0.07048389454875369,1.6198280049623266,2.5024400866733574,-1.356561368532259,-1.7591825879358953,-0.8405463240543177,-1.1167733254695855,-0.8094844523387423,0.3175804572914025,1.79774590758912,2.4783262360338805,1.6472996436818708,-0.17631830139941812,0.06173866018235503,0.5965283727613067,0.010577194675133045,2.0461649026713706,-0.8212490282050195,-1.4256974857234435,-0.7967354125367822,-1.5072594501193621,-1.621409151886848,-1.093606357798026,1.48410580523173,1.6814270027639093,-0.922509007588366,-1.3957245910777183,-0.9977007201175421,-1.9002597686932623,-1.8981966425408112,-0.5667441723865244,1.372009572212476,1.7807474214363752,-0.7611682538804797
Bearing2_2,acc_00530.csv,0.48028974907350586,-0.19962939626793375,0.07225801489715664,0.16968145039048174,-0.3760089705848163,2.107998989872486,-1.3373824856799572,-1.352195666521657,-0.5542333074925516,-1.0719487241592378,-0.3782090617082786,0.536802077960477,2.6363832953354267,2.0137927102620163,-1.3154625374606217,-1.7533090244181702,-0.7401344142590237,-1.1072823312354296,-0.7800505353823567,1.1650697301832094,2.5575084101929124,2.062950598540524,1.7336713888551545,-0.1917000481646781,0.05507273288776787,0.4758948820197662,-0.14600705575073997,2.063624815467193,-0.8669227288473653,-1.4514418454867515,-0.7919399517272889,-1.5239189293769002,-1.621307765770396,-1.1465030887476975,1.9888801178120201,1.3501149683615672,-0.9351864163949695,-1.4015595500941074,-0.9966033310536198,-1.9273016171930732,-1.900221407505322,-0.6439862140359452,2.064901106420575,1.4180874297458017,-0.7611682538804797
Bearing2_2,acc_00531.csv,0.678683481827981,-0.18577430552432764,0.018127837784946043,0.38611906080295155,-0.3859253263609301,2.237100055060105,-1.370754053346688,-1.3051844650174036,-0.6829967780267899,-1.097213860512466,-0.5103485755890355,-0.14246430558238296,1.6406900818279209,2.5485599911806998,-1.3542994917694882,-1.7436492780027375,-0.9034753344611157,-1.1387487454276508,-0.8644641047184268,0.38580554510195403,1.5830088878968689,2.574316022818815,1.7337995674859108,-0.17736520881348997,0.036639948039531196,0.535980528749269,-0.006759539002112522,2.0676478878125844,-0.8828327333261536,-1.4176024888458414,-0.8195392347450962,-1.5165647793110009,-1.6386569068267975,-1.0813795505846702,1.60860201729631,1.6426412072442242,-0.9564077698086718,-1.3843031617405017,-1.0121943358450625,-1.923675168064205,-1.907430993462126,-0.6527949994293111,1.834241747954628,1.5633349679416817,-0.7611682538804797
Bearing2_2,acc_00532.csv,0.5120537698839951,-0.2035620862764696,-0.13272911068170715,0.27612311013524865,-0.3214434883094662,2.019276061319269,-1.3189461054839537,-1.204267383519998,-0.6012939142033868,-1.0670177272757728,-0.3653306557413739,0.19828891626204764,1.9495899273370263,2.194318688048383,-1.275757961839741,-1.6719079306415325,-0.8094100221518851,-1.0889438309839663,-0.7593136079040589,0.5937584104082663,1.7771265723598277,2.3043955544039942,1.5663898926468403,-0.18559581709447776,0.0979592109816144,0.3997863961623961,-0.055057976084121954,2.0144900765997837,-0.8825306226839524,-1.440607538582759,-0.7963370057921224,-1.4917233664910416,-1.5762660039802407,-1.0364642507934962,1.5609496739403548,1.582141745307835,-0.9332655149506871,-1.4114867014782542,-0.9604313737795671,-1.8658036245673586,-1.8226622104076995,-0.6576962298315041,1.8385840219073903,1.488868792895437,-0.7611682538804797
Bearing2_2,acc_00533.csv,0.5349106846499901,-0.16963685909869008,0.07795647084761663,0.2828575560944957,-0.26194553088553957,2.1330056833086624,-1.3563225662111609,-1.3055820463034633,-0.5890821270599111,-1.090948466926248,-0.3431095319607586,0.06077060729346679,1.9026657670742155,2.337588857507096,-1.3324099482023504,-1.7310263755562367,-0.8071371786978896,-1.0489185034717126,-0.8359909755915595,0.6771816364766777,1.8576925386323753,2.3629078668411285,1.5828454637824114,-0.18362262088390935,0.0682122974022443,0.5124084673400026,-0.05055241847587706,1.9842113377858859,-0.6312215889565987,-1.4304236928545793,-0.7962296738066595,-1.4890736960140678,-1.6140526006717737,-0.9014363862074805,1.4540266927769525,1.5887223223438824,-0.8028804655258083,-1.3812221457686586,-0.9802607948860358,-1.8993135678509314,-1.8645439079353543,-0.5213714990973809,1.6374041276824312,1.5591976104902154,-0.7611682538804797
Bearing2_2,acc_00534.csv,0.5416766531213817,-0.1967196002284712,0.1052213444705361,0.1062654176075715,-0.13074365016078024,2.0966637022146726,-1.3416854810385352,-1.3716279613213105,-0.5865846621176827,-1.0820185623218286,-0.3331724269233832,0.12942991622011096,1.46827449079062,2.5162116196456195,-1.341397448357228,-1.735911589213544,-0.8132859347293827,-1.1240943549029585,-0.7131239018584536,0.2989462216879861,1.46557761796362,2.533142042484799,1.4873481204359915,-0.1835507621102469,0.08287024494510414,0.41550110376857374,-0.08315091871455497,1.95426751731313,-0.853048498282708,-1.4373900843425718,-0.7803927788357998,-1.4663941679525028,-1.547916306965302,-1.0550437709468283,1.1895109555711285,1.7882445644102896,-0.8622375566142502,-1.3873558548132332,-0.964671775057268,-1.7974483095729727,-1.7783079314929207,-0.7235273929232856,1.2271347345641768,1.7990138004974765,-0.7611682538804797
Bearing2_2,acc_00535.csv,0.5603498433665922,-0.16703991239796226,-0.1214660809364499,0.2574163158040067,-0.12545164589694607,2.0690390376261663,-1.3158462583578368,-1.239684507563845,-0.6308153262168823,-1.080959668070107,-0.4457453059546788,0.021388467627197417,1.7618948310028932,2.2900568273498605,-1.2992833737120366,-1.6556286151384847,-0.8413969792241034,-1.1221847600036445,-0.838897535303577,0.4689814245106691,1.594785677536445,2.423306364689363,1.5253435508001105,-0.15088912907817853,0.13911455784638063,0.9174473526011893,0.07538634506494049,1.8754716820680657,-0.39944628531237464,-1.4272108948766324,-0.7908515344692294,-1.4923142971654633,-1.5883730169910657,-1.040430117966461,1.4986238526208568,1.5387062200252883,-0.6636334548284003,-1.3793504884776038,-0.9574105015186293,-1.890105274854973,-1.8307935619080271,-0.6373055278626284,1.6768045772097957,1.5092991979430388,-0.7611682538804797
Bearing2_2,acc_00536.csv,0.4484410946394456,-0.20612562464992434,-0.16618206300261973,-0.004291736890068673,-0.23930772802602648,2.0012232298697,-1.3314950341445544,-1.265776562022947,-0.5905655102294697,-1.0559075705316305,-0.25142066689246684,0.13989957756806384,1.7141631054125412,2.34031230841687,-1.2988641094828248,-1.706516228846038,-0.7992060536772413,-1.0118275790064566,-0.7184941278193357,0.6298254947703332,1.7619362635260598,2.323140012634705,1.4309564541681776,-0.18776616940901622,0.06402566388369176,0.34093327551965225,-0.14836805765546912,1.9288661017408484,-0.8752652648512723,-1.403379973840929,-0.7829025059186765,-1.4819912600625715,-1.5380852707570398,-1.0243154705776172,1.4525027853228418,1.6515680738835161,-0.9292870639426895,-1.3708631053921887,-0.9694975012093662,-1.7996721049515905,-1.809999840684599,-0.4604209741124432,1.5714783412495876,1.548592074778284,-0.7611682538804797
Bearing2_2,acc_00537.csv,0.6184538579776887,-0.17925441498800124,0.04436671561039645,0.16743663507073278,-0.07020725038014902,2.2538579333469695,-1.3677805163827594,-1.4202271664316948,-0.6602182421839983,-1.0993234902192766,-0.4228573637045295,-0.006348488154340699,1.3583659416110097,2.6562099688473184,-1.358459183057748,-1.8226323857901507,-0.8843393857615,-1.1172421810852062,-0.8584379709568962,0.34398617250060637,1.4533796241905999,2.645400206711268,1.5903579231554128,-0.1811215814461376,0.09155692030652395,0.4013270537708448,-0.03279181778430433,2.028351113703188,-0.5772514815329135,-1.4538636227871802,-0.8182572965942132,-1.5147510730115934,-1.593555366985188,-0.9732884302462371,1.1212411907464204,1.8631614450379073,-0.8049696615935098,-1.414397855007042,-1.0062596133750021,-1.9162760285269298,-1.8530106852911128,-0.518872394561861,1.2247252939480158,1.8195527222164838,-0.7611682538804797
Bearing2_2,acc_00538.csv,0.517668948434068,-0.1263960448690471,-0.10217579640648601,0.40482585513419345,-0.08864860814629394,2.073771918214231,-1.3496524353197676,-1.298417844529002,-0.5725102768694275,-1.0779161910553037,-0.42389857753471066,-0.022896097716807007,1.3183152935415494,2.543340333350001,-1.325030535881798,-1.7099360935363919,-0.7750206905867464,-1.1331290059330177,-0.7896663237190561,0.40490885409101435,1.3729468501936446,2.5145933821599975,1.4495720652251325,-0.1740965591797268,0.11721395822634587,0.5626339053754329,0.02205142178012949,1.953364106435385,-0.8780555372365009,-1.406608475365626,-0.7840695325247177,-1.4862191050046092,-1.5754013880297948,-0.9251146955381709,1.3831403110235958,1.684210010883879,-0.9287761996966988,-1.372571465819756,-0.9457611880837444,-1.8691405643068177,-1.8316413813462387,-0.26435910956300973,1.3945684993684484,1.6145624822408902,-0.7611682538804797
Bearing2_2,acc_00539.csv,0.5854582044661837,-0.21685311360363335,-0.06861343806862133,0.11748949420631662,-0.42051868231068457,2.168928379543143,-1.3759517060177004,-1.3354764097035385,-0.636905471573763,-1.0812858492234476,-0.4608169860329182,0.061935269697445186,1.691829875713153,2.4625262002502755,-1.3350998588703655,-1.7791202988715988,-0.8170044907392554,-1.1382798468126958,-0.7986212212281598,0.5484953134203755,1.7479075464274814,2.4513273740891184,1.527610361581956,-0.17410756364850194,0.12651312749291163,0.5419890934222193,0.08897424444656662,1.9545118261539995,-0.8492728044240896,-1.3776679767280238,-0.7918486211192662,-1.5247773363001855,-1.598946102784658,-1.1111613201754458,1.7078472813204761,1.5361127936516252,-0.9159499861045647,-1.345579792516623,-0.9290115113125317,-1.9303314637947286,-1.8597667991723266,-0.41592992129117395,1.4770981879860678,1.626613006040299,-0.7611682538804797
Bearing2_2,acc_00540.csv,0.468451862279122,-0.18693592210071483,-0.06424308375987085,0.1373186961974331,-0.21322714610364593,2.138797689327122,-1.3753385501048578,-1.3212591922685215,-0.6005446481826424,-1.0907766843289812,-0.45122300179606656,0.11199025428670101,1.2361908454765445,2.6407383906928192,-1.368233388116402,-1.7323604922130493,-0.8017472026001456,-1.1123247376177376,-0.863667236455858,0.4725361392394001,1.1182159522323265,2.6668808222211813,1.4799184856737995,-0.1796989519709174,0.043814542029666906,0.3925453054026867,-0.0764853189593188,2.0187109613731247,-0.8801476308901958,-1.3977707997345807,-0.8035668376441287,-1.5102108108526375,-1.6158748436195858,-1.009904593202232,1.0727290200650794,1.9732298680025477,-0.949921334236199,-1.341883851897149,-0.9774138018157367,-1.8917999682190525,-1.8882069271134558,-1.017519195747669,1.3054783878739595,1.931631493004231,-0.7611682538804797
Bearing2_2,acc_00541.csv,0.512204108525001,-0.16492556872289355,-0.27173039166213564,0.13133252201143567,-0.09669871993860153,2.0215631956675617,-1.3470293240772384,-1.2508280581444557,-0.6151674047538183,-1.0712462316453948,-0.4176938116181505,0.11962063062254412,1.5465646392596157,2.4553210348546135,-1.3398941075360917,-1.6449908144911871,-0.8015266109710234,-1.129640865521784,-0.7668849597439991,1.6812637135223976,1.4391024672464288,2.3862219564343334,1.5065108981968738,-0.17423797068127692,0.0448085364536364,0.34231986736725617,0.006029657561262698,1.8994293442228234,-0.7205229327870053,-1.4064088003550825,-0.7858725561040308,-1.504743625263636,-1.5617711889951724,-0.9106723174150203,1.5259515575068727,1.5411526646563216,-0.7979943864325534,-1.3648219903126715,-0.8646527524468369,-1.9194103525420356,-1.8025246332908467,-0.12352471216859244,1.6207177853003425,1.3774918418439488,-0.7611682538804797
Bearing2_2,acc_00542.csv,0.5168723631947914,-0.1764134220567444,-0.0803968825421816,0.30530570929198625,-0.0817903808685276,1.998528048080075,-1.3077359246208375,-1.287294310464085,-0.590162814192017,-1.0744051755988315,-0.4199587108305768,0.048759154185434715,1.4996349295651494,2.2788263060774367,-1.273979543474936,-1.7215076866714356,-0.7059344228494919,-1.1114648233462965,-0.8072698839215839,0.9837499160619961,1.3536117125170237,2.3842998581517842,1.3016679982400974,-0.18302232546097805,0.08945321849099502,0.3786793869266476,-0.07710588296496856,1.8232180053088953,-0.8145213483784265,-1.35442038495118,-0.7780135782862195,-1.4696614333176479,-1.5932472450926507,-1.0021239413448082,1.5151528721522944,1.566517085267295,-0.8710480334443476,-1.3208453842406849,-0.9428533880134424,-1.8855778098408686,-1.829653595696048,-0.3702901599674511,1.4132682725822854,1.611342488519765,-0.7611682538804797
Bearing2_2,acc_00543.csv,0.5711420319916638,-0.22225260918086598,0.020432294919647986,0.05220278199028205,-0.5679818280558093,2.121337410567792,-1.3740648094197003,-1.2437028006995468,-0.6208307822552729,-1.069249274531665,-0.40494856286281883,-0.11766483807509948,1.5208002500485591,2.4086029277662138,-1.3347987971126776,-1.7164707439261109,-0.8248469217796937,-1.1058926071569797,-0.7687362961267781,0.35065106799941553,1.577770445170704,2.486127295924196,1.3435699664533634,-0.18578456339376076,0.154852855592948,0.32044252932728334,-0.10038488578778472,1.8937696337568037,-0.8495771350093226,-1.409058030709627,-0.7861403200345368,-1.4600494655860992,-1.5847834529687947,-0.9515314780888073,1.486550028685176,1.605614046608883,-0.8768878125588746,-1.3444447875983614,-0.9462427751624658,-1.866570955997072,-1.8406429585099096,-0.42408174448810254,1.8279938986377893,1.3939152414832083,-0.7611682538804797
Bearing2_2,acc_00544.csv,0.48715555102383673,-0.1980395302760097,0.0255194016894647,0.05912429589284157,-0.23897266056457722,2.016237102475985,-1.3453259130326987,-1.2775402988333417,-0.5797701796089062,-1.0524717482809567,-0.42638623765416317,0.06525781833251598,1.8243396854207243,2.3394305430054336,-1.335708654614723,-1.6813441488930865,-0.7665008580535311,-1.0817523785324359,-0.8210898574754786,0.6442562720661236,1.739233439043636,2.367166296613504,1.361312364981087,-0.18446306963037837,0.12116485675712647,0.3275295543261478,-0.08217889168381536,1.9006277805421137,-0.82179269929388,-1.3907441884977856,-0.7862703031121343,-1.4965969183587542,-1.6090396585841917,-0.9894230599258479,1.7319334701721691,1.4588450384026648,-0.8996622934239424,-1.3314337159883083,-0.9705377633647598,-1.9044763455536557,-1.858044121904506,-0.3462525148857155,2.055656094817921,1.272310583415101,-0.7611682538804797
Bearing2_2,acc_00545.csv,0.5722120950872519,-0.21499734859001096,-0.06467363247676826,0.1917554677013472,-0.39507590679386023,2.14167146338098,-1.3512594021978246,-1.3075629551870966,-0.6352254110058856,-1.1154008587664344,-0.4555128177293246,0.006707199892900326,1.3863457057674642,2.5847851666852404,-1.3506375635514951,-1.7279905372512927,-0.8450212341215168,-1.1297557291129958,-0.8655766364494583,0.494206058792079,1.2766462545211394,2.619291174217678,1.5032766988117712,-0.18742309422945078,0.1168004427810366,0.49761815429889417,-0.1430452129322702,2.0102909582076065,-0.8820099681599495,-1.4191081216010686,-0.7924354799673009,-1.5219909819681738,-1.619921050898999,-1.1042924131458305,1.3413627959237688,1.8247980997133155,-0.9041137938023109,-1.3807774083907092,-0.9626198126650454,-1.893918269666961,-1.8852532336827195,-0.6101720646420883,1.4179507506693025,1.7360164435252794,-0.7611682538804797
Bearing2_2,acc_00546.csv,0.5796718723306256,-0.1738271738735166,-0.18129515165558233,0.2955781762397403,-0.13253819475681214,2.232168597906492,-1.4030528006208767,-1.3474258158259536,-0.6042821569141398,-1.0893454264169533,-0.488219582818086,0.057821460555455464,1.4083312389356315,2.4390399556032833,-1.3840295723518683,-1.7490668301684988,-0.8205158298706074,-1.1276596990475785,-0.8578481900355176,0.31417326651383054,1.5863054200101756,2.568899381434601,1.4448967788939227,-0.1864902373039692,0.02627891037907672,0.3490987608444308,-0.03589458811236812,1.9931280389732495,-0.8612580361386623,-1.4328155811770529,-0.7929875541294455,-1.50718435243032,-1.57949952858467,-0.6728770375387786,1.3515992046280294,1.6386483820645412,-0.9153569114428332,-1.3625467395777486,-0.96974562007967,-1.8820772618841002,-1.8199843327756302,-0.18680617762591623,1.4548086937685107,1.561745882488806,-0.7611682538804797
Bearing2_2,acc_00547.csv,0.5633604961176247,-0.21830715657569633,-0.0015040102187889998,0.0037521846723654086,-0.45497582562064837,2.0930916522685417,-1.3565243214946603,-1.2899131816098703,-0.6126696062180677,-1.101055974691489,-0.4709073454134407,-0.18162145650766554,1.3043507064562119,2.4956291151214964,-1.356746221367458,-1.6774091308753576,-0.8188236663261708,-1.134075138895397,-0.8899222160487246,0.32728027104162416,1.2776397874097527,2.606035133649096,1.4039497281978937,-0.18227178296629626,0.10538889755806309,0.3698976385584894,-0.06600474125254636,1.9811607012599295,-0.8274913300760954,-1.415129760682937,-0.7912327491702575,-1.5229877791495343,-1.60248411557352,-1.1852532262383288,1.6062314938425455,1.6390416459479185,-0.8864362716083474,-1.3707871621006054,-0.9511838090171385,-1.921201523676734,-1.8618529774741184,-1.0858930443105594,1.53803957971385,1.7981335730264962,-0.7611682538804797
Bearing2_2,acc_00548.csv,0.5208652957878013,-0.20158178827978432,0.19161213332692764,0.17323574131341773,-0.24166564455709424,2.0475673019922667,-1.338731103921532,-1.264733289627309,-0.6200859806076273,-1.0813351568822547,-0.4547880718543984,-0.19880431592302297,1.5762267197912885,2.4227884368841295,-1.3283856473316216,-1.6488293963841645,-0.8575499841639022,-1.1351047720548988,-0.7999039634514467,0.3548259403570779,1.8249014049584593,2.395168945151854,1.4938010600228426,-0.19325816379217595,0.06335393116629014,0.45863951680513976,-0.17655791242774913,1.9395295563853414,-0.8667790308698152,-1.3853604359083505,-0.7972362462799031,-1.479451391075323,-1.6540117541071993,-1.0479101986417465,1.2245110655960882,1.8747942859268105,-0.9423730164000238,-1.364271694116504,-0.9992428964670939,-1.9163524216348657,-1.9190666013874917,-0.9311143640218342,1.3762911861460407,1.8983221442305405,-0.7611682538804797
Bearing2_2,acc_00549.csv,0.38591078446752747,-0.20389040955894078,-0.24178682254426132,0.03985629773166237,-0.5013431028011014,2.0313359500055723,-1.3510651048259297,-1.2127435559506292,-0.5968584590180235,-1.0577481570653229,-0.4100786293388987,0.15789274952942206,1.777848292397648,2.2928073595429246,-1.3088114340531856,-1.6834252048975664,-0.7729977012256901,-1.047438064920499,-0.8500408474229526,0.5809786480080985,1.8340145370671699,2.313577772047565,1.2939667636730618,-0.19028294629717177,0.07750098704395915,0.2481856874910352,-0.13811198317758833,1.894974195014997,-0.7773232796810946,-1.3911009824888503,-0.790617257123691,-1.4839885506974713,-1.5732933387660903,-1.0377151935883973,1.6464461152892782,1.4983510461360687,-0.8856458076867488,-1.3631946151953895,-0.9726979680045361,-1.8920003304427582,-1.8353135069887074,-0.458410138264842,1.4567963994808732,1.6448143340411447,-0.7611682538804797
Bearing2_2,acc_00550.csv,0.483016366531745,-0.17446583119066272,-0.1566872225398799,0.10832316498400797,-0.16591425259704085,2.08587266635681,-1.3507593731600478,-1.3341443530139858,-0.5770229558093622,-1.0618556156789198,-0.4089420054767809,0.01043755473325802,1.6238370236251214,2.307194887249713,-1.3189234784311075,-1.7254973774939113,-0.790177191503529,-1.0481350545254695,-0.8294358100867201,0.4900150132643367,1.8956161503637912,2.338881027766894,1.3636852364893703,-0.1746207553935199,0.024361559642507715,0.3962428836629638,0.022853853019217968,1.96005213955938,-0.8359758653049827,-1.4416166736799003,-0.7911603667705528,-1.488547559031477,-1.6017216602561797,-0.8955088770697895,1.3889188501360217,1.683241855438367,-0.9238903862698369,-1.375391783708219,-0.9978471355342776,-1.8873507899156103,-1.8628742068829351,-0.7138819930230758,1.6959656985771319,1.6154408848784518,-0.7611682538804797
Bearing2_2,acc_00551.csv,0.5048091555491591,-0.1534213923385066,-0.15251629853686763,0.2587257914071936,-0.0870717676544277,2.1389424220169304,-1.379717032796264,-1.2543185186927845,-0.6348549636585559,-1.079536686815697,-0.4488521666746632,0.052146681513235274,1.661630362385636,2.4674600612271544,-1.3685634972661382,-1.6732065900449917,-0.8522696654527159,-1.117097242872412,-0.7811435975577223,0.3659680778344679,1.7759404167368136,2.4573920406637875,1.3877105771032585,-0.1891876828203457,0.0746166575567178,0.4167336298553327,-0.08649996828978365,1.9578679937727332,-0.8628670201015456,-1.4046758077523982,-0.7844126627944817,-1.5048609122084278,-1.633706788802244,-0.9288856870352702,1.2693725587627565,1.7995527974109295,-0.9309966897874092,-1.389587063559146,-0.976778625917578,-1.906447899560609,-1.8909680017608796,-0.6347324007250328,1.4655594263268037,1.7378801153139027,-0.7611682538804797
Bearing2_2,acc_00552.csv,0.3666481441628559,-0.20316957983893574,-0.1498243498822223,0.08868103093620397,-0.34809916856595047,2.0635331025931567,-1.3437776349338855,-1.351689055246356,-0.5840779503810379,-1.0312229539297626,-0.36806030525138655,0.16207980160384247,1.6684485239305302,2.3547538608915946,-1.3414062301211396,-1.7502097461976864,-0.7878659148136631,-1.0330901973618365,-0.7958127379163987,0.5796884531058681,1.806193006598309,2.3883094698010146,1.298449909276526,-0.18484050111446373,0.0481722674712567,0.2925566266143604,-0.042948130851847,1.8787001992449817,-0.6215353313380663,-1.4218057490625784,-0.779671642947416,-1.4582845833367437,-1.569322476352178,-0.8564845624648126,1.3804695647999476,1.584813288464321,-0.8144912348356245,-1.3890100976935378,-0.9739354835959304,-1.7927807188379248,-1.8534207212566054,-0.5842627441978929,1.3240498808730534,1.7190003502056144,-0.7611682538804797
Bearing2_2,acc_00553.csv,0.3968811332107211,-0.20541244981075313,-0.05980472048318545,0.07446386724445997,-0.2691302671739836,2.0584077937535183,-1.3243379225519591,-1.297903743168757,-0.5851124880222466,-1.091449788969998,-0.47570209455760837,0.2723874347600697,1.907274135348719,2.253853507044941,-1.3061410256627073,-1.7424450662005793,-0.8075959834150643,-1.1412081706800408,-0.8167480666513673,1.0229795902942571,1.6883494100971712,2.3800610116541843,1.3894545312059898,-0.17725109422940502,0.042860626147266,0.5663314836357102,-0.06684424212307156,1.9702414416172596,-0.8900269884632414,-1.4244456756588881,-0.7929136289825897,-1.5020731483442937,-1.5798990525144754,-0.9970566093427533,1.9260217131655166,1.3433165377638046,-0.9616903805822115,-1.3820926379605092,-0.9814473160042808,-1.8989001887077968,-1.8508240758468268,-0.10854061803204457,1.9440046456979898,1.2948247753709872,-0.7611682538804797
Bearing2_2,acc_00554.csv,0.45818633773946243,-0.1890038450195067,-0.13963576157382457,0.15883150967836127,-0.1847233930428713,2.1531821721462583,-1.3530873472316283,-1.359798556460578,-0.6127994175421357,-1.07668630388705,-0.4275079175994033,0.15009979597789763,1.2630400230606724,2.6251459569514464,-1.364341976947402,-1.7146056739994393,-0.8237876950647469,-1.1539938758032993,-0.7606738094093685,0.3998509127364849,1.1662604648159434,2.6521331708959233,1.3392166164775547,-0.17030881815388252,0.07315452700202249,0.5093271521231051,0.030073262890813857,1.933039829437952,-0.8763585043085693,-1.4153965680417089,-0.7766212406241393,-1.4693701994593307,-1.5825500862257065,-0.8960371080862658,0.9961894135127792,1.9376137712940884,-0.9201965812153798,-1.3768005308471902,-0.9580370482816175,-1.8495146174550279,-1.8380485649011098,-0.9632892609224589,1.4158658195447682,1.8110188013606023,-0.7611682538804797
Bearing2_2,acc_00555.csv,0.41366809991281916,-0.21757067373926764,0.15215841278759146,0.013479717724611167,-0.5081949515584795,1.970711998147365,-1.319491365415094,-1.2687341454475538,-0.5439929702938681,-1.068332809235388,-0.3765701961725235,0.19569052272420104,1.3818508577031519,2.4321672198008315,-1.2938490839286785,-1.6699980775113243,-0.7661324242124523,-1.121738623603921,-0.7527222930273948,0.2783317761175762,1.2825327904717339,2.489079075677921,1.270712393577076,-0.17747376592666897,0.08054237272812423,0.37914158420918226,-0.018318277223699487,1.8152816664442057,-0.8504004953249535,-1.3821391538366499,-0.7685589035890236,-1.4297873376948225,-1.5348678540642477,-1.0663660850744148,1.4484406946630142,1.622815333689653,-0.9324330669844922,-1.3155060139535844,-0.9765746582627435,-1.7937049409421355,-1.7856283167866032,-0.8753334303527385,1.7849232169842104,1.5283181533897368,-0.7611682538804797
Bearing2_2,acc_00556.csv,0.4101949710366725,-0.20447055049475746,0.03238239133677949,-0.014580473772251879,-0.2604686094355196,2.0934007339496588,-1.3570257726490669,-1.3781596478874008,-0.5382161051640791,-1.0656058285418424,-0.3128007486267396,0.3321565406569136,1.4475913826808877,2.4599510673197993,-1.356345766715173,-1.723570086736636,-0.7692715968059358,-1.1036582513642885,-0.726843400783482,0.5210506148623408,1.443521410717612,2.5078579721838756,1.3736496362829076,-0.18499081355969046,9.558970881058856e-05,0.41334418311674553,-0.029785060146368003,1.9610008047939882,-0.5775398721944724,-1.4229059563031197,-0.7854026587108617,-1.4919917511400067,-1.606361757847096,-1.0144149485342226,1.290089754644337,1.728991094858111,-0.7866892365285406,-1.3835686635401918,-0.9938084375388242,-1.888077937841032,-1.8390192443844158,-1.0165619291386392,1.8313516665552847,1.5845853590501735,-0.7611682538804797
Bearing2_2,acc_00557.csv,0.41063612840739655,-0.17358542842115463,-0.0759270455421172,0.1113162520770067,0.058998001133580655,2.0610012215632074,-1.316168549657164,-1.3116827945740375,-0.6020065617673932,-1.0736377436483526,-0.42640753213903765,0.12592649920538068,1.7072022001348162,2.247033390194319,-1.315831445240354,-1.6690704629951016,-0.8021602072436796,-1.1114995828656862,-0.8007066811840746,0.4481394561357513,1.7105528831524996,2.3861308541913977,1.360588412789894,-0.1784703417276973,0.045586172534203565,0.30580628204702,-0.019943616558839146,1.8610135155738106,-0.6549467621784859,-1.3866811728689015,-0.7857144416707225,-1.4749407347245522,-1.6004106844944421,-0.9739633325206847,1.4012294739410638,1.63564763552686,-0.7871109876639404,-1.3555907646232905,-0.9419119682014637,-1.8717750514585463,-1.8344253473276304,-0.36073212798513665,1.6253680183745165,1.4696127486815544,-0.7611682538804797
Bearing2_2,acc_00558.csv,0.32661660827421196,-0.22195610891906156,0.0486678607835273,-0.027488161860808675,-0.5569687588027965,2.0111368862237615,-1.3212291128939102,-1.2799592494509693,-0.5784545963837756,-1.0561585295252989,-0.3227192647829273,0.32177864763324804,1.8863202818254259,2.2470643734941786,-1.302958604838246,-1.6419436443382271,-0.7952822322561686,-1.0585869859270944,-0.6866921087737876,0.9731178244209481,1.651218992207062,2.3078728289440784,1.3052255603632008,-0.18129634729959015,0.1567703575565742,0.40209738257506905,-0.032789241994809426,1.8822640130229973,-0.8315947291876674,-1.4344830662663615,-0.7604254008599932,-1.4686011614533865,-1.5637922679880463,-0.9467065493055046,1.3237726269735122,1.7050428281813566,-0.8764419100134548,-1.3863004662376208,-0.944902148140551,-1.8422280891495895,-1.840814430001059,-0.45528706597753127,1.4428188132256228,1.6271559867171728,-0.7611682538804797
Bearing2_2,acc_00559.csv,0.3123746822533299,-0.19195796355494177,-0.0732116096888666,-0.08192493336472292,0.007783221082678957,2.0326464581112225,-1.3577144797926106,-1.2630693638419728,-0.5609035371628974,-1.0605973238977349,-0.2582496405103853,0.16783220505706842,1.8060054105739516,2.3179586471719316,-1.3025452008463196,-1.6908935560666845,-0.7725173412482923,-1.0366802288969292,-0.6746096979761379,0.7197319872331532,1.519163926351447,2.375240890239706,1.1745384804825967,-0.18578884324007416,0.03554600574857382,0.24541250379582727,-0.046057098558795306,1.8559778194862708,-0.7737113014140367,-1.4063468253411326,-0.7799706751381067,-1.434125542950019,-1.5573332834069973,-0.8542542283741789,1.5414512233548068,1.4829815760517981,-0.8808020465968874,-1.3922697952302088,-0.9609950072293365,-1.8348752001114659,-1.8268824632260698,0.1715891411611056,1.3797759936513585,1.478227862439128,-0.7611682538804797
Bearing2_2,acc_00560.csv,0.502600016319677,-0.2091526594932572,0.13658276916284676,0.22524062955427038,-0.3741613035668149,2.1272513837105356,-1.3414038197837606,-1.4044187899601304,-0.6181713104751203,-1.0799011779150713,-0.3138343355475747,0.02532744176176829,1.5115401056786748,2.4095384894724683,-1.3386339398529281,-1.7721810569771002,-0.8441401782061418,-1.0479981142665156,-0.7525225968751383,0.29939172324668367,1.5869221010900731,2.5145315465085036,1.2351534756378901,-0.1786496207034744,0.10674499164581504,0.3096579260681419,0.0002736683331066209,1.8233909145746705,-0.8132869151867123,-1.4135204907624095,-0.769250426257285,-1.4517269504775197,-1.5284950739141,-1.0249993730414548,1.5297705236387078,1.5314779729607682,-0.9119219543433108,-1.367052509471443,-0.9664750332592723,-1.8158705767334011,-1.7844245770505243,-0.45646669755129504,1.674789475513893,1.4775488969733355,-0.7611682538804797
Bearing2_2,acc_00561.csv,0.4447104685462937,-0.16661126194829415,-0.0871049927076079,0.2274854448740195,-0.06607430205226766,1.976138280574308,-1.3441062321766772,-1.228656207437884,-0.556761054435984,-1.0552209113448683,-0.38688763230626005,0.016168462071129902,1.2653178393814166,2.4994655794407956,-1.3099278024733791,-1.6620061637604966,-0.7625399756748638,-1.0798799234346996,-0.7928826585146748,0.25765982645949603,1.312689493759253,2.490284561210407,1.3175601057728115,-0.16631219675988654,0.083131810528558,0.5407565673354602,-0.010468068128938973,1.9040212199241808,-0.874185336508014,-1.3984226182749517,-0.7808134280038274,-1.4531266485144259,-1.5810090707084037,-1.0482464247984562,1.3304698405084625,1.7506082951675452,-0.9470930928450901,-1.3471857253558381,-0.9866000889289545,-1.8381631279522754,-1.840370920337336,-0.427462133496683,1.4622867779412916,1.6327496503407652,-0.7611682538804797
Bearing2_2,acc_00562.csv,0.3685393566814914,-0.1926930475154648,-0.1706461897049338,0.04677781163422189,-0.2794802617914007,2.02325443524141,-1.3274644206106465,-1.2591497866993615,-0.5690001180913294,-1.0672806026764818,-0.3906071218234179,0.3415198381178015,0.94678127787443,2.5718858698700235,-1.3208712248305134,-1.5885012855016631,-0.8023156809455562,-1.1036431114811758,-0.7718180559779384,0.229708349547093,1.216390361116419,2.5236559149274522,1.2000214972840886,-0.1743472236807378,0.10186147297790067,0.24125272825301564,0.060148022050552585,1.9134979291781233,-0.8670208510425866,-1.3908318248925513,-0.7817629498493486,-1.4760901333667538,-1.5846481689156318,-0.8416767086905163,1.0294144808622057,1.8958301227009708,-0.9435082090231675,-1.351834855340425,-0.9824905476912533,-1.8735284437094848,-1.8618952651901874,-0.9071876679801746,1.1660147032137236,1.9663771036271052,-0.7611682538804797
Bearing2_2,acc_00563.csv,0.38902632061046655,-0.14598640899083046,-0.08927185684150603,0.21719670799183646,-0.055744123468111945,2.09774392006652,-1.3474296068146925,-1.3068431220207928,-0.5726522943175237,-1.086604814721638,-0.37354166153801227,0.07347247133487401,1.712822679371207,2.3851842126445764,-1.3275611511946483,-1.6999024106652363,-0.7843671935409446,-1.0599178946125396,-0.7819678075116623,0.3597884357797509,1.7577791641566913,2.3844477368047374,1.1497925830065912,-0.18018251372498112,0.1186297394059979,0.30210870378674276,-0.06759384950173838,1.7986773647893268,-0.7207116784667973,-1.395438128860396,-0.7513061763862533,-1.442270995330218,-1.5183361685203556,-0.9299587868155134,1.3357620739612774,1.6116348448849407,-0.8250747577838906,-1.3349348101397904,-0.8451579000936635,-1.8025475538232827,-1.8129114665373052,-0.9997023096843083,1.578115381468863,1.6166227288388946,-0.7611682538804797
Bearing2_2,acc_00564.csv,0.4453480353894742,-0.20271512331885336,0.034236562298242144,0.08886809887951645,-0.3278452091528262,2.0265165151057802,-1.2904810271319531,-1.312860417576161,-0.6013780255851231,-1.042533842347062,-0.3759759061731137,0.20519989765981303,1.5589743070125208,2.363217880727231,-1.2767507609778663,-1.7299453500447788,-0.7956850466311005,-1.0547114639882564,-0.7661937278124692,0.3547268794134037,1.5900985062542552,2.3983588604190085,1.182016992451749,-0.18430390379657016,0.11206309641737214,0.320904726609818,-0.11619191797727815,1.8999841279409992,-0.8615294764854076,-1.4006694221396396,-0.7727234431976476,-1.4504258803165366,-1.5598078089289207,-1.0880767857032425,1.5332934386581119,1.5683956384959965,-0.9302029295091416,-1.3577817543811246,-0.9514032817611875,-1.834083760517317,-1.8192087777585983,-0.6079995238892625,1.7817921111751809,1.475651461487863,-0.7611682538804797
Bearing2_2,acc_00565.csv,0.5116203437347119,-0.19668036003339837,-0.029562165200004438,0.1640694120911091,-0.29935134362793936,2.1658941986945783,-1.3671981025704205,-1.3740312132201657,-0.5979174704754078,-1.0737154203910146,-0.3661757327311047,-0.13567558185334244,1.4367354239323007,2.5774418241359065,-1.356091758950186,-1.7583564834055516,-0.8272856898312326,-1.1145155729306617,-0.7904335302319911,0.2574557667049203,1.340916921991812,2.617397568955817,1.3053287933655036,-0.18322718207667404,0.03510939791098766,0.4299832852879923,-0.13663443904822672,1.8893590023940383,-0.7369179993927598,-1.4177425745515266,-0.778245643224681,-1.4820545421695315,-1.5332719163901993,-0.9933556250086292,1.3703709237631723,1.6625614821033488,-0.8327791153823657,-1.3629967109159566,-0.9849098384719672,-1.852778692224267,-1.7954312562630412,-0.3949541030949897,1.5364146733982766,1.543277216986233,-0.7611682538804797
Bearing2_2,acc_00566.csv,0.4415501122197336,-0.20802283767402402,-0.2358735823653211,0.08381726441008093,-0.3103354534036638,2.076159972966794,-1.359956359827571,-1.2731823546046976,-0.5840561678249967,-1.0731764563554809,-0.41407409076857443,0.28167983293015886,1.390215093780667,2.499348726522327,-1.3445344070127505,-1.6737968510399739,-0.8019622612530766,-1.1296262823208991,-0.7767583451908041,0.5868079350255546,1.392725145733343,2.510113499881158,1.2167995896018409,-0.18347601970026164,0.07435480745891167,0.4195068135505406,-0.02116041173210463,1.9191486871777714,-0.8621217919985938,-1.4035639606789667,-0.7788136022625873,-1.475604065335955,-1.5565190240552251,-0.8531732252872177,1.4305124753303207,1.6069925702471366,-0.9433013667233032,-1.345904445374033,-0.9709195094337816,-1.8502850689051058,-1.8352532022500703,-0.26511397790254765,1.865028261898918,1.3456006629633015,-0.7611682538804797
Bearing2_2,acc_00567.csv,0.45368094893711064,-0.20082722982577264,-0.3464619792012414,0.13600922059424606,-0.5189472468470292,2.0511906831251316,-1.3428306062818203,-1.3094474567614591,-0.5545070228023165,-1.0801238524042098,-0.4245937364711563,-0.03879146118451627,1.3571061843750205,2.5198577919218677,-1.3475306603707644,-1.6562089877580815,-0.7730231042689337,-1.105679347230079,-0.8732063794122338,0.41962901796578306,1.531495043899319,2.4668887490408262,1.124920265722098,-0.18414634444438777,0.08460364747110956,0.2629760005321436,-0.08487198445279075,1.845256328972765,-0.8022672316003633,-1.391880107243421,-0.7688811786269851,-1.4719163703563636,-1.5608013900182205,-1.0268306741899649,1.4244149437931872,1.5729621572499555,-0.8944937364026713,-1.3545855807530234,-0.9770255883918946,-1.826375309512035,-1.8386709744862744,-0.7364440448022596,1.5545180266343004,1.6511804721229788,-0.7611682538804797
Bearing2_2,acc_00568.csv,0.46596973220963916,-0.16376644882650546,-0.014160188294997798,0.1605151211681731,0.0510583617087496,2.1199535082037113,-1.3401773448684466,-1.381522723624083,-0.6073106989586704,-1.0500168435406816,-0.40693804861902766,0.2380482021243674,1.2009654315974454,2.542366139999516,-1.3385280525847412,-1.7765080933646646,-0.7929846868483262,-1.0692257051057248,-0.8103217187944419,0.8740866081692537,1.4057201792247531,2.5114373894120576,1.296859853756394,-0.18215803088803367,0.13049903434740417,0.23370350597161652,-0.01245524316129651,1.9337573775344057,-0.8109829273724156,-1.4030451599210785,-0.7730947496922325,-1.4909135905339916,-1.5811676964379913,-0.9511546322497574,1.0119400319672935,1.928748725841956,-0.8635316906737959,-1.3483869672454303,-0.924708929603239,-1.8822946186662834,-1.8384953746392199,-0.8866351372712756,1.0659980129370885,1.965517267659386,-0.7611682538804797
Bearing2_2,acc_00569.csv,0.41826662140564114,-0.19742958958836798,-0.17595690932640073,0.031064104395978523,-0.4036634382838364,2.0448382390986777,-1.3483894685259252,-1.1979516411739957,-0.5855771475032797,-1.0672230475463684,-0.42777445798417,0.06447863015350977,0.9264317216920853,2.617279465327657,-1.314690644573054,-1.6402116350070264,-0.7978323830188743,-1.0849325824712548,-0.8434964111586587,0.22571235712190305,0.9414187754064821,2.630847185717926,1.202693683995382,-0.1859494964349895,0.06902209693456564,0.22322703423416468,-0.02432611934169642,1.8721333714621695,-0.5693770740551047,-1.4220311498314016,-0.768631337326745,-1.4990819272269875,-1.5541176101148044,-1.1171416972901327,1.0174594483785726,1.905616915327626,-0.7564444699938091,-1.3890336659504485,-0.9417523171628417,-1.8770698143004114,-1.8342138727234625,-0.8363741365861315,0.9416969848004162,2.009490227218516,-0.7611682538804797
Bearing2_2,acc_00570.csv,0.38227383275805815,-0.20339254034767623,-0.14373697114853948,0.06772942128521293,-0.38448149170395446,2.0891651570568226,-1.3420526950559408,-1.2793778270431293,-0.5801527816835613,-1.1080525075126944,-0.3711072272959455,0.18036353331884317,1.2590562893215782,2.5057726241355325,-1.3205507611942549,-1.6678614276173946,-0.807597455173187,-1.1341403589568655,-0.8046692250741655,0.44734419830345584,1.269932734614604,2.5380171412824266,1.1614215126987582,-0.1706649194589519,0.061632026004389516,0.332305592912339,0.001558782471218476,1.93552058191193,-0.8789328597765443,-1.4025059566071274,-0.7765641352914188,-1.4682320070507415,-1.5817656207165662,-0.9331761968433707,1.012101765240236,1.9429135105118565,-0.9521450034630359,-1.3299697866061595,-0.9619090323113584,-1.8746341746670934,-1.8288945916414376,-0.7163674143717762,1.186369795488537,1.873461615714795,-0.7611682538804797
Bearing2_2,acc_00571.csv,0.38472500740639576,-0.20090940053632614,0.028301388392575396,0.028258085246292287,-0.2631871877813733,2.0827346365924186,-1.3537411248806175,-1.348264575835164,-0.5717201797484166,-1.0419879268652827,-0.3885259447004909,0.146259739832704,1.2917675554314045,2.5680655002343027,-1.3399593933444276,-1.7161454844089012,-0.7782871207054918,-1.0732289907835286,-0.7340499994589579,0.685037164317557,1.225010063252167,2.541661019825162,1.1866169865744707,-0.18547250581134953,0.04647465689646176,0.1082939766438852,-0.006689758494723078,1.8864149521351763,-0.6644928844754899,-1.4032106812941647,-0.7844043643203663,-1.481256809186658,-1.5838488989488766,-0.935698769116116,1.0992827196789123,1.8399064529042124,-0.8062549413903657,-1.3256390104571096,-0.9613964805821548,-1.842232037770583,-1.8384761975406345,-0.6035607196848163,1.2180504223880206,1.7745107396973292,-0.7611682538804797
Bearing2_2,acc_00572.csv,0.337488634653874,-0.16326933754405804,-0.09497359724028424,0.1373186961974331,-0.18315704421005646,1.959659245006975,-1.325061236534146,-1.268268692969685,-0.5420630388936635,-1.021024113987713,-0.3759869243015434,0.42176218635013846,1.6325981189895413,2.3261196772955754,-1.2981336836155477,-1.5979013381781237,-0.7333478420380739,-0.9981446670622379,-0.8333442387129348,0.7362863253301083,1.6270581871113308,2.282815310438613,1.0425082131136483,-0.17701394408817692,-0.001968874135010083,0.23924987336203224,0.021873838793416568,1.8676887580550945,-0.8559829329144939,-1.3980530099719912,-0.7683214424859933,-1.4385002756822214,-1.5985650777815303,-0.7824315567695838,1.2111831410068676,1.7318697024480436,-0.9301507653572116,-1.357938099321454,-0.9752418260042933,-1.8534142275329875,-1.8157403926385123,-0.22583785190958358,1.1937410888533344,1.7175658340255222,-0.7611682538804797
Bearing2_2,acc_00573.csv,0.39004189903227465,-0.14673758266351533,-0.12626340656980384,0.26452489764987874,-0.1097096502292979,2.0055191599823052,-1.3390739010519936,-1.267766005164855,-0.5795979238301534,-1.0691479810934492,-0.36225362536351663,0.03376700003719992,1.100691937963079,2.417739417589528,-1.295285153215662,-1.7065850205140765,-0.7686984357757901,-1.0668129539060536,-0.7924545344939924,0.07063271563351692,1.2981182019626163,2.515219434219327,1.100198851477042,-0.18193280337856052,0.11436052468044591,0.3722086249711627,-0.019555433172466715,1.8551118027353772,-0.8419157527317688,-1.378869208074845,-0.7670931597944299,-1.4542982413675947,-1.54811472589874,-0.9808828077866107,1.033454212413954,1.9069279480366454,-0.8937863792952341,-1.346338045852496,-0.9456362532588207,-1.8348815545981991,-1.8223165106425951,-0.5702032986318869,1.2203793619434866,1.7753787394578067,-0.7611682538804797
Bearing2_2,acc_00574.csv,0.3350563780160395,-0.20452805906860422,-0.23835528215240648,0.01815641630742173,-0.36577645974571543,2.0162449041942363,-1.3267600194184026,-1.218021508706234,-0.6131446598462931,-1.0425289531655084,-0.36792399490070304,0.3863514251838772,1.2932079289557303,2.472628825051804,-1.3093333460323087,-1.6380839548266366,-0.7929764654886919,-1.1003647023426941,-0.7369160605096853,0.42671193305275235,1.2867396595588196,2.485929972288163,1.1895903080085497,-0.17560158088820305,0.06978730202834163,0.3540288651914669,-0.02039846160613166,1.9446711129276044,-0.8683162191552287,-1.3938588456383345,-0.7849865250580585,-1.4667336103848239,-1.570777387859645,-0.8630817370847296,0.8426368805995084,2.0374448783825407,-0.9288213191337575,-1.3600418987163627,-0.9881643149783205,-1.8100121525082036,-1.8213052182145062,-0.7603126903362158,1.0854076122224678,1.9325004536358383,-0.7611682538804797
Bearing2_2,acc_00575.csv,0.31881920898790966,-0.2047187449885101,-0.1091998223246663,-0.05311647009461028,-0.2532581006517084,1.9631972702910852,-1.3162147386379905,-1.2227312903704108,-0.5742431773285235,-1.0350623520069577,-0.3423802356881521,0.3894620331048066,1.1862264488234202,2.4725305264083177,-1.3148318420704759,-1.6200396432466755,-0.8084085738456065,-1.0282533454683316,-0.784685979971525,0.8702687197631598,1.1340684044236793,2.4956550110588074,1.166748571287372,-0.1697208980335323,0.10391979263597433,0.6145540667801573,0.03750449720297094,1.845220684638749,-0.3613169873492691,-1.384535251616618,-0.7814780510272754,-1.4918178919676144,-1.565297433858712,-0.925415703095633,1.166626632582022,1.6979788507114484,-0.6743643504975325,-1.3648168153900815,-0.963905458110444,-1.886211857043277,-1.8266601426839186,-0.6808448742088886,1.6774222333404494,1.5210334661986966,-0.7611682538804797
Bearing2_2,acc_00576.csv,0.37946270794584586,-0.1821958861050981,0.02508950888704517,0.07726988639414638,-0.2719822548085536,1.9204085953649876,-1.337398424756385,-1.1355201881946337,-0.5319441175083898,-1.0688029975892785,-0.4287856051119409,0.019567939762976588,1.245017615806513,2.365808704636449,-1.2996947352280672,-1.5507688292849782,-0.733943783436929,-1.0968807317565,-0.8068807939883809,0.5666074543792573,1.2554542523184806,2.410217350489851,1.105591586398745,-0.16784141113394574,0.03890640380601139,0.28670212770225495,0.0438523635722372,1.7918367422362511,-0.8281932916153274,-1.3581364627196852,-0.7449590548657995,-1.4509048553059736,-1.541582509044278,-0.7769475572193069,1.0850650492889231,1.771483756360868,-0.8924165028809515,-1.3137598030885866,-0.9291070190798973,-1.8198210493801945,-1.8064776853875208,-0.37362320149064504,1.4235190000419924,1.5719828400155815,-0.7611682538804797
Bearing2_2,acc_00577.csv,0.35446992452455955,-0.1721331117522305,-0.24505912649800748,0.08381726441008093,-0.11389570875735774,1.971935587402515,-1.2884208435110827,-1.2508083619827557,-0.5815220112801197,-1.0596528862674421,-0.31716330762920397,0.34413254665218157,1.4271796328904967,2.363426705638142,-1.2822413170504083,-1.645391206131397,-0.7874237649644642,-1.0736159138770054,-0.7487804601915733,0.5025908263593866,1.439163902541237,2.398143780366711,1.1293845427077027,-0.1684145986801516,0.13557949622922896,0.3229075815008014,0.02034671708321197,1.7949545918532974,-0.7087861353622301,-1.3859978191404876,-0.7682865149429439,-1.4657955764998245,-1.5311918299981657,-0.6771476012148511,1.258203906731663,1.601195169752132,-0.772653711060558,-1.3294218032022005,-0.8951268637508301,-1.8251708779929607,-1.7772534474788309,0.14393459948452308,1.2033465885088543,1.4938909902608457,-0.7611682538804797
Bearing2_2,acc_00578.csv,0.3452989729956995,-0.13975601485099112,-0.3730744679086193,0.10757489321075837,-0.0014067493438394496,1.9698114369779545,-1.291685711252063,-1.2492850845761352,-0.6004807841449518,-1.0092568895856058,-0.2990158444235719,0.1330284059966093,1.7117785873586309,2.284076168044994,-1.2761470994596331,-1.627626055855431,-0.8106496681048808,-1.0204840708112222,-0.6736248922226296,0.5161055016548999,1.8152008062670293,2.255803096861943,1.0190867550051026,-0.17926923628979718,0.04801338353591501,0.3638890738855392,-0.031739603972200346,1.8029049679064357,-0.8086050206174894,-1.3404228894389432,-0.7636971846625389,-1.4399877433378698,-1.534158405863715,-0.8097673007516394,1.4236896362175546,1.491273944122443,-0.8894209266042795,-1.3003778896317384,-0.9603780208718317,-1.7975932440063396,-1.7723722920716996,-0.8450082398059443,1.683214348644283,1.552522827482854,-0.7611682538804797
Bearing2_2,acc_00579.csv,0.4402969703813948,-0.2082793533911894,-0.1295843167523995,0.03761148241191325,-0.43756779997584516,2.0864423261772,-1.3572992960333632,-1.3119977690652678,-0.5987146439193107,-1.0786146408276218,-0.39494789069107716,0.23898247001637363,1.0910340381839934,2.5650206071263266,-1.3574544698300897,-1.6886543804531378,-0.8153774927526001,-1.1205010670054698,-0.7497139634497365,0.28506465857538693,1.2786771420309857,2.5940818451872993,1.1979188786508776,-0.18108133161707243,0.10192994285347941,0.4068734211612604,-0.00844507498038404,1.7948443024700078,-0.5505087558738664,-1.3867625046679815,-0.7710145893140452,-1.4655893977307277,-1.525998300381533,-0.9778955711850313,1.1883961515959804,1.712748403663974,-0.7616340959708006,-1.3494091134132495,-0.9566000389360102,-1.8442358678503987,-1.792501013427013,-0.7260681194842186,1.468043320628241,1.6433701009440662,-0.7611682538804797
Bearing2_2,acc_00580.csv,0.33750449993184806,-0.16275757123686738,-0.14019599934994226,0.06323979064571485,-0.13489868513534373,2.0325170573410656,-1.3474511888553775,-1.2529697775534887,-0.5764766992388252,-1.0537402432221998,-0.4315476848741491,0.3452952253863308,1.0677871797828078,2.5937638594927073,-1.3203982154861553,-1.6716625009896413,-0.7934095825673945,-1.0658434492718998,-0.7819552959520181,0.26919480287568115,1.3044414150504082,2.5200683402201007,1.0972318834886134,-0.1765691897388187,0.09603498059544109,0.3498690896486553,0.07137933831159708,1.7638431442728544,-0.7566349054396218,-1.3376237502495276,-0.7650606690733756,-1.4490184115314606,-1.5355417935711004,-0.8158129188585649,0.9001738899523614,1.8926264448512826,-0.8752755290966259,-1.3017105161127154,-0.9450854834334546,-1.8508991347286727,-1.7892216439071937,-0.6827436156771849,1.289244634211322,1.7467240922322047,-0.7611682538804797
Bearing2_2,acc_00581.csv,0.3357593769470805,-0.2115384050405276,-0.2053235867033854,-0.0832344089679098,-0.2504846540904569,2.0644397385638156,-1.333183436354336,-1.2902926658244633,-0.5683746304941083,-1.0851998278200778,-0.4012138200322465,0.1386347071690321,1.6440465972345426,2.3193375797137965,-1.3176041026151852,-1.6750279504616,-0.7848534005476868,-1.1159295939702019,-0.7828394972767283,0.8233410388508745,1.717574630814158,2.347828765967152,1.2522409046125003,-0.1685119922724447,0.11316708403600036,0.6476782053618063,-0.0069669609258635945,1.8915125443964775,-0.7369843900741452,-1.3789024914174313,-0.7739181365901603,-1.506201238314824,-1.5534585426962708,-1.0862230678227507,1.2289743044803898,1.8052723353468572,-0.8754243499097623,-1.322185509040979,-0.9847244752627311,-1.8712971992809724,-1.804119089891586,-0.7204952626028194,1.4257941350683552,1.714804354632872,-0.7611682538804797
Bearing2_2,acc_00582.csv,0.3687157582178958,-0.16515731896600314,-0.09717913307322293,0.09859563193176221,-0.036805179432749774,2.098165425559208,-1.349490184765777,-1.3113096748477697,-0.5938690570893117,-1.0580586984367135,-0.4102361836094639,-0.010413955974380648,1.4834234074320294,2.4838564220412818,-1.3273380357169182,-1.678437154266019,-0.8422860883036248,-1.087801543312075,-0.815682413657457,0.4354958931617069,1.535212957415278,2.4778252240845045,1.0848262131281894,-0.18043477454646326,0.05383457276307069,0.1471185483767945,-0.005572467721960116,1.8229972880385596,-0.8107417099639929,-1.4035718956737577,-0.7598599771667036,-1.4293697208323737,-1.5386406810710571,-0.7401768986699228,1.265898205498406,1.6289973056435918,-0.9022931979610117,-1.3347556729362973,-0.9570460710512798,-1.7931828169406752,-1.7998441928940732,-0.7855932872687272,1.545579458666403,1.6331632958755684,-0.7611682538804797
Bearing2_2,acc_00583.csv,0.44825829257736177,-0.2092372466205911,-0.14786326219573534,-0.0029822612868817956,-0.3136388663048417,1.9866020008108594,-1.323052794087805,-1.2929579667305182,-0.58838124816493,-1.0405751774890186,-0.409157407558365,-0.07876905675794656,0.8657098632513601,2.544015816890119,-1.3049512277390685,-1.6965163359168285,-0.7774366241837233,-1.0863915501058365,-0.7962804965482352,0.0743437778191338,0.9435427525666674,2.6419821595924957,1.0324406221860323,-0.19242195057697697,0.08132012481380943,0.1517405212021409,-0.16752654936980474,1.829064056476277,-0.841987023186726,-1.3786959881128031,-0.7659041791924642,-1.4448152722373313,-1.490706843200098,-0.9943111943878911,0.9552366037687415,1.9258159344062598,-0.9148068686254186,-1.3430354320632376,-0.9325738263349485,-1.7643565278234228,-1.7697387107202531,-0.976108952625885,1.351031513991122,1.7757898572509343,-0.7611682538804797
Bearing2_2,acc_00584.csv,0.31574301256897963,-0.18854098285373622,0.013399385025396475,0.014227989497860765,-0.24161571053718636,2.0389843297728505,-1.3178755945732568,-1.2865339677825491,-0.5932248872845203,-1.0270928395045316,-0.32387532358766635,0.01916681882832293,1.4080132416195263,2.457919892624416,-1.2849843124468763,-1.655233768640368,-0.8127979695238572,-1.0791847303495197,-0.6570896062987142,0.4835813898586764,1.3198295306242793,2.448377153391892,1.0960055442365675,-0.1846914412706556,0.07922211453516062,0.24140679401386045,-0.05299747113341187,1.8256473239709095,-0.8130018373006129,-1.3741957782062066,-0.7642511272600563,-1.4170627641667777,-1.5447040286283347,-1.0699172539225148,1.2755462923679448,1.727299467871234,-0.8710232552815584,-1.3270007148340648,-0.952416154079692,-1.798332957212028,-1.7960445792247715,-0.7783019976210137,1.3863612173023805,1.7114211183978045,-0.7611682538804797
Bearing2_2,acc_00585.csv,0.36601765774728545,-0.20934498948075048,-0.10988957701030494,-0.025804550370996996,-0.36288982587592855,2.0741871662041564,-1.3411152658338938,-1.294759503974573,-0.6004893397061764,-1.0754110841013762,-0.46577774767034247,0.21075860807283742,1.1572949140715685,2.604572571461862,-1.3291739572079304,-1.675686608545848,-0.8227337183662236,-1.1339437874787823,-0.8212995966302981,0.3929328528399438,1.1664221406208743,2.5982333941014586,1.019217507682659,-0.1629709165971262,0.02926026191002969,0.3426279988889459,0.04178043819477064,1.8068284341827296,-0.7923024028365534,-1.3566709203711196,-0.7556561216814086,-1.4619351551864044,-1.5697021431936224,-0.8503911000296722,1.3019060839736745,1.6560899907734066,-0.8296681293686217,-1.267327531506189,-0.9387702961762223,-1.8396775785369217,-1.847638697236717,-0.11928125421454724,1.3198748809564698,1.5541091481608316,-0.7611682538804797
Bearing2_2,acc_00586.csv,0.4015439293677904,-0.16516485696737582,-0.144612743349106,0.1704297221637315,-0.10985645959185539,2.0729707519974454,-1.3489744528719643,-1.3623282288047105,-0.5957770794764301,-1.0538827953296532,-0.4305746380220665,0.2516706517240721,0.9848845153116725,2.6826551473709688,-1.3314233835798297,-1.753322752556894,-0.8162027776517372,-1.1074561589619039,-0.7646854862640972,0.38067815340896044,0.9097717935728653,2.703907650776647,0.956583562035589,-0.17948947583985836,0.12055337113113054,0.2657491842273514,-0.018675692507516592,1.8425120828994632,-0.8670841094644526,-1.377798123861936,-0.7628517010645672,-1.432779729166202,-1.512146193498236,-0.8051244807865973,1.4553757828604905,1.5196135745392205,-0.9297268036498114,-1.329161248404675,-0.9380887308195694,-1.7879007560166913,-1.7459169107454913,-0.4704575487938281,1.3738549904351571,1.6139436885537692,-0.7611682538804797
Bearing2_2,acc_00587.csv,0.4186201279959569,-0.18807158737235907,-0.2601216161307678,0.22561476544089534,-0.2412725808817074,2.0601616656086943,-1.3545196130315345,-1.2896443095045937,-0.5871836034098731,-1.0651099405911388,-0.45378878534931905,0.07217290016539318,0.6898391564997808,2.677022546793364,-1.3450730674084117,-1.6429923028325801,-0.8010850586780295,-1.0982918797574985,-0.8338535789723099,-0.23201830201003468,0.7924413173424922,2.7535397333753693,0.9745602660369472,-0.17795571044298195,0.10300652789836336,0.2549645809682098,-0.04295902505640383,1.8014548795392815,-0.21211493377195037,-1.3813948170800703,-0.7471660297924352,-1.4495468577740405,-1.5733119151089927,-0.8760755241501003,0.8771222330742022,1.8181675170083085,-0.54893461458729,-1.3204393462823194,-0.9238171399866956,-1.8180230206794596,-1.840460639137668,-0.760946208041986,0.984218076161882,1.8646985599512453,-0.7611682538804797
Bearing2_2,acc_00588.csv,0.4773836183352033,-0.19922758061488297,0.06577916890001452,0.15060052017261502,-0.3265038933401288,2.199974243534947,-1.377365786922749,-1.3873556498465325,-0.6284603277648765,-1.0939979395004766,-0.48601739917533143,0.03814281758447405,0.8292753006863218,2.5499893017633273,-1.3567219833754005,-1.8022259274824695,-0.8459475628172081,-1.1390049940131148,-0.8266747879747742,0.06823448018374718,0.8412515558536429,2.8308022262832386,1.1506176663862056,-0.17535469526081612,0.04130885340079725,0.2129046282575579,0.04011123307607198,1.8289238267979215,-0.579350088304877,-1.4211692674649727,-0.7591058687038554,-1.4466744840235504,-1.5522365507534501,-1.027087749149522,1.0469340808307752,1.8482498282861926,-0.7810367481371969,-1.3536326168261448,-0.9681578576152187,-1.8263007620332707,-1.7905781093199646,-0.7642818463763118,1.4344520772428264,1.6783135450490274,-0.7611682538804797
Bearing2_2,acc_00589.csv,0.36898170306897965,-0.201267731913662,-0.08357738970946914,0.014040921554548448,-0.3332875593590192,2.000655899447417,-1.3384334580409274,-1.2289811043284407,-0.5854787625305999,-1.0768530798737883,-0.3888511384294398,0.1581434603586392,1.105252080150011,2.558070547998717,-1.3168098151660503,-1.6511881505337846,-0.777647044311602,-1.1049627734664729,-0.8116446819081586,0.24270060353970382,1.0886718510000861,2.579916259461608,1.0110071045684756,-0.18212443832601297,0.09340220527154157,0.09858783371065773,-0.032119041817282,1.8213754557609898,-0.5719983914894023,-1.3883677461108916,-0.7610142573676644,-1.4727814727339787,-1.543100286242444,-0.9028928950657894,0.9577210393948301,1.8673337669547314,-0.7716631008956559,-1.3419913405360693,-0.945318754508002,-1.8340633934204127,-1.8446367313794418,-0.7866371827678961,1.4774364856002142,1.666772415424592,-0.7611682538804797
Bearing2_2,acc_00590.csv,0.2841289637108784,-0.23338903950707854,-0.04121030341210654,-0.08903351521059492,-0.5679741447413765,1.9779460414463683,-1.3126396453380338,-1.3096049369372826,-0.5491330707454443,-1.011483618183334,-0.29429570304628677,0.27458612817328776,1.1429212497990098,2.2480617351619263,-1.2961866005215796,-1.6587664358332468,-0.7275201123122899,-0.974345342022612,-0.6727987392078543,0.39474939438415313,1.3494373720234136,2.3980078813121364,1.0626023934093374,-0.18427062466792135,0.09722314774723372,0.31212297824165997,-0.10068476191471527,1.867540709281021,-0.7011735094846935,-1.3935751449561389,-0.7672810792068777,-1.4681943115455698,-1.5434914597182765,-0.9470533816544875,0.9374803200531564,1.9316988870737464,-0.847173054930541,-1.3436958206042662,-0.9601273341408122,-1.8166125424638087,-1.8149999233012841,-0.6514002236235438,1.1170260952179083,1.8440965643306457,-0.7611682538804797
Bearing2_2,acc_00591.csv,0.2616708973464454,-0.20300762227082916,-0.2386327620745455,-0.014580473772251879,-0.2674124806701688,2.0099315738496175,-1.3506252997972241,-1.2486765994195717,-0.5796144966314257,-1.0295419921490814,-0.2068594541754793,0.48402931040102987,1.1646715191379402,2.510992063290178,-1.3419479532457066,-1.6461294206747554,-0.7977401186300991,-0.9953083289752832,-0.6375482215491781,0.6335226230194225,1.1992537714205385,2.5072698136396503,1.0524351877136169,-0.18404493632562935,0.08198531859348697,0.22415142879923397,-0.08810554976780002,1.8124689117477368,-0.6877358297457576,-1.3886996327559729,-0.7657935809295879,-1.4553106047642792,-1.5515608856076955,-0.9216028595598561,1.1636150688556695,1.7550927886629397,-0.8483589158295105,-1.3264237584505094,-0.9446671291826234,-1.820860629358297,-1.800102815826029,-0.7159122523174252,1.4799391780304891,1.6387934306341418,-0.7611682538804797
Bearing2_2,acc_00592.csv,0.3030319101778267,-0.20859457806353546,0.1261437469987435,-0.0336614039901186,-0.42474633852604887,1.8761066621556042,-1.2885626690847294,-1.1763215662154987,-0.5460855388611635,-1.04081870436879,-0.34571456047753796,0.2441110599932362,1.4581907438305628,2.2980384063822745,-1.272189170188704,-1.595382075045349,-0.7664504038430547,-0.9760447386031225,-0.7575074777322387,0.44401404256970933,1.3438202236530172,2.370125300886437,1.0204446903187887,-0.1871063408392373,0.07350274181778667,0.17978048967590896,-0.10014810736504802,1.8126292611614745,-0.8121567472419765,-1.3682826426367034,-0.7690495560415482,-1.4439240878151351,-1.5599261967103495,-0.8737407614112866,1.213990061593473,1.7302568067958777,-0.8649684228621222,-1.2950840186683965,-0.9618668806951506,-1.8199542167824287,-1.8189978834406575,-0.8341205707121873,1.744676058290732,1.531583490574218,-0.7611682538804797
Bearing2_2,acc_00593.csv,0.2556651494644614,-0.2270500123195981,-0.04047057750702972,-0.12532469621320436,-0.4854815495323519,1.8755283382326693,-1.2629123555782737,-1.1710882094691861,-0.5648537283873849,-1.0350266522278728,-0.32033407065709496,0.39374034185021456,1.4883636863279224,2.2554491225406115,-1.2473872488590876,-1.5114352022395894,-0.7399022921185927,-1.0262100316467693,-0.723674562148467,0.9015475935121519,1.471128444649245,2.2177239963247604,1.0008942551291808,-0.17534307513296873,0.11215646464996111,0.29702453367886184,-0.02367985460529406,1.7452288241868863,-0.7481256117538784,-1.3620781628932515,-0.7516974028982972,-1.4227062988751773,-1.5099628230361934,-0.9704864161993595,1.3198643243662507,1.612547643102209,-0.8587927373467169,-1.30185101113523,-0.959253406850677,-1.7604547682732945,-1.7859279289170558,-0.706292849431638,1.5734910987055553,1.5579993448278715,-0.7611682538804797
Bearing2_2,acc_00594.csv,0.31035158503217486,-0.18868670672786048,-0.19892276249117458,0.06174324709921549,-0.3640273548555447,2.017164076078295,-1.3084427258760445,-1.303363691755071,-0.5950051666318884,-1.0652216464879178,-0.39874309754345943,0.27788025036925973,1.1942680322001162,2.419631892870007,-1.2891188152891617,-1.7202302976459858,-0.7830483371902845,-1.074598487133323,-0.8267172854952286,0.4491386740299767,1.2042960490080556,2.526541961208372,1.006480399697127,-0.18497829394952223,0.04007444592706178,0.11722979077288814,-0.02962809726582941,1.895736953441526,-0.8655150975071956,-1.3969327070251434,-0.7838542964622072,-1.4327915584897402,-1.5419308247379233,-0.9698369738764892,1.1768761760731,1.7695934664215422,-0.9310548658190339,-1.3437805630813793,-0.9777019268034581,-1.8386632065448343,-1.80144002819762,-0.7253394003133113,1.1917439443580904,1.8554581048614116,-0.7611682538804797
Bearing2_2,acc_00595.csv,0.22198261149081874,-0.2007447969458027,0.11941274660779741,-0.11054632869152325,-0.3045407566184547,1.9511592123431842,-1.3142675599191853,-1.2265222122965669,-0.5158905136980823,-1.041618870936029,-0.38905463072328417,0.4401119936455289,1.2326251192268434,2.3571118291564868,-1.2918928437280246,-1.5836594620388607,-0.7304080839701715,-1.1043062742524707,-0.7227221627467809,0.6143093041938505,1.1545497043914796,2.434466591799881,0.9889446272639064,-0.17327386421439347,0.11253065044952981,0.2335494402107716,0.05595639390756332,1.7992938650717456,-0.7070706218320794,-1.383109421021494,-0.7464337241425548,-1.4360715542204148,-1.558993327315201,-0.8236541642109408,1.293521456085719,1.6129347717387819,-0.8363880285160386,-1.3281104853650825,-0.9231149598100808,-1.8357125316613698,-1.8024452956939516,-0.44569392180856165,1.373881845885229,1.613120046657995,-0.7611682538804797
Bearing2_2,acc_00596.csv,0.36545954299445527,-0.2074618357724847,0.023693706031290746,-0.04675616002198804,-0.1714660354554394,2.1086150158616,-1.3495190740109524,-1.3259867184931775,-0.6063328519645392,-1.0655651899946137,-0.3890512833762231,0.045360780383577735,1.039332406214229,2.6319730835045463,-1.3304064283459425,-1.7751581412709638,-0.812802000165768,-1.0617695217332241,-0.8505957996180189,0.5272442156668604,1.061058899002685,2.652791040736825,1.1531757621730647,-0.1867201175491139,0.10441962895741955,0.3125851755241946,-0.04769656043308708,1.853497010790612,-0.6812703807568893,-1.4078194808142377,-0.7651349268045813,-1.4687566903238314,-1.5809049735209852,-0.9313303195787637,1.0791435215824887,1.8386957976289182,-0.806105169864013,-1.346691963013695,-0.932339014901685,-1.8412679400434184,-1.85602221911255,-0.4986286136581166,1.3698470341634674,1.653663653549782,-0.7611682538804797
Bearing2_2,acc_00597.csv,0.33408845537856335,-0.1506217286060543,-0.004464852790436281,0.03929509390172509,0.1588796025707584,2.0347531881749745,-1.3050994313259083,-1.2322343170875358,-0.5889059790576533,-1.082731753212309,-0.4092084234909772,0.13322046996429177,1.131302347041316,2.4875455211050816,-1.3021080625994113,-1.6378397090476693,-0.8136509443908628,-1.1308254367962538,-0.7661547007660136,0.02122052396964978,1.4959732577427096,2.4646153877570973,1.0815824719194325,-0.17159351967265365,0.04217312837288122,0.40286771137929356,0.021276312212165523,1.8847192885387691,-0.7143779364192036,-1.3625132682947636,-0.7665994187128972,-1.4871560281994032,-1.5415431383674436,-1.0259294725344834,1.0096858702444607,1.908992986987672,-0.8362068309960751,-1.346304693505782,-0.9661566224300211,-1.8697344393545277,-1.8093014816704474,-0.6507536976758469,1.192536384384438,1.8178440490144783,-0.7611682538804797
Bearing2_2,acc_00598.csv,0.4179385853128459,-0.17690101556325466,-0.06432975792866176,0.11692829037637933,-0.2783097740378402,2.0228844547682425,-1.341543937130173,-1.3095420970389189,-0.5942754287601625,-1.0785631048807487,-0.4297969128305153,-0.03407479863912787,0.9520065684938327,2.6259278453469586,-1.3149957500045768,-1.7336228021006475,-0.8134229184563414,-1.1270125200645766,-0.8065713376176591,0.3665227618555508,0.9533886464625607,2.671110979697119,0.9752089132246607,-0.18701330963618196,0.056532013639727985,0.138798997291171,-0.08948609820951343,1.7647602292503934,-0.6736846794450893,-1.390364279349422,-0.7403625777194552,-1.4248788322934254,-1.5631760532830308,-0.7568200250448293,1.1475124574842646,1.6787957130592654,-0.7927908809479006,-1.3466920748455702,-0.8903315719628728,-1.786527891905611,-1.800401688133169,-0.4199208824202507,1.4268658380764347,1.5352854487816203,-0.7611682538804797
Bearing2_2,acc_00599.csv,0.32856225126015365,-0.18017225974182705,-0.17468568613461813,0.009177155028425569,-0.24873429057287727,1.982872888033756,-1.3281909155859009,-1.1858547789447882,-0.5573667706393484,-1.0869711694575535,-0.38148744871114765,-0.12147469010289572,1.2824786341316579,2.438799734188056,-1.3077156470564384,-1.5794958966660952,-0.7530586051913967,-1.0808083165939095,-0.8363483029036894,0.3622380080444039,1.4835769653893078,2.3872576508744205,0.9815532937013618,-0.18331782285837392,0.08458993873478708,0.2728362092262158,-0.11876396808299278,1.772490682130685,-0.7124720183725142,-1.3516264837053056,-0.7641217701621931,-1.430130481653306,-1.519762691528216,-0.8839489223619356,1.2058843594289494,1.6830690020003203,-0.8474954082735408,-1.2994426697795116,-0.9539120258624962,-1.8001666661363607,-1.7908284241314418,-0.8272666624969098,1.3985512834639122,1.7054181270262667,-0.7611682538804797
Bearing2_2,acc_00600.csv,0.3267377213219231,-0.20890609100514781,-0.06302715610198224,0.02152363928704525,-0.4098313161787457,2.0096486409030585,-1.3080251384618886,-1.3001303927615055,-0.5968250072868864,-1.0504499200638928,-0.29551198794638234,-0.08683466534213072,1.0087284593003492,2.5705709619132056,-1.293966789647158,-1.697871302833548,-0.8102867357612765,-1.0628856113159522,-0.7485952293529694,0.016785851963365517,1.016001882623136,2.6189392543996988,0.975323858532693,-0.1878079971564908,0.03917779955155961,0.15081612663707175,-0.10683848953636202,1.7886691483809178,-0.8530371105933255,-1.3360883345753256,-0.7525089035934643,-1.424483543732261,-1.5040572184341325,-0.942087805223742,1.2626077494072816,1.6801808967719587,-0.8738304215393492,-1.3105722901784724,-0.88601664685776,-1.787646399976627,-1.7765568146130144,-0.6898290607536709,1.3447044527642689,1.66495960092316,-0.7611682538804797
Bearing2_2,acc_00601.csv,0.3757241342594078,-0.2267191686204423,-0.1384413738588543,0.018530552194046528,-0.6009423338278984,2.017715824860257,-1.3213002150215076,-1.3171787129969827,-0.5877236474092578,-1.0340997895141226,-0.39065314280384245,0.012283215591884082,1.1043291225733425,2.5879941056401026,-1.2986602804196274,-1.7299540542411789,-0.8180931848963179,-1.053813165900734,-0.7595095527140459,0.2944006270418878,1.050332254781925,2.6091771354255613,1.04950032418303,-0.1736269996000251,0.12847829430635951,0.21182616793164366,0.08872497120152407,1.855371315238107,-0.8517588487233746,-1.3622326867743282,-0.7664946483894531,-1.422670918403719,-1.5508546303201518,-0.9462473841236783,0.7554177964164591,2.079474362404147,-0.926760051176101,-1.333126004754957,-0.9685725771771649,-1.8020215181307593,-1.8059219135332625,-0.8650281327691492,1.3348159393970165,1.7951124185827287,-0.7611682538804797
Bearing2_2,acc_00602.csv,0.3659132070938464,-0.1596490434857086,-0.03522323381301211,0.17809950783954062,-0.042934680378207864,2.0092513315533305,-1.3347615782916444,-1.1917724795031666,-0.607858653259869,-1.0669561567027028,-0.43587756009213474,0.10384355183423001,1.0212590093424325,2.1575888078448884,-1.2238375542952828,-1.631514286993047,-0.7931367748040852,-1.0995635870708755,-0.7569808614778478,0.16368660269819887,1.2862210237541702,2.4116642097791527,1.0408014090400073,-0.16892858216831658,0.09367058526166812,0.36774071790666124,0.0883371982457797,1.8293074847386508,-0.7798147702630611,-1.373304669627862,-0.7662137886132039,-1.4245647642668782,-1.573439701394126,-0.9516220758193339,1.102015841734393,1.8232670361689636,-0.878757054816367,-1.3456119771837232,-0.9251819682206864,-1.841431339751665,-1.7713812618834923,-0.11046377395995331,1.060413153139069,1.7011170400134028,-0.7611682538804797
Bearing2_2,acc_00603.csv,0.3401221839053997,-0.1763246604792893,0.08853619051800313,0.06492340213552669,-0.15185300714932218,2.066263026747603,-1.3446105376698396,-1.358340356154461,-0.5916137229710988,-1.0320668556170183,-0.3175793389596756,0.20762208909863056,1.2923731166732277,2.519555285670618,-1.3419588460753427,-1.7330128412033265,-0.7983221265701063,-1.0522482264282402,-0.7541314488122293,0.43789462691684106,1.2365286691447621,2.576965625142482,1.0364876687113596,-0.18794099740269812,0.0325008600410818,0.12786032827118465,-0.08989345414880745,1.8229866837751627,-0.7940884470847349,-1.3754616142047722,-0.7629608128965918,-1.4012251475492525,-1.5427721982254035,-0.6687817775319934,0.8704829388827285,1.856263996950952,-0.8946021954609961,-1.3054439760712782,-0.9343622077836642,-1.7806064725894934,-1.7880151957154116,-0.5917290488449651,1.0897939832083703,1.8101926725611484,-0.7611682538804797
Bearing2_2,acc_00604.csv,0.22636644235491052,-0.14991853747834435,0.2471283286301024,-0.02094078384487412,-0.014509791642396913,1.8827941145337355,-1.3022495756122197,-1.1805368950895159,-0.5042101870408584,-1.0473354544656461,-0.32820934126772977,0.263665253588279,1.2341176719489781,2.363399575742078,-1.2628373786822789,-1.5782980042578594,-0.7081903430888487,-1.0633038117887954,-0.733570814150338,0.3473913323294279,1.3528114748417388,2.340567309231382,0.8593835016775779,-0.17005929120671245,0.08542357668255271,0.22322703423416468,0.04900032067535878,1.7011621589617623,-0.46251950581876383,-1.279040128682884,-0.7322449656518744,-1.4383957115574522,-1.4929951193443305,-0.8901594572103291,0.7472494611336408,1.9027021830643147,-0.7082661335465282,-1.266102287107005,-0.9032366142669934,-1.7990078947102688,-1.7385418921213343,-0.942133610137006,1.0010585555503246,1.8834311134424817,-0.7611682538804797
Bearing2_2,acc_00605.csv,0.2995002717943165,-0.14614536900396372,-0.019932469516003765,0.1414341909503062,0.10664086178966124,1.97919309130018,-1.321267084287354,-1.2649243541681259,-0.5782564293414738,-1.0536445581134821,-0.3563034426399238,0.16918875058823507,1.457705298688311,2.4135739998117973,-1.297869247335435,-1.685930084790167,-0.796778867054429,-0.9866013750267518,-0.803418966470316,0.49413962500122866,1.4260845888116256,2.4338725066086533,0.9845020458763892,-0.18567894967251844,0.10081401136948002,0.25758369890257277,-0.10611499326859813,1.7409481327978586,-0.8289171206906542,-1.3442555635874525,-0.7430665906256484,-1.432810010921234,-1.5646426717304645,-0.8205799447564164,1.3264829511209721,1.6024029804654978,-0.8903103365261182,-1.292371741186784,-0.9285951107194501,-1.8196504068690909,-1.8159541137510584,-0.2261353682388343,1.3099875113048691,1.5905834630225635,-0.7611682538804797
Bearing2_2,acc_00606.csv,0.3060391331982677,-0.1998104162662644,0.0068253349662570914,0.05463466525334349,-0.34147500387079255,2.0133745112634878,-1.3393845301261231,-1.2567138159752915,-0.5496807697915551,-1.0761686100252141,-0.3630512071894282,0.1545679857460362,1.1983698385750923,2.52541362868081,-1.315406175306856,-1.654904963489119,-0.7718363386359337,-1.0771017704643546,-0.7691924239422848,0.5384499019014722,1.2828866839763517,2.4810695685196844,0.9669022130162367,-0.17588981470425688,0.10439610827037887,0.13309856413991064,0.020836912200969688,1.764471659501477,-0.814412397714721,-1.359226997594883,-0.7422347893261463,-1.4350700522861193,-1.54818963996952,-0.9637703957213385,1.2070427503984307,1.7425106841589828,-0.9052751792008374,-1.3078429580884021,-0.9411283909547755,-1.8210095599521026,-1.7989964046961198,-0.6308588454646166,1.4674312057309902,1.628477011754284,-0.7611682538804797
Bearing2_2,acc_00607.csv,0.390094404276375,-0.18261821413875906,-0.022648616666468974,0.10944557264388254,-0.22163493049287303,1.9691517479152487,-1.305029757467634,-1.2050743939202917,-0.5412602296203874,-1.0515021524099324,-0.4657197211068223,0.034425628172279295,0.9707400168835236,2.4986441775489308,-1.302848950906589,-1.5508671943771848,-0.7825834338783527,-1.116628379615805,-0.7804698199266552,0.11571384629337178,1.1554696941507558,2.5079936585393026,1.0492453551980885,-0.18534517883628424,0.061480133970289653,0.2075123266279871,-0.13413818881550285,1.7240662623842233,-0.8027225253337146,-1.3036004524173364,-0.7490605305736803,-1.42562338758227,-1.5502624096720607,-0.830669449238058,1.2753079491668264,1.61772776524656,-0.8924187829595057,-1.2500626389648488,-0.915349105801244,-1.8353856957503127,-1.8109430019462482,-0.4229886956612329,1.0636844462424733,1.7794839591309766,-0.7611682538804797
Bearing2_2,acc_00608.csv,0.2440420857770457,-0.22747763887448127,0.15263621717847903,-0.010464979019378597,-0.47873223980832014,1.8324057169703525,-1.2612568606869126,-1.1910644218621897,-0.48019183637695656,-1.0327224761098592,-0.27825016621823057,0.19204959568233018,1.1412974537385625,2.120415256016567,-1.2513884485350841,-1.518678801274178,-0.6996443142284282,-1.0452015646206214,-0.6301822743336062,0.5128785987932494,1.2366855658298987,2.3031553099659594,0.9948217263061983,-0.18310708972635673,0.14954038866317468,0.21367495706178227,-0.010844634671721571,1.6634877130255508,-0.7055032278413335,-1.299699516713077,-0.7384022203393938,-1.407700755832889,-1.512155640355449,-0.8150226748552937,1.2045731217356905,1.5944732774471322,-0.8237700312792647,-1.2689521364337601,-0.9094219131141201,-1.7719514390752407,-1.7649480733688372,-0.8192315273335047,1.8014448952556175,1.416938344421755,-0.7611682538804797
Bearing2_2,acc_00609.csv,0.3398745424929457,-0.12389052025578652,-0.3256425710414056,0.1642564800344216,0.049694976319270855,1.9382941113344385,-1.3291205012523402,-1.1783686563832674,-0.518464696455683,-1.0494977037706474,-0.4606603942496639,0.1743547104952564,1.2879206024801482,2.338919818592236,-1.2898486373538578,-1.5966022883786333,-0.7163267873346454,-1.0808937464468455,-0.8400573959396489,0.6159375762481623,1.460848664034693,2.3433043385228296,0.9919249346349085,-0.16933316195600162,0.16466160380868602,0.2323169141240127,0.0375763115356329,1.7743795749018323,-0.8535432483876806,-1.3373665487155924,-0.7392594573686165,-1.4398870820337926,-1.548268274770495,-0.9280775831257285,1.4408893801935658,1.5586606251205526,-0.9263893104484383,-1.3044618996257824,-0.922726196893116,-1.8166441661984578,-1.8045832641911128,-0.6478244042807776,1.6784926909969864,1.5083123690911406,-0.7611682538804797
Bearing2_2,acc_00610.csv,0.2951091184612932,-0.17638288711864056,-0.12378136637229702,0.008803019141800605,-0.2032333014097703,1.9200329850279994,-1.2881033427090056,-1.0807806388168248,-0.5751596954669882,-1.0439628335725706,-0.442969625590604,0.19064655083974916,1.2784334171048852,2.3532109303764908,-1.2585028361132327,-1.5317330108222682,-0.7785969496788737,-1.071053552552093,-0.7846769954516675,0.5971791367043949,1.4796359527424034,2.297543827104399,1.0599598438334166,-0.16665969733302283,0.10889042988613612,0.44307887495980686,0.04232787345525419,1.7650733034165609,-0.772454054057189,-1.3501542006572966,-0.7553946353192903,-1.4299349491016415,-1.5271409370955407,-0.7607752783622249,1.0471101879723337,1.7256235817765941,-0.8608981358688195,-1.3171653444603353,-0.9448239095304279,-1.7806723601537207,-1.7626827284115063,-0.7730360358479818,1.5241621879737257,1.603366428068708,-0.7611682538804797
Bearing2_2,acc_00611.csv,0.4198690635487289,-0.18677028796027237,-0.09980280812293991,0.07614747873427181,-0.20885205020267042,2.0900055514583857,-1.3302553742556724,-1.3594292595110025,-0.6065259195758408,-1.0762510332796795,-0.44255078413039184,-0.08044692889394246,1.0827062275205814,2.4463787588062234,-1.332010584301653,-1.7539306355422695,-0.8080173584665575,-1.0674791450296142,-0.8290302143841278,0.1964032242123633,1.2806802691917838,2.598197184024873,1.0757207747516033,-0.17570115692092592,0.12191343211994603,0.24125272825301564,-0.01817766511923206,1.8670062357322237,-0.8472924358697117,-1.3871759832385993,-0.7645338988334729,-1.4410394798563042,-1.5679224800589369,-0.9928055688783396,1.126781709534121,1.8488037926173986,-0.9287008546801714,-1.3504749016513762,-0.9545104568962026,-1.8653579996281866,-1.8103867712165913,-0.8574425349132835,1.4995677901976534,1.7205951664092514,-0.7611682538804797
Bearing2_2,acc_00612.csv,0.32397684499930907,-0.2119655985274372,0.1634655120534198,0.008803019141800605,-0.4189709140636364,1.8918050083364841,-1.3197793999691907,-1.0969090405035855,-0.567534678337006,-1.036083632041091,-0.37244415738202385,-0.027851699482598316,0.9635488024561014,2.501084584093711,-1.2872824169443435,-1.4653299188803393,-0.7961227282375204,-1.0369457732371803,-0.7896960818412609,0.02998832906391461,1.0251083339016716,2.491951331710476,0.9593994218806646,-0.16839903103090517,0.12292421910708394,0.22399736303838919,0.0911039071160191,1.7046012554602468,-0.7761412553329389,-1.3433040595017554,-0.7518582597751915,-1.4113956070322986,-1.5239494454418674,-1.151266500651264,1.3028508723861683,1.7087971116996912,-0.8490502420656577,-1.3030679533964002,-0.9352487313055983,-1.792060872733866,-1.7617995096155359,-0.7395105941979624,1.5494516203521274,1.5715669268902817,-0.7611682538804797
Bearing2_2,acc_00613.csv,0.3212761430858741,-0.1914080640090971,0.02869570058141128,-0.0014857177403824352,-0.13792866194047035,1.9807139173437305,-1.3453825422241947,-1.2303771377377979,-0.574692094480559,-1.0559381308734548,-0.41498703747073956,0.018113094251291473,1.0924797386529932,2.1919310423130938,-1.2987135887065346,-1.6393541930994502,-0.7687599166542831,-1.0488372507614883,-0.8412202649028001,0.038406983858470835,1.0054704463637565,2.585430637089367,0.9025048507125208,-0.17688430546185113,0.09435929127812226,0.119848908707251,0.07731753159639351,1.7756885916537963,-0.8296632260126958,-1.3269883959105098,-0.7626214147006548,-1.4273166445529077,-1.4988643549059188,-0.8254385023620535,1.0298197337712767,1.7672296069777549,-0.9051648803049728,-1.2961583445647817,-0.939861171327166,-1.8000596230915717,-1.766609282406502,-0.9888897091672499,1.2915440003270262,1.814513874714967,-0.7611682538804797
Bearing2_2,acc_00614.csv,0.2768095061716904,-0.17991906533830743,0.07552471069475765,0.024890862266668767,-0.3084502922198654,2.0154421310067394,-1.3249419950231223,-1.286009945356745,-0.553589679156779,-1.0447113131782237,-0.35565719455837225,0.23001195707901345,1.155340490679557,2.41484332783812,-1.306455356468872,-1.6818928049272728,-0.7920327518191289,-1.0566063744356224,-0.7553510381700077,0.37919095349930054,1.3446555020248914,2.481957131207694,0.9354539711351281,-0.15675176018165277,0.0787946353570653,0.35495325975653624,0.15326053383421856,1.7424815308934962,-0.8301301080731597,-1.3601555146656175,-0.7380305306202275,-1.442789329940748,-1.5055687367381285,-0.892611090189292,1.1689634045253177,1.696696815023734,-0.8626475047968479,-1.298822861307557,-0.8491769979288905,-1.7495879873092288,-1.7443357290590449,-0.5619836166275947,1.177882169105795,1.6755074244695898,-0.7611682538804797
Bearing2_2,acc_00615.csv,0.31087480593557015,-0.17278402167618365,0.05875297277075177,0.06810355717183773,-0.05421433077575163,2.0633802458991255,-1.3373045144710014,-1.297665646549391,-0.5792647898328628,-1.079587240023457,-0.44175301102319536,0.39260071859052437,1.238376790652486,2.5073989700308794,-1.315710286993821,-1.7134236966300154,-0.7899814342921796,-1.1193353190914757,-0.8442355275393377,0.6325357011082492,1.620251119809449,2.420574105662498,1.0474833550748257,-0.16225023853177564,0.16255591264688107,0.3051900190036403,0.14333290865379075,1.844361391286924,-0.5840121579659553,-1.3930130775792389,-0.7740662522617695,-1.4585213767779248,-1.5895374856170943,-0.7250755509634508,0.9480367857463743,1.838327242676417,-0.7749572658518985,-1.3588665655615235,-0.9548050379433816,-1.854349073373288,-1.8110949970295713,-0.2424155814425679,0.9549323530024603,1.810543672200197,-0.7611682538804797
Bearing2_2,acc_00616.csv,0.2612074883108736,-0.20783691835846269,-0.025577973001313783,-0.06995258499272804,-0.47002930630708833,1.9806107315045385,-1.3085005924542235,-1.2332007901153341,-0.5875657115911386,-1.043110565512852,-0.41926453563956684,0.11560282367800158,1.0247793337179176,2.3873478494164053,-1.3039238695930133,-1.603041170106648,-0.7588479565477312,-1.0080626566162147,-0.8259764361064331,0.2480729374645033,1.2340302415663646,2.470108661569011,0.858021857832302,-0.1685215116813268,0.1111803658148827,0.22569208640768273,0.018108467732821057,1.7307926635578312,-0.6311276464635496,-1.3533568319410296,-0.7510923477467462,-1.4161506158413055,-1.5285714559543861,-0.5894540975331458,0.9744125312068435,1.714198455506402,-0.771498512855511,-1.3132314394695175,-0.9508820129238876,-1.8137028240413675,-1.748802870293731,-0.6504516868798668,1.2906167529597135,1.6873467122006185,-0.7611682538804797
Bearing2_2,acc_00617.csv,0.3401368871166701,-0.19554355028819856,0.00878166819125107,-0.04787856768186244,-0.13677631938560067,2.0405211057263632,-1.334143965327605,-1.230113422044398,-0.5975639297023073,-1.0648487940258629,-0.45408187094722646,-0.036834558430331565,1.021828070098997,2.5835860568295113,-1.3212487742828274,-1.6169425769203023,-0.832273893941568,-1.0803683943798954,-0.8088932191025926,0.14240067625983335,1.0462790254554504,2.613727808259317,0.905976058954093,-0.16317956226664165,0.09343722183700962,0.33461657932501226,-0.016697588602973924,1.8000601176360012,-0.8194286540511047,-1.3660481138627303,-0.7437005567439134,-1.420648739137236,-1.5353708499767469,-0.8577265888921469,1.17239757096343,1.7172893222822214,-0.8993243003701968,-1.3079401412373897,-0.9236459413421356,-1.798517522381096,-1.788675101127335,-0.6025036321943175,1.3355800309120904,1.6750790262674564,-0.7611682538804797
Bearing2_2,acc_00618.csv,0.24493543235596102,-0.20124947726474637,-0.05970652089837256,-0.024308006824497637,-0.2888062859957318,2.0484732240349586,-1.349673249052828,-1.276721977512342,-0.5823398664187536,-1.0545537351901437,-0.38442181950371007,0.10493998339447312,1.319080363856539,2.340716815218478,-1.319864335940466,-1.6791386063356817,-0.8242286214391794,-1.060537644348774,-0.7682333831518344,0.5879808076803188,1.6055738426227366,2.4149022233119197,0.8953104429572518,-0.17965986755189137,0.12329957040362673,0.2557349097724342,-0.0652573567464389,1.858261971679667,-0.8617728274614219,-1.3943425546846282,-0.7410485287770119,-1.4408800358183218,-1.5372965377689294,-0.9967316600846335,1.063481043866707,1.8742064335223574,-0.8984497729530476,-1.3583356607163868,-0.8290565284753254,-1.823660364145615,-1.7491145562539123,-0.8366145722821541,1.292615816929838,1.7350301190748916,-0.7611682538804797
Bearing2_2,acc_00619.csv,0.28798544936751214,-0.15409253745181437,-0.32451669910350023,0.15041345222930239,-0.12377678304737279,1.9889426010972344,-1.3082428682947245,-1.2746255743868922,-0.6231572338305172,-1.0403786974602218,-0.42507027781821743,-0.1191565483262404,0.7943382197917365,2.609430928942722,-1.3147793895844262,-1.6644148728624069,-0.8498441812537756,-1.031494348057275,-0.8053505033357102,0.09031361112732493,0.7135571682072732,2.7374890589753567,0.8524522551958755,-0.1740025088045487,0.13785568218333008,0.3079632026988482,-0.06279650722861298,1.723135599672406,-0.7425761549084775,-1.3541986559623829,-0.7494679668666465,-1.419898681206294,-1.4608318038493227,-0.851461653576109,1.1012185662525167,1.7160213463759162,-0.8552174521598354,-1.3363443552409102,-0.9458268990602793,-1.7648314176403785,-1.720151846567213,-0.5265930171595237,1.1739723412273964,1.7149355943358326,-0.7611682538804797
Bearing2_2,acc_00620.csv,0.28324819064387824,-0.16988480806096376,0.1127321154589173,0.026948609643105408,0.0589416568026417,2.0214726194644714,-1.34329032262275,-1.3039917374091052,-0.5594472287418825,-1.0684538340393526,-0.42868071288047577,-0.019638492847728756,1.0546968735962563,2.619765451539989,-1.3356186001029966,-1.728308037942427,-0.7638763314277712,-1.096372792625083,-0.8478825305266543,0.6215806687898554,0.9847425725654189,2.634280750167913,0.9172201485756676,-0.17367673058597863,0.10963363879206199,0.1807048842409781,-0.013896430070250513,1.7731116069428117,-0.8045226900450413,-1.3450153384924852,-0.756838703968316,-1.4064635653244082,-1.535426710821563,-1.080616792280439,1.327802701152575,1.6800073399049544,-0.8918258634912626,-1.310452184460343,-0.9522707950619183,-1.785315144854067,-1.7796031206775438,-0.6668296221699117,1.4840847311059202,1.6120431894946348,-0.7611682538804797
Bearing2_2,acc_00621.csv,0.26944373871518573,-0.20272191510503682,-0.145618131192445,-0.02299853122131076,-0.42862614642899477,2.003438457527111,-1.319738770963315,-1.2796864202979394,-0.5439088409993778,-1.081715117349028,-0.40267015097860637,0.0013854437161084318,1.1524028086934832,2.3560446338488132,-1.3092028035949337,-1.6322562366516915,-0.7515830380455338,-1.1123504226422998,-0.7886318067205139,0.48545508816488986,1.215796841466525,2.487797741856899,0.8657217850711526,-0.1686122698532767,0.10698157115754452,0.22892746738542533,0.024010274850397487,1.7246032536222409,-0.25383067083011707,-1.3859838408680574,-0.740763475602185,-1.4383273494643458,-1.531635648449912,-1.018198187520409,1.1308209397257105,1.6710711670946692,-0.5850816216152269,-1.3460762968774733,-0.9135887720798729,-1.7909999378528738,-1.7794755577417132,-0.40793365430389644,1.1459608092518054,1.645194882155669,-0.7611682538804797
Bearing2_2,acc_00622.csv,0.2232141510964462,-0.17545042913491235,0.18258958827443963,0.023394318720169407,-0.22075311346345777,1.9786494283170457,-1.296801764084775,-1.319932921280021,-0.5332872379438565,-1.0497567779842212,-0.37825485822136606,0.5035982575293629,1.1707284088062146,2.4199593563271153,-1.273435682083946,-1.6710392505258558,-0.7617634507105241,-1.0518185957624855,-0.7952442406079298,0.8247900562208711,1.2520044232005925,2.421341165619526,0.9759262709042191,-0.16519241748143842,0.12470289869535318,0.2679061048791797,-0.015001709446616945,1.789175933653793,-0.18863220746411222,-1.3728099974623516,-0.7706270165617178,-1.454514096927331,-1.5640570036845214,-0.7577861349429431,0.7409608838199034,1.8769377806727323,-0.5070970494543005,-1.3386394092176774,-0.9440514034064388,-1.8396333012503878,-1.818085857568041,-0.7305201437357616,1.065993961319133,1.8110457131723197,-0.7611682538804797
Bearing2_2,acc_00623.csv,0.29319747742684776,-0.24122789130017486,0.08947397925479707,-0.14216081111132212,-0.5772829016388151,1.9929394968569871,-1.3216486957001625,-1.2328408565937938,-0.5473808962430945,-1.0924283612548704,-0.45200482451384355,0.09100085167483911,1.0903961622737626,2.5379542267640143,-1.3058012309909903,-1.6412803041920414,-0.7406806118086869,-1.1134149696915145,-0.8611771272908129,0.4311698616804102,0.9884833726085125,2.5678131971864526,0.8750126052077177,-0.19812407294131834,0.07335816877819112,0.07409137773632186,-0.20023809736997494,1.7775379619680396,-0.8158565495037333,-1.3672511748289424,-0.7351206444038375,-1.4550075772444504,-1.54320671963622,-0.9459343437367035,1.2725045502634866,1.6941756413541063,-0.8613480009776523,-1.320683507943902,-0.8971508725022822,-1.820750718150772,-1.8068121945447728,-0.6009524659988996,1.5924238613068504,1.522331873511905,-0.7611682538804797
Bearing2_2,acc_00624.csv,0.2912423120907275,-0.16910013606291002,-0.239023037498362,-0.014767541715564195,-0.007947813705395537,2.0017919472260917,-1.303756232228737,-1.324393377375975,-0.541578190664681,-1.059529320939622,-0.4183401573164967,-0.0337851968965435,1.056692393139382,2.2767606161010816,-1.2970705466312298,-1.639390816259016,-0.7676504054522614,-1.051894022341273,-0.8354018043351178,0.19948689108021506,1.2865607110479487,2.480808833684024,0.9010076759269523,-0.17077468891677372,0.06577261762870266,0.13633394511765295,0.09797700898057024,1.7895332648409907,-0.8392082445365203,-1.3669431752302306,-0.7472609010430699,-1.4259930928290976,-1.5527512153765368,-1.0403169368146257,1.3012933518837158,1.7023673514934023,-0.8847757002324208,-1.3201683452469601,-0.929667477697635,-1.807143378561372,-1.8052872198815477,-0.549897435440207,1.3420853722987178,1.6667407406556674,-0.7611682538804797
Bearing2_2,acc_00625.csv,0.26845881005177336,-0.20045156020282132,-0.06592681001542555,0.11524467888656749,-0.4246779727898119,1.938653873552064,-1.2931126336914216,-1.1961298673179717,-0.5555541600633123,-1.0483470765871192,-0.43374939586834704,0.17711733960943782,1.002643277349646,2.433902166306056,-1.274213940551293,-1.5880093285713084,-0.7711810408239561,-1.0703533721812597,-0.8249705897653057,1.0758255456102732,0.8231650761832092,2.5108515576260633,0.826670139562787,-0.17398772153482736,0.13058033248479475,0.15235678424552052,0.057939536058980425,1.7858795884066345,-0.8301027764272303,-1.3457751220200782,-0.7489632511398043,-1.4483314800464913,-1.5286634870380649,-0.9117281230940538,1.1993796926928346,1.7307834719216286,-0.8811257187526398,-1.2800536999972567,-0.9321100161602799,-1.8405252105737415,-1.8039969442471118,-0.46536731636006506,1.5393152476375798,1.5288986844615642,-0.7611682538804797
Bearing2_2,acc_00626.csv,0.22676575672677332,-0.1582594044722286,-0.06192426910086984,0.0658587418520886,-0.270677200310312,1.897433159358049,-1.301704820000716,-1.1883893918258053,-0.5086340182798857,-0.9974896063358252,-0.38535370859061413,0.02240283960012301,1.218942658303335,2.3957912242627892,-1.272871356501755,-1.5363170867428595,-0.7238781080905027,-1.005932035927759,-0.752779500710436,0.363705707400294,1.423013749317159,2.3080374748751455,0.7900130072258272,-0.1491075151777147,0.14229053315613965,0.34170360432387675,0.15194522622221968,1.723479628248526,-0.7331581038395377,-1.3470027030124694,-0.7247066335611392,-1.4218838492820796,-1.5285738749655244,-0.9439135664972388,1.4666665003318118,1.476956056918522,-0.85888369262485,-1.292640594407321,-0.9287658676811289,-1.7944506746070419,-1.7833478000421645,-0.14705058055961429,1.4872177963430142,1.435820755977372,-0.7611682538804797
Bearing2_2,acc_00627.csv,0.2867865080610902,-0.14932561302735947,-0.06973154902600863,0.21869325153833566,-0.18101013389136617,1.9913369913561607,-1.267424944802665,-1.3365915413574432,-0.5551872688050357,-1.061112299476679,-0.38162936716985163,0.2527434617016862,1.3138871411134756,2.4385083659636457,-1.2967884975212856,-1.72201322170244,-0.7492084177306175,-1.0954145684683283,-0.7722010089456001,0.6639405656830043,1.2047419915861672,2.498250544296996,0.9006768167513515,-0.1689935945704535,0.06373025945493699,0.17207720163366502,0.040631766541528086,1.7179434469744561,-0.13483460787276083,-1.3585696546756458,-0.746083959862223,-1.435135897824167,-1.5391837538891462,-0.8726641866659703,1.0793929827044286,1.620301757499284,-0.5067514465233264,-1.3250330405221165,-0.8994166411135792,-1.779068534757617,-1.8207706445566414,-0.6056433851790216,1.2469704926860776,1.624749404703403,-0.7611682538804797
Bearing2_2,acc_00628.csv,0.15901695118543477,-0.2367628088782923,-0.02800084937761879,-0.16329948870562566,-0.7260860316228349,1.8782919152719375,-1.2785026455164243,-1.24405059335354,-0.4715836329081327,-1.0512589865491468,-0.3729372183626112,0.10498339093421158,1.1888909212260137,2.2309108588229725,-1.2818507527852072,-1.5357087462283119,-0.6763675625996881,-1.06855017158779,-0.7686606335794389,0.4074937359004729,1.5532250202776277,2.262287995113767,0.8162594969098496,-0.1753379398147595,0.11491224831291101,0.1896406983699812,0.004606603973601611,1.7232641676730833,-0.8471250954986055,-1.3418084965889545,-0.7129549705370347,-1.4597891316994513,-1.4944566692975525,-0.7753359548382399,1.3443545480809345,1.552703142136515,-0.903806540297048,-1.2794690316043225,-0.9080168231016204,-1.7742686310118692,-1.7654919027738858,-0.4631697180126011,1.5487604014985472,1.4800208063365723,-0.7611682538804797
Bearing2_2,acc_00629.csv,0.20261983028553968,-0.20881925678374633,0.21253972328633697,-0.021314919731498915,-0.3932517972500903,1.9029201450706064,-1.2902233043992737,-1.23688159616161,-0.5511805739199611,-1.036170948679711,-0.3212766973989494,0.22932455843298905,1.0876293106769264,2.252270942227427,-1.2862669023187396,-1.5959490665823335,-0.7400400443817451,-1.0385141438298389,-0.7375668807097935,0.4208278030882748,1.3336319282624998,2.3871256455853933,0.7708978552837101,-0.16413006665350652,0.05769150350628537,0.3284539488912171,0.055075756745780365,1.6467550112332254,-0.5556001783435227,-1.3055647983268368,-0.7388150023673086,-1.3896395510418225,-1.4708804371692328,-0.8179303921777872,1.0798254950634814,1.615626292916789,-0.7068406271833026,-1.2788255167311573,-0.877681663024647,-1.7528311803065078,-1.6908381253510545,-0.7417380755346843,1.327807182617267,1.592338501210848,-0.7611682538804797
Bearing2_2,acc_00630.csv,0.2540139813616335,-0.18592178319814687,0.09983334461225554,0.02058829957048317,-0.17294711274874006,1.9761811874046387,-1.2828460719313026,-1.2957954401409413,-0.5461636012513599,-1.081727618721105,-0.3946403761933814,0.3283113519598879,1.1369150389682137,2.4681871468890555,-1.2512681866997908,-1.6528266282052997,-0.785120071492115,-1.0915362182722483,-0.806935657368253,0.25825930974334377,1.1506167100964173,2.4875896025102984,0.8239756356873308,-0.18260502359085365,0.07434806642822088,0.20705012934545244,-0.03191384556769444,1.7728490913088604,-0.8310568291832842,-1.3457220294032424,-0.7474214256868569,-1.4234297241536666,-1.4889356078388556,-0.9071576077597467,0.911138671172033,1.907026310849372,-0.8745916651015351,-1.2767233925565773,-0.9116011229887955,-1.805940771642841,-1.7078405176980265,-1.0455416713497738,1.273342590221734,1.7975179505878738,-0.7611682538804797
Bearing2_2,acc_00631.csv,0.2879929540049848,-0.22009688818222092,0.10106473499351612,-0.06845604144622867,-0.4462395297652112,1.9649064530428875,-1.3169686164727046,-1.2819362463770474,-0.5961577169080103,-1.036586235536718,-0.3708058271309143,0.06978817898566236,0.8296799390518089,2.670649934830344,-1.2890693419140884,-1.7045338615212111,-0.7761599679753379,-1.0523229115080586,-0.7645900451988034,0.00839721088978391,0.8992236977894447,2.6364753916439208,0.8168453482735775,-0.17222620396785226,0.08768671997764617,0.3963969494238087,-0.10508069841382095,1.810850978234643,-0.8196531360235307,-1.3421033812879726,-0.7670592887424009,-1.4206898752456916,-1.5472725108957868,-0.8874878236952035,1.222417701454419,1.6793553399243193,-0.8616720075226002,-1.2934199869841494,-0.9385845729911277,-1.7959681345177652,-1.7218990574273492,-0.5432758275318627,1.084970554555444,1.7706204936000285,-0.7611682538804797
Bearing2_2,acc_00632.csv,0.25550322735272807,-0.1969871902108004,-0.043123375675568204,0.048461423124033565,-0.407071557389036,1.9348358610340584,-1.3066249619230654,-1.19668066808949,-0.5647667527408169,-1.0569262330650515,-0.38700987033397866,0.11527192768961922,1.1962168076741748,2.2900670064867863,-1.2783742605533404,-1.5904170673450968,-0.759932263503343,-1.085191729165266,-0.7462419709397868,0.1318393839380934,1.2679838639553582,2.440396258031131,0.7622178903382536,-0.16191412922386045,0.10481883103940423,0.15189458696298586,0.14297957302572534,1.682792117630235,-0.5903281697597382,-1.3276119662810961,-0.7498462223802523,-1.4279122526139063,-1.5419388146604445,-0.9683254079690288,1.2383262546831912,1.6457971123639819,-0.7687146539168075,-1.3112982975085825,-0.9342585171318516,-1.8072964757195102,-1.796265940758951,-0.44938333782460443,1.5802143320326125,1.4659204161105317,-0.7611682538804797
Bearing2_2,acc_00633.csv,0.22635167844063608,-0.22402169270877414,-0.03289822183597251,-0.1503918006170687,-0.36764017617021316,1.936194048246048,-1.2873572436254255,-1.2924351669699146,-0.5554168616146627,-1.050888184052683,-0.3425654046874673,0.199466748230802,0.8183309477413159,2.616684985614546,-1.2881885127206396,-1.691590480929622,-0.762626742866951,-1.0787010068933018,-0.7172836065256656,0.32021960017191464,0.8707891872938739,2.6054780397556705,0.6633342813023198,-0.19091633529980703,0.08197476988739275,0.024174071222581108,-0.17668196553157645,1.63112247786569,-0.7711560806177611,-1.338219575836612,-0.7176797214393946,-1.4058325581807813,-1.4950014451933085,-0.8111008161292013,1.0997069466852323,1.6988673697991423,-0.8437167567860123,-1.2803807344257478,-0.9159992034060573,-1.7729352660002795,-1.7060018582848056,-0.7586320222274638,1.4279461705219667,1.6048065698724692,-0.7611682538804797
Bearing2_2,acc_00634.csv,0.24681428509136227,-0.23756730459742875,0.05388675031169367,-0.07070085676597763,-0.6053688286726586,1.9760017463362258,-1.3228733130130188,-1.260423536833808,-0.5344340227816723,-1.0686966061114458,-0.3894385102827952,0.12488409266467665,0.8064435423361106,2.6175045722280723,-1.295755867237329,-1.6736899592438095,-0.7570026763245429,-1.0940321339187253,-0.821599865173771,0.23722254600663736,0.8469816312108381,2.6323352175693038,0.7278156093729419,-0.18293896076337685,0.13798717952173065,0.1535893103322794,-0.12599215204402767,1.7175576308789233,-0.7585938955367636,-1.312919273653611,-0.7375803942697288,-1.3960597558381227,-1.4745870227023985,-1.0048419180552657,0.9803451240229093,1.8414088011937935,-0.8471028235750007,-1.2846454145846546,-0.8967231376971702,-1.7527174408523125,-1.7645163404961326,-0.8127709028567327,1.290340030131039,1.7076283767312233,-0.7611682538804797
Bearing2_2,acc_00635.csv,0.28894917905769,-0.1678407690299579,-0.03831985556095719,-0.013458066112377317,-0.23770608472140725,2.0045976127853686,-1.3201844849081419,-1.3247425393908583,-0.5394666100928603,-1.0582784476735865,-0.4391980484967466,-0.06962502367453681,0.8146831508682922,2.677877003122985,-1.2962266628380903,-1.6917553661587967,-0.743102175904259,-1.0597066358246205,-0.8380678077698547,0.5200225921320741,0.6571677967740179,2.666485744684619,0.7551081019299443,-0.17370726154919108,0.067372122834541,0.196265526086311,0.058928491508884386,1.7718260254551077,-0.8503219031018941,-1.3495555290775345,-0.7383480648771265,-1.3985741320960947,-1.4979923734238478,-0.5990361749864969,0.9234586463355003,1.7779843512341689,-0.9041435325522653,-1.3330783160659376,-0.8401948055800417,-1.8013248740984469,-1.732191323720184,-0.823378595561453,1.2078587403962462,1.7659526904402387,-0.7611682538804797
Bearing2_2,acc_00636.csv,0.2314460929102841,-0.21351949633704073,-0.10750654014469695,-0.09240073819021845,-0.3262871682897325,1.9581474845308793,-1.2889898114741511,-1.237779178672929,-0.51667245008991,-1.0486549490277075,-0.4876449802675753,0.27464723275065944,1.020467160995482,2.4822059656695616,-1.2534383367835573,-1.594276723958369,-0.7348922718943055,-1.0779568971860485,-0.8696598994969121,0.3774161033604405,1.0298725171827787,2.4701682063575605,0.8282305405757812,-0.16473244633754286,0.09818627431108466,0.33816009182444445,0.008416343353898252,1.7032948803670322,-0.5838938145605396,-1.3601394726925622,-0.7467089761566338,-1.441101439794677,-1.507657122694289,-0.812747782603321,1.3349731136348495,1.5237608924840575,-0.7518612825640139,-1.2890439889171796,-0.9203997416747449,-1.7954139435375895,-1.7759241070525251,0.17943055487635767,1.0277861512383761,1.5692616374186867,-0.7611682538804797
Bearing2_2,acc_00637.csv,0.17706040559692807,-0.14487946165610333,-0.07589022045861052,0.08381726441008093,0.13889268761195747,1.9405371417169883,-1.2748406441798548,-1.3145405015164073,-0.5837728147227856,-1.0648860623069287,-0.3691736229510038,0.008544076474486309,1.0189412605763744,2.2547447542040997,-1.2832168555367693,-1.6198438046343901,-0.7903663476664223,-1.0918626704240186,-0.7398227329534923,0.20782094651342325,1.1295125560233146,2.51337481118498,0.7087528663576145,-0.15903798930451354,0.0720377771253361,0.2736065380304402,0.10565591550985236,1.7268921755994333,-0.8396400562988044,-1.3388250982851162,-0.7478663123763685,-1.4103963249821139,-1.4238090225889457,-0.8654744707670672,1.073562617982466,1.741528134490387,-0.8756885202099662,-1.3121808957159506,-0.8843582683227678,-1.750731486306159,-1.6748396147529008,-0.3261330709963787,0.9459401970147603,1.7369314832370764,-0.7611682538804797
Bearing2_2,acc_00638.csv,0.414635780185399,-0.1903925058582068,0.007512339804570309,0.03274771588579037,-0.11872193589669379,1.9849517463552493,-1.3475883000405164,-1.2538077015353055,-0.5911171827310986,-1.089760816465131,-0.41634269008813324,-0.2240771924320918,0.4699139959580974,2.434325743163991,-1.3052695205616016,-1.6534343448755913,-0.8036932286332715,-1.0974848354139428,-0.8253362445638647,0.31309820373042496,0.414335218868693,2.789544398452579,0.7664232325819781,-0.18130467948382742,0.1128261553832939,0.12123550055485496,-0.07747369187500679,1.6784853729433364,-0.8163525374403342,-1.3406812453422385,-0.7285772502534987,-1.4004017372894861,-1.4184257795752013,-0.8805052212745912,1.1199292935504137,1.670519987232483,-0.8827959910042373,-1.2897680643403926,-0.927316154294728,-1.72004099243354,-1.7003565413616317,-0.34973065416059557,1.2933295424482942,1.556717885292403,-0.7611682538804797
Bearing2_2,acc_00639.csv,0.22351970116239228,-0.195198777624136,0.07239742683648553,-0.019631308241687073,-0.19070783728006407,1.8966839838596516,-1.297269907910092,-1.2098226236297136,-0.5235047167264198,-1.081641476455237,-0.3824238720518525,0.30859264272487313,1.0412085409682095,2.4358204039470293,-1.2718254456788496,-1.5878581195379815,-0.7289144195617817,-1.0896600864919277,-0.8151868286866558,0.5322623681897027,1.1350929877780565,2.4343694791332644,0.8804300897928441,-0.17382514302883442,0.07722210935803409,0.24248525433977455,0.03133483872344684,1.7125918563375717,-0.5130386837390357,-1.3611683288037533,-0.754700976116814,-1.4331364313521335,-1.5239049425808513,-0.8407646280700336,1.403164843710248,1.4754944992172054,-0.7421995031942761,-1.340324900654807,-0.9238447612674683,-1.809985087588002,-1.777748893978407,-0.46890166460721977,1.5235291798425732,1.494785412940345,-0.7611682538804797
Bearing2_2,acc_00640.csv,0.18449966966619397,-0.20666882573995854,0.04748374921665278,-0.059476780167232686,-0.28466393505449844,1.8138672945513985,-1.250794621146449,-1.1420662408747249,-0.5326984973804436,-1.0340213649589798,-0.42277707095356815,0.4192404130486475,0.9651476737828684,2.4108026260418822,-1.2444394979932458,-1.5062820343867998,-0.7226713481099868,-1.0979812826250288,-0.766020214752389,0.13858762074141912,1.34630076597115,2.3236867586282615,0.7122880218294766,-0.17986480285828949,0.07166844204344239,0.09874189947150251,-0.0474480403032069,1.6508235533497004,-0.6518382721423112,-1.3028724626513704,-0.7409612510879978,-1.3965529095911688,-1.4741865716249347,-0.8719051417645206,1.1020272519209686,1.6601164921572833,-0.7967991498957141,-1.2596923384333318,-0.896821111481508,-1.7858327150524709,-1.7063828597098258,-0.6122201552838318,1.1721477459356522,1.6877127336502256,-0.7611682538804797
Bearing2_2,acc_00641.csv,0.14219150551460322,-0.20952160902471167,0.08923895407912413,-0.14103840345144758,-0.2997191526638191,1.8661605553207976,-1.2784372875532088,-1.2261395150656043,-0.5120895339441952,-1.041702402863286,-0.306796919908541,0.1744024626711993,0.8510287166617966,2.442082573256609,-1.2571719833402724,-1.617273885037911,-0.7131745066713937,-1.0551439951084531,-0.7004536158749403,0.2720644511939621,0.9719202544427425,2.4761977765721803,0.6653669479450683,-0.1759585031766174,0.08910899984206504,0.09889596523234759,0.0062242399194514545,1.6001765020862846,-0.8058909884672141,-1.318332440974468,-0.6930814618541628,-1.3500860411086448,-1.4640893509653496,-0.7599254866346846,1.1146885104287416,1.621082889831361,-0.7994389709050707,-1.2435330394526374,-0.738352304555671,-1.7104251544325555,-1.7201670051460842,-0.33960328534658285,1.3213828419553804,1.4233303265911887,-0.7611682538804797
Bearing2_2,acc_00642.csv,0.19394475321336918,-0.15951039344358503,-0.026411947337916564,0.05557000496990557,0.030844939116093963,1.9863135112486083,-1.3067753193996388,-1.308641103682496,-0.5545271415846722,-1.0465538173307982,-0.34635555875314844,0.3044395335583049,1.078452408301595,2.51533526676219,-1.2719732133108625,-1.724661245149528,-0.7858496952725229,-1.0523468883429057,-0.7667058266465295,0.5121209062385366,1.213335191824321,2.4915568756901676,0.7985533774586661,-0.1650103936614434,0.09850983093916647,0.20597166901953837,0.10330981158826659,1.7793048790944213,-0.8504963928627737,-1.3714640722517946,-0.7387593660419857,-1.4190473039232046,-1.497369338010944,-0.8830142942989324,1.15103044242177,1.7244854633411868,-0.8959260219130522,-1.3206683253343727,-0.8944548637259104,-1.750028880079344,-1.7725024266836382,-0.5079241332726593,1.15985076961887,1.7144221202427454,-0.7611682538804797
Bearing2_2,acc_00643.csv,0.31571754065829744,-0.1763348323698728,0.037519898821119994,0.1062654176075715,0.011309271590438664,2.0814499440317875,-1.2970478406325485,-1.3660892847827943,-0.6048238205719477,-1.073318008736008,-0.4590547167675863,-0.0554272230517199,0.7897992925664398,2.7210694233947814,-1.3043044948040674,-1.709101302111467,-0.8225477461280026,-1.0905269777338062,-0.8771578899923781,0.003629520951302472,0.8584308728572528,2.7135863427898297,0.7953387856261611,-0.1687864131420122,0.12150638178405324,0.14480756196412137,-0.02152673602947928,1.7542193520330012,-0.4203463682248155,-1.3653565889090147,-0.7476203175436118,-1.4473589985912911,-1.5384927121910594,-0.7196061232277022,1.046189521645204,1.667879312743041,-0.7018700364287791,-1.3208274775468616,-0.9150527611461181,-1.8201811519911224,-1.7863512492455762,-0.7429499538055454,1.2742875913900449,1.708337054802503,-0.7611682538804797
Bearing2_2,acc_00644.csv,0.25183983303780655,-0.20427970210857163,-0.06663187189861414,-0.020379580014936838,-0.3188874907087601,1.9675559553859936,-1.304391838446262,-1.3294590582916817,-0.5654125661130815,-1.0430204868014081,-0.39897008990386623,0.06415198752489651,0.8474327947487184,2.6553008521786663,-1.3054923202461053,-1.6606887806805828,-0.78160988340148,-1.079327479552324,-0.7632465520004469,0.27376259012220794,0.7993435519735572,2.6521781323250546,0.7510373671279884,-0.17870437435674155,0.0774398824802078,0.11954077718556128,-0.08042072570029152,1.7393345439518988,-0.8234800349897513,-1.358318444938739,-0.7485118732257574,-1.3846874738655115,-1.5207794673073063,-0.7883228080579044,1.1754021963986523,1.670821336066953,-0.8989978868958058,-1.3185871382611902,-0.9046288351613896,-1.7853068977268414,-1.7276623177763142,-0.4801164875960395,1.3461040955490688,1.599818961291042,-0.7611682538804797
Bearing2_2,acc_00645.csv,0.24223493211472352,-0.20247406284689423,-0.04133449972703289,0.003378048785740444,-0.2966927618937834,1.935931886383135,-1.2958845620224597,-1.2489661490794568,-0.5539586032569899,-1.0855838543370677,-0.36899965028024406,0.11952721772491705,0.5404581870864512,2.524329999599394,-1.2718153408686985,-1.6549512758181322,-0.74046324193121,-1.070017200433665,-0.8468318240812058,-0.07543926876747666,0.6266397325081092,2.682077272584275,0.7197593340083143,-0.17752786274656146,0.1072878791224506,0.13155790653146188,-0.036109871569181176,1.6561976136432006,-0.8185643470386454,-1.3105307785511537,-0.7121964876064394,-1.4247737562587834,-1.4499673587118322,-0.8687661340982564,1.094870359902268,1.7125650871592002,-0.8328645391285316,-1.2677692596537842,-0.8769424171601401,-1.7467490444397589,-1.7497653908289479,-0.2568738409275753,1.106171845232993,1.6234758880557827,-0.7611682538804797
Bearing2_2,acc_00646.csv,0.23279216215325937,-0.1287154441444961,-0.024710871344268092,0.04883555901065853,0.0616925903168067,1.9111727049523801,-1.2890283505348015,-1.2475441350099554,-0.5443802699678083,-1.0174957806570686,-0.3464798370916622,0.4440573113018975,0.9670433188483638,2.495977591282749,-1.2699302455565227,-1.6160636466280225,-0.7585559144547448,-1.0113489281491017,-0.7156057267860158,0.7187503359475195,1.0738485941308478,2.4380066298686347,0.8996491106418387,-0.15966737397206568,0.12864650047197168,0.3073469396554688,0.13003076471989683,1.7250453456777872,-0.8486519425312011,-1.351491230094065,-0.7388263555723891,-1.4284229517607723,-1.5139950858483469,-0.7896686662770842,1.3322902940008685,1.5529748861830135,-0.856236664904613,-1.3124753513210565,-0.859282336480749,-1.785100568077131,-1.7779057774845242,0.1184339488659195,1.2636265279529049,1.453552540565893,-0.7611682538804797
Bearing2_2,acc_00647.csv,0.2479974141918495,-0.22428580420380675,0.05280529899966064,-0.08791110755072036,-0.5929623832780516,1.8934195615225138,-1.290545766934831,-1.1663373619793214,-0.5139495949495239,-1.0683737160015139,-0.40593101461363784,0.1806760649580955,0.8531478598563698,2.5205031643548814,-1.2879786799351123,-1.5142629476290423,-0.7107536865933458,-1.0861867024471499,-0.8057567205211091,0.27527317608381824,0.8803114697552458,2.508546943875226,0.8505217398357737,-0.18203899414685187,0.051735877777509535,0.1124537521866968,0.009577615091826128,1.7573668323838472,-0.8093655347955405,-1.3513764968148227,-0.7226544635320289,-1.431171100429112,-1.5363044753365351,-0.8701629794119693,0.9463011819693892,1.8667133859381677,-0.8860158277710082,-1.3125185475713121,-0.9094839892203791,-1.8264688933491044,-1.806126050142329,-0.8557983005805005,1.2480107378348484,1.8092001081789206,-0.7611682538804797
Bearing2_2,acc_00648.csv,0.23588826775059507,-0.22560333331814622,-0.14879966045701448,-0.17377529353112117,-0.4781548013249995,1.8916673599964196,-1.2662648890441963,-1.218666694688422,-0.5691997434479904,-1.0282796126564486,-0.2903897725048323,0.08061171824111527,0.9685687775817452,2.499234178456183,-1.2691777736221936,-1.5706329139883866,-0.7823158264923578,-0.9968469391694248,-0.7472075526338943,-0.08188217072599983,0.9939841122002734,2.5198739655102895,0.7582589304856052,-0.1720726873685854,0.14360064098187253,0.18471059402294507,-0.03871037333438528,1.7496091241651388,-0.839247271216712,-1.3518951928823446,-0.7304019202498079,-1.3970326199780343,-1.446769372209232,-0.9236863542085462,1.0375974141260207,1.758007735971794,-0.8972224393410011,-1.3184746951324473,-0.8918356220275767,-1.736267402396987,-1.681144421071377,-0.5521726756204204,0.9031396922614927,1.836846257700976,-0.7611682538804797
Bearing2_2,acc_00649.csv,0.1999630729419646,-0.19839734979681925,-0.005389519062557558,-0.05816730456404564,-0.4274846845425907,1.9453993984693176,-1.2899337446824972,-1.266046496155098,-0.5534288769350048,-1.0637627427371956,-0.28082812642748023,0.2907225986539383,0.8631864641671075,2.5460605080615517,-1.2796364486759415,-1.6173580341501301,-0.7569042530724512,-1.0371622211146554,-0.7194140830726964,0.17318258145148485,0.7482492373800205,2.6015371061701096,0.7184808813476135,-0.1783191529641946,0.037434098265106436,0.040350976111293464,0.0006285825661697291,1.6462105228092876,-0.7229410794336436,-1.3338962894582718,-0.72856672327199,-1.3877009231024968,-1.463588259341324,-0.4804316975471993,1.0004422819334353,1.6097570223719073,-0.847708369705705,-1.266423841929156,-0.9256898300701,-1.7351358446682505,-1.661789172809663,-0.288877941198118,1.434873942800096,1.4325865274625564,-0.7611682538804797
Bearing2_2,acc_00650.csv,0.18534431165132714,-0.1589563254635786,-0.03444859648771881,0.07090957632152413,-0.15457769797339918,1.7988245511496883,-1.289027941869383,-1.122716081475244,-0.49522933624694726,-1.0376789238075967,-0.34659761381884674,0.49038863816978295,0.9801314875939299,2.39187539591055,-1.2577439388794056,-1.541001982375563,-0.691750706170569,-1.0328251265812205,-0.769596693996371,0.45029603461598866,1.169026636451492,2.3572856181271797,0.6990878383431431,-0.18721177173535145,0.06977991874440365,0.0967390445805191,-0.08518165542590042,1.7012586912981038,-0.8254891368536266,-1.3039002017717742,-0.6941101960236241,-1.4563638704748647,-1.487377076721515,-0.7716836402550848,1.0494180871346066,1.7288660220007703,-0.9160851791094189,-1.2051674678806228,-0.9063568422332217,-1.7753146091868284,-1.7690794950039395,-0.5368437036726244,1.2188532001880399,1.6778277590468877,-0.7611682538804797
Bearing2_2,acc_00651.csv,0.29274318372559943,-0.1827227495689362,0.03435018540906722,0.008054747368551007,-0.24746653282280395,1.9352068935185456,-1.3148297103568767,-1.2146769335446916,-0.5237436530416301,-1.0554362255248242,-0.43358354481734196,0.27926422102529014,1.287814759649418,2.22059298819372,-1.271348397314159,-1.5634535550950819,-0.750534741910135,-1.0923328091809292,-0.7821168834104534,0.4213552077700365,1.4267181635806883,2.3469529211595272,0.9153333838477455,-0.16045623897324923,0.08385987530000717,0.26759797335748986,0.11366638426164759,1.7584732797144471,-0.6792856337775183,-1.36493581346257,-0.739095194822144,-1.440667816034713,-1.5292977416414653,-0.6975924308692093,1.015154455039632,1.730610449554028,-0.8221484239177805,-1.3330760096457288,-0.9214758465448456,-1.839379029836043,-1.7326310368157252,-0.504624204735346,1.2142723964266036,1.696106325935656,-0.7611682538804797
Bearing2_2,acc_00652.csv,0.15587607585220717,-0.1591508895108287,-0.014848542696409449,-0.04525961647548868,0.06276221997836967,1.9176745568720595,-1.2887803767949768,-1.2226754588837783,-0.535916049488856,-1.0268467487117494,-0.3135282322493129,0.34352123709944477,0.9016799752262431,2.4955505088374514,-1.2683286156093372,-1.5834699618533659,-0.7957018542578209,-1.0565246415654879,-0.6636044922396485,0.40063121943298446,1.3209564974820998,2.390450265567892,0.7129572254026517,-0.16583637461157272,0.15792438413689616,0.1574409543534014,0.06569594307113766,1.6731869738409586,-0.753185530218686,-1.3271796015955646,-0.7285730230662687,-1.377051944353423,-1.438312660648847,-0.7642818952621873,0.8853938149386985,1.7906612379462659,-0.833789252366832,-1.291304697495799,-0.9177662155701024,-1.7395241125865242,-1.6354085961909777,-0.38461987469166986,0.8901643867732125,1.7673758742999577,-0.7611682538804797
Bearing2_2,acc_00653.csv,0.2664049393774901,-0.19079190418390726,0.04166671606074724,-0.08379561279784709,-0.13201080438962406,1.8988720176374603,-1.3081994315384546,-1.275496192087678,-0.522656583120824,-1.0559360335087755,-0.369615679930351,0.18049439910154677,0.5866376820219019,2.6714173216818393,-1.2918650216484346,-1.643277001965949,-0.7249609901676279,-1.06882541250951,-0.7725876156377646,0.25601261962038474,0.6238655516919851,2.6557198024842625,0.6536884716108393,-0.1752162667783397,0.059067457620385656,0.07825115327913375,-0.08057624599694968,1.6594179547963257,-0.7441792264219742,-1.3433307120234168,-0.7124882543558101,-1.3884806458135606,-1.383731768834745,-0.7595221331086784,0.837564146175904,1.8045463025452502,-0.8335994144696287,-1.2632297030571735,-0.8991321149622725,-1.6761100546795311,-1.6297199189851594,-0.9089062412883459,1.425333318342233,1.5745728717835576,-0.7611682538804797
Bearing2_2,acc_00654.csv,0.1653896240236256,-0.14722712641460553,-0.30098358102968564,0.16668836329748302,-0.14450222012699465,1.827794647837288,-1.2665604219724962,-1.048326926596181,-0.5672904496229607,-1.045352422962281,-0.26502411420188643,0.4683359721441049,0.9676613941783518,2.381128968200537,-1.2270203768455834,-1.4811049043582865,-0.7596598656244404,-1.0287105926376667,-0.7350321205505463,0.2899004532115288,1.2040678580745459,2.3274282830755237,0.7306783906066515,-0.17228198805773687,0.06996004780178687,0.28654806194140997,-0.09975866008888794,1.663866171354938,-0.5786164203593545,-1.3665911341423989,-0.7115052775707205,-1.4056609984063195,-1.493043758331853,-0.6564750049381368,1.1127159492567422,1.5867688369939559,-0.7656104049079069,-1.307651461571179,-0.9024642574939565,-1.7395693250047584,-1.7433167887841092,-0.43402992928921535,1.1127580263356913,1.6721727815058192,-0.7611682538804797
Bearing2_2,acc_00655.csv,0.2230081069115107,-0.19264986448243562,0.25454742742742725,-0.0018598536270072337,-0.2991341495705373,1.839580684166016,-1.2856063583994364,-1.2026455769374162,-0.5256015496384289,-1.0113609765303604,-0.33962889342987085,-0.1074477315409651,0.5229441708614567,2.656476640348674,-1.2465325441131558,-1.6342629669523188,-0.7118878116389291,-1.010243419359867,-0.777788231136934,0.3185976842324463,0.4219238519566778,2.6425300034845223,0.6576815481556455,-0.17769325818094842,0.11177634289224775,0.1429587728339829,-0.06214921793856006,1.6137568867651815,-0.7791005831428005,-1.3160204761745533,-0.7095183533378043,-1.3452055755831371,-1.4537229202117987,-0.6549028582885356,1.0331235371217276,1.6328907149289351,-0.8506203868118459,-1.2769826905256816,-0.8922621178332459,-1.7019086975347673,-1.653017481483212,-0.40291830358469366,1.2891684282837095,1.524301786443317,-0.7611682538804797
Bearing2_2,acc_00656.csv,0.17394164889062752,-0.18347946068481846,-0.00411295899610333,-0.03815103462961668,-0.1133132987207641,1.8974795158009825,-1.2816668254403896,-1.2309923156348381,-0.5539675322580864,-1.0324925265608988,-0.38442441923822235,0.1107627472967779,1.1704707368880152,2.392597564372919,-1.2675503814374662,-1.6120733918589691,-0.7379007382063831,-1.020847765013617,-0.7974357843913239,0.591626777153911,1.1218790341687426,2.4295487284994457,0.7074015713014042,-0.18214066976990081,0.09793102238368909,0.13309856413991064,-0.06458995893007363,1.6687993112132038,-0.7324680963460811,-1.369438133339368,-0.73842266961835,-1.3972681887726612,-1.4941093855121856,-0.8820234486925472,1.5083162121543536,1.435455436639493,-0.8439240244508367,-1.3164273647798834,-0.915062309159924,-1.7771055702164928,-1.7570822304957694,-0.29026188365575994,1.6048733992029696,1.3911068847957009,-0.7611682538804797
Bearing2_2,acc_00657.csv,0.31253990106124796,-0.13844400638689622,-0.17832191465914043,0.23328455111670446,0.07367247220754612,2.0276778036163527,-1.321286094360994,-1.2877453498409182,-0.5590596189238879,-1.0630150728368617,-0.4392353681873443,0.07928107261055319,1.0698076389373314,2.5415131431839595,-1.2893341258033562,-1.7167000164118293,-0.7913890223524841,-1.1132997536339313,-0.8385463961826104,0.45638078313864067,1.0743759272668882,2.5788312428708005,0.8797635066335557,-0.16606453695445375,0.014269458480670133,0.18255367337111672,0.1083102023100034,1.793785271419904,-0.8499683646788592,-1.3540858820078057,-0.7446719732872144,-1.4294446204338842,-1.550526643691523,-0.9503345555938881,0.9998582967051479,1.894367401998177,-0.9062455897757614,-1.3091216957303022,-0.9178935152960167,-1.7883797768691463,-1.8291802339252685,-0.6373310555538595,1.30521301088971,1.7134670157519014,-0.7611682538804797
Bearing2_2,acc_00658.csv,0.1582592471586546,-0.17992284931699917,-0.1986667532316111,-0.11859025025395717,-0.17504163968069203,1.9128394442592231,-1.2587758315789093,-1.269007427247875,-0.5370620440574569,-1.0519878186586615,-0.3424035237189143,0.31759893968928976,0.9010801142548451,2.470715494188613,-1.285683945657173,-1.6074935737360119,-0.7506173163528614,-1.0798605506671102,-0.7623081303311066,0.09903489826513694,0.9708173234420464,2.549308411665468,0.6850101043844391,-0.1748471981145337,0.0660729620204601,0.07809708751828869,0.08122636658615094,1.7566227885824934,-0.8398228184098541,-1.339672628442406,-0.726131463775351,-1.429238138359088,-1.4706869808148972,-0.7034309989233387,0.8914175104761604,1.8058792568152522,-0.8945642288852745,-1.3088824909478156,-0.8738330457233006,-1.8031406825505214,-1.7081475652493756,-1.015923417137992,1.2537964492188756,1.7954631164129555,-0.7611682538804797
Bearing2_2,acc_00659.csv,0.22902539879518805,-0.18180713507062213,0.05079121891237645,-0.01270979433912772,-0.22385564905761707,1.8079865074220514,-1.2820647332847444,-1.142510694957073,-0.5683513587246477,-1.0499410420780801,-0.37292862312836633,-0.02980165947173033,0.5809625911764016,2.4412812247506612,-1.2706156101526886,-1.503216621911128,-0.7551669274883439,-1.0662320242726753,-0.7666327449117418,-0.061841273264403335,0.7452117933764186,2.5688280434164588,0.6342117295804207,-0.17452028146196324,0.11169226940704598,0.11260781794754174,-0.015737407738275356,1.5417064737745967,-0.5243538921717339,-1.2561155266031006,-0.7149596243190726,-1.3734944976859784,-1.4593325543814566,-0.7993950326354966,1.1140373605456864,1.5583825868396362,-0.7223935131817193,-1.228407363475413,-0.8688222242935657,-1.7850811848866075,-1.6576540722313102,-0.7344690778105815,1.4080641032635597,1.5305710317061982,-0.7611682538804797
Bearing2_2,acc_00660.csv,0.176433355474599,-0.18868711237850735,0.16587836702712383,-0.06565002229654245,-0.1569711751987082,1.956194691353156,-1.3029784372207838,-1.2640246316175432,-0.5304506820299543,-1.0360774543753677,-0.41879305818502205,0.17281237134269742,0.8734723497205489,2.4555991563204382,-1.2722076604946675,-1.6905043694089534,-0.6669095551843208,-1.080218412498105,-0.7753494172479457,0.8607243640978797,0.8141859989863418,2.51874332945495,0.6814900708871576,-0.17382514306668814,0.10980539478816093,0.1853268570663245,-0.019445485393415913,1.652641130759215,-0.5570395164562733,-1.3069640802776468,-0.7243813117852154,-1.3937861397813427,-1.5145703675888091,-0.7497641337370167,1.0392371471540884,1.6601730165103719,-0.7578376813839526,-1.2450437122344828,-0.8623232089636164,-1.7690472489473301,-1.7429863963217755,-0.30778263351136265,1.0263010562116335,1.6588701609031762,-0.7611682538804797
Bearing2_2,acc_00661.csv,0.22169298970170367,-0.13965676496838839,-0.04543832779011008,0.033683055602352616,0.15252323139577473,1.9802388403285025,-1.3071093016827933,-1.2639321413417366,-0.5884344742303314,-1.052498086823102,-0.4081717943829341,0.4276649030591001,1.017473625455309,2.5639356305486176,-1.2552587340956558,-1.6883229555117425,-0.7896108638947876,-1.0892261605397822,-0.771069829751416,0.47300135221961037,0.9417900613803151,2.5547565954533553,0.7584167673092408,-0.16514511909415008,0.04042818784599372,0.09396586088531131,0.11925922239816042,1.8099226658590073,-0.7781438406640095,-1.3751575744249906,-0.7565918463468565,-1.4476338372001591,-1.4976783645982426,-0.7069665708397443,1.1016617547426018,1.7059420104684742,-0.8748907634789247,-1.3505243313300626,-0.964536671879673,-1.795753137891878,-1.760791493537868,-0.2947562322400444,1.2357139872713465,1.652635089815647,-0.7611682538804797
Bearing2_2,acc_00662.csv,0.15068851739248226,-0.1799208016047184,-0.16177381637153823,-0.08622749606090852,-0.21727620468285633,1.8408779991817141,-1.2419064712961898,-1.1830650267383171,-0.504175004263802,-1.048808262031844,-0.31058517737809715,0.3985793421806737,0.9148457370229717,2.413881634611988,-1.216195294950951,-1.5973914632768367,-0.6592716735597058,-1.0786829422106425,-0.731837255877189,0.27664781282953005,1.0398094602601216,2.3798602084102782,0.6514038555816902,-0.1801819578347008,0.01569632539615282,0.03495867448172268,-0.02855885118532505,1.7143374374384361,-0.8217806202016184,-1.3103978569132348,-0.7255253423318576,-1.4120223033167492,-1.4645099497395226,-0.697537237542708,0.978438905504209,1.721436833624758,-0.8774480301312366,-1.3002381024390184,-0.8790292054882656,-1.7564854629478788,-1.7389471314607479,-0.22721112588517114,1.0448665315629537,1.670281942676885,-0.7611682538804797
Bearing2_2,acc_00663.csv,0.18487902269307924,-0.14353678344576687,0.08795874242702839,0.035179599148851805,-0.04829502539437976,1.8149417652519007,-1.2307637591052825,-1.1492618443931,-0.5405607824603949,-1.0364468381677263,-0.4203749099226821,0.3327209499904413,1.1302629274833778,2.3297461348150965,-1.2246114721763204,-1.5793452681143572,-0.7434229451571643,-1.0222587174566218,-0.8223674603982506,0.2847723854244203,1.1670291520431928,2.383363141364894,0.6922807004946305,-0.18819668223288513,0.08323655970036917,0.01169474459414599,-0.1612440906650612,1.6157382957245745,-0.7501009390190037,-1.2681397427377787,-0.7141196854265595,-1.373862972216655,-1.4676623888221556,-0.7819493154621152,1.111375307435573,1.628566768551687,-0.8338392194889954,-1.2391366785041347,-0.8745303472998406,-1.6056895179427968,-1.7064449032522897,-0.5456696915834228,1.3155515531467081,1.514521868641244,-0.7611682538804797
Bearing2_2,acc_00664.csv,0.24652059899787565,-0.1656412184917891,-0.03632855610891317,0.02302018283354461,-0.15061731655150018,1.9175832274289872,-1.3079799641221452,-1.2286687146149335,-0.5545490497606202,-1.0484920178850408,-0.43032577686098655,0.3100071172190012,0.8883364382021238,2.585695710172265,-1.2735805483855116,-1.6453944948646635,-0.7609910450451061,-1.0994945982592974,-0.8047126459510482,0.14199566305339187,1.0526986617446137,2.5382275914420096,0.6886794377942945,-0.17329511119773683,0.16638147936142014,0.11645946196866362,0.030215147441265296,1.6772011837744842,-0.8293844011206117,-1.2901494005748189,-0.7298713273219357,-1.387793735527034,-1.5174114493915487,-0.7304832815482319,1.0650308071281342,1.6957819040785715,-0.8998262236477538,-1.240187800373548,-0.8891153354240585,-1.7809763224985844,-1.732586646176182,-0.4525294500281539,1.217164393888289,1.6395446298572651,-0.7611682538804797
Bearing2_2,acc_00665.csv,0.22028437520157848,-0.2000621660410981,0.032492165254412286,-0.12326694883676773,-0.24492875803955547,1.9170622618380317,-1.2964147819825658,-1.2335990198042546,-0.520997842460252,-1.0317928733979644,-0.4028251435760652,0.19689922897678402,0.8684758562199272,2.54211404540479,-1.2679393221804134,-1.544498809707165,-0.739717190103929,-1.065332927002939,-0.7889690947119286,0.14128018943333448,0.8197948355782905,2.5393765814550786,0.6732519001202584,-0.17749261066508157,0.09542554181721048,0.11938671142471635,-0.03842278276615025,1.6989380130904301,-0.7500509600331656,-1.3194957880681606,-0.7197060164265906,-1.4234283726252634,-1.5175603112581824,-0.8848148771532721,1.1785352933452153,1.6400937226305976,-0.8477523744277722,-1.291513296875672,-0.8927590961159333,-1.8373356620817682,-1.7272396998409998,-0.42820716356932764,1.1815160458841552,1.672581655695119,-0.7611682538804797
Bearing2_2,acc_00666.csv,0.18079856989297544,-0.17580397200992576,-0.019642209500485803,-0.04451134470223908,-0.007190065232945581,1.7841723723035716,-1.2185366148402499,-1.1162805981407793,-0.5316045120048704,-1.0378083135881613,-0.31254896561950246,0.18762762256305862,1.1882781213093494,2.278099698269364,-1.1998501927143315,-1.487117603724449,-0.7276455884436137,-1.0712467302782747,-0.6700025173903367,0.4473155886610512,1.2935267844941516,2.24269166514765,0.677684456644515,-0.15728961415582246,0.1516201979482704,0.2629760005321436,0.15393221295443688,1.6790730984345754,-0.6508327225967077,-1.3259659127576287,-0.7404949901872845,-1.4131284657468528,-1.490949170564981,-0.7102579219513082,0.8504600349442282,1.8224121020556059,-0.7958757337251555,-1.2371745411828579,-0.9267151863493186,-1.7933907246788616,-1.696110454806068,-0.5547258430959467,1.117484659944314,1.7085304321404655,-0.7611682538804797
Bearing2_2,acc_00667.csv,0.21399882328884381,-0.18877024159934183,-0.15656606248113047,-0.08473095251440933,-0.12754648184717943,1.9086694559418922,-1.257989134264773,-1.1918824088564124,-0.5537743878260329,-1.0723714783316494,-0.4007037464945359,-0.04543552326722549,0.9012885088433523,2.514992500408141,-1.239915586430591,-1.5649779832085724,-0.785312765647136,-1.0886692825395636,-0.794556822049167,0.06552533937851418,0.7669295999336879,2.5693569158661984,0.5944940439639941,-0.17626104699264294,0.03933941023593013,0.02617692611356452,-0.03249210955630609,1.6149105942846442,-0.15505778431544195,-1.308930836139264,-0.7312515046356679,-1.410685979150074,-1.4913489609674386,-0.6753747296774222,0.8077063247057134,1.7024090609686526,-0.529420565619152,-1.269897943906069,-0.9109198890194258,-1.7662726555920694,-1.6879017967839014,-0.5125461936974244,1.087362918291112,1.6336678543895033,-0.7611682538804797
Bearing2_2,acc_00668.csv,0.13201570169822296,-0.16890521025941133,0.09514259233991643,-0.14552803409094564,-0.04320988522791931,1.7281614805614784,-1.2659068811345469,-1.053247066768541,-0.4825575929340302,-1.0213999252849697,-0.34338907469496227,0.3221646397235619,1.0892849282988868,2.2955053145112485,-1.2007184005369378,-1.4980036752484696,-0.6383910024581542,-1.076888576252611,-0.6749293244246368,0.573650409071518,1.1063088214729213,2.253206858252406,0.6311050642363206,-0.16618110204129724,0.092969676140665,0.22677054673359698,-0.029097861453817542,1.6477790627391748,-0.8056774355545822,-1.310718390928676,-0.7260590010118566,-1.4097473446599993,-1.4546423782771047,-0.7983524163506746,1.232782034331295,1.5841060797204853,-0.8797164305487992,-1.2512094297552918,-0.9005774127050604,-1.7456169338795564,-1.7638489741164272,-0.24790475101911819,1.2642972116018685,1.5524206864370573,-0.7611682538804797
Bearing2_2,acc_00669.csv,0.2088835454577883,-0.19904616788932536,0.05555927997730175,-0.10942392103164869,-0.2093841820416233,1.8678171458552932,-1.2901960884420993,-1.2320391678699032,-0.5431225765711327,-1.0380347939696537,-0.44087688511611506,0.28858937555637665,0.8205266438682257,2.059381344280688,-1.2422764886256579,-1.6544696877726615,-0.6994508079580676,-1.0648164472694388,-0.7626117972792573,-0.009242929392155848,1.0173998825647466,2.487627891966664,0.5885655010397866,-0.15694082856127195,0.14450544694249343,0.14265064131229305,0.1477108346970828,1.6247727048704095,-0.8000571607255851,-1.316037365197224,-0.7086545440171355,-1.3621953990343936,-1.505627985255185,-0.8188269675218072,1.2490659373527597,1.5256796430321662,-0.8138166235046933,-1.242551575567645,-0.9018715745641208,-1.7216182451494184,-1.7380310051883632,-0.11130618403043178,1.2172632866429474,1.5023277748010684,-0.7611682538804797
Bearing2_2,acc_00670.csv,0.15947406267395894,-0.2173053767502359,-0.03809474275853693,-0.08566629223097123,-0.5291095963605812,1.8151910078788438,-1.2558412271786128,-1.1136692127131433,-0.5156211951060533,-1.0545666008842856,-0.30760284805272065,0.6384200169834837,0.7624662184079487,2.423442073048734,-1.232841445119576,-1.4488487248219082,-0.7488961660459679,-1.0767664041280698,-0.6563540753391525,0.2726967508655743,0.8998869192886464,2.410892755462748,0.6057579574350238,-0.16377536127439835,0.1304592379962971,0.10613705599205671,0.112954668842788,1.656663097000767,-0.7882088852033424,-1.2949674908778324,-0.7229018856875459,-1.4266077218029336,-1.4626071468061468,-0.7083146772434844,1.2652598856249524,1.5288694545048518,-0.8213822040436705,-1.26570734140483,-0.9013376519511863,-1.763864509977773,-1.6985464577203373,-0.6264150847195595,1.5352224119380993,1.481274973427008,-0.7611682538804797
Bearing2_2,acc_00671.csv,0.2110712083589876,-0.21614261408481225,-0.01802439147065955,-0.130936734512577,-0.3090422444983194,1.7728667125366768,-1.2408175418082792,-1.2287203277301946,-0.5022142290965456,-0.9961485515502435,-0.31014856144593295,0.31452274455983753,0.8465259161011524,2.4551789336566414,-1.2437045058794078,-1.5543096580915943,-0.7037652297266358,-1.029223815080733,-0.6836369584247683,0.4946755811663683,1.0485827080389902,2.377651785355785,0.6818633922207455,-0.17242209351821855,-0.039392282199245884,0.15574623098410775,-0.012620359413695999,1.608973372620584,-0.32218957510486546,-1.3267850418700067,-0.7098388466754767,-1.3676390809457795,-1.430767737614231,-0.785685684760098,1.035468390780715,1.5671145211768627,-0.5931280606072596,-1.2504960875397273,-0.8909533194468333,-1.7288208179935267,-1.632783964853428,-0.519972287745146,1.4014935537315163,1.4234999765053105,-0.7611682538804797
Bearing2_2,acc_00672.csv,0.22943560237263966,-0.18854186150127114,-0.09474701032038857,-0.07593875917872549,-0.11934953334998909,1.9936371216085842,-1.3078647403068295,-1.276903735287642,-0.576877501289014,-1.0138546235389252,-0.4059261659817937,0.11469503925734485,0.8429462908694308,2.539412079540184,-1.275964443524483,-1.7087075103531575,-0.7644155178427298,-1.0756594779463358,-0.7692017954375028,0.8167652013381398,0.9231235514942399,2.549304345884536,0.7315117784873185,-0.15396477061684638,0.14261402110511107,0.25265359455553665,0.11946780869440757,1.741002235890172,-0.6573786148393449,-1.374433588630015,-0.7417603778786799,-1.3760123081080118,-1.5210512695618832,-0.7935650920937134,0.8141561568221798,1.8867552577244329,-0.8105292814171692,-1.3117949814268055,-0.9231081908243388,-1.7544318277337703,-1.747666144291956,-0.5778084029284097,1.2097247537113145,1.687861389996699,-0.7611682538804797
Bearing2_2,acc_00673.csv,0.23166955251127574,-0.15865237184130346,0.11445270074776759,0.01703400864754717,-0.044615064402236275,1.856754808959277,-1.2954501866047465,-1.2167178080981649,-0.506761750598658,-1.0402680029587745,-0.37915734054789224,0.1330572898164117,0.6953739674863778,2.594813276270799,-1.2675702060129102,-1.6451304169377812,-0.6581259987669993,-1.0781375762167096,-0.7634080724978145,0.381021796855655,0.7490723594784301,2.5458415859753183,0.6944225755394323,-0.15754746035004705,0.07519172712576327,0.2586621592284869,0.12283450400361166,1.638942953538288,-0.757452330921052,-1.3240025864938652,-0.7147429255980158,-1.3604594987359142,-1.4684074533218046,-0.7510988285590747,1.083977589807794,1.649015446529889,-0.8379636492020018,-1.2566135134216743,-0.9165145826499118,-1.663681354226615,-1.7577123531561136,-0.4613001778575795,1.1910161322012143,1.6248277879190611,-0.7611682538804797
Bearing2_2,acc_00674.csv,0.23984020425915747,-0.16451800632287206,0.06177945309882817,0.04939676284059581,0.05095377814331249,1.9585855202388378,-1.2930821521923304,-1.2801233341043088,-0.5782116275979816,-1.0535727794392598,-0.31667503940965686,0.011135487409679725,0.9042787247691988,2.5627496558743763,-1.2628584092608404,-1.731074496185785,-0.7890454269768296,-1.0245301087415637,-0.7603895276946987,0.3931722202344475,0.6645546461909448,2.663407412338493,0.7049519719659904,-0.16799548464190664,0.14175728246697902,0.0694694049109756,0.055838947626194534,1.6887572053628026,-0.8218949813193304,-1.3287086906915984,-0.7237170533115781,-1.413704404464463,-1.4546849249617186,-0.8448072763291157,1.3227675475692267,1.5313777338674173,-0.8885102953978242,-1.2864438861148242,-0.8880169541665688,-1.7742803768676234,-1.7138804058288903,-0.46701863903075475,1.7217611180384853,1.3515435033668861,-0.7611682538804797
Bearing2_2,acc_00675.csv,0.26381682813321017,-0.1575488383812877,0.016002619852571346,0.059685499722778854,0.07697510241333917,1.93191823001308,-1.2783554109168438,-1.2535683115903615,-0.5810630584687244,-1.0670560991382767,-0.4517112377221198,-0.0014725540436534078,0.7351984160023357,2.5049072503900502,-1.282582760594215,-1.667637538214318,-0.7681744832941844,-1.1176911722978848,-0.8621402626180652,0.14077959156335793,0.6490110995611179,2.7005497695007508,0.6768900369796083,-0.16600640735901595,0.03228725550441432,0.16745522880831848,0.017740615828502247,1.5986673012146437,-0.5930518584924812,-1.2981179257085063,-0.7243275947113479,-1.3995323356821914,-1.4727972629576787,-0.7077380368497068,0.9799814483925688,1.682330248634395,-0.777513760887135,-1.2313232010724366,-0.9088513575159352,-1.7588017294432656,-1.6586082683246348,-0.16818253203196087,1.1672233420611509,1.5240296455608655,-0.7611682538804797
Bearing2_2,acc_00676.csv,0.1539559356935958,-0.14659325246991806,-0.1271428216188681,-0.03553208342324292,0.09939830367970531,1.857011746674142,-1.2615890081428658,-1.2042855263317276,-0.5648846875657814,-1.0374282007971565,-0.3888102923705585,0.18278473881861093,0.7709062729695333,2.406530180426083,-1.2484393982134812,-1.5491314299063705,-0.7768770533513584,-1.0960918574598963,-0.7142510544766508,0.057573009474195434,0.8791152089596744,2.5240965925018175,0.7248102733912944,-0.15779901451086986,0.06226520434480264,0.24032833368794634,0.09763009101184816,1.6547466466235752,-0.7661005338273615,-1.318070235056422,-0.7498901870002836,-1.380599682449322,-1.4885116058019645,-0.7033695992644019,1.0075316608365659,1.7236789584966528,-0.8499446522529616,-1.2718581758034606,-0.9347160314233801,-1.7980880741344882,-1.707543469314074,-0.5444156704829337,1.0228440398371645,1.7922263065880797,-0.7611682538804797
Bearing2_2,acc_00677.csv,0.19584936313027743,-0.16517788144460846,0.013497429952057022,0.020401231627170686,-0.0744864510921924,1.8138561850964017,-1.2395843343285058,-1.228740832257796,-0.530402110036106,-1.013192565440618,-0.3792165693734945,0.07735651416605165,0.6256948464766162,2.3385884380422923,-1.209886561374429,-1.5953604992033648,-0.6814886632809449,-1.0372053724239019,-0.7516791238800941,-0.019464943008309442,0.8062710327484262,2.4758742988728946,0.6723396532386682,-0.16289275989544558,0.038470288593010465,0.27514719563888895,-0.01785307971018855,1.5493234664287232,-0.7629544910528187,-1.241911706005844,-0.7053558908377268,-1.3679152158021923,-1.4038633445114517,-0.6690181939349692,1.241631369048353,1.4573851224074363,-0.8151700544223475,-1.2050325005976839,-0.8756001808167745,-1.6743990119674281,-1.6944138021012494,-0.02540023727990623,1.369296133537254,1.3351246787234763,-0.7611682538804797
Bearing2_2,acc_00678.csv,0.15983272019925163,-0.18974821285656443,0.0006142699895404925,-0.004478804833381156,-0.39968829127712674,1.816022341217192,-1.2600313321045773,-1.1644228740465667,-0.5088128026752884,-1.0138979140436086,-0.32155711592868463,0.24426388339140045,0.8555246411430998,2.430632237564808,-1.2284411582680383,-1.5106264318122873,-0.7247293442981323,-1.04464751603452,-0.7098062631807239,0.4836308880596098,0.908346829244728,2.402562957527807,0.6434972585743324,-0.16976039603362472,0.11406200062443549,0.22569208640768287,-0.02799014749037744,1.5916847847609537,-0.7901590541483033,-1.3185844744435564,-0.7072693090875731,-1.3525333857549278,-1.4043780166737205,-0.7994523510703859,1.5446823685411328,1.215421093520246,-0.8537482342636209,-1.2146683854348659,-0.8970484949101993,-1.6888828505137001,-1.633399516500884,-0.5494079121533173,1.8753369264565896,1.2046673819369254,-0.7611682538804797
Bearing2_2,acc_00679.csv,0.2640230208495087,-0.17608081955396898,0.3429731565712121,0.02750981347304269,-0.07699953478669934,1.9342579853409931,-1.2845914437620425,-1.2770360361043303,-0.5387670334741329,-1.047402188066978,-0.3468521709394679,0.08099707502843792,0.9319545160212989,2.4482132963900454,-1.265469050693743,-1.6292878670754416,-0.7510429317190461,-1.0566434935302818,-0.7307492446202553,0.04997627426126247,0.8424723202227722,2.5735935753789025,0.7277711405823906,-0.16825584421565942,0.09204829241566528,0.16992028098183667,0.05153841271016394,1.7214039034177486,-0.7737101175132703,-1.3161770909916395,-0.7558262927869457,-1.405500070864499,-1.45499933941085,-0.9698258299792245,1.272542462741581,1.6152804610719242,-0.864027293379717,-1.2535583849699312,-0.9393634636483709,-1.7635039962773078,-1.7288689737350869,-0.5205872866564656,1.69428654366983,1.393306374358263,-0.7611682538804797
Bearing2_2,acc_00680.csv,0.1429208799035492,-0.16823156681748622,0.3244670337430445,-0.037028626969742115,-0.1415253517452338,1.8382244135097086,-1.227831728444343,-1.2249087223317607,-0.5443963391052461,-1.0226308447051957,-0.3306258216857197,0.3127804015458257,1.0628704165231473,2.3969615580471517,-1.2210391359929074,-1.556512706602381,-0.7792395089227162,-1.016036540559573,-0.7176134486237038,0.265338707973308,1.160715594137114,2.37720070418025,0.6868206357491159,-0.15933496751516385,0.14315852524514872,0.21367495706178227,0.0739577837145241,1.7163543485046702,-0.8084525123969305,-1.3684329208442414,-0.7301798735349541,-1.3809316019691578,-1.4675349871418044,-0.7894373791727515,1.1909356272790617,1.6267454035986613,-0.8902241995347033,-1.2916270742005063,-0.8899579181652163,-1.7413457128818002,-1.7339321127455136,-0.34165506974348964,1.3957704203773562,1.5004536185957722,-0.7611682538804797
Bearing2_2,acc_00681.csv,0.1207538778159536,-0.1537532613749105,-0.1531111240706489,0.0778310902240835,-0.04741167414845544,1.8216085860632867,-1.2248381503705235,-1.2010043004298467,-0.5413324953917993,-0.9799007932944269,-0.32326678098857453,0.6249321660824324,1.1662000934991492,2.3036387780950283,-1.201937727584316,-1.5900814251235884,-0.7377169291432907,-1.0469006654810948,-0.5887176278333982,0.7359908952984019,1.1483151751383418,2.306206002132734,0.7303219520268195,-0.16487054262650935,0.06102378917753972,0.1403396548996199,0.0515792095841365,1.662558265304549,-0.821396269102508,-1.3190234336556959,-0.7232802753838351,-1.4041682180832287,-1.440449076533697,-0.6666359234998382,1.1426224260139872,1.602133597232724,-0.8743672632814543,-1.2778480656386322,-0.8825368065814493,-1.745106200730947,-1.686623127261061,-0.6766281250402613,1.6610961845046956,1.4207779585029099,-0.7611682538804797
Bearing2_2,acc_00682.csv,0.18415078593361825,-0.20199334347619258,-0.003882987349965538,-0.1354263651520751,-0.2641986840353867,1.871047274754585,-1.2569583676816094,-1.198848959862493,-0.5110731752749915,-1.0119405393348966,-0.35633471361127783,0.2109335416163371,0.5929043554051938,2.52255135729458,-1.2044937634350472,-1.6462219563986022,-0.6964353604959749,-1.037474836351627,-0.6920491574107531,0.041678882328718136,0.6101503191612476,2.551321317461849,0.5921638311038937,-0.12379677068367931,0.04685955211552661,0.27021709129185284,0.2939474381768828,1.5015333956050572,-0.1892741720857738,-1.2660547464647218,-0.6970063433280729,-1.3529160137868894,-1.3886596825656259,-0.45571979704624394,0.7134857983966606,1.6011028254272468,-0.5402056744762926,-1.1994349287605186,-0.8893253452386959,-1.6419912714592049,-1.6188709564824073,-0.25528466687690743,0.7470771306518292,1.6590252051389291,-0.7611682538804797
Bearing2_2,acc_00683.csv,0.126925976969624,-0.1948350855582761,-0.09141607946527035,-0.13486516132213763,-0.21184661313134007,1.7398865795693812,-1.2543532401328095,-1.0532381477878214,-0.47658176172426486,-1.0307054066731913,-0.29829548974499626,0.44855297345299916,0.7514802923380469,2.3908537426263807,-1.2340321243773786,-1.3531979267432752,-0.7247337103206976,-1.035511993685393,-0.7107962486828179,0.43323469851890783,0.7169403172549703,2.3986232826380554,0.6447910674909113,-0.14801902389603153,0.04751180780019223,0.238171413036118,0.10725680058291036,1.5100296081523354,-0.082316676578285,-1.2873135105344748,-0.6898310365619105,-1.3719770857689475,-1.4238454995113452,-0.5975214568987016,0.9594858416228624,1.4412166893013754,-0.4982466590169555,-1.2521151376407635,-0.831972219732187,-1.7019669260564192,-1.6515756332496465,-0.23979849335665712,1.0442534057799795,1.492936607759318,-0.7611682538804797
Bearing2_2,acc_00684.csv,0.15884029071413444,-0.20446236226568895,0.1733275156708669,-0.14964352884381893,-0.3237595508030166,1.8360602801712371,-1.2285813438371196,-1.1636636174698263,-0.5298905251941857,-1.0330338616555468,-0.3998681074052042,0.11493214754624148,0.5317888844381152,2.3991452450915953,-1.2082695723671506,-1.526728807226691,-0.7090137553659536,-1.0169750502047092,-0.78983419461953,0.6084999719426045,0.7284645352149541,2.430471426904715,0.5942997053813082,-0.1650426374093108,0.09546374153821643,0.1384908657694814,0.04185393822149709,1.617715453836132,-0.7454637366227207,-1.3269683538452852,-0.6925253351835293,-1.3781469589294328,-1.4680499910731255,-0.7584034101992453,1.1632621773132301,1.5883923275205754,-0.8321832335498287,-1.2535411009275086,-0.8827516675629323,-1.66577699471443,-1.724983938625195,-0.16295557847862574,1.0489965409266375,1.5892371066579518,-0.7611682538804797
Bearing2_2,acc_00685.csv,0.13725910833179353,-0.1848941575296176,-0.09908756448253514,-0.06808190555960388,-0.2338672835938784,1.8879466849308875,-1.2238356923406444,-1.2602493976678495,-0.5078111745873197,-1.0445007406434164,-0.29229890867342034,0.30526942691349773,0.9907713431832644,2.4161900094769266,-1.2312950505265632,-1.5608993862717195,-0.6942340850593357,-1.0868888291548737,-0.6801105295009494,0.20976943200342604,1.1258131408199608,2.371404892690407,0.6746377382686296,-0.16437623147581942,0.059074710355704316,0.15281898152805515,0.05560804765065866,1.6094643559298574,0.07624151905421073,-1.3261680377687153,-0.7260371929877281,-1.3832904001922661,-1.4579020396629874,-0.7780272287686287,0.9648371508529857,1.5407382537362562,-0.42133835779119755,-1.2843787087933451,-0.8747759329701522,-1.7877598266535648,-1.669100496181224,-0.33922151526681654,1.2481879022374653,1.4496386732926767,-0.7611682538804797
Bearing2_2,acc_00686.csv,0.2055902176611347,-0.20050951913190912,-0.16717378679561118,-0.18574764190311596,-0.20518570297970717,1.8681203289683126,-1.2216391918981142,-1.2064745132437318,-0.5558086878115247,-1.0397228681233863,-0.380846016782058,0.15746583375520504,0.6402723072788437,2.535675402839416,-1.1694654678552874,-1.6664627808459644,-0.7528249856240473,-1.0796321820267811,-0.6903350491195492,-0.028852029151507565,0.8810385132656191,2.478791277605737,0.5131836123936059,-0.16072802421694485,0.08733563870965469,0.11676759349035348,0.10000554448088556,1.5782278318179084,-0.7650859179287862,-1.2700327585031457,-0.6867087306184103,-1.367775966506471,-1.3824000169044062,-0.6898672268910111,0.7022733689357618,1.840426526303837,-0.807647888862956,-1.1984839169341885,-0.8451221277567553,-1.6946376057975534,-1.6484250416716295,-0.6203621330533211,0.9051446356435467,1.7548780045533132,-0.7611682538804797
Bearing2_2,acc_00687.csv,0.1713807050791968,-0.21461383753795876,0.13739025785425277,-0.11073339663483557,-0.3822770949409117,1.7807091306479237,-1.24976722338692,-1.1731384188477463,-0.5088025430080653,-1.0201171486751006,-0.3075445743793766,0.3148697361568198,0.6788023028235267,2.351462436746287,-1.2437137403363647,-1.5546895578943154,-0.7069493757105958,-1.0119195437511783,-0.6879386930742664,0.09353436061647837,0.7226756618149996,2.5125720319467524,0.5170668476048194,-0.1461209963486107,0.08254010225162547,0.21629407499614514,0.13966665171003154,1.5428131466541855,-0.7777655793989917,-1.2789594618805948,-0.6950933124073226,-1.325194350639665,-1.4150908114494838,-0.6705992662666519,0.9423162380922906,1.6524025368749322,-0.858356279159918,-1.2197970067067627,-0.8483700868241104,-1.6430074978030018,-1.6374943173702488,-0.7475583636553798,1.2850871717581838,1.5707700631751211,-0.7611682538804797
Bearing2_2,acc_00688.csv,0.1762220925032833,-0.1521258762730356,-0.0838090015672885,-0.03478381164999316,-0.03169512676106621,1.669423076389883,-1.1819811276417151,-1.0710781890825058,-0.4828600396191887,-0.9987196049682836,-0.36210086861954743,0.2976268614138073,0.654386823455262,2.3658781612791486,-1.1416710943927948,-1.4730802959176779,-0.6704125253967662,-1.0077225614267162,-0.7170471911102572,0.254911516050593,0.715784805256459,2.333841258083015,0.605172979784161,-0.17480962612618303,0.06742454402025216,0.05760634132591992,-0.039902436372160024,1.5752738107651243,-0.44287338269353815,-1.2659006990826709,-0.7059848172218173,-1.364925586433327,-1.4562325997217933,-0.7918139678842707,0.6293165379609016,1.8851452254403631,-0.6916524549879945,-1.2192452158405123,-0.8821873761437556,-1.6870503043960223,-1.652523766265656,-0.6933847757868042,0.9260621227473166,1.7555857322595805,-0.7611682538804797
Bearing2_2,acc_00689.csv,0.1617792975397807,-0.13999251440459048,0.027021620278003977,0.03237357999916557,0.07254919697734706,1.8311608511189412,-1.2648891078301479,-1.2778240305203832,-0.4842067321546591,-1.006687578452918,-0.33964199845609294,0.48236773001591493,0.6721097181664802,2.563552006468906,-1.26186172443841,-1.6055626054208638,-0.6893460244008811,-1.00666695434165,-0.7481306419859564,0.29796889350802364,0.6161080406985193,2.570562224878164,0.6206397100470349,-0.17325605050932202,0.06704744022897051,0.00907562665978313,0.056148429446294695,1.6452757568346048,-0.5849597956708906,-1.3127147870748275,-0.716650740724442,-1.3705909316513332,-1.4468216651585797,-0.6748835653341332,0.8742477895450854,1.7188279179592283,-0.7640971334680109,-1.245508596917565,-0.9122095069897475,-1.725050758270647,-1.6710356060061988,-0.3364093353325233,1.0206316590961477,1.6531264789152538,-0.7611682538804797
Bearing2_2,acc_00690.csv,0.21665623198960038,-0.1726767313812063,0.13663203073563454,-0.029171773350620517,-0.1242898586213777,1.881076836131038,-1.2457454382425797,-1.2233156745201674,-0.5310253043947631,-1.0683698995429833,-0.2862777983679321,0.20711595690200943,0.9657875823882237,2.4373450451674246,-1.2489881485559076,-1.5564491252301376,-0.7650742090207235,-1.0148224271057562,-0.7925387379813743,0.17916543645367655,1.1545108879806545,2.418629930130416,0.6268671150542102,-0.16984832187304644,0.12121367638491479,0.16637676848240437,-0.011155871871442178,1.5858990500769874,0.2214840745747873,-1.3276760890733819,-0.7161811517102378,-1.3940788537819317,-1.411823943685036,-0.7235373916039202,1.010308338042126,1.4147286599487727,-0.33316999788868945,-1.2903293327978298,-0.84613850542915,-1.7077558384059464,-1.6976471785607818,-0.12270252695127926,0.9987149485342598,1.4766827088766785,-0.7611682538804797
Bearing2_2,acc_00691.csv,0.10798601016138022,-0.1706385044921245,-0.156471816121784,-0.1511400723903183,-0.0760271044067507,1.8083556977652613,-1.249705342157688,-1.0834078861205214,-0.5255858680552463,-1.0001173316197582,-0.27493766112319595,0.09843273481554717,0.9863183782315771,2.3557840612103744,-1.214220571063073,-1.51021150277078,-0.7048625534564453,-1.0040173072848246,-0.7149711497623193,0.2598646606600872,1.1247827346095909,2.318810736256844,0.5690211689872239,-0.16617446961593343,0.08339744184178087,0.05853073589098923,0.032556755167285706,1.6444163657938604,-0.8301795433703609,-1.328671109159567,-0.704485226973487,-1.3644693072367704,-1.4532324809372046,-0.7206143710058612,1.2607597002533426,1.5122517189657956,-0.8990845040515035,-1.2531098758327,-0.8902423201316226,-1.7126761521342402,-1.6808463863062388,-0.27835505254671633,1.3592403186862332,1.4658145224123411,-0.7611682538804797
Bearing2_2,acc_00692.csv,0.22758464918518123,-0.21034755076328535,-0.083159993817336,-0.0796801180449738,-0.3172233690205733,1.821432929917107,-1.232715679892048,-1.2346821399516779,-0.5438390243941764,-1.012184220859235,-0.362772551001933,-0.06451319209434779,0.5451901359810766,2.488215842275425,-1.2086220916381498,-1.634317315313494,-0.7453904548983251,-1.0317097293426574,-0.7318482461183126,0.023048268629461143,0.6925277427650179,2.554766061114208,0.6440881672918862,-0.178025350425236,0.029700540133509843,0.20966924727981545,-0.1497518464269377,1.5402384734014858,-0.46629680791424105,-1.262718067293381,-0.7192931328372134,-1.3835221435209564,-1.4222296119655942,-0.7886995326437284,1.0396106634903826,1.556965135113512,-0.6907164007589309,-1.2225947771734071,-0.8206571491781135,-1.6984149454387245,-1.6983358868412561,-0.4458964920584725,1.1370094473824124,1.5532152595245565,-0.7611682538804797
Bearing2_2,acc_00693.csv,0.1628837023432602,-0.17124155296519075,0.05718103669437104,-0.06565002229654245,0.04591685545497722,1.7232737488432661,-1.2031814572440687,-1.0091208869750288,-0.4943070618523135,-1.0023459212518364,-0.36393569156796257,0.24722804497874087,0.7474810992867925,2.296584516599809,-1.1768267751444041,-1.3060451783971148,-0.7089467622039769,-1.046391970264465,-0.721056375616038,0.13970167591568347,0.7027495377300291,2.33660237675287,0.5057508172144866,-0.17555026285989864,0.06275150020207965,0.168225557612543,-0.0473332494743426,1.4737716597904373,-0.595578998384478,-1.1925728775754862,-0.6751905007358189,-1.3619827761133918,-1.3649302709989077,-0.7391268120429376,0.8677196188246916,1.6591644618502583,-0.7399759013457315,-1.1571248404963577,-0.8333080873936565,-1.6623980914871461,-1.6586431002114377,-0.43388844254342857,1.0182671610790615,1.5926190296000329,-0.7611682538804797
Bearing2_2,acc_00694.csv,0.22671867934060336,-0.14415905246999622,0.09414452790820262,0.10233699079801054,0.06482746778700778,1.8787067362018857,-1.2683483917022225,-1.111561287593727,-0.5337268720906296,-1.0588750332562917,-0.4103695530286814,0.1208628881082189,0.9103109595181835,2.4578786214321924,-1.221396014847944,-1.4892504978770473,-0.7586193446070854,-1.0852069011224073,-0.8288877870530886,0.13375844186148741,0.8914722360753499,2.458143505371219,0.5679698816922457,-0.17728700050461646,0.06448973593787619,0.04389448861072563,0.05095608364346711,1.5823156714695545,-0.8007322517530548,-1.2221581880286567,-0.7167622696569459,-1.340863951256885,-1.3922334696638379,-0.6767376964299792,1.0935728754813667,1.545932078740787,-0.8329202422026883,-1.1741604032487698,-0.8506804203104575,-1.698214258183977,-1.635886647767847,-0.683041187832606,1.0987764770561967,1.6612534176223612,-0.7611682538804797
Bearing2_2,acc_00695.csv,0.13346055540597193,-0.14358212787576302,0.18664930342379107,0.021710707230357732,0.044563963732085876,1.87069658775669,-1.2595463686584227,-1.2247728741123536,-0.5465574432961579,-1.0242542038036864,-0.3039045488458069,0.22039147663346187,0.7938321518187537,2.5361961490869045,-1.257732384914233,-1.5861437199829311,-0.7419609087453806,-1.0466267067363808,-0.6938584950316854,0.40762479908009897,0.8241817402055737,2.510527145934389,0.5591518552983838,-0.15727673804458508,0.15688225393948116,0.11692165925119828,0.06792757573451592,1.605619552557747,-0.7849903780293491,-1.285534216445269,-0.701895807313035,-1.3459132898170207,-1.452702001951101,-0.612814086913642,1.1893381562539982,1.4637196484336092,-0.8577044873851618,-1.2681876283118265,-0.8355732620441784,-1.7187504826318987,-1.688215922024783,-0.20141272060108673,1.3673181344691072,1.4117129192682103,-0.7611682538804797
Bearing2_2,acc_00696.csv,0.12758009341803977,-0.1507301459986168,0.16292086606363873,0.04677781163422189,-0.07008353651758978,1.7499456187785358,-1.2101775872298617,-1.1246570383573706,-0.5468441763285194,-1.0391973240289034,-0.230656245124735,0.3224148691590469,0.8011501522457714,2.38901537365978,-1.2118669454038242,-1.4613902240735896,-0.7531633693242279,-1.0296108076311883,-0.6375063258956186,0.2774915449017469,0.841252246049549,2.402472868736183,0.5551849707463175,-0.18271279822105213,0.1649329395207485,-0.03005707659481619,-0.11998630203284004,1.4649461740335763,0.3482844332964678,-1.2625457908494586,-0.7023409594518367,-1.396793648221193,-1.348977211393639,-0.7008419269783381,0.9951230802323584,1.346834911843256,-0.26466838201958287,-1.2241071346017927,-0.8363121738131489,-1.5695252368384798,-1.6323914092449021,-0.7339220490378477,1.2417177217846234,1.4071862717084416,-0.7611682538804797
Bearing2_2,acc_00697.csv,0.2095027085365836,-0.15929545960649114,-0.10665973163018659,0.13151958995474813,-0.17908256411892678,1.8136722122511126,-1.259866753397169,-1.2263786530887095,-0.5234174839894843,-1.0066595238277982,-0.31304539227336475,0.16561654618024776,0.8395695648908841,2.4185964614921276,-1.2479124227915275,-1.5641038648379735,-0.7421150182906358,-1.008409391063032,-0.6767775065629121,0.13501211632719215,0.8144174762689568,2.50537857079775,0.6046930545318001,-0.1649394749782771,0.023760518382137975,0.09951222827572703,0.087632468555996,1.5866034736104124,-0.603410143530166,-1.3117066952614058,-0.7118333058193015,-1.3319877251439418,-1.4409099504929643,-0.7544732020420333,1.0664171537017217,1.5894105734519954,-0.7688427751837286,-1.2886899598370078,-0.8481380215899981,-1.7312933422210957,-1.6283514391244807,-0.3461729709927474,1.1494215828841925,1.552048627519887,-0.7611682538804797
Bearing2_2,acc_00698.csv,0.15777987886664213,-0.15699162017187734,0.20550491376920318,-0.07369394385897653,0.04241519206906714,1.8080321771202363,-1.2359387640915065,-1.1633952398616307,-0.5027024534012254,-0.969341101634778,-0.30623544791457125,0.40946115800636185,0.9373327231346673,2.3712192360825295,-1.2248297469519767,-1.4778512499799066,-0.677332196533684,-1.02130548508788,-0.645286739229691,0.1904614139651833,0.926649493006156,2.364732243011919,0.598854310036735,-0.16389614217035622,0.1239068496025014,0.28731839074563437,0.005502710566954362,1.5730907054812355,-0.6402835256060856,-1.290510521721275,-0.6921572410124411,-1.371051280276512,-1.4638319598398235,-0.8057443955369442,0.9326499521110184,1.7251583497456202,-0.771186525816961,-1.2326840169837228,-0.8669913334727177,-1.7576345733104346,-1.6220450302218152,-0.45824829085664437,1.161858028270278,1.580332102700384,-0.7611682538804797
Bearing2_2,acc_00699.csv,0.08487598525912299,-0.1696569616489053,-0.30290335865991275,0.04883555901065853,-0.13955197679600392,1.746619156634853,-1.2053057348865717,-1.1088383067316194,-0.48528761943917165,-0.9250270413167984,-0.3027821022162699,0.3864675998653431,0.9155929859259174,2.2300699361645338,-1.1277532162301696,-1.5383787468573018,-0.7119372393449102,-0.9359758851295645,-0.628252013428916,0.15368476465177325,1.0458815446232657,2.249604923885316,0.5414628186402242,-0.17125662292143837,0.14144790213221567,0.17531258261140734,-0.0363529317748044,1.5858508340949153,-0.7372191419373956,-1.2794658818913394,-0.7200145867249775,-1.3021651116855264,-1.44598024094512,-0.6508360901905175,1.106567348254337,1.5249397555691757,-0.8017001563083973,-1.2669274470510041,-0.8341953609811872,-1.722926341263133,-1.656874725180052,-0.1053851246703255,1.0424593485793021,1.5456820387517711,-0.7611682538804797
Bearing2_2,acc_00700.csv,0.1751829342654957,-0.21857425119391383,0.007927174825849764,-0.13392982160557573,-0.455971643777469,1.7486617159711277,-1.2227627457864787,-1.1388318240452031,-0.5005448892713168,-1.0297896011742316,-0.2754284025334095,-0.042734761843152606,0.5237162224803507,2.522678264940808,-1.2084372411859452,-1.4705395910264485,-0.7095443177043124,-0.9652541388037296,-0.7510654031060227,-0.06752034762586573,0.5466842980475404,2.5029269717396048,0.6057163254994302,-0.16964681602684634,0.04652324530522268,0.21629407499614514,-0.05898756667417547,1.5514311273859946,-0.7846788763970575,-1.265385040228765,-0.7106954374556053,-1.3346416367500467,-1.403417770935184,-0.6063917809515934,1.2620628468401942,1.399423798746575,-0.8468623820246753,-1.263460412323823,-0.8345100172795921,-1.7070935959733755,-1.6425609353380666,0.03732827423595787,1.3301544549646342,1.3367027446752893,-0.7611682538804797
Bearing2_2,acc_00701.csv,0.21855241233272285,-0.17606026394630772,0.14057853954827793,-0.009716707246128999,-0.09226469786635116,1.8565599769684347,-1.2830961051608545,-1.2453220209308846,-0.5015445065402558,-1.0374590048973236,-0.29097020319339234,0.1952896237757389,0.7769319405264636,2.497439667222961,-1.2796838149475398,-1.6115460555648222,-0.6828861755887045,-0.9974568857692858,-0.7827954975498161,0.12113703127522446,0.717878207854639,2.5743973192635794,0.517563013338851,-0.17685187330707824,0.05773985498112316,0.09227113751601762,-0.0029501795626457883,1.4801326377010284,-0.45956029645124785,-1.292603343299655,-0.6686005669818513,-1.3677312908458905,-1.3041797142225944,-0.7382545578016556,1.0137174063894028,1.5131717220139507,-0.6699484963411532,-1.2058855970440483,-0.8587442938345942,-1.6450458022500387,-1.5889245289595644,-0.6512935148349622,1.2569944212340391,1.494318465676985,-0.7611682538804797
Bearing2_2,acc_00702.csv,0.23803372363290673,-0.2105927459273352,0.07817013501862383,-0.06976551704941572,-0.3915774235257221,1.8796686646699363,-1.2418461157934815,-1.236726726754262,-0.5462503873476983,-1.0255137372288436,-0.3770000183859963,0.010292625307342979,1.0475469776705824,2.4477387519409404,-1.2420732877660043,-1.5929627249958258,-0.7565583846757262,-1.0592164089886662,-0.7620429682662109,0.17863802313627986,1.13458866277268,2.4347550915009486,0.6799148103778389,-0.16613178379705407,0.1039464716495202,0.18717564619646315,0.047189280231244454,1.5812595360437292,-0.7288157011613104,-1.278090227537462,-0.7218955613361232,-1.3690612112595923,-1.4456235254551328,-0.5943494092218998,1.276151661693824,1.4240549411374528,-0.8022308434762206,-1.2523066402141505,-0.8755952300682716,-1.7000620665292727,-1.6998726988573052,-0.9145862344875251,1.558232350258982,1.5119113190898013,-0.7611682538804797
Bearing2_2,acc_00703.csv,0.09331743790143837,-0.17900177148500335,-0.06791325105597094,-0.14347028671450918,0.034078205236931204,1.7326824094952316,-1.208987261063864,-1.0668895771140903,-0.5067400595579727,-1.0043519500702602,-0.2384404593497735,0.5558009153706902,0.9624930132978233,2.1916084257129524,-1.1857338019779322,-1.4451205176463766,-0.6906013802862729,-0.9658464837810031,-0.6900261783504504,0.5803398127597625,0.9399405699208772,2.2715479145950326,0.6074648652760248,-0.15836299732592138,0.2120702357311529,0.2577377646634176,0.04773014674375682,1.5996871790035316,-0.8130678336985735,-1.2797799665289356,-0.727887252861073,-1.381129690007403,-1.3734662626282244,-0.6196208364707011,0.9372840898745858,1.675238496152586,-0.8601891534888467,-1.246733884265032,-0.8910531097588872,-1.680674644468261,-1.6284040897340315,-0.013269776500851711,1.0663339673938532,1.514217103490168,-0.7611682538804797
Bearing2_2,acc_00704.csv,0.09841792965178395,-0.13409077556661955,-0.3523749331065779,-0.059476780167232686,0.17442614822544736,1.780103581590593,-1.1855216899892895,-1.1924350620009985,-0.5012228606010423,-0.9668918666384488,-0.22336449271115041,0.3023022898831688,0.7479933361319272,2.3887650560841265,-1.1972266115669177,-1.489153315750094,-0.703469701877108,-0.8935166065544414,-0.7175113755751567,0.20355540874858905,0.8065820492048896,2.3738172347197706,0.5867956483653886,-0.16785122650728856,0.02374592867395122,0.1030557407751592,0.0378609740952597,1.5665892683499407,-0.7199817555385479,-1.330793570229396,-0.6814687813707865,-1.2929249877688587,-1.3912183499236217,-0.5120121600687693,0.7349095641117935,1.7250327823209124,-0.8214369413831927,-1.2661230233719976,-0.862877644210654,-1.5840690755090838,-1.6898689478801296,-0.48964976303722807,1.0681278016587554,1.6255305082351172,-0.7611682538804797
Bearing2_2,acc_00705.csv,0.16907454157895102,-0.19315328292737582,-0.011272155380138475,-0.14795991735400726,-0.23095575395873919,1.8779620033026883,-1.2865099854348474,-1.2414282555701397,-0.5520351011554516,-1.0179776270150809,-0.35072839677595524,-0.0312637626979003,0.8736270844583466,2.4143775032306447,-1.2392350680228081,-1.679190468154972,-0.7612152272804119,-1.0317822225739695,-0.7875887778496203,0.13348846054955077,0.9383616127303155,2.53770658145881,0.5754072690109074,-0.17819997869523324,0.13642453493554443,0.03295581959073927,-0.03419089036930002,1.564782869657263,-0.8258933615823154,-1.2785162370186907,-0.6697859679115965,-1.3484574450475717,-1.4733580490420093,-0.8302358828974261,1.218986660249226,1.5596950577531903,-0.8900014274069862,-1.2221928607880859,-0.854779496990866,-1.7438284887493403,-1.722598342758531,-0.4581582164788879,1.2683944901579298,1.5722002586686084,-0.7611682538804797
Bearing2_2,acc_00706.csv,0.13776001544830613,-0.16815075383512978,-0.07154211820290861,-0.08922058315390724,-0.025985880180979724,1.7388324778105608,-1.2500532802488296,-1.2408571771787065,-0.4965936478862707,-0.978544445502327,-0.36577417496028664,-0.10576124568732988,0.7341952642469665,1.9213056869377827,-1.1889555598483845,-1.5957211835263465,-0.6461834112444422,-0.9635339001928558,-0.7124310410880988,0.18317586377275158,0.9308493685771294,2.3597136529309997,0.48760888598643065,-0.16745703265184927,0.12289338091503323,0.08117840273518634,0.021471475160551798,1.4634156466409154,-0.790468313163737,-1.2473987580361128,-0.6746964995179039,-1.2924923211841397,-1.3205733391072203,-0.6973169686845759,0.9909783058424606,1.560907330795158,-0.8568805811564317,-1.2033638053293376,-0.8074317219673152,-1.6451872709950695,-1.5215613831546615,-0.7493397198481084,1.238290878278664,1.534545171475406,-0.7611682538804797
Bearing2_2,acc_00707.csv,0.09278376596721465,-0.20583352965787802,-0.03891178051445143,-0.048626839455112196,-0.27969979806181744,1.8230748996051798,-1.2458291604355127,-1.2342763206170826,-0.5319758432871973,-0.9982684954252686,-0.24361189110592743,0.23629493095859921,0.9180530993029054,2.399023894047039,-1.2280143380602402,-1.5997549503694632,-0.7147669165746601,-0.8659727685697094,-0.618327340501957,0.20109747888987883,1.0286278716862078,2.3781742578777147,0.5661989897701072,-0.17402971342963144,0.10277281262849958,0.062074248390421395,0.008606703098244604,1.528482266466662,-0.18465629130825817,-1.3008318836775867,-0.702376274505384,-1.4010353743167503,-1.4364271537797164,-0.6552038688747595,1.1265985865771868,1.4283062035222938,-0.5600691266759004,-1.2245149296183204,-0.9024657875570633,-1.732118471808924,-1.6527125956329076,-0.3079493557820698,1.2170831658914405,1.4650442585024699,-0.7611682538804797
Bearing2_2,acc_00708.csv,0.193588415660489,-0.15730672698813603,0.01726230347561731,0.07278025575464829,0.009969848390911442,1.7514138080749848,-1.2510011056630537,-0.9632506532307502,-0.5198763019142418,-1.026765181075138,-0.33460045002355887,0.14342861639712978,0.6233223495204754,2.3912109307214138,-1.1821226874761523,-1.4235587794849216,-0.6948791662856733,-1.044611309235755,-0.7551936559934876,0.005537419916736119,0.8332552546964644,2.3632355138127408,0.542148789475803,-0.18060400831173912,0.07850075369545659,0.08318125762616989,-0.04907720063011575,1.481559947685864,-0.6270116755302602,-1.230636225086781,-0.6821004501078514,-1.3644044062701561,-1.4735701259107117,-0.8408307955960346,1.1403203310711711,1.5692653639612533,-0.7353368539153172,-1.1610011566096166,-0.8560922337101187,-1.7109382364604742,-1.7009109753675349,-0.3632013348654044,1.0726507110097256,1.5826666891630046,-0.7611682538804797
Bearing2_2,acc_00709.csv,0.24541746602296383,-0.18906469039870832,0.15636870195480468,-0.06583709023985476,-0.024208752011259094,1.7245876323327363,-1.2684949897952666,-1.0614796239278497,-0.563086443313113,-1.0195622751161224,-0.35595147890843926,-0.12872038411142128,0.6284627446388157,2.3847345835453346,-1.2023028842698547,-1.535482914584764,-0.760646061946086,-1.033665604619882,-0.7334865469157178,-0.019224050340022992,0.6080676565881545,2.5404019504042665,0.5752248332897053,-0.17349694691265072,0.12437369639762337,0.046359540784243695,-0.0034357926749695893,1.4782609280637593,-0.7320607697943364,-1.224873460602106,-0.7125941456003865,-1.3025119011415578,-1.3894466478377838,-0.8689036825285221,1.291984675885841,1.4431570847271111,-0.8308867709459501,-1.235351473153696,-0.8469280798801169,-1.6747420757131946,-1.620852918009344,-0.3879464685756621,1.2422506682008991,1.489629693297546,-0.7611682538804797
Bearing2_2,acc_00710.csv,0.17405723211634014,-0.183137364450763,0.12595558663720083,-0.05779316867742084,-0.1985476608579671,1.829232903346314,-1.215630542062357,-1.1952385416783764,-0.5179406589020069,-1.0259797424545296,-0.3061533176556579,0.12242080550568397,0.8620018839469763,2.3580190359350293,-1.2057942070024015,-1.5321918931672336,-0.7145297655251328,-1.016252644246247,-0.7389993135680164,0.1668366726792919,0.9124549808875154,2.404679055902778,0.483426542890092,-0.16613534014734288,0.16473895990904572,0.2712955516177671,-0.006409160750541941,1.5010632690376484,-0.7102724327130294,-1.232175098498554,-0.6761933653514739,-1.3396625575790138,-1.381920061293474,-0.675073974441129,0.9201900645169999,1.636972844854892,-0.761558262862818,-1.2129998656617837,-0.8562352577880028,-1.6617570841257763,-1.6372254450185038,-0.6016010026554973,1.4483708830650175,1.4163610598650755,-0.7611682538804797
Bearing2_2,acc_00711.csv,0.179128111029786,-0.20397894043703566,0.27276092151092285,-0.10025759180934021,-0.32703582981820595,1.8259701336123884,-1.2714883905897019,-1.1152596869826392,-0.5049882903206843,-1.0393143289955085,-0.32585474962821653,0.17664978349780366,0.8255898895251037,2.3397720458223645,-1.210846261838576,-1.5236337045813928,-0.7008946303800979,-1.0396799284591183,-0.7562074753302236,0.09085005870614099,0.9329273092261993,2.4055278566433564,0.5557322679169003,-0.1587328498805231,0.09840821467087943,0.16314138750466206,-0.015982298420675344,1.5645419061708745,-0.5595551630768804,-1.3075388218291875,-0.7035877036918373,-1.3665349868270749,-1.4287517273040167,-0.728621238528591,1.1570317178591099,1.4971581924795943,-0.7572687069386927,-1.2572716043100092,-0.8592503631318653,-1.6697656259613969,-1.7251219469983832,-0.5562625408754123,1.2801218587000025,1.5460586518370816,-0.7611682538804797
Bearing2_2,acc_00712.csv,0.08424656017872516,-0.18205005848690828,-0.023691165891877308,-0.06508881846660516,-0.2410433569195053,1.674968250163349,-1.1612526679882436,-1.1062884668353095,-0.4640277315060252,-1.0326054188799523,-0.288959023130142,0.31807464694255105,0.9213246016306721,2.250059645837143,-1.1487918752366846,-1.4699669387323857,-0.643547308066323,-1.054931548616447,-0.7104775223369294,0.8087472982479895,0.8525286028672954,2.246244940128304,0.4967229602970652,-0.1694172602935856,0.034265714897991774,0.1517405212021409,-0.03337000582236582,1.4664514342542199,-0.2667850248186635,-1.22907716247737,-0.6946350420013991,-1.3208599127967924,-1.42514727518927,-0.5460772580944699,1.0138813375939841,1.4271176888777675,-0.5476806563815267,-1.202363642370876,-0.891690718118574,-1.688122576444388,-1.604536423548703,-0.2812063421055084,1.1762466222400094,1.4338762689656148,-0.7611682538804797
Bearing2_2,acc_00713.csv,0.1692183407177683,-0.1589786278872476,-0.11771268045274255,0.00786767942523869,-0.05626916011854597,1.8391473278211068,-1.232444624372591,-1.2102773446559514,-0.5405697361485645,-1.057249883549456,-0.43377332137615754,-0.010333371381234257,0.8902634932288093,2.424410655625891,-1.1734764384619754,-1.5634232625272153,-0.7684313360459941,-1.1097572192583685,-0.8033681728965446,0.16148922500444535,0.9725565860550551,2.418137306230042,0.5327489447847183,-0.17514416060082966,0.051674418249301156,0.040505041872138256,-0.03586693062661701,1.6127072421560094,-0.701943836830451,-1.2804130981578419,-0.6967245782988483,-1.3839767604048459,-1.5047108940261198,-0.6416129124123315,1.0469333383519106,1.6289363029976518,-0.8001273311896,-1.2560607598201532,-0.8229716901296081,-1.7708001186324236,-1.7279059348639803,-0.5500676618225504,1.1539209200464213,1.6488292043671957,-0.7611682538804797
Bearing2_2,acc_00714.csv,0.12062030496236137,-0.21468428319323338,0.07771918082179187,-0.16479603225212502,-0.4515366806149726,1.7667058773188227,-1.2291845669424373,-1.2390860656088212,-0.5051443281460352,-0.9726390596389256,-0.3553525608631237,0.22690999484816585,0.7325896098029652,2.4860762707329696,-1.2190594370374357,-1.583259431308667,-0.7129151387550331,-0.9899693452257395,-0.7351574341879966,0.49803484578340596,0.9002991766162217,2.413703939843046,0.5555417108641615,-0.16685179345248594,0.05473394456183519,0.07963774512673757,0.035295609728811926,1.5276187054071177,-0.19609858673832248,-1.2646631449034675,-0.7203045686219989,-1.355405274120623,-1.4816329490815325,-0.7973865704282938,1.0601239697980809,1.519479324778104,-0.5346293633965619,-1.222127821679736,-0.8860793085480672,-1.687737898232335,-1.6897320893207826,-0.5104564732739516,1.3506187854729934,1.4313669630405417,-0.7611682538804797
Bearing2_2,acc_00715.csv,0.04517971117210374,-0.1851226786877349,0.025667687869896063,-0.07388101180228901,-0.25967160131727285,1.80430346333455,-1.2261467126931846,-1.1573817294972337,-0.5006699693569946,-1.0283699856703596,-0.33038237098561457,0.3218045845194333,0.9011353674341628,2.388450324735897,-1.1832178428704176,-1.5636240217538089,-0.7178563575015335,-1.0584047940183847,-0.6759503109424622,0.39087802250287584,0.8116161164482384,2.410135619606181,0.49760707328604065,-0.16621226129190916,0.16429262474960177,0.07301291741040776,0.04974196156706979,1.5883992326484413,-0.42361351617753784,-1.306418972861909,-0.7049834450009026,-1.3588487522751453,-1.4455567334136252,-0.6903858009189819,0.9984358889927109,1.578446609349209,-0.6631469511817583,-1.2776550734533743,-0.8668707619991107,-1.6893375731339584,-1.6850138032543869,-0.21532193162372637,1.0958673842546816,1.5276575441333275,-0.7611682538804797
Bearing2_2,acc_00716.csv,0.08450053676597954,-0.19441900017710056,-0.02541547041528461,-0.09240073819021845,-0.2700615796335922,1.7068481769265997,-1.1859917262710733,-1.1646375131111282,-0.5024821227322748,-1.0249038489457278,-0.38846716864371733,0.49254125135989774,0.637018128584455,2.432032990135689,-1.1364624983308032,-1.6204617208411767,-0.6763524595253821,-1.0275092848487137,-0.7575723792692024,0.27389810249534924,0.6834591989472099,2.4169916543523726,0.4546742992923998,-0.16922427138269203,0.09694438940606274,0.09042234838587901,0.06404432745934363,1.5599823384250593,-0.5132494495775695,-1.2653787924743927,-0.7120681204258278,-1.324596595506283,-1.4875440103780178,-0.84181819461147,0.7939322227487843,1.7809461799285338,-0.7137996579803028,-1.2295789689861651,-0.8666983408454917,-1.6852825181492748,-1.729445382964617,-0.8354604359516852,1.010573037943336,1.7776389907382553,-0.7611682538804797
Bearing2_2,acc_00717.csv,0.2647185052039102,-0.17684119666014064,0.0735309027643149,0.006558203822051647,-0.07124991527089605,1.8844704310031417,-1.3055601118173863,-1.2394484421442427,-0.49418512818457866,-1.0660669999569863,-0.45566222634641335,-0.1126799544641749,0.6099191768920327,2.5831493321675634,-1.2821691176102097,-1.6362705285058332,-0.6545950791916473,-1.1197226941603915,-0.8512347463336688,0.12089454950614538,0.6255823444599317,2.6348897242980374,0.5693540822196346,-0.1680411713931277,0.09463154300551209,0.18178334456689235,0.005791829258342545,1.6217389816495913,-0.7665683982118839,-1.3278084648695625,-0.6828397983026105,-1.3592369392331412,-1.4867453309273502,-0.7725862897935835,1.0272121075672664,1.6737891662427338,-0.8442841806124356,-1.2712177245454301,-0.8623854687192993,-1.736092048900615,-1.7139185809662911,-0.5663911502224458,1.3705281778571239,1.5438754705170428,-0.7611682538804797
Bearing2_2,acc_00718.csv,0.0705328547017998,-0.15855716230602274,0.05131610535233766,-0.06957844910610324,-0.02144155805439781,1.696374591291766,-1.187532130713568,-1.1137279597374679,-0.4703572315116276,-0.9952005258972899,-0.2611451918412703,0.6351033849585888,0.5631955272463275,2.2569161928553347,-1.1548215268980395,-1.4611743149497407,-0.6883330246542639,-0.9615567827886713,-0.6739051872016951,0.1783603146575403,0.8217985702708019,2.310883734814038,0.5345590252681958,-0.1737905113921971,0.0773489939053176,0.0509815136095901,-0.03910893910516693,1.6291860712245532,-0.8001470362419185,-1.3151367709191335,-0.6862301060426195,-1.3787943422923357,-1.4565896738186586,-0.6265421988417421,0.5142925820041265,2.0082421267742436,-0.87257288531257,-1.2351174546351842,-0.8810860977176274,-1.7011606891138285,-1.6747682287980181,-0.5166805939705584,0.9487846997041921,1.7525389142395902,-0.7611682538804797
Bearing2_2,acc_00719.csv,0.1577233766511197,-0.1919025884555196,0.1740506047533297,-0.03983464611942852,-0.22224434756655181,1.8268136204239054,-1.2661992554112431,-1.2213177992944286,-0.5229291695932279,-1.0210138837067702,-0.3476551336692027,-0.044140703564304454,0.8985218536524311,2.479825226737236,-1.2317510540290981,-1.6100924583988285,-0.7221269093509634,-1.0757075454177958,-0.7260550459495091,0.18316456068811612,1.0271874424301477,2.4459443983283227,0.48797274660933326,-0.17160638460594094,0.11729897994331397,0.15097019239791654,-0.06284450904377553,1.5042083310885759,-0.6558873778376016,-1.2513137528521592,-0.7087569890477339,-1.3575567905326058,-1.4354778826411148,-0.7524991246980723,1.459289656995386,1.3131203809966476,-0.770165870964242,-1.2152888297264004,-0.8281052272800615,-1.737974492387998,-1.6310456932411974,-0.09295203673795469,1.2948485760122668,1.3682240674163064,-0.7611682538804797
Bearing2_2,acc_00720.csv,0.15958099742130327,-0.18811503082711045,0.24480406259670104,-0.13898065607501092,-0.1605583637396306,1.832646855976671,-1.1722359572901768,-1.2758663810270148,-0.5312535371695357,-1.040367859652486,-0.37569302071153193,0.16369423487966359,0.7819143360137686,2.4287105606480783,-1.1630390684387435,-1.6107456905310438,-0.764503169254331,-1.078439625678844,-0.7500911302640715,0.1464379681423994,0.8538151453349667,2.4529727396832612,0.5881577373145483,-0.15315415357812565,0.12525417003039743,0.18055081848013332,0.16572897297558997,1.6604507316351,-0.7765293891767543,-1.2995036250896193,-0.7121459618751643,-1.3909711433852923,-1.467308169607925,-0.76604534444276,0.9006713515845602,1.789167999277796,-0.865802554102878,-1.2800375342103745,-0.8836231842377253,-1.7684027885443285,-1.6638422411626244,-0.6559346449036281,1.1392663233961118,1.715202155817234,-0.7611682538804797
Bearing2_2,acc_00721.csv,0.16471689851720114,-0.15970005253803765,-0.2434095900746464,-0.07649996300866276,-0.05574698100591631,1.8367541215092877,-1.267400067939953,-1.2626437439223226,-0.5367989147885622,-0.9961276844390405,-0.4112778916643062,0.2935527213840536,0.8731011808736759,2.488588496525871,-1.2808270806868103,-1.5705148834734826,-0.7298432329035737,-1.0440221687515434,-0.7407819066169853,0.4399150485454244,0.8918761642671671,2.5037132076681483,0.5289016629114213,-0.15016437112280762,0.13001940513451984,0.18255367337111672,0.1036897968309057,1.5476232178969944,-0.8002845630541368,-1.276983373729895,-0.680921466507654,-1.33562939756825,-1.4536818893789447,-0.7072657876878584,1.1203410810511993,1.5686537481952605,-0.8799188251817337,-1.2167670841285398,-0.8348997335233052,-1.6944985403068584,-1.6801218012520742,-0.2805738243108665,1.5638680290845464,1.302446541775332,-0.7611682538804797
Bearing2_2,acc_00722.csv,0.1277557391971115,-0.17341445925433427,-0.14168679349679136,-0.11428768755777156,-0.12643605104763922,1.7938193481297398,-1.204914630878416,-1.1487881041367998,-0.5646909655925936,-0.9972831589352661,-0.3280006823642576,0.22757851303909968,0.7183872296810325,2.437326640659779,-1.2103600497417908,-1.481622664035824,-0.7799507672180054,-1.03669604142365,-0.7579300651088161,0.4146313312268382,0.838937419764165,2.429314718347177,0.4443581341003016,-0.16790502571759927,0.20492320756581484,0.01970616415807963,0.006432999286008664,1.5249842791332113,-0.7869796684983835,-1.245464175650653,-0.6952981716805396,-1.3178884468987064,-1.4339169631451405,-0.785605566344692,0.8807911087552613,1.7428264416453194,-0.8538154505585124,-1.1680849458307145,-0.8217879251244151,-1.6401943182298,-1.7149598503937615,-0.6280277850702702,0.8881992076278359,1.7649435684738664,-0.7611682538804797
Bearing2_2,acc_00723.csv,0.14557693869035457,-0.19836504895579835,-0.052962490434407226,0.011421970348174526,-0.2996076233729899,1.865214935300315,-1.278071138020292,-1.1788481710488148,-0.5377795876947425,-1.026388235312511,-0.3547834037264572,0.07589915977652992,0.6505650694973429,2.4463261134032033,-1.2733659519137706,-1.6329138514013803,-0.5956098668048808,-1.0321922972161208,-0.7702727568383188,2.26638333982669,0.4344544356950195,2.4521518909955065,0.5188333877666121,-0.18172343401940602,-0.006119878634595941,0.05283030273972859,-0.13453121672918145,1.5374630408454482,-0.42111508267095205,-1.270385597690603,-0.6896891748159123,-1.380018706031152,-1.3668562443254473,-0.7606773844539387,1.0227757573380267,1.509623663055112,-0.6681881503217679,-1.1908491933748337,-0.8482141288848587,-1.6193068327846976,-1.663799322312008,-0.44306756052346447,1.2329621860389217,1.454569895936752,-0.7611682538804797
Bearing2_2,acc_00724.csv,0.200851412314835,-0.17697779170793773,-0.00013816546267835658,-0.03871223845955396,-0.10306421378988286,1.8412972489820598,-1.2729546651304353,-1.2024487089072444,-0.5338184795314881,-1.04610539461443,-0.3546372120336265,0.07936749549350516,0.7273394093871453,2.3709176683298008,-1.263805755127106,-1.5513938688099604,-0.7335913346071926,-1.065215140076978,-0.747422881974641,0.04017593768021839,0.6834679283915621,2.5812518233015362,0.5793868446756849,-0.17430101222533242,0.02940053176104605,0.02771758372201341,0.00048488402894367026,1.5091005888696671,-0.5525385545530773,-1.2522026300041589,-0.7054941230480417,-1.4035683606430747,-1.442707274172189,-0.5734094973190356,1.369055095342955,1.3095091443606626,-0.7418522981228848,-1.1812567382118684,-0.8701233665082884,-1.7770201453667214,-1.6541240377238156,-0.7999076191538402,1.8741577669059273,1.2701399013449377,-0.7611682538804797
Bearing2_2,acc_00725.csv,0.190917089186639,-0.16988881849638413,0.07045084470760146,-0.09988345592271525,0.0812770672593813,1.8270134185308464,-1.2332618950166188,-1.198793007854154,-0.5134033328485674,-0.9982899187974484,-0.31525630844734137,0.39672097926266336,1.013633960441382,2.354469465840385,-1.2137641614783847,-1.5596430433950292,-0.7258006452270362,-1.0465336149075426,-0.6700457701079271,0.32791401743673015,1.1832065296938676,2.3308887329519226,0.535458528218333,-0.16012720508315173,0.08240554777116411,0.13294449837906572,0.11574409035403457,1.5023248493997403,-0.7651524971906998,-1.2842924308540031,-0.6644583155583174,-1.3276706011086286,-1.2934110594760497,-0.5898020186832185,1.2104430123633105,1.352662627272315,-0.8558659012893656,-1.2728032766007131,-0.8432206912810656,-1.5904420115897628,-1.546064530219658,-0.4117273813264494,1.1691218539205932,1.4961617483832435,-0.7611682538804797
Bearing2_2,acc_00726.csv,0.13321894020341968,-0.17468932227321513,-0.026423901336596212,-0.10736617365521205,-0.11958295894730263,1.802962129423516,-1.2054329678079552,-1.1146246604032952,-0.4783321093805842,-0.9904381894516315,-0.33485310643068783,0.18645883771715258,1.18973816029584,2.1967193617377356,-1.1521851109230228,-1.5064253449056026,-0.6402257172831408,-1.0273687745367452,-0.6524405337981689,0.3879617085128314,1.2777090257524064,2.1527590806057595,0.6419017149106028,-0.15488598417311322,0.1321416422432767,0.12601153914104615,0.12012110333924637,1.579529310396894,-0.5694909859239002,-1.2879348029178876,-0.7291431825093718,-1.3673814187623674,-1.4599328272004646,-0.7810453228192904,0.945043728635812,1.7047609191819992,-0.7570095426136745,-1.2243088272802989,-0.9068318273086592,-1.750597915932555,-1.6890248104685497,-0.6133840497029189,1.2609778937478382,1.6030933538870238,-0.7611682538804797
Bearing2_2,acc_00727.csv,0.11388503809113693,-0.15864869801623743,-0.12581301264510245,-0.08416974868447205,0.08259659140746554,1.7761991438553022,-1.2561648574553095,-1.1271079732758378,-0.41012323680072277,-0.9377591742978238,-0.3022181154472591,0.3897697859110844,0.9803204741295392,2.1546168709009876,-1.2333784994665278,-1.4576732727428179,-0.6032605577663394,-0.9515100910281725,-0.581055014407357,0.4895245570953566,0.9242643624716188,2.2818771400843554,0.6559092592955946,-0.16278142152121372,0.17559707815897077,0.11476473859937007,0.09513080764433796,1.5488415247240521,-0.621610888370517,-1.2997197459717105,-0.6600474684946157,-1.314017576288793,-1.447588598912358,-0.5606973400674586,1.061679836116963,1.4580721810876702,-0.7926311710974615,-1.2326983154692703,-0.8398925485515448,-1.6549565752919961,-1.6803580324230984,-0.3333151239580095,1.5973223754529784,1.2687302705485886,-0.7611682538804797
Bearing2_2,acc_00728.csv,0.08512681820800605,-0.15233542757473242,-0.03154234166576776,-0.04451134470223908,0.06556089824901142,1.6774468650766523,-1.1531142549936657,-1.0389699940932908,-0.5038890282135676,-0.98667321784726,-0.21636315937000203,0.4900690869720687,0.8771738916729022,2.157155432778058,-1.1405647227210796,-1.418511941945549,-0.6571688236308391,-0.9189997522961181,-0.6390702405004839,0.27497304050118493,1.0290918645188734,2.173230532577247,0.5769039711144709,-0.1746846060099898,0.15160522625306916,0.1543596391365039,-0.022694210540541028,1.5034796463843632,-0.5849258350389166,-1.316342648289568,-0.6867798145897723,-1.339927549298253,-1.303224371492877,-0.7531890716575438,0.8974477828761934,1.640544785212127,-0.7421037529877484,-1.2334100361297835,-0.8597594574933181,-1.6087427282629456,-1.6019585856117073,-0.4416914711859299,0.927933655303501,1.6393968546584443,-0.7611682538804797
Bearing2_2,acc_00729.csv,0.12062243160073804,-0.17600036380504325,0.25005736598681316,-0.07350687591566404,-0.1302235166139248,1.7971148489039828,-1.2240889727103614,-1.14956121187197,-0.5352169756632701,-0.9972864008979881,-0.26487608655843875,0.24301212194492358,0.807551572782853,2.4169202208338225,-1.2248262623069281,-1.4627569808375827,-0.751062558674269,-0.9805233863596369,-0.6759471574527179,0.051498284238935585,0.8590237899025122,2.42440399069448,0.5273964949478079,-0.15748629422795205,0.0761689816667795,0.1998090385857432,0.08420852697124301,1.5405996986585975,-0.5514631455115601,-1.2566470112381316,-0.7098962005835703,-1.3327363418987792,-1.4152893031607021,-0.7609727238086871,1.2726142787549113,1.401701710139379,-0.7214052917701993,-1.2213904942025164,-0.9067933475821873,-1.6573653893857512,-1.6701450887144924,-0.4374433109416606,1.2623507813188775,1.499518421250629,-0.7611682538804797
Bearing2_2,acc_00730.csv,0.15432828710882168,-0.17951307638269992,0.026671129579269263,-0.04769149973855012,-0.125014926704536,1.8727957543707534,-1.2530674849122523,-1.2269711163162222,-0.5566697876832564,-1.0322016021127978,-0.2733710428170976,0.4776636044505751,0.5324970828908133,2.5139181751919146,-1.2183234651884074,-1.6185161598690156,-0.7548159385166323,-1.0109363096376407,-0.6968989138039562,0.5235583589382647,0.40332284940954544,2.6056877794394375,0.5130015334955496,-0.16923733118439005,0.1290187308302659,0.14942953478946777,0.011056472867993059,1.4570814413146171,-0.381703471384192,-1.2531325081563487,-0.6922514041075668,-1.3030900797997393,-1.3500001713413274,-0.5592765851604867,1.0605424669227876,1.3457108916262837,-0.6604943804682166,-1.2065382855713505,-0.837976747577202,-1.6365551590748095,-1.5329630532150695,-0.09499117546851511,1.4717673504168036,1.1690194377509247,-0.7611682538804797
Bearing2_2,acc_00731.csv,0.11211302234051303,-0.1643077544914892,0.0779517344718649,-0.120273861743769,0.014546402049652088,1.749346780761581,-1.2067137361579185,-1.1828519925510188,-0.5281871373267712,-0.9612767817981047,-0.28477857783064536,0.37714855805502495,0.5729965884998686,2.493048859128379,-1.1929134507262855,-1.5322632934664426,-0.7479493877834162,-1.00493434290971,-0.5951488686764872,0.3572737080549602,0.5234831471094845,2.495978462721976,0.48596502783948026,-0.17753303809528564,0.12017988981480195,0.002296733182608382,-0.08481290342482722,1.5040866332935756,-0.7723747013486882,-1.2670046560048513,-0.7070114767084981,-1.180077349374609,-1.2830966949073521,-0.6269789260206432,0.7132070921505312,1.673743176565047,-0.8541898060218972,-1.2114790533407283,-0.8571876163582903,-1.4960791426800932,-1.484267550350968,-0.6875978522836182,0.9904897749161565,1.6160249004423521,-0.7611682538804797
Bearing2_2,acc_00732.csv,0.1303707517244476,-0.18856615310668087,-0.03688213337094549,-0.014206337885626913,-0.3115351939429691,1.6509453279053727,-1.1619997561690516,-1.1320691058044556,-0.42130781994499633,-0.9673399097816392,-0.1818304672269381,0.18797114661871597,0.8139035225663713,2.2112451482770292,-1.1563122347469228,-1.4002468128890497,-0.6257458464671206,-0.9102384259139523,-0.6339190311862269,0.514035845895724,0.9533177372715907,2.1682089738882606,0.531966338316134,-0.17150203188291507,0.07735986204795597,0.17839389782830498,0.019359720746507273,1.4515780747175182,-0.5832847689906053,-1.247296107746281,-0.6759253459749298,-1.302381000907012,-1.248802041640688,-0.6601246675713847,0.9198030617126207,1.4346781333153313,-0.7262696335046555,-1.2071847648555816,-0.8085215804908119,-1.5917500904638184,-1.4873949475912824,-0.7426646846278487,1.3429419496290567,1.4086126732575481,-0.7611682538804797
Bearing2_2,acc_00733.csv,0.14616773694462545,-0.18830672187819167,-0.015937760468873477,-0.1045601545055258,-0.1976556412845329,1.8363148178423356,-1.2436100320946697,-1.2049434760975606,-0.5113692596635541,-1.032108829902521,-0.29166292566838464,0.19043550195529332,0.8361371954473686,2.3981168954054595,-1.2392064550345538,-1.6109682313638727,-0.7068096034016554,-1.0296154343548192,-0.6581554116776707,0.2665043305062634,0.852920851838053,2.4781731615832445,0.5296576689132723,-0.17449134368056757,-0.010311154801207024,0.10197728044924509,-0.0072869799553182645,1.467018637237631,-0.4029881202261074,-1.268163873007312,-0.6910844638906214,-1.2940450810321582,-1.407963962597227,-0.5761754728320315,1.2089382088526066,1.3183473961682717,-0.6586765092005331,-1.1947595117742018,-0.8441898763914176,-1.6314036035108006,-1.6161380122913482,-0.42257751590080084,1.4529989853236984,1.3052408577380594,-0.7611682538804797
Bearing2_2,acc_00734.csv,0.12221986077084505,-0.2093689544541029,0.19353881872916984,-0.10624376599533765,-0.4047900465555839,1.7251892125104695,-1.2036428410171727,-1.146218349588296,-0.5397735094086378,-0.952135283612977,-0.3314368927346682,0.3278629318872515,0.8016669079095209,2.3685326920665806,-1.167064300176517,-1.50412432200654,-0.7230112966622925,-1.00435980457448,-0.6602229534088135,0.649774533880339,0.9958035038594274,2.275474888534317,0.5740543070188864,-0.17615916319716798,0.08679681076328569,0.04928679024029642,-0.036779332434687596,1.5461444416080052,-0.7561002716454334,-1.28124708780737,-0.7033019028259674,-1.250607625242041,-1.416541978924718,-0.7669885934547909,0.8541072049452592,1.7004086283138646,-0.8453284943675744,-1.2812165330373766,-0.8352272763780625,-1.6186179437522066,-1.6468651551809894,-0.8478645272363672,1.1947374477476322,1.654068810908106,-0.7611682538804797
Bearing2_2,acc_00735.csv,0.14396691511903006,-0.1913933319205968,-0.007698741115711448,-0.07144912853922757,-0.3460371624478895,1.8483004555438667,-1.2645834462707009,-1.147743372518162,-0.5115621362696489,-1.0343282902012596,-0.2905925507735022,0.4693830295358274,0.6020966540510931,2.4897488261731535,-1.2180482600157059,-1.5566635996780729,-0.6900496369760707,-1.0067375778073657,-0.7535570800730063,0.9371134664704637,0.6375992911241761,2.4411594498638673,0.5712806500388049,-0.1571587854281143,0.1602178048399169,0.2249217576034585,0.02432815396254928,1.5386272292577912,-0.7181569558921106,-1.2561071629485596,-0.7013666608368886,-1.368315809552752,-1.3742260554886334,-0.64940328661435,0.7066396706075155,1.81192189034443,-0.7886360942602767,-1.2322982622170353,-0.8122431374060555,-1.7146963886330362,-1.6060783823472458,-0.15310045893019408,0.989653844258207,1.547241986199571,-0.7611682538804797
Bearing2_2,acc_00736.csv,0.10833748873127814,-0.20033642788178846,0.12421194119551784,-0.07949305010166148,-0.31124624345767116,1.756389097681684,-1.2270251306589348,-1.1804624278076672,-0.469076441635356,-0.9967294923109422,-0.3419887266495055,0.2687395508709929,0.7770672544711786,2.4070829837487238,-1.2203506335105694,-1.5501087147146286,-0.6433285119687308,-1.0416968202564363,-0.6722331063777228,0.3842252661651963,0.837010044615934,2.395481484252667,0.5380667621494098,-0.16350646775036135,0.08511029694737327,0.1746963195680279,0.051213546835075764,1.4913491736894908,-0.5587289517817605,-1.250983464074882,-0.6685350305220701,-1.3237686088740768,-1.3229507818318191,-0.7849238669048165,0.8998809981988682,1.6170845932395537,-0.7434723531067683,-1.2005715428353216,-0.8071498194164473,-1.6091205269620008,-1.6204366502618344,-0.7289042374624926,1.3513411113327,1.4558010490345954,-0.7611682538804797
Bearing2_2,acc_00737.csv,0.06536237127239466,-0.16482472203288068,-0.15831258916190874,-0.09071712670040677,-0.09235081873745841,1.6901820118709314,-1.208956565718483,-1.0615940864405013,-0.45960751872073025,-1.0210197649953703,-0.25070046798693585,0.2414317587018268,0.9786128585132212,2.135587437343968,-1.2115559827748552,-1.31980537721037,-0.6787526484702182,-1.0337122414737974,-0.6373338392107085,0.28036906854854354,1.1218102698245378,2.209482595301838,0.5479510819434654,-0.17535051975612478,0.14821036371618715,0.056219749478315956,-0.068026171467777,1.4229766416556913,-0.7567589357091393,-1.1870933353884348,-0.6858236043897449,-1.3174849610602792,-1.307371993400384,-0.8312183729821747,1.2934330688241988,1.3399850213168507,-0.8171393136752404,-1.1406735510089283,-0.8669374755194851,-1.6736468920456358,-1.4611628282080575,-0.37007490727458,1.342388801569864,1.3498856163654673,-0.7611682538804797
Bearing2_2,acc_00738.csv,0.21548523844872547,-0.1825949698889703,0.04936347727957441,-0.05816730456404564,-0.06483508789622539,1.8114410496055442,-1.2350802941277612,-1.2045303075968752,-0.5623915714497586,-0.9780363675227298,-0.3432119536839435,0.18460875280375003,0.8592761037068797,2.4791194226812254,-1.2450699438093638,-1.5746616645938494,-0.776737666252221,-0.9775161411097396,-0.7357629426173221,-0.042873362448408545,0.9086612582790985,2.5107964643017318,0.5660846214495288,-0.1710996750364378,0.06084642242272217,0.05005711904452093,0.00010796904209061898,1.431961836881834,-0.7752402461292014,-1.2243650107345574,-0.6840664251239004,-1.2856461875883645,-1.3813483616347544,-0.7346579107665332,1.270662936929176,1.4005347557577787,-0.8086036339897267,-1.2078036687125355,-0.8500219556572812,-1.577373015811078,-1.6131563357590062,-0.10370168467561809,1.2788478206359124,1.3343529151771032,-0.7611682538804797
Bearing2_2,acc_00739.csv,0.16967252521556833,-0.19257875910225342,0.25588155833202597,-0.0403958499493658,-0.28514175763588057,1.7466917890116376,-1.2373207480247863,-1.188819218780778,-0.47094599002202947,-1.031901675993531,-0.3937837235451947,0.20889459549164083,0.846114286597373,2.423011965217008,-1.2154195870456126,-1.531899698109486,-0.6942585878976101,-1.0585806428429687,-0.7109810302061766,0.3153588868734686,0.9338775785306049,2.3906629958275536,0.508339105806417,-0.17176483023144307,0.09416862533337948,0.01662484894118212,0.08118575656731165,1.4856115118309687,-0.7211544992851612,-1.268645303442097,-0.6822891346961002,-1.3466431889765447,-1.4223306675866578,-0.5717876334747396,1.3611054529645459,1.3168786479082752,-0.8155229527447246,-1.2515390504310575,-0.8386431151106611,-1.6934533363133646,-1.686645311489584,-0.004369713373924068,1.222498074772025,1.4131287579833256,-0.7611682538804797
Bearing2_2,acc_00740.csv,0.22753185222539438,-0.16000483044697633,0.08983992056386032,0.01909175602398381,0.013069263978770288,1.8695912180124652,-1.2733299329710221,-1.2487179494702332,-0.5452999584074174,-1.062292797579563,-0.4285264297749097,0.07620601399035061,0.8590275840464214,2.2566240026957156,-1.2591023659754657,-1.6470436748958435,-0.7394187909239256,-1.0290212800149303,-0.8314587926142903,0.3535719250912685,0.6869870221388943,2.5999242289018234,0.5928748919648643,-0.15586133980244693,0.10656076110318859,0.3970132124671881,0.02745631595618956,1.541292722313313,-0.7839901706917948,-1.2051940959489498,-0.7037835258009749,-1.360141565264726,-1.509130588725035,-0.6138414386760078,1.1791094079411726,1.4937121604581818,-0.8232246026080084,-1.1609129364198931,-0.832362178689569,-1.6240402290828446,-1.732583233384061,-0.5905340050692273,1.5063993041939128,1.3920467360139839,-0.7611682538804797
Bearing2_2,acc_00741.csv,0.15172357301879352,-0.2047440064325838,0.06211245548906552,-0.06939138116279076,-0.4001930415202075,1.808834875439006,-1.225425395596245,-1.2782979482470493,-0.4959663480120928,-1.01918567998705,-0.31329838951530764,0.3073549478623058,1.2015871589678078,2.2535242381903906,-1.209497121100581,-1.6061867010701323,-0.7175317590761178,-1.024771173302174,-0.670594793122505,0.5918399647529506,1.1944236226165295,2.3143337570622,0.5449328709215036,-0.1652435721946424,0.14197713897113767,0.08549224403884288,0.05909443053401397,1.4385054683882053,0.10006645831092224,-1.2046503925034076,-0.6876880417592727,-1.340903572124257,-1.4711819090847922,-0.6878473884248987,1.0230137926725558,1.396079364682295,-0.37745167771554355,-1.1760300646485096,-0.8616634857312728,-1.7463743025177882,-1.6204384293860083,-0.4382615208238947,1.2695215868262681,1.389815087231833,-0.7611682538804797
Bearing2_2,acc_00742.csv,0.1734743487388936,-0.16872986575503054,0.198770277857247,-0.05779316867742084,-0.10957862312914418,1.7112702751079683,-1.2464731304004704,-0.9021791601489151,-0.4691932970925995,-0.9930836842645966,-0.3114109282073333,-0.00980008369799766,1.0937165556487607,2.1860341177301676,-1.1804933047699426,-1.3861126318663557,-0.5970275848375367,-1.0321218375396044,-0.6133771793158574,0.19476384163005736,1.0630276729753876,2.185932106767455,0.6133638283037439,-0.17209859470768007,0.06498174775828909,0.20396881412855494,0.020313268153668976,1.4669135982728523,-0.7244589316415982,-1.0614107021483161,-0.6715118873247814,-1.3460535866186503,-1.4581242063676179,-0.7484562770618978,1.069809894110475,1.538872354792043,-0.8318165813653646,-1.0741982761359807,-0.7787608988139416,-1.7333822127752467,-1.6750164397164344,-0.45056423465865014,1.3935373369924,1.390003264111028,-0.7611682538804797
Bearing2_2,acc_00743.csv,0.18134559506849698,-0.1851845656476234,0.013024928518228127,-0.06939138116279076,-0.20994648720922118,1.741222220318556,-1.2356629745516512,-1.0694692134123198,-0.4932642826094907,-1.0025418437546691,-0.3702420607034712,0.07800894928594587,1.0931451871184532,1.8565347099979388,-1.1857942165942947,-1.411402969158006,-0.676015758841039,-0.9855181548437617,-0.7859761320628825,0.3852968393013044,1.2779607212592878,2.1724739823523898,0.614226045363634,-0.1659180223853417,0.13055896981257456,0.19718992065138033,0.019536948974731246,1.3412093944028103,-0.5468484511412739,-0.8835072824851682,-0.644831303398534,-1.3538561262115456,-1.4396619208865045,-0.9056580136562137,1.3480103629906517,1.2962282056612213,-0.7288914524650665,-0.831141533194139,-0.8140108707029816,-1.742308707120727,-1.6701067530990994,-0.6310222223905523,1.353107295175074,1.3961779934218006,-0.7611682538804797
Bearing2_2,acc_00744.csv,0.20658761860521427,-0.2008001770864354,-0.01587156506030141,-0.05442594569779716,-0.32470747306795833,1.7168177343259758,-1.2469774632517636,-1.1418741597794713,-0.3943454193809658,-1.0150711579446514,-0.37102484654715034,0.10948075141350493,1.2695340348377204,2.1897166328202737,-1.2300434730252194,-1.4826951373148318,-0.6373062936303114,-1.0389535519570137,-0.6978580599611255,0.3817966820505972,1.0242951507621343,2.3152191631058368,0.6344277249645185,-0.16735697425538662,0.0976833679648919,0.1309416434880823,0.019017245455547824,1.2563031712338852,-0.7863557406654784,-0.4454666063051988,-0.6198549817799499,-1.3473575605908463,-1.4919821747578441,-0.7846948372526672,1.0473711028010615,1.4175600741128676,-0.8628824362570733,-0.5598909885131249,-0.7035615926508249,-1.7489780337391685,-1.6719115724555451,-0.07983357097637765,1.1923196428346137,1.242804675942359,-0.7611682538804797
Bearing2_2,acc_00745.csv,0.10615149154934525,-0.18332408174708048,0.1329267338832493,-0.16423482842218756,-0.048348250461567745,1.6857790637570962,-1.2196711339893982,-1.102164248478431,-0.3116195164750799,-0.9739844630004066,-0.1314674967330639,0.4864642812173163,1.128131572635131,2.062765178432136,-1.210401964449626,-1.3523800936405213,-0.5153746765637914,-0.9401644051343646,-0.556086381232523,0.8242588744104156,0.9941020890610457,2.1073169178913966,0.6852889789502087,-0.1805279353869856,0.022979621490530434,0.11414847555599049,-0.03950167168015583,1.196816483762401,-0.47486533634298367,-0.3914004215252252,-0.5806383012739,-1.3610222635310045,-1.3513719169450096,-0.8653219784484526,1.1996867107009794,1.1748084595876702,-0.6802704578119831,-0.4899370150557513,-0.6405830586833364,-1.6658389567622292,-1.6281679218329763,-0.692243526734975,1.6813207471331781,1.0050106662265417,-0.7611682538804797
Bearing2_2,acc_00746.csv,0.2202678994373692,-0.216571370100381,0.03261446734436468,-0.1251376282698919,-0.4301593981437105,1.6095755119115924,-1.2688364591553667,-0.9311827685903432,-0.3091280575921491,-0.9857591236872499,-0.3041590475268461,0.23938372719958292,0.8248273669604885,2.20281614047536,-1.2419581276891285,-1.2467226501253894,-0.48571172101483584,-1.017888285007842,-0.6554902155718318,0.3064491489784403,1.0242192177196563,2.137381720939718,0.6841027839997598,-0.1797631156373298,0.08271314103251136,0.09396586088531145,-0.04622232242712286,1.1879560307248274,-0.8045732653847851,-0.20319083956584844,-0.5514496970997878,-1.3420093128047996,-1.4381804076762459,-0.7547211349292848,0.8984015830975092,1.4064283153275783,-0.8305508272417046,-0.49757857886434853,-0.4733965031334724,-1.714797873000917,-1.677000660116922,-0.46795442067325566,1.1951237541633137,1.2195631830468592,-0.7611682538804797
Bearing2_2,acc_00747.csv,0.1764650372916711,-0.16859923266536767,-0.02825384656518196,-0.04264066526911476,-0.13920664988697107,1.5764746841098338,-1.2233730211061464,-0.9653443194709028,-0.2007165903294082,-0.9532819938428638,-0.16617318928466526,0.06631072696948881,1.1244850276753133,1.9336415123010366,-1.2103273799661656,-1.3330296979237168,-0.3608871469796958,-0.9014942698466878,-0.5104121599915332,0.026974985931447554,0.9579148184969545,2.0819479058479016,0.6589380608237836,-0.18346864773453017,0.03918972232975148,0.03542087176425733,-0.012194049603422217,0.979118969965593,-0.475338555847291,0.42151548978749115,-0.49596674482859654,-1.2554266023063387,-1.3857840924724256,-0.7926312897005724,0.8428316415809465,1.1195508400718521,-0.627954067865976,-0.004476970875449507,-0.37344981121789567,-1.5704865400594308,-1.513276453521764,-0.7227588406283157,1.0508993518453935,1.0459320042543099,-0.7611682538804797
Bearing2_2,acc_00748.csv,0.2112665547851993,-0.2173898853552784,0.03096037957178626,-0.051806994491423404,-0.540136446275713,1.6658279407641898,-1.2590413120424606,-1.0431589570890842,-0.30549246802385993,-1.0126625009791699,-0.3122459616650258,0.1913877674069902,0.8001945134086023,2.1461538426116706,-1.2707525101189487,-1.3085720973261346,-0.4360715620654005,-0.9921491960094799,-0.7266069115330966,0.22494341160083398,0.9122940858198237,2.2181405002600876,0.7365533911159804,-0.17933253098644134,0.044632519407988284,0.11969484294640621,-0.05961269098926623,1.0246928434453195,-0.4536270887723816,0.1920766075537691,-0.5350050625430537,-1.3097893674592744,-1.451737236260011,-0.7940201881999959,0.9157221135882747,1.200507717933715,-0.640270851887941,-0.09588683349669465,-0.5255147087618329,-1.6656348031244235,-1.6591193888871258,-0.5833006676009758,1.0120048168005102,1.207886195910178,-0.7611682538804797
Bearing2_2,acc_00749.csv,0.21534546625699888,-0.21549724261971612,0.33106485528864216,-0.09071712670040677,-0.343555403182764,1.5359096592741706,-1.2178607224336981,-0.9184462313607296,-0.19162756470965803,-0.9833146995686421,-0.18898252971638163,0.14190656190034676,1.0106276673624341,1.9753798698641145,-1.1736472548851051,-1.217891501458115,-0.30043938093050987,-0.9739746615121613,-0.5833244687056177,0.9401079250121062,0.9137851431142978,1.9184106610789602,0.7494323594491128,-0.1639583967523602,0.08163856280665467,0.25265359455553665,-0.015597819996757393,0.9929174964474855,-0.7508096076423008,0.4156312415251412,-0.47951924812163427,-1.2295566458772091,-1.3331788672407203,-0.628471977150076,0.8758099522572494,1.0721119329663193,-0.771566279776437,0.04699452082163919,-0.3362222558230227,-1.5612108957484232,-1.4715789522698834,-0.4719688770844407,1.0802685599075166,0.9425627109646052,-0.7611682538804797
Bearing2_2,acc_00750.csv,0.2970270373185932,-0.19233308714575711,0.1824933982162349,-0.06527588640991765,-0.23183478249079423,1.6983835911127743,-1.2887531192453558,-1.0365369048608277,-0.3162720100852156,-1.0143784003073217,-0.2650696074510549,-0.012668685760710618,0.7300284639966984,1.9452972156220316,-1.2538080469080373,-1.37234035750611,-0.43580069546714906,-0.9149314735833353,-0.6980351989495288,0.656159561297078,0.8634318755118892,2.1908975748716615,0.6865364186513778,-0.16621984291236686,0.12885174618964373,0.16160072989621319,0.08375472513534805,1.0022952952445079,-0.7908703795931861,0.7764475566609249,-0.4674858911560498,-1.2509795148271503,-1.323040506434121,-0.5938062828546681,0.891695639278881,0.961952825603019,-0.7512170413642995,0.2518161756493464,-0.22353245857836204,-1.5993410688964833,-1.5430824471183044,0.4289389513953063,0.6800629384430704,0.8356963682461076,-0.7611682538804797
Bearing2_2,acc_00751.csv,0.34844387179529496,-0.18134645659862556,0.3170147671734591,0.09541547689545102,-0.22828127104975543,1.6834377789823127,-1.2903569779399855,-1.1103019365405313,-0.26922743163736185,-1.067300440126526,-0.3378730858209672,-0.08037311401664858,1.106279067259503,2.050617436943257,-1.281739294508131,-1.3532163026315243,-0.45392200273349664,-1.0330256075326703,-0.8015196642852248,0.47706960114104974,1.1112065522105947,2.1935977246835607,0.8031350624560804,-0.17283241683922898,0.12528103449601244,0.1115293576216275,0.024901752556971423,1.0235535939215799,-0.7418196192694011,0.6985436576729407,-0.49306303843835403,-1.3230041401789827,-1.4450493037144982,-0.8659102708335049,1.0092738229968645,1.0202925429530514,-0.8057461918545364,0.355998380528195,-0.4535226564437018,-1.7270022511505685,-1.6112916386345242,-0.4391460068494998,1.108981730195571,1.008297209571411,-0.7611682538804797
Bearing2_2,acc_00752.csv,0.6938582133877479,-0.03270858072548182,-0.5810904530092734,0.5722516643988093,0.5393625200798495,1.3231489739112898,-1.2483976982589386,-0.5000548161403701,0.22287312611897797,-0.9639164926653357,-0.26163501716601495,-0.08474673005027575,1.8843801352328768,1.0158620085311358,-1.1708974429558658,-0.7941881792472328,0.2254701479082287,-1.01308959861936,-0.46666108038816123,0.8550096609538737,1.939187577034994,1.122162249719575,1.6500619062223576,-0.042205105360990786,0.351350753069529,1.037310514538505,0.6951555917936891,0.3541516921442189,-0.7221462982286583,3.5890808173838042,-0.21546977855618288,-1.1465943803747305,-1.5277912649395313,-0.894244971615734,1.079432677056018,0.1249492652890735,-0.7503849418531602,2.698683862307912,0.1641042494678702,-1.6280528153175793,-1.59297864022757,-0.37902750908651817,1.0084195310241748,0.11729555296628316,-0.7611682538804797
Bearing2_2,acc_00753.csv,0.6674180041397,-0.020589347620935262,-0.39503884147259666,0.4774082171394125,0.43387991921589597,1.3531802380080675,-1.1922876186528186,-0.6695885015728262,0.22820683294757133,-0.9030791246013588,0.050827692104204424,-0.009336037583028237,2.3938650051448054,0.8254009277812702,-1.1960988305023417,-0.6919480045165927,0.0907860419464251,-0.8410773334151935,-0.3734235401826072,0.7876875245736058,2.3623871433217225,0.999681968014312,1.833149790039358,-0.055039847357508186,0.3514938621718913,1.1460809416949895,0.7377013355159546,0.479039953315292,-0.7218635998521253,3.0289823350948035,-0.3101602213657752,-1.185784007039031,-1.5043518101169626,-0.8017921446646473,1.3127744437485789,0.12224279006289333,-0.7534517342920531,2.2880745190456997,0.1448273876038707,-1.582257953037782,-1.6850326627750556,-0.41669329978224084,1.2560518955935471,0.11635503165305368,-0.7611682538804797
Bearing2_2,acc_00754.csv,0.6257960604050914,0.0733836892754411,-0.506755677415796,0.5754318194351203,0.7544779456458022,1.228504937422932,-1.1049700405372933,-0.5034558243648054,0.12118233883041678,-0.814403823548316,0.17866652354065155,0.2751447690479833,2.250482985008492,0.8397604321536503,-1.0629783531220494,-0.6995297623808698,0.04436674662088677,-0.7485409272531328,-0.22165632524979614,0.9923683854724636,2.1911127694941923,0.8807798694387542,1.7067459395567017,-0.052748527499628814,-0.04642567830211449,1.0764432177931043,0.6783660370132757,0.4659755761099274,-0.7410049647774695,3.1608581649088876,-0.3129700501103706,-1.2003701204636994,-1.4896139357815905,-0.8107879755176401,1.1566160188643884,0.2099033035637583,-0.7420777835144512,2.1305013512424273,0.16381074759098208,-1.549667054288313,-1.59164581888258,-0.7170672864238401,1.3085095455867546,0.15945827906680468,-0.7611682538804797
Bearing2_2,acc_00755.csv,0.6475000424732313,-0.0009575045857489828,-0.6008053918865777,0.4278352121616211,0.7118464393225588,1.3409310878211838,-1.1575054570477683,-0.6650135936088387,0.14642974614748633,-0.8939995248236056,-0.04635780824068724,0.28756244726930036,2.145316675131427,1.0706923525482586,-1.1309442454126184,-0.5842770640337169,-0.18511218176828054,-0.8524112035113031,-0.428426207230184,0.9689404866443321,2.1085014141641563,1.094095487850389,1.6933530325326154,-0.09611832297734711,0.1721541550513927,1.0256015167142942,0.46599899390837474,0.4347215292133884,-0.06176426879256824,2.801797995723484,-0.3474361306673746,-1.234329488517816,-1.4217700624770977,-1.0350883992289313,1.1155322587836844,0.2377321966265312,-0.369874238304984,1.6430763081574142,0.21320064116269014,-1.559447285355773,-1.6822587505126587,-0.5884525967914541,1.0966617854684193,0.28648971068074186,-0.7611682538804797
Bearing2_2,acc_00756.csv,0.6189937141832125,0.06621754859410492,-0.9429399248349685,0.50659081629615,0.6095303723198152,1.361588424537877,-1.0805169676164976,-0.7328974405198858,0.14768958681789462,-0.8150108770644006,0.1810324121099696,0.13473599739702039,2.102267116858906,0.9819573717215081,-0.9830625561099905,-0.8266217500640634,-0.13141526795547262,-0.4461697117443854,-0.21194452513131623,0.7858077644576531,1.9060999758247767,0.9897803716255721,1.5873413687345876,-0.09621045590918781,0.31826820663953354,0.9095899987981007,0.4988422582329053,0.494461639878675,-0.5987235908211366,2.9097102197618785,-0.28772054739128416,-1.1271192566130217,-1.4122996209776189,-0.9390502224154453,1.0442138991521925,0.2795198575985054,-0.17115122660079932,2.266077537265628,-0.2273696482544211,-1.511139121896181,-1.548146776431351,-0.9674018713964964,1.1760909175170178,0.27584053074118436,-0.7611682538804797
Bearing2_2,acc_00757.csv,0.6318460604721323,0.06057030366620997,-0.8047472267806418,0.6178962425670397,0.7241852103380385,1.3241240509187346,-1.1222513098094993,-0.6437039263763433,0.1544313498161791,-0.8939963739393976,0.033766351277486756,-0.06732494580799164,2.050746670701342,0.9412003895018247,-1.1062180250072646,-0.7764597184289783,0.06184783914238398,-0.7934419992908837,-0.36158131090238005,1.2237124656422544,2.045930196156854,1.0080302470851714,1.6950428197444254,-0.11386116170194735,0.03615263381792824,0.7900349683824747,0.42318581393844523,0.5860357510797451,-0.7160887252127719,2.551318148803121,-0.30541966738476195,-1.210836492822002,-1.4124629764112988,-0.8911025950646055,1.2139127882168983,0.3064070731543662,-0.5867845767296538,1.4252405208588608,0.14149244805645927,-1.5054432916363405,-1.6052415791452956,-0.7446407193895475,1.2058829309323722,0.3663264099084376,-0.7611682538804797
Bearing2_2,acc_00758.csv,0.616519570034219,0.1231909692695678,-0.8828446651058397,0.4977986229604663,0.8393204225129591,1.3060634413636791,-1.0568648749716294,-0.653246515668494,0.12544866409658206,-0.802629209002954,0.19219192113728975,0.11081150714732178,2.4096022907500108,0.7981805651477509,-1.063788837446178,-0.7588804632633837,0.10775858839162376,-0.6427896179943302,-0.3284681945035295,1.2244364803372396,2.299620755309897,0.8156610415444961,1.6334692969079345,-0.09063802775887772,0.23335224261386953,0.8858638716279891,0.5395958443730989,0.5477406139625759,-0.6727488273981247,2.8019102604472628,-0.33526520488191247,-1.1430206325736074,-1.477405464922045,-0.7986688199891716,1.2051139637294732,0.22518298698834005,-0.6172720020176794,1.9637078080527606,-0.061678695374090764,-1.5647444464568772,-1.6368990556974161,0.05342038551481476,0.9842154404654572,0.24966930508961968,-0.7611682538804797
Bearing2_2,acc_00759.csv,0.7074192282613538,0.10754274447560616,-0.9240985534865724,0.5516741906344432,0.9158678591945788,1.2516021936549084,-1.011754636466949,-0.5564172501220718,0.10519734182741172,-0.8887358395784921,0.1417517853797368,0.15085175917736807,2.0511423332619185,0.8840734168709767,-0.9932658763485849,-0.6081538360130233,-0.13912575083870973,-0.7902409235567212,-0.3307664343985527,0.885600728684141,2.0648519905200606,0.9252652752743761,1.715003965184928,-0.10579624425031729,-0.024378615869221944,0.7803288254492469,0.5226807507813467,0.529551596956721,-0.6019976670075478,2.7754461155785695,-0.3000396163797159,-1.2319043338879434,-1.4036238987329819,-0.823237607266181,1.2059425558323207,0.19721439843783037,-0.6091775875165352,2.000454735893776,-0.00021968859582190896,-1.6003422822895963,-1.595316647437197,-0.6715337190829516,1.3631107008393344,0.2064446232081716,-0.7611682538804797
Bearing2_2,acc_00760.csv,0.7893094999143754,0.08541083484854359,-0.8299648346380945,0.7017026811710035,0.9599846305509553,1.2624278381134315,-1.0204860829465707,-0.5849559679073331,0.22459967651417043,-0.9131924563333029,-0.07816285144408819,0.16088044528765938,1.9619510389922694,0.8929487224618081,-1.0234139832695588,-0.7315468814790215,0.1837032228141328,-0.8629176864438594,-0.4430496357398612,0.8355057196004559,2.0564447443480036,0.8833355816100775,1.766639270430915,-0.09611099473162281,0.17556968546438848,0.9339323890115911,0.49323698050289627,0.5105395664113946,-0.6595973955885737,2.7034188522616005,-0.24733299531458458,-1.1232326326851427,-1.4470094796985469,-0.8753241064719086,1.25457782848694,0.16807307036524086,-0.6198362828727665,2.047358165942307,0.08981984581498752,-1.5065874852689414,-1.6326115667379217,-0.3495789710971408,1.1169577910135864,0.1825375224350326,-0.7611682538804797
Bearing2_2,acc_00761.csv,0.7744026330867693,0.1138949629620823,-0.8011551848637447,0.6670951116582061,0.8229405423749121,1.2333884854995054,-1.067367482572215,-0.5039799768210046,0.17890179822374874,-0.9076052201121472,-0.009850460850065666,0.2459412518953317,1.8999904951680444,0.943740088952658,-1.0724157118614543,-0.467849813933297,-0.025609228146683014,-0.8483735116898059,-0.47933740874778136,0.8143102946194327,1.9072878719319706,0.973917534504676,1.8754293559523243,-0.09786368410939836,0.2736077748805033,0.9188339444487932,0.5754234626242705,0.4958730434325916,-0.6615155765308528,2.4247539912729157,-0.271182512554015,-1.075684155361112,-1.4949730819645637,-0.9952657903251759,1.4571515228097114,0.13616441636315466,-0.6874982405959736,1.8799505070216798,-0.00869025960309618,-1.498597113203638,-1.6382019394789473,-0.11014306185605169,1.195739715143822,0.16871195890114657,-0.7611682538804797
Bearing2_2,acc_00762.csv,0.781218516268704,0.11556692648025016,-0.7686335981472288,0.6590511900957722,0.8527417277127496,1.193813515625899,-1.0479914578268728,-0.5910289505227967,0.5276497372307951,-0.8750301810745594,-0.08686770690124496,-0.17474068307893378,1.8034955336660932,0.7821021053162971,-1.053044796348305,-0.5550000085716736,0.37204102584576343,-0.751659184737789,-0.5502286980087968,0.7855309722415775,1.8740506162475803,0.7900160806612136,1.7877539263418045,-0.12140908946858359,0.34632812938392943,0.8160720819652587,0.4378616058384423,0.38968412016817455,-0.6156622215281397,2.688905981575173,-0.13762759648849535,-0.9806502567934996,-1.4751092761888844,-0.9709955768165616,1.160379820941258,0.1544687197040224,-0.6471729129235436,1.6051229125222013,0.410877924534571,-1.4367021599891892,-1.6165084217715604,-0.9119774300016138,1.250309023949717,0.21893945714732685,-0.7611682538804797
Bearing2_2,acc_00763.csv,0.7655418767330359,0.055967088267703004,-1.0288871998840643,0.5120157866522099,0.6697736049867642,1.239364973687949,-1.0489941785229735,-0.5641445133195879,0.28542421726973677,-0.9345371603672472,0.07651795976674322,0.30212730035102536,1.2988471123249214,1.092288494045479,-1.0212535199356358,-0.38404715160924724,-0.05043618241067255,-0.8075258841420699,-0.40340473237970204,0.5963160426109232,1.3121900372338169,1.080142226605595,1.6623146195118712,-0.0923171644262139,0.30476128554898907,0.7846426667529038,0.5479024219421602,0.4270770039518795,-0.5785097615455678,2.7971933445646537,-0.14682921583138295,-1.016852522530116,-1.4515687113260833,-0.6878732503593515,0.7803402853150105,0.2985754337242262,-0.32469218394257965,1.3207992508379336,0.509083993174931,-1.4712377340938405,-1.553130718785862,-0.6837390821471868,0.802675764913541,0.34497784875168175,-0.7611682538804797
Bearing2_2,acc_00764.csv,0.7745390275785333,0.07587709186625284,-0.8954075979888034,0.561027587800064,0.6455826689316974,1.203184032929683,-1.059627451538847,-0.4994566278310076,0.30150369402131005,-0.9300087991656854,-0.10171266482273288,0.014262078351421134,1.4679857874905444,1.01733152715144,-1.0613712141419707,-0.6264696239901422,0.3006982068841131,-0.8557504157447129,-0.543282825436337,0.5697717938371806,1.300264333696422,1.0878315115124504,1.759851884313759,-0.11772398474180491,0.33511692875478516,0.7696982879509504,0.501454252479405,0.3367739612616801,-0.6376506557562255,2.836184065289227,-0.17014947831070507,-0.9079874990858016,-1.4040059312786468,-0.7861469267755882,1.028519909350358,0.1020043395334643,-0.654615907974287,1.932344200263996,0.35630018657422163,-1.3687245425310923,-1.4583184700026677,-0.8064689558926726,1.071891367271237,0.15203194215801588,-0.7611682538804797
Bearing2_2,acc_00765.csv,0.7035582595502169,0.12536055951153804,-0.7136462213328669,0.6515684723632752,0.9755280006591714,1.11217903107714,-0.9753112479058427,-0.4452459957219683,0.4329896878260047,-0.8466095384320274,-0.03361607319239709,0.6669947097977,1.5605510000731684,0.7232067450368613,-0.964730857987107,-0.6470379658118978,0.5169235663965346,-0.8168856483547341,-0.3878497312927911,1.3364187529698455,1.252022741350814,0.8048256759527799,1.7602376296896676,-0.10929048755668001,0.2802493247045528,0.8153017531610345,0.4934316149724116,0.4038963821415849,-0.6033887883675333,2.385826078438024,-0.09537464534025081,-0.8855104063744247,-1.4198338697253905,-0.6844872782859851,1.0305879000294063,0.13157828216793238,-0.6530895780945902,1.7268257657609647,0.3757480655348596,-1.2730021289444209,-1.5143020588033167,-0.2449255136030447,0.7766134024487088,0.18379510940025942,-0.7611682538804797
Bearing2_2,acc_00766.csv,0.7542927614892893,0.13687515497809488,-0.7150113643724462,0.6272496397326608,1.0714106461589838,1.1753017693947627,-1.0295936719170102,-0.507181632339143,0.4218115202397756,-0.890306207989337,-5.760980104303557e-05,0.3940225941712616,1.9354960222582325,0.6824298828613584,-0.8081648031508472,-0.6653153590050219,0.21602777825631314,-0.8102274987846253,-0.4228419587416122,1.138024244205299,1.715663850970006,0.6669836121823566,1.933982268310943,-0.09527687890102893,0.40697041790144767,1.0214417411714827,0.5471716967852792,0.4449613442148066,-0.5997868710171942,2.2680280532022143,-0.20189742599329444,-0.9209795707649088,-1.3618916761437139,-0.8627042883500908,1.2489565224370882,0.10958087834110318,-0.40746221939434185,1.3005005925817403,0.23905097309437892,-1.2484847897518292,-1.434403879959027,-0.31359169473179077,1.010829775386897,0.13864016895848383,-0.7611682538804797
Bearing2_2,acc_00767.csv,0.7549270443385931,0.0782149949966359,-0.7728498186967243,0.6289332512224723,0.6764585938355268,1.2464074973710428,-1.070580624597982,-0.6711245263336234,0.41056274937968884,-0.8948164676203418,-0.0417755681483836,0.6035524095354737,2.048079387925023,0.8012109258687814,-1.0649467912149067,-0.6676452879602267,0.26337768454855,-0.7803902805573291,-0.41810413766891974,1.325233588369791,1.9099155832528187,0.8462728012876193,1.9190484408555457,-0.1112097976980505,0.2603874186124309,0.9003460531474078,0.4064377109801708,0.47708738737436046,-0.6670522529935471,1.823329060367379,-0.20245627350773673,-0.9661227682896082,-1.3380804949407108,-0.6244903219705027,1.35376052467159,0.08964884749219695,-0.7267634899970958,0.8735330579157831,0.19949116000306588,-1.1985357460084964,-1.502892906520663,-0.3076356173819985,1.5198411831283254,0.05787952327070234,-0.7611682538804797
Bearing2_2,acc_00768.csv,0.8395232763485787,0.015043708783045107,-0.8082056104017721,0.5067778842394625,0.661416794296323,1.2865458335848152,-1.09870432261642,-0.8225414427343117,0.37131779177718144,-0.8803225596342296,-0.06004481546783088,-0.03017658940660927,1.8631349972176334,1.0453261541224537,-1.1263173232104113,-0.8067435269177448,0.161783182998884,-0.8549537356641094,-0.4646023402064235,0.6648386996906863,1.7837490038212296,1.1454591509988876,1.7954206039702783,-0.12299282751492296,0.2700211261952896,0.9273075612952615,0.37457288585880344,0.5087408159069794,-0.6469748709962612,2.263441046779113,-0.22041639568610674,-1.053392683643172,-1.3811334920279594,-0.6988530532633742,1.2229686844631078,0.16026861184985866,-0.6803132973476603,1.569141929803621,-0.0411255806249056,-1.3893779814115215,-1.543217485639111,-0.5808076131102463,1.3289380919239537,0.25125327648730345,-0.7611682538804797
Bearing2_2,acc_00769.csv,0.7226542619479225,0.12870736836317587,-0.9054721508981494,0.5718775285121843,1.0166133117863383,1.1403906341517638,-0.9977601441783449,-0.7076218665520498,0.5694278701768604,-0.8244284958010044,-0.05470912228182749,0.2071907162026976,2.0050351189385975,0.5985672952988252,-0.987701609576716,-0.7064276050535544,0.4840208109416427,-0.7932996958600103,-0.3642101056358276,0.7069418765545831,2.0757727386156795,0.6582143670694717,1.8124818031348457,-0.08501652718341858,0.2643313177015733,0.8801634384767284,0.6229186502615269,0.42211069099084103,-0.5309740342654082,2.363536218716192,-0.1848848554511444,-1.0668273600497047,-1.3932751070169966,-0.6494813227195623,1.1397498290904107,0.13763384755440375,-0.5982586899246278,2.2092842985889196,-0.12670318392580235,-1.467163495275694,-1.5083532394239108,-0.5393907542748414,1.2450705943922686,0.15660745801160364,-0.7611682538804797
Bearing2_2,acc_00770.csv,0.8431448970877411,0.16532492814054647,-0.806675266749939,0.8227356404941396,1.0565764100489907,1.2086088502163674,-1.0801753466634527,-0.7714520718674347,0.48106984962065447,-0.8639802113051677,0.001688594839159061,0.013586486513696159,2.0429700978171885,0.8299906744284387,-1.073387169835906,-0.8190671134879809,0.3214053207152556,-0.7184600999960855,-0.4133622499988154,0.9564846748854813,1.957445212176626,0.8986723761610448,1.9374036028409085,-0.0712941933085028,0.26961965888527173,1.0570309319266495,0.6057807342188186,0.4671637076581829,-0.5985987259809439,1.826922334404,-0.20872904112261242,-1.0624649817098617,-1.416237870965397,-0.7201307673642302,1.5966288296257785,0.012664282336889683,-0.633744601745995,1.3622639414027575,-0.05942441638310961,-1.4390305685345917,-1.4690348313546147,0.020960131865347193,1.3969432212096509,0.07214943474538105,-0.7611682538804797
Bearing2_2,acc_00771.csv,0.9147722034167911,0.16711431234633645,-0.9407083661265394,0.8953180024993581,1.1176153191999265,1.224719404940639,-1.0007230549881656,-0.8731167326381238,0.444140659879823,-0.8602374065777498,-0.04680214683083684,-0.013203731177407644,2.1440890355064885,0.7839431138720419,-0.9984677009108285,-0.6093806444693236,0.055454371462304745,-0.8163310076886188,-0.3583070578084603,0.5304739116294108,2.0059220561859235,0.8869004576368295,1.9538032503291993,-0.08005367654619855,0.19142375767514888,1.0890766101823846,0.4973552488792532,0.5739666245099467,-0.6268663804510838,1.620039584841576,-0.22277247039395917,-1.151357796513382,-1.435306546357962,-0.7097791423299772,1.6311536451276327,0.09836999828174468,-0.6501811037185287,1.1588029532155741,-0.06751711901101898,-1.5645561835995943,-1.594600671863682,-0.0389923882463617,1.4296439820060052,0.22117057007895466,-0.7611682538804797
Bearing2_2,acc_00772.csv,0.83463691058479,0.15146760124822126,-0.8753764706206506,0.7260215138016183,0.9943637970808814,1.242443453931649,-1.0363278085130683,-0.7726866070073025,0.45372689252773435,-0.8651008530181316,0.007963564308198345,0.157214746153952,2.239735321192656,0.7301872716805166,-1.0429530638866296,-0.9466470088757113,0.4661035318373288,-0.8278016274033424,-0.3617898855172275,1.0624646848732766,2.0680933597962707,0.820492655545827,2.0658310484119826,-0.10257926772824497,0.11009202316786099,0.9568881873774783,0.5695166219597015,0.6402052374568401,-0.5622956397355977,1.2764587768550715,-0.313655231041524,-1.0704299545351397,-1.3716899001689626,-0.6081624311907838,1.693911161661967,0.060881990138117945,-0.6254262844445121,1.0174997180737908,-0.21421857980475612,-1.4479246077334542,-1.4789833955180025,-0.1316860281656329,1.5901157478143046,0.16819454369864187,-0.7611682538804797
Bearing2_2,acc_00773.csv,0.8561404174932897,0.2278192825555016,-1.1324380931471774,0.8882094206534865,1.3653054054027616,1.2758740399495434,-1.0487473103590936,-0.9896124786669094,0.41578991970862633,-0.8676275991225028,0.12039533392596574,0.29661323974577763,2.6222657443386033,0.7269872495519404,-1.053815396610827,-0.9401493590208702,0.21030373137760272,-0.7029055620123589,-0.39540135593232084,1.1256347276029692,2.6033507282904673,0.7672626750206988,2.1626819466213747,-0.04508089116588798,0.027912457961926918,1.3944349481769345,0.7610116676042379,0.6867220006759346,-0.24559850971948502,0.7382869904655944,-0.3572450027839546,-1.1458449237510966,-1.3771562086281737,-0.6578629973415454,1.871705779348847,0.07132764387224652,-0.45198814679486626,0.7238376693293438,-0.3780297059064797,-1.5082326876263439,-1.4812394761712602,-0.10107795555319751,1.727140265154128,0.20625452431120564,-0.7611682538804797
Bearing2_2,acc_00774.csv,0.8380336085421956,0.31045776111194656,-1.1282380883469347,0.8148787868750177,1.5539061077611969,1.2564887235052442,-1.0614425164676689,-0.9255801768038711,0.5801244469269558,-0.8359274865393472,0.07977081986476074,0.23664884143925097,2.5630078418083366,0.5982806025125081,-1.028550030650904,-0.943140699677086,0.4310477599913456,-0.7267711112222001,-0.3518366482418918,1.304720626663557,2.4465025483452645,0.660828502668098,2.0459442865171034,-0.06010194356035509,0.07433890404988315,1.130366234088812,0.7752690481385173,0.6391218962423576,-0.32669791947803467,0.8375371469853461,-0.2888426141304803,-1.0947264085609538,-1.398014507403698,-0.7289324877478252,1.8932374673796275,0.020606365822460986,-0.5601337137467451,0.7748933294426433,-0.26221061566088927,-1.4581525259017891,-1.4530257538783284,-0.1549291544054715,1.9965112830824425,0.001338609158413305,-0.7611682538804797
Bearing2_2,acc_00775.csv,0.9060944205105037,0.17900494801909736,-1.3331604502297394,0.7039474964907527,1.1497963424211362,1.2748630842938427,-1.0811907542333428,-0.9921486276192688,0.49111659074168124,-0.8413131471303128,0.006587492916579697,0.19908965866473943,2.7508035394797106,0.6459250017639667,-1.0353216148066302,-0.9193740573071186,0.2581077302717832,-0.5846529673792155,-0.3705208829964393,0.8920994295353623,2.55436112739136,0.72119394078886,2.1708540045329237,-0.08434246935153603,0.17541746006774142,1.1938413275569022,0.6317107815160838,0.6281040370806105,-0.5596654336891627,0.6829246706833682,-0.30597768849349255,-1.0795129820334237,-1.39700383746517,-0.6852048455272811,1.9476524827926005,0.06722423755802533,-0.40491431251624593,0.5550161066333943,-0.2571722724242269,-1.4709540944186228,-1.4683089273013519,-0.4128899848106263,1.8615849128128756,0.18072024445582255,-0.7611682538804797
Bearing2_2,acc_00776.csv,0.8127731326857357,0.10637813386603594,-0.7192251381874428,0.6523167441365249,1.05702468930203,1.2466781653674683,-1.000906464271657,-0.899193801913308,0.4784105580774767,-0.8504544627346814,0.30994088799470615,0.18572576336536722,2.154548101233252,0.7212529544646279,-1.0270265903563416,-0.5610953489998011,0.023858780975926443,-0.6731133918697991,-0.2740397621322929,0.931276474112736,2.1415522121900774,0.7994138156040047,1.9489868899050804,-0.11687089261938448,-0.03390676623159298,0.9142119716234467,0.4612320604633086,0.6679138677999538,-0.543246053857325,0.9721190156460587,-0.2964704111205502,-1.0272493936103753,-1.356662478336516,-0.828140134525767,1.789938987713105,0.11584142453785433,-0.6100288636628761,0.4300725485761048,-0.02953280569039494,-1.3834910007286747,-1.5054365218657804,-0.4292577600732879,1.8820820651222687,0.13816429794453275,-0.7611682538804797
Bearing2_2,acc_00777.csv,0.9597465057479496,0.01667049972115645,-0.5383377193372207,0.6147160875307284,0.7444029626219407,1.2883202692932016,-1.0223729962991157,-0.8985455306984174,0.3960593527767564,-0.9331982516607437,0.041542612782746846,0.19622940800765157,2.3876866793317704,0.7588924077342611,-0.9911029729641657,-0.8451530055203392,0.11253293164030588,-0.8683489472554204,-0.37587200841386653,1.0896974841823184,2.2981578609357936,0.8328220101778286,2.1222076086278236,-0.1284837856887864,0.2368169226362274,1.0975502270288529,0.3600480547165144,0.6626437255911061,-0.6168751547497596,0.8612222696197215,-0.28344670168746827,-0.9701289348044196,-1.486028060452083,-0.6367431452751359,1.8055975207234984,0.11095809009104321,-0.6345925754856446,0.4468014477536223,-0.10284747448444856,-1.360825780892302,-1.5787978514160999,-0.1312794674594691,1.8891485254853517,0.09802098268381516,-0.7611682538804797
Bearing2_2,acc_00778.csv,0.754365280062623,0.12106832929595897,-0.611275444984763,0.8685672866056823,0.8924383276019924,1.1835058464332808,-0.9289605956106644,-0.6512558909585271,0.2791951853724378,-0.8539150005407844,0.3966713297807291,0.3965350982120706,2.023405568690773,0.6758304532106076,-0.9235904147498893,-0.46999870811679223,-0.0616017377710508,-0.6944154221737244,-0.10868073696229838,0.6991141113004766,1.9231968412105591,0.7585813062402974,1.9955802214663474,-0.1196329080583118,0.40474774203161906,1.0406999612770924,0.384035003735005,0.46874953173558953,-0.29146178241672954,1.660216493317044,-0.34844501938661393,-0.89736468806082,-1.327090162674769,-0.6897131311035176,1.4991243725720873,-0.007333251794698179,-0.4458403593534783,0.8799331454823079,0.06067884456175203,-1.3086805503223617,-1.3173992749676373,-0.4907256709409057,1.5445288309398095,0.059869515354390355,-0.7611682538804797
Bearing2_2,acc_00779.csv,0.8578712526162686,0.1475220375354245,-1.3621759567710703,0.8702508980954942,0.9407636306203169,1.145871727029871,-0.9372591746969876,-0.5099143118923545,0.21260243811123214,-0.8236212323294365,0.29720782571127785,0.6422582863029694,1.1662406497814064,0.9676420251863335,-0.9442373596070508,-0.8336481547388304,0.3148176465727452,-0.5425218865906061,-0.31413379895616655,0.5627829015361372,1.395205042030145,0.9296761369381152,2.0202146421270415,-0.09635227308046582,0.38595692764076667,1.2864348498246743,0.4640363190797701,0.5898683601281047,-0.5888206833822266,2.1176699882813885,-0.36018602597180993,-0.9014873608509284,-1.3910147260792123,-0.6249507664574808,0.9661757159516119,0.3526791605602161,-0.608167880374664,1.6972956336958953,-0.236983654484111,-1.266418123838074,-1.5093506383092556,-0.09238290241591719,0.9961373865443349,0.27768548618481786,-0.7611682538804797
Bearing2_2,acc_00780.csv,0.8707043437037368,0.050485278204045796,-0.7325029126858894,0.700393205567817,0.6798280315839776,1.1377169504060793,-0.9137229704756235,-0.2728337943793575,0.021307940644543794,-0.9263572673894983,0.25153790773714924,0.3281661797833703,1.4669687286633577,0.8721569504841427,-0.9357555955992954,-0.5482396691524252,0.10875802541647481,-0.8585491767157556,-0.2416440152808831,0.4793213412171612,1.4929527165076841,0.9218912177515094,1.926450323180669,-0.14569751814252618,0.4078923599212182,0.6453672189491333,0.2822149980637829,0.43547043009144765,-0.38540021511520667,2.812876556246473,-0.4099982395244019,-0.9604748643694384,-1.323059598376102,-0.5924419556953987,0.9352542341663768,0.15736205306240422,-0.48391278086441714,2.1454942883894077,-0.08805791818677791,-1.3329224233557329,-1.4273928391850448,-0.44299114023998337,0.9568815538195277,0.18671437252662026,-0.7611682538804797
Bearing2_2,acc_00781.csv,0.9403732446050661,0.06614423098172158,-1.0277936992971757,0.7265827176315559,0.8742219225946144,1.1250526569723562,-0.9522310220966435,-0.11080189685811385,0.0279125271038321,-0.9036693548879215,0.0703449950145947,0.2865721679989467,1.4336813970976143,0.8588510510043822,-0.9535523236800428,-0.1929952348404813,-0.09377524918911759,-0.7714669732329642,-0.5116524760405073,0.33956816404842166,1.5446889079344703,0.8916341313464862,1.949247342831437,-0.11598094273498517,0.34656718279775306,0.9867769449813847,0.376328860961688,0.425554046811194,-0.5735779255569629,3.1345831940658613,-0.3745531509904906,-0.9025594886348967,-1.2967344432530703,-0.629291048972836,0.9639483937115688,0.06104096291534563,-0.597668266084971,2.2815332534729404,0.09317807699972903,-1.3666651304654798,-1.324051744475895,-0.5308256038378252,1.0362773526508702,0.05528141032299847,-0.7611682538804797
Bearing2_2,acc_00782.csv,0.9518046488115522,0.06216113832023798,-0.7954157190061051,0.6646632283951447,0.8896433494383337,1.078312165702778,-0.9137722703402106,0.050059359026261366,-0.019635446621392143,-0.915069348900378,0.12987017170484955,0.29840979888770186,1.3121656687611845,0.77538820851612,-0.9121952870489924,-0.08216626151556598,-0.13355749825856153,-0.8078638917971219,-0.3813553075284646,0.7205620592741537,1.1659566063965752,0.8949325491548652,2.038361451444515,-0.13448310661104626,0.2895165729993346,0.9541150036822703,0.26734389569112543,0.4556409357180975,-0.6044434436779005,3.280493611174519,-0.36745718785741416,-0.8810025879588549,-1.244659741969485,-0.5513634223062225,0.725906501499993,0.14035176010295097,-0.5818460252914666,2.3787539037254315,0.12796597901982915,-1.2538120387158398,-1.2663634195126328,-0.4940930503230169,0.7613105881570164,0.09749473715821093,-0.7611682538804797
Bearing2_2,acc_00783.csv,0.9519420169057726,0.13488091842655697,-0.602721997647593,0.8253545917005133,1.0970834875508166,1.0139944846712141,-1.0020737249736233,0.6637276097223496,0.07626235762916031,-0.9497029477614229,0.048747446274791155,0.07220252876961672,1.0382736224254903,0.6172444264593291,-0.9824508212803983,0.1692234072714437,0.3844467921310079,-0.8345016800660598,-0.45496699005618485,0.6123354162004357,1.044621031720833,0.6493978364103857,2.07917501178882,-0.12978080730103414,0.3853529948799223,0.8484258917426833,0.32360062774326204,0.37101761502431224,-0.32204336776963965,3.490262549257379,-0.3617032942183206,-0.7581584803696699,-1.2274004185410443,-0.6537501825305435,0.5608909712147411,0.10276051900163045,-0.4558236716667068,1.8317837404151638,0.4661236289145345,-1.2111289022495753,-1.2670569933418812,-0.2814626383722508,0.5859783622044695,0.07600953884894897,-0.7611682538804797
Bearing2_2,acc_00784.csv,1.1608520538941176,0.39340214218981173,-1.501584263373439,1.468120044921988,1.7402093496711244,0.8595618544626558,-0.947654994477418,0.9005452028327644,-0.03151280304768213,-0.9028853574529098,0.15598642195731383,0.36589503009114716,0.95537666609602,0.497792994345908,-0.9024024708735666,0.18196137376156937,0.4672224787161095,-0.628093937792635,-0.49047730886177116,0.1132007838705965,0.9860802561257317,0.5354424132643909,2.1311428160393993,-0.14034968938693648,0.19223898934726835,0.9308510737946937,0.26509045518148733,0.39256819194188247,-0.65253639623705,3.865562325463892,-0.39196738065129366,-0.7617710401696491,-1.138272614854468,-0.9037125424088329,0.6139593910132747,0.11905077293421581,-0.6522454730094114,2.766411281187878,0.1650097398849965,-1.04576911253402,-1.2611747459734266,-0.6946243410557892,0.44199181644512764,0.16794588239663485,-0.7611682538804797
Bearing2_2,acc_00785.csv,1.2805970459306826,0.8366311759754049,-2.7069867476722815,2.30393961564188,2.066962275353061,0.8309960903604549,-0.9336917123574463,0.7039132959712188,-0.04978336482310509,-0.9011282450378774,0.2426980792257281,0.815270319864733,1.3402592891107314,0.4106092624355765,-0.8426676968065383,0.4376466333177634,-0.033718489694084496,-0.6730723285833948,-0.3393267025546072,1.1327829426259473,1.1668334790383177,0.4593405984526292,2.4908649026252077,-0.06408037565790228,0.06251189364150277,1.883901870381115,0.6335905445523237,0.5215303924738799,-0.6860722876661431,2.4768983151684894,-0.5130407772848911,-1.0385530038486044,-1.2469947979216365,-0.054823906007988366,0.985712988655297,0.14367867731181921,-0.558555054939823,1.4439255025708049,-0.02497303061004057,-1.2948847792448581,-1.4125809458407936,0.22538397858493064,0.9138261901874576,0.16261523558682894,-0.7611682538804797
Bearing2_2,acc_00786.csv,1.6948025768436592,0.13268575968056587,-0.5047605159997574,1.3562534148211611,1.6871184579675187,0.790939873743389,-1.1725490056550658,1.9395793628543223,0.061547885772529655,-1.003297758944392,-0.218485222611237,-0.1269949863700584,1.2691980588275398,0.10179234618081338,-1.1296392143613638,1.6439938942983063,0.36445679302892414,-0.9409747186906744,-0.6511469176104405,0.35273986380931327,1.2235756526459949,0.1457451474783541,3.1248256774836993,-0.12234903936552903,0.20249957437013785,1.5327860014156358,0.3686287109442808,0.22529043059320736,-0.7477654043437445,4.953021592657546,-0.3758737611859821,-1.1241625207908363,-1.2702401620475285,-0.40835363582189455,0.7365553923858597,-0.18702803156124173,-0.6244160002983992,3.6283745276897283,0.27077884222218945,-1.4717039843026618,-1.394533712709911,-0.37423649559635036,0.7854874224337651,-0.20018161338939205,-0.7611682538804797
Bearing2_2,acc_00787.csv,2.404433376247923,0.3844862499878766,-2.417430534893101,2.163638658157565,1.9734498265902563,0.5395131073013395,-0.5877041502519477,0.2576951310260865,1.0978515059242813,-0.9353020805773818,-0.21476160865015692,0.7670032561556743,0.3575958921148883,-0.09169739083742535,-0.6413192027440121,0.4681266400576342,1.2799777794645157,-0.8257341669997883,-0.7002055257774212,0.2853609885265697,0.3593185128411813,-0.06123171520680588,3.936822077532156,-0.1258786890435838,0.0895802256471432,2.002532506231672,0.27460432970382853,0.019395427589313702,-0.5648822004656895,2.204432012509811,0.7249230900788394,-0.9185410446236029,-1.247990010073565,0.15034642067328116,0.6032389517700097,-0.3102003772167556,-0.5421376275861822,1.6989363761067982,0.9594638274021249,-1.1275627385540046,-1.3467443541069282,0.7758335432492561,0.5211358957873196,-0.3692239265982667,-0.7611682538804797
Bearing2_2,acc_00788.csv,1.9422577263088994,-0.10518798812613185,-0.7612162172679336,1.1523493566106235,0.1601631467061708,0.7836736631272405,-0.07836728661114205,-0.48473908645516695,0.16332068356928328,-0.8039035433098642,-0.13698992791235506,1.2238921641017309,0.466618899746343,0.24980730686383193,-0.1551964626903052,-0.1554924078519892,-0.011953738360874126,-0.6978854777621039,-0.49893510863123064,0.8658631639514408,0.5418395929567178,0.202415830266564,3.55832921599249,-0.17900430011804183,0.061393320440237535,1.4358786378442068,-0.08593918822057146,0.3342957632487705,-0.5111024789760614,0.63261662207257,0.011546269169764655,-0.9325747879943328,-1.1057099613884669,0.6141341156603496,1.036607672451083,-0.08727147258774974,-0.49722137701625635,0.4049608220041585,0.08998989640057765,-1.1897612692328252,-1.1786891103931447,0.8471251166424473,1.123776356415204,-0.06850760699475253,-0.7611682538804797
Bearing2_2,acc_00789.csv,1.8994908378339208,-0.07729704145970562,-1.0894589923965847,1.1194253985876372,0.4826098732384171,0.7448416483668785,0.015981668105706243,-0.6067598752790158,0.04435163295467726,-0.8493008023750853,0.24642489512428337,1.1553986558327602,0.5152262048028888,0.22908307731859642,0.010297336761207938,-0.4868965717477322,-0.1358309703142067,-0.7101836783573257,-0.24208400081551584,0.6442378055024842,0.6879846693748763,0.18005937295287341,3.4629398149767843,-0.1844722542920995,0.058052522941006275,1.3938186851335548,-0.1771039579888505,0.4070784112683979,-0.47338042672479685,0.34100544647533676,-0.10912595583631288,-1.0221103527158473,-0.9968872578362806,0.46012059355426516,0.9660004626061189,0.13209385704819435,-0.5250144921949731,0.34645501402806617,0.022357872411517196,-1.2448055327033714,-1.1602894031612832,1.2374051167987832,0.724311995048139,0.11108948269331542,-0.7611682538804797
Bearing2_2,acc_00790.csv,2.028561490667794,-0.1443753037894302,-0.9092774426537652,0.9701451798243265,0.02078296966997751,0.7684002199351424,-0.028938610585644352,-0.7052340141651383,0.15817421078501293,-0.7990038902182279,0.019435349750931842,1.346537303499821,0.8379266675029932,0.15376337178995414,-0.09469061094108369,-0.3688043340686133,-0.07525933492370797,-0.6962185967404818,-0.382859721727465,0.8251236153418212,0.7821148411014934,0.18016309559754556,3.5657540617577266,-0.18144901993660345,0.2569834898647347,1.3690140976375298,-0.1174507295002208,0.3239194705300746,-0.4274310563833511,1.0011972999169767,-0.06997884183461074,-0.9875353803379893,-1.0946768383208327,0.6746163636869867,0.7953673175734626,0.005551099738493279,-0.42158681268072623,0.8553021982161905,0.06810876252194097,-1.2279922532689722,-1.122981194580973,0.6820119011752359,0.8267193631938318,0.021728877000538056,-0.7611682538804797
Bearing2_2,acc_00791.csv,3.0978236737107383,2.889040775715177,-7.620466807008898,5.321532609214525,3.465056935762402,0.6151069911312115,-0.20710680945274818,-0.8209930129239811,0.12194922346171677,-0.6343678675175746,1.1164145239465535,2.1331213150587187,0.43549516520848497,0.37571991826014206,-0.16829129519796954,-1.1073676060015345,0.2088754733610775,-0.4705927292340409,0.5679147197903144,1.1257290431468239,0.3493748445957768,0.41467600711053776,4.346670009852938,-0.002067770879884639,-0.016719633378384363,3.5607536114167773,0.4345221743646281,0.8092733053675047,-0.6172981199795542,-0.0945998934859341,-0.28371919784364363,-1.1286266693459017,-1.1835405174266735,0.22164869507822837,0.6269236747826104,0.8235506451409973,-0.7037897121703258,-0.16494494237946183,-0.2736045555697653,-1.3557150408040848,-1.3154780679491884,0.06090842066981135,0.8959997445162423,0.7684350434238719,-0.7611682538804797
Bearing2_2,acc_00792.csv,2.6177647586690704,2.2859696776494607,-6.701972517846132,4.146558857269216,2.4142933622032343,0.5969649208946886,0.06838047610701073,-0.8525840103912827,-0.15265382664956414,-0.6315599366788311,1.123190302266072,2.3489042316389397,0.26510609529560536,0.32781022815383604,0.06639732019306263,-0.842085127188643,-0.3708972005502369,0.05972104613624698,-0.09690245793945244,0.8806713872593528,0.43004284298931444,0.3017894687438345,4.064508674975834,-0.02538996531870926,-0.18077059094294912,4.048833941773354,0.19728001118982408,0.6139022634044937,-0.5299486666900576,0.5541173001475597,-0.3405142595120557,-1.1430577112304734,-1.254540373756658,1.1688152546306338,0.5456005153250117,0.43796677886711405,-0.6197980838904745,0.3925972496881442,-0.3140951113080491,-1.4817736532208075,-1.2537763540799918,1.2884177424012948,0.8642198343371845,0.2968746895123137,-0.7611682538804797
Bearing2_2,acc_00793.csv,2.4562190130964203,0.2941898300554945,-2.690810760017019,2.622142187216306,1.2731624208097188,0.7216410824450195,-0.2282094940447294,-0.24083319925186641,-0.181135707130359,-0.8172601771722651,-0.015004852949964178,1.2918243677538048,1.2003866431495416,0.2413016493384009,-0.2360244832404015,-0.22062559305043677,-0.2684353848625952,-0.6660811293530224,-0.5711832961442838,1.1229504147317437,1.205093800290799,0.2268492990421004,4.435708700579901,-0.10640341313626056,0.15500415189658964,3.105951485402695,0.24672886990091,0.607869842410658,-0.5482455532539985,0.7240808059180848,-0.4563476290344356,-1.080202839633555,-1.1261430820288127,0.20499523255167323,1.3781244531355439,0.11668947293050261,-0.4901883332388755,0.523199537335151,-0.34822222539003833,-1.3496949444194568,-1.335155315070885,0.5122849703616438,1.3821588837490102,0.1603427825327511,-0.7611682538804797
Bearing2_2,acc_00794.csv,3.57657045229979,2.187189812311828,-7.587552306848031,5.465574925565089,4.522916665481339,0.6506342591428121,-0.19574825041778107,-0.42550574138358777,-0.16220236144822203,-0.8002040170942455,0.11995737640823564,1.2652285462803994,0.5494763979247481,0.4919785722465905,-0.16612496173845637,-0.7607992529883875,-0.16164114870434906,-0.6104462379174043,-0.3667223624211629,1.2939099846706408,0.527205678582605,0.5107902100107332,6.021214966335702,0.6113341276463652,0.04670839028809202,8.015102888963916,1.3216086338099686,1.021801027935904,-0.6920868002279078,0.19379956532988782,-0.570566894502231,-1.2361652059625243,-1.338440596009586,0.5998968410212471,0.7502119226631819,0.8226949040710083,-0.7623776989785147,-0.17679724023293725,-0.5128152758668459,-1.552210021182097,-1.4985840906321666,0.1820668315934244,1.676460036918368,0.542682368870502,-0.7611682538804797
Bearing2_2,acc_00795.csv,2.5880511123116494,0.7003126054692712,-4.227427471603207,2.575749337274826,1.8754745136290014,0.6013247025501909,-0.26303076684604565,-0.06434030163427684,-0.1267812232717543,-0.7841578695463705,0.11106469055611132,1.1913153610239264,0.6439983144725552,0.2974554255808776,-0.19604775584861012,-0.33987293528442464,0.009059120386143657,-0.8228503013753949,-0.06588275786792683,0.23673005119456847,0.5407163681153757,0.3468429021149617,4.356343415086628,-0.1656075453321788,-0.1294793568423455,2.120700944799694,-0.06975431205980595,0.43736881430911134,-0.529840024228728,1.5217643843580402,-0.33097142713606265,-1.101746931964404,-0.9682430853790971,0.5808096602320117,0.9517542972814854,-0.041234880124202115,-0.6065797082464373,0.9308674831758418,-0.018886197567351503,-1.2456547463448397,-1.1389402669598827,0.7346740642969158,1.1746727091539104,-0.11598724384959283,-0.7611682538804797
Bearing2_2,acc_00796.csv,2.649779136596597,1.1320629454501792,-4.30759738300838,3.6914225511900987,1.5477242493261858,0.4987830320664021,-0.10527577384959057,-0.22031360650584617,-0.009547126101556285,-0.7115513334466697,0.2290978695548428,2.6372096137294427,0.7945058644924743,0.00841212554675512,-0.08101576372142853,-0.20855264229996673,-0.15651481735821085,-0.599832950778895,-0.19400771267329908,1.5747576061644986,0.7897900692986753,0.027867861760065976,4.684260527318429,-0.09479202066031431,-0.13292144550552248,3.814037722245758,0.12346302655440991,0.4192242733010496,-0.5623211122429375,1.5330127111759588,-0.39686201108656033,-0.9486097299912823,-0.9855058317203661,1.151475474383967,0.7073239476487868,-0.08766186126044145,-0.6033427662921097,1.0334907871449315,-0.12988849458427082,-1.1620357746874292,-1.1344927317203695,0.29557447034801837,1.3123964319761932,-0.07312044216790087,-0.7611682538804797
Bearing2_2,acc_00797.csv,3.5479093876042525,1.1594217059249747,-6.05597446424305,3.520816586889172,3.420173407373312,0.3940415307286072,0.28314724287405263,-0.730546124348079,-0.10149580418114805,-0.8514391160882299,0.4481702869252456,1.0575611753803629,0.43458707587426,0.00903185330195046,0.39764325404102396,-0.9579565270366136,-0.24674382804501582,-0.6926980793519026,-0.025857979952987574,0.4020180318794952,0.6132112842572169,0.039837200796521886,6.257407104919261,1.3952766240049517,-0.6752302407121445,10.433627202706825,1.6468099430418526,0.8467074604093228,-0.7110251987314881,0.3902794921573453,-0.5531609893212499,-1.2155690153418628,-1.1824022744420855,0.5876923393378792,1.3131315568100697,0.29001911167239514,-0.794037951907279,0.14882985508124566,-0.5087245550122668,-1.4426162674120138,-1.402272299100488,-0.4230818714456393,2.043477938021928,0.360804260931105,-0.7611682538804797
