bearing,file,h_rms,h_kurtosis,h_skewness,h_p2p,h_shape_factor,h_spectral_centroid,h_fft_band_energy_ratio_0,h_fft_band_energy_ratio_1,h_fft_band_energy_ratio_2,h_fft_band_energy_ratio_3,h_fft_band_energy_ratio_4,h_fft_band_energy_ratio_5,h_fft_band_energy_ratio_6,h_fft_band_energy_ratio_7,h_wpt_energy_ratio_0,h_wpt_energy_ratio_1,h_wpt_energy_ratio_2,h_wpt_energy_ratio_3,h_wpt_energy_ratio_4,h_wpt_energy_ratio_5,h_wpt_energy_ratio_6,h_wpt_energy_ratio_7,v_rms,v_kurtosis,v_skewness,v_p2p,v_shape_factor,v_spectral_centroid,v_fft_band_energy_ratio_0,v_fft_band_energy_ratio_1,v_fft_band_energy_ratio_2,v_fft_band_energy_ratio_3,v_fft_band_energy_ratio_4,v_fft_band_energy_ratio_5,v_fft_band_energy_ratio_6,v_fft_band_energy_ratio_7,v_wpt_energy_ratio_0,v_wpt_energy_ratio_1,v_wpt_energy_ratio_2,v_wpt_energy_ratio_3,v_wpt_energy_ratio_4,v_wpt_energy_ratio_5,v_wpt_energy_ratio_6,v_wpt_energy_ratio_7,temperature
Bearing1_2,acc_00001.csv,0.02534569820362158,-0.2025779066517655,-0.398144432905778,-0.16741498345849892,-0.3877530141296035,-0.7524494710172992,-0.595747300958204,-1.2143333429625711,3.739577506763142,-0.3678405675226701,-0.38940476354997183,-1.0198029513221258,-0.8278553597730625,-0.7180439455759903,-0.6116632785156716,-0.6996335749799402,3.6781916917057758,0.3266900617504014,-0.37624364021426165,0.6322758206304873,-0.8033251907751463,-0.7111165118963674,-0.30917512968258454,-0.19448045186895807,0.04516646046692995,-0.334491020024297,-0.24334246919077773,-1.1552783885974955,-0.31014791694165134,1.0774226462870042,3.1956817867688594,0.7066523628979774,-0.7637993224694034,-0.33864299355823735,-1.4790744794495512,-0.6519506474632082,-0.31281709145846504,1.5240330083012466,3.066542775364004,0.7100974591970559,-0.4862521704342497,-0.7951182208229333,-1.5218131071356564,-0.6455867508549908,-0.7611682538804797
Bearing1_2,acc_00002.csv,-0.05660719545935262,-0.223054213768314,0.08432857478497625,-0.22353536645222485,-0.630422508309248,-0.6702633607038215,-0.8515999654889478,-1.1279387218377297,4.106063059500079,-0.395025170639953,-0.331116067860406,-1.0290449328287763,-0.8289368240694207,-0.7153438730419065,-0.836470190452939,-0.7234356105626234,4.092026701790792,0.5333402658730972,-0.34186515091235997,0.6766195617897635,-0.8154631188215647,-0.707412829091126,-0.2709304432599081,-0.1928377629507422,-0.0526746211113585,-0.3155409314403769,-0.19284124275726774,-1.1393675655135502,-0.363361157106786,1.1478643058817155,3.150336046034617,0.8602505422892079,-0.8906357910077881,-0.17100258478638597,-1.541493377987179,-0.6602329703097803,-0.4003436730890748,1.5314687250404795,2.8838127544674617,0.9579284330702715,-0.43917242585549093,-0.7128408941869702,-1.5439075493833303,-0.6609469582249455,-0.7611682538804797
Bearing1_2,acc_00003.csv,0.03457422907062701,-0.23846806484432156,0.5129427719939884,-0.26076188717139637,-0.5698472409384193,-0.6337650625385752,-0.8507255312949381,-1.227671465866501,4.2102878034040945,-0.5071159355854331,-0.3960098344460639,-0.9605662947940262,-0.8302794826959834,-0.698446716375074,-0.8595785185301268,-0.6962330811336189,4.319209508069837,-0.058978191930442,-0.5115326453039857,0.8248409865768301,-0.8057272034318116,-0.6931373914965082,-0.21886061828686912,-0.1970532960958426,0.09852168178611023,-0.26670208525255024,-0.24645331392875075,-1.120499571338683,-0.2829304520573527,0.61170524876449,3.2446631445883556,0.7303441680115959,-0.6037793301160969,-0.08290937880795886,-1.6109478739389962,-0.6440042630876553,-0.25917709693804,0.9766117934068297,3.081653831636814,0.9880716285270078,-0.5032242835517654,-0.4551578325168092,-1.6202979448102166,-0.6648203406751937,-0.7611682538804797
Bearing1_2,acc_00004.csv,-0.03328083294484845,-0.23336757883996964,0.2353875943730283,-0.28171349682238744,-0.5673032586925856,-0.633798025306701,-0.7882499537104125,-1.0987365402760565,3.7644880929940343,0.122799804384813,-0.3727946498060038,-1.0126637927986604,-0.8207397146604076,-0.7028865236968885,-0.8002317117894613,-0.7266995508895451,3.867950721250803,0.7860168528002317,-0.2528069808909703,0.7242465163137098,-0.8097589402633407,-0.6951248474650337,-0.15572442929205443,-0.19466811244527216,0.05028464713381632,-0.2613097836229795,-0.19922437756437614,-1.2157061207560096,-0.3935246479840441,1.5262366766268876,2.8497771699132524,1.2307803025216253,-0.8762949428406146,-0.3872429614242773,-1.5661051299162303,-0.668269331767927,-0.5348334580186149,2.1142075170882624,2.856462472955541,1.0413971540905487,-0.4429227448799844,-0.8983640719534041,-1.6310114650821876,-0.6858019953847777,-0.7611682538804797
Bearing1_2,acc_00005.csv,-0.10601674463282916,-0.2459174240913663,0.32082096942311833,-0.3275451429339302,-0.6612333939791667,-0.6204211966664035,-0.7578629150298227,-1.0438037030613825,3.7424194708842866,-0.20321570606149109,-0.23174546040800914,-0.8309633818958929,-0.8210950152658145,-0.6945881559606965,-0.7640925603300069,-0.41118277951835147,3.4867510491082188,0.776669330155657,-0.21003892556984965,0.7596370986019376,-0.8181931267522317,-0.6885043530867072,-0.2032108625490281,-0.19738257754185792,0.03961410458858395,-0.2719403211212762,-0.23865915362311005,-1.2650900226140227,-0.31603575153601254,0.7612290240500096,3.5358673837741295,0.9784099113530111,-0.9823920225905869,-0.3249649717611405,-1.6226467679040886,-0.6758139638107107,-0.3362556818899886,1.694075299372189,2.9946588855746064,1.163551465542502,-0.6286089887267644,-0.7856617381979911,-1.6346787413177635,-0.7000183090248002,-0.7611682538804797
Bearing1_2,acc_00006.csv,-0.07494600977250579,-0.26778658311075604,0.208794092778937,-0.2639420422077075,-0.968169387681645,-0.5642382857010703,-0.9233180648796957,-1.081260662328321,4.022421485766857,-0.11639198148892767,-0.264846987744106,-0.9092678455513874,-0.8190249072726492,-0.6857007631274434,-0.9429182249083833,-0.5375138035317057,4.085066853125029,0.5182739450659164,-0.2053776247518156,0.5797838958523167,-0.8130543987309115,-0.6780835532800568,-0.17233766371896234,-0.1985453193344723,0.0993944182465996,-0.2685508743826888,-0.23698306613290412,-1.2542127792995732,-0.38520046861817225,1.095444299369504,3.4345111418710323,0.600708542671183,-0.6833521770398973,-0.18050166755744032,-1.660848801271716,-0.6750784925492561,-0.39083911019616235,1.2762611046980379,3.1832289281905055,0.8339899584830517,-0.3672768478633901,-0.498156937352339,-1.693754590051904,-0.6913436524858428,-0.7611682538804797
Bearing1_2,acc_00007.csv,0.026476061821838568,-0.25321221512121916,0.32271002631651824,-0.22652845354522358,-0.8449137851695918,-0.7244062877508202,-0.5385429953192155,-0.9421103909857146,3.3009029669583025,-0.12783575855131762,-0.3931643583206418,-1.006672269947444,-0.8330100744233938,-0.6915778076381216,-0.5741919526864133,-0.3736230824845502,3.2767634877427745,0.2566652227691926,-0.33012151278759516,0.6575602771400471,-0.8285263345063244,-0.68302244147037,-0.13997179020378664,-0.19898838864680135,-0.06263945011417722,-0.3352613488285214,-0.19966417681639875,-1.331776220919312,-0.2714266884959906,1.3941248881388328,3.3235494782803423,0.9023481681516885,-0.8280691688358439,-0.46085815696763194,-1.6785408300421925,-0.6809842854467318,-0.4218811242239428,2.028374727190014,3.24890684485992,0.8528431692309173,-0.6112284503453549,-0.7843165594344891,-1.770573794623431,-0.6939131072958907,-0.7611682538804797
Bearing1_2,acc_00008.csv,-0.2858363363345709,-0.2074896580584114,0.4684319260100776,-0.3088383486026882,-0.41385063610599715,-0.5098029009264601,-0.5749748544557741,-0.8750360986005415,2.6842823559597413,1.1453122354488057,0.0029482526038250023,-0.7315214210126689,-0.8000279874033396,-0.6617392732105478,-0.5531106557811227,-0.7562011822804805,2.752035240447138,1.7978469608653633,0.5389864963014043,0.45955081259125824,-0.79017378235687,-0.6523955866049266,-0.34025912050031965,-0.19863609079597663,0.03597928656324633,-0.3874896417549354,-0.2131938413395733,-1.2086564893592813,-0.2707312764735969,1.3129182917524913,2.533619758609959,1.0893592195368893,-0.3939764674399855,-0.09345211565292388,-1.6518488827803324,-0.673579742704229,-0.3270604754409984,1.2440490652469252,2.6707935889588854,1.1309809312715122,0.13983027232072326,-0.6986799257255474,-1.6809356267034865,-0.7061833950393155,-0.7611682538804797
Bearing1_2,acc_00009.csv,-0.4264235512421735,-0.22311305354557023,0.07317577012155303,-0.4457720831073796,-0.4792529781738537,-0.4420952401239102,-0.4757240226372301,-0.40813187258072287,1.0542877493785063,3.6360330105126115,0.6127322777441845,-0.32569464727388814,-0.7749508335737301,-0.654794250055131,-0.4993327371572467,-0.10236442517236967,1.0896245633621122,3.5071971182124044,2.332754492543484,-0.1887716758519574,-0.7613608784954803,-0.6546283206595308,-0.2535457337874556,-0.1987871969569705,0.018350123282851044,-0.22988036841062426,-0.29936893873863935,-1.063561405078923,-0.44412474766537247,0.8857756513293059,2.4979828839721256,0.26456085684763153,0.056352937197132545,0.8645114810496618,-1.6217565097699063,-0.6932043670177932,-0.4916550420074907,1.3865643165982895,2.5961770495974057,0.3789432698263294,-0.13082201519213438,0.37346810076912396,-1.5070813807245924,-0.720987903602199,-0.7611682538804797
Bearing1_2,acc_00010.csv,-0.46730286019993544,-0.2362175409143858,0.27683656750976343,-0.4474556945971914,-0.6854160338157518,-0.39181768997909633,-0.3982581443795514,-0.5216655422127037,1.4452363577244454,2.046711912780848,1.342974709742589,-0.16005291475727065,-0.7608822072382455,-0.6388561421808179,-0.43432572627226135,0.22812166966110284,1.218313798176296,2.161987177511039,2.003058913333867,-0.39741003448254425,-0.7441400944960661,-0.6383001020677549,-0.22360177019820987,-0.20486404216143722,0.00617129826153917,-0.361298462411306,-0.2926756373620979,-1.1288498688551496,-0.45308816069696667,0.6145017934039656,2.3094582898595846,0.6494532749178225,0.20162825879642418,0.7866245293084564,-1.6598259242877162,-0.70561035391286,-0.410176561560941,1.0662265469491026,2.232669784929621,1.1851330628215768,-0.08883788401503084,0.36609016482383194,-1.6284234931330754,-0.7293922568780756,-0.7611682538804797
Bearing1_2,acc_00011.csv,-0.36795839050879237,-0.24056984451490415,0.3462674077464077,-0.41097744565126954,-0.7204037876536759,-0.36182148078241777,-0.6141266236035866,-0.6963239860416626,1.094355082266008,4.77656239282287,0.4866077043911648,-0.3858326028049763,-0.7591800867734352,-0.6472599037149582,-0.628406835183466,-0.3327988220498308,1.0536314247750829,4.902873114846504,1.9649719072391434,0.11234795262598689,-0.7604661137858452,-0.6340313555565203,-0.24141713528898,-0.20978413045552657,0.02918151106797215,-0.3706964738228436,-0.3532685527638122,-1.0686822789967858,-0.48500189033089014,1.0434613437827722,2.6146748148881684,-0.03476933733801154,-0.028180121598411136,1.244279805860641,-1.6994266612817772,-0.6903505799423684,-0.5376034094875771,2.5345659075842053,2.3305361821629695,-0.21916899147771224,0.04355487995277764,0.44449317213432055,-1.5691299664931921,-0.7166614474293294,-0.7611682538804797
Bearing1_2,acc_00012.csv,-0.05912966511341335,-0.21091874895819115,0.3417355926822722,-0.19697171850186118,-0.38273778590577856,-0.5187402539823425,-0.8584889925900718,-1.0280877720518196,3.6153715345304342,0.4422139924603257,-0.1628009508701772,-0.9380318993164352,-0.8139738219235905,-0.6689589298859299,-0.8496429690428949,-0.624056795033917,3.635498578496869,1.243615461118469,0.0589638441894335,0.38691106348126075,-0.8153640476215827,-0.663341933137699,-0.14564577547834415,-0.20050534088745828,0.09504541700085165,-0.3076835776372881,-0.23459586427334805,-1.3393124246600603,-0.2649945748058489,1.1050394382190039,3.500378551390622,0.5780491352618706,-0.5960981959749803,-0.30969910106286985,-1.716029235317199,-0.6865140950106374,-0.18116781830329198,1.6983126907381014,3.553285194989105,0.2159971638527907,-0.1539651134148358,-0.8325995564246054,-1.8062123357120283,-0.708340864048208,-0.7611682538804797
Bearing1_2,acc_00013.csv,-0.03389682283471251,-0.20471074154528582,0.24651623896058097,-0.11765491053739525,-0.5179893379824929,-0.4147319922746408,-0.969899656718572,-1.2388678810776241,3.9189870209742255,0.6141362411584272,-0.23432095669449546,-0.913636830820837,-0.8171857986514214,-0.6703952471413834,-1.0165398855007568,-0.8984878199726855,4.175953810526124,1.0438277987568607,0.20496173896709638,0.9979798948229291,-0.8112561967357228,-0.6596224306541599,-0.04587975710562432,-0.19634406211152808,0.10723941114327143,-0.20569204395797827,-0.25674817980272646,-1.2830818476606944,-0.3836358713083032,0.2819253190961567,4.261308081795723,0.33874497311990853,-0.7157853569101136,-0.14198713984513447,-1.768289919563406,-0.7081303147813333,-0.46224291833884795,1.0262054279473298,4.150791744170933,0.5120051316619011,-0.40972271255249626,-0.8518977162146166,-1.8207721763789708,-0.7325917837541419,-0.7611682538804797
Bearing1_2,acc_00014.csv,-0.17139052365791926,-0.24536490754981624,0.18696421926744772,-0.3546699947142311,-0.7204905426487814,-0.4111313631650164,-0.8409259901762317,-1.124083841241052,3.322006055540375,1.0992342085519253,0.030890526364158493,-0.7382506571586572,-0.796754040839521,-0.6436675772677016,-0.8460190130701607,-0.7238241033309641,3.3175931925415063,1.7876299229826125,0.47704620124355346,0.6539557685221791,-0.8021532047392154,-0.6367054155672175,-0.11419694496700267,-0.19938172325001843,0.05785938364508956,-0.28888755481421285,-0.2423476016069038,-1.1659755822712632,-0.5334349673396422,0.3554188670102626,3.399399542927076,0.7670223300149798,-0.42918691313230894,0.13861304260933546,-1.7168259322115988,-0.691325014849582,-0.6025233004208379,1.0793638613342398,3.090712463917601,0.9247057475597031,-0.10185002632643163,-0.18344460538399354,-1.786311643879416,-0.7140522841976684,-0.7611682538804797
Bearing1_2,acc_00015.csv,-0.209806083972252,-0.2332947949768166,0.2749908183238331,-0.33072529797024136,-0.5269734533251978,-0.4989186459132975,-0.7085612040242351,-0.863177487066266,2.8640657001353165,1.235318021717077,-0.007807468156727632,-0.7209770517350569,-0.8036304803599601,-0.6551266768050822,-0.7534604770701545,-0.49895318681225115,2.857408152349395,1.9347159178570867,0.6341533259805401,0.5644592732879591,-0.7989070043498879,-0.6470035239391262,-0.1582112645520638,-0.20347919279219612,0.08027683609284829,-0.27918141188098544,-0.32694437082672234,-1.2228725662363074,-0.42235175467230235,1.0978638801828857,2.9096997416831343,0.9197633596713392,-0.3220579018653915,0.011896045704355623,-1.7344168556712045,-0.7101151874193571,-0.40633737148918203,1.3679233403650568,2.6875386119151314,1.1830936618735053,0.17150298786386128,-0.4607923659864777,-1.842428086426861,-0.7329471520740692,-0.7611682538804797
Bearing1_2,acc_00016.csv,-0.14647041854642262,-0.22437732626870957,-0.0056840478560201985,-0.27441784703320304,-0.5516473507037026,-0.4525821467261916,-0.8730189998164549,-1.0995861713331005,3.5672791435238542,0.708921206338242,-0.16179549299313553,-0.8006723862495699,-0.8047151910637945,-0.6580494113077507,-0.8791811764935377,-0.7484534198836406,3.5863710182794155,1.486137035027217,0.3886907221442182,0.5543644183557861,-0.797037845823172,-0.6524620993712927,-0.08187307830173833,-0.19638880510615034,0.18317470702163036,-0.24790606242947505,-0.22731876066855958,-1.2555386950791216,-0.5387872560191439,0.6733147070552334,3.6946863308355407,0.7334038854500002,-0.6901754779486147,-0.029747697598727155,-1.758765201388369,-0.7039059676562925,-0.5095757092705441,0.8726964462435418,3.7060725595141295,0.6671901642477621,-0.3345186617896911,-0.3786066548160987,-1.7972594271935576,-0.7199792873498883,-0.7611682538804797
Bearing1_2,acc_00017.csv,-0.30544691857040457,-0.2229300580917119,0.20055597757647226,-0.3748733325919725,-0.44555466386014353,-0.31893931484529037,-0.8917916003524422,-0.9754257470214028,2.3819221378688002,3.4041636951459826,0.1890962470611536,-0.4604455219767817,-0.7698811001025643,-0.6558342973393659,-0.8933717400864567,-0.9650188033213962,2.4549777171265497,4.159093877912456,1.5872748304045912,0.9558786990320537,-0.7748414263025574,-0.6462772193400147,-0.18671173042907627,-0.2016896258189687,0.0626736552486088,-0.3187763124181193,-0.2887239065729123,-1.1804029379656846,-0.35856295738491656,0.4043111148028996,2.755661358665529,0.9721315501572223,-0.4312605012622583,0.8178097707145273,-1.7703958377059263,-0.7054347083548188,-0.4176389883827323,0.897185104443193,2.5774956115755394,1.128844091033159,0.014331294666844173,0.21651447232610088,-1.762731097413983,-0.7333071766864568,-0.7611682538804797
Bearing1_2,acc_00018.csv,-0.3689915457108556,-0.21405039236891218,0.6340449650511677,-0.37300265315884823,-0.44536767941253774,-0.23291352027924825,-0.7168026995712862,-0.6814206328158593,1.0231506129134171,5.001652962820433,0.7230624906415911,-0.3083634959250066,-0.7426512068639793,-0.5856520968456629,-0.7748498209409301,-0.22222517670595074,1.038869471155935,4.969572587134022,2.5733937953348778,-0.19401890843804462,-0.7526224483661361,-0.5776436444035588,-0.17978767689843633,-0.16999287590653597,-0.019983790722097057,-0.07519834452236575,-0.1606531395469257,-0.9934150434702232,-0.4951400651674385,0.8146273077617416,2.08770294156271,0.17493193074662514,0.6084139657444989,1.1424576065960697,-1.7092148218675054,-0.6887922839634485,-0.41867833496380225,1.2198606091207354,1.8148607523653648,0.6791273369132153,0.43347021736202285,0.980101562668842,-1.7329425680354633,-0.7086467840019668,-0.7611682538804797
Bearing1_2,acc_00019.csv,-0.44945533122440245,-0.2454985579719489,0.4679544246744894,-0.4764512258106164,-0.6534246883878948,-0.273080461618415,-0.7361124388145862,-0.5973749546607751,1.2223993091713454,4.2337917960190925,1.417489722049607,-0.2928970382369794,-0.7427814221711208,-0.624240794201689,-0.7203750765947349,-0.19305456915024335,1.0660088591243162,4.11462602908592,3.585000656313505,-0.24422730235303938,-0.7324376626411829,-0.6245967879229044,-0.1885161935310586,-0.20543236131499287,-0.03183172854514082,-0.3326422308941585,-0.3085999991881906,-1.138583486537726,-0.5123280680341261,0.3865892285163193,2.928073938395136,0.22210573872065253,0.048511971556197055,0.9186146945773362,-1.690874537454309,-0.7209654280643816,-0.44909330106912154,1.3657554517343722,2.675157682284519,0.6156018779825018,0.09901763884219941,0.10518854033899509,-1.6766056466416301,-0.751289953047489,-0.7611682538804797
Bearing1_2,acc_00020.csv,-0.4459024765947791,-0.23430270691713276,0.2937331695265222,-0.46148579034562287,-0.6609436221698666,-0.2552587500507695,-0.6639903497239182,-0.47480833984531584,1.5074510401736443,2.648637009394295,1.6799252529636859,-0.23509741571672477,-0.7418741138733607,-0.5960805825283388,-0.774423149369593,0.1435674605505794,1.568644846973285,2.6481851511171794,2.723751600348297,-0.310067009434439,-0.7083075295752522,-0.5992793174522528,-0.04539005803079371,-0.19071126633647567,0.09441689689974722,-0.11741236299386258,-0.20197597597446168,-1.0893760450063061,-0.5944722896622073,-0.049933171575370965,2.6135604921758575,0.6396470528558122,0.5034486907672903,0.8281604315294714,-1.7753889528619058,-0.7211544866244263,-0.6574922892645988,0.9862954774799977,2.483209690097177,1.2021789416110593,0.3415801918495126,-0.0037207833205263846,-1.7558349859470155,-0.7344320912174591,-0.7611682538804797
Bearing1_2,acc_00021.csv,-0.3995778640643398,-0.24623741389694806,0.1743919509570036,-0.498525243121482,-0.6406337006726005,-0.2927608706873524,-0.4964477914954494,-0.5723243679383601,1.5966280496836491,1.9081728091906083,1.5228251971550393,0.09884574282289336,-0.7458181827997563,-0.6019969521416414,-0.5385645859870898,0.3320872535422402,1.2766529383449572,1.8280470519370435,2.2950688290241796,-0.20748721609075738,-0.7229671821420923,-0.5937286317863066,-0.05681949077032257,-0.19673942533009084,-0.015353111778934869,-0.14421980538087156,-0.31340730047077714,-1.0934125888862332,-0.4823150128063042,-0.011318495535271693,3.076771546664286,0.0650491549781259,0.06268829720535637,1.1578811261646016,-1.6960475712739993,-0.7230226258851915,-0.4659016769717583,1.0439183954868814,2.70517271910577,0.6039036106284889,-0.051879444313145825,0.5605686720094223,-1.6948644362981513,-0.7455221632573079,-0.7611682538804797
Bearing1_2,acc_00022.csv,-0.46872043949266357,-0.22894903637150074,0.09755058911010107,-0.48075378850680217,-0.5140672310970898,-0.3523607321162436,-0.5377097859643766,-0.4181249897532158,1.559149428426947,2.167954057650118,1.2086071596876722,-0.23466621092530243,-0.7225519580701444,-0.6351858514967956,-0.6097917545152207,0.3034336440179357,1.4676827434815167,2.167195831468285,2.04710195157894,-0.21819827893063867,-0.7219894487095241,-0.6349089564801381,-0.09754321325804195,-0.20144700576129443,-0.042916654433836285,-0.28580623959731527,-0.19728102826938082,-1.0737200746469628,-0.5641022478178449,0.37026343783715454,2.5909030939906708,0.13418928833935917,0.169671246499531,1.540642641012656,-1.729007874315951,-0.7346137196940256,-0.5877005820005116,1.277481762801982,2.389223214027501,0.21513693482742768,0.3274089184175545,0.8671196534206183,-1.6380851523732434,-0.7537111908485342,-0.7611682538804797
Bearing1_2,acc_00023.csv,-0.4162322157237714,-0.21809344505505918,-0.053255531218484205,-0.45119705346343975,-0.621569510920025,-0.3969372608030519,-0.27033926291343435,-0.5390369107894892,1.3041801233852575,1.765153659572547,1.4400631611651775,-0.19058473065305234,-0.7421933698133113,-0.6277240387861203,-0.3630306684239528,0.2666308216163488,1.1022550702469092,1.9339670841557204,1.8518202429205493,-0.3330861260662456,-0.7147928956983984,-0.6283007299149416,-0.08524121815378917,-0.20152909928250015,0.06900710709647437,-0.2694752689477581,-0.2550672268584944,-1.1598008537268822,-0.4224243337603488,-0.11263329795388656,2.852474353202426,0.3545849381221051,0.304293778758848,1.0220636719808092,-1.7706945660928555,-0.7306864064299313,-0.40661386887260303,0.7667392416462003,2.9510078777369304,0.6344257499733089,0.16077037917941725,0.10729418547086166,-1.6952622371922457,-0.7516145152983248,-0.7611682538804797
Bearing1_2,acc_00024.csv,-0.30387474283450844,0.16153421930567155,-1.388151698532344,-0.05124579066148612,0.662548924128727,-0.6025995759608234,0.2291167303605004,-0.5492458200000477,0.8808125997044058,1.1777859808597984,0.6198763205892995,-0.4334100156018637,-0.7655680830387257,-0.6533422007034217,0.01828415347598331,0.33353003988536806,0.7079167610392514,1.2509183579789303,1.2605910202607875,-0.49354195299374337,-0.7709166961890281,-0.6474762941379746,-0.09016008776103707,-0.2021903041318,-0.01031665034386264,-0.2788732803592957,-0.27221518808459993,-1.1760214052072402,-0.46327183101532904,0.06766238073061176,2.939955261149169,0.25441817916321396,0.15327486919682864,1.0901246909136892,-1.7588595941644514,-0.7319800803034066,-0.4015410172712264,1.505345696186813,2.547708071421289,0.8003860080737195,-0.11367873698683284,0.18114743923506554,-1.678174311868443,-0.7537175573148591,-0.7611682538804797
Bearing1_2,acc_00025.csv,-0.46069502809163104,-0.19037301130332857,0.10689622863744476,-0.3961990781295883,-0.4160934961714544,-0.3880922211525403,-0.21926368765509271,-0.44178774282691413,1.0740523943966884,1.7542273677665448,1.7671943321922816,-0.27790319293781274,-0.7304084075866994,-0.619619464599661,-0.23168418678342478,-0.06799065831958921,0.9853970137397694,2.2130620442780855,1.936765038671261,-0.33337318293644513,-0.7371383348265957,-0.6149353754554515,-0.09718285619015797,-0.20274234848718103,0.037385354438738916,-0.2500629830813033,-0.2646188908348379,-1.1602905472387806,-0.4066348849443294,0.35360787884937606,2.559562450911136,0.14009712703373176,0.5945325647355413,1.0126460296279478,-1.7646666338116315,-0.7330800332735562,-0.41157740716559754,1.0987312854808338,2.1336878845404437,1.1306622600129719,0.3428420702118991,0.2693493741833653,-1.6994254565664852,-0.758615340343346,-0.7611682538804797
Bearing1_2,acc_00026.csv,-0.432106103808332,-0.23306476239740706,0.21942971292221178,-0.4760770899239916,-0.6174252086886324,-0.33305275183739996,-0.3430713979890683,-0.46732338406919166,1.4215839396361987,1.342193217010602,1.9967877952913806,-0.19042001266480715,-0.7244559015478901,-0.6235904374626101,-0.4109566828534788,0.12024919414329395,1.3088590585649909,1.5648040494010005,2.1174687722316365,0.17333768243019052,-0.701148226292918,-0.6201291852519139,-0.04974167510885752,-0.20035160941426342,-0.053080618401206967,-0.24051090590892085,-0.2128847803576498,-1.099667895772739,-0.5706090058418953,-0.16488288681290475,2.9220460651414917,0.43043869897089737,0.12707495648213463,1.0660898534998728,-1.6999509415875889,-0.7375707779629826,-0.3274169831149577,0.8826388589012645,2.7667356917281443,0.6362275429749523,0.013122125411529281,0.4017667719577853,-1.6755919053646835,-0.7659855379732144,-0.7611682538804797
Bearing1_2,acc_00027.csv,-0.3978039971814522,-0.1976044643260651,0.009933897419409574,-0.32679687116068057,-0.48681865822471987,-0.37300694549586827,-0.2491829499897236,-0.5415008977201411,1.554912173274805,1.08305217354868,1.2214881819285712,-0.23731698549314106,-0.7232506860876473,-0.6265030222831979,-0.3463583736235498,0.3297566627102858,1.2804908345589452,1.320084456115881,1.5912075945925592,-0.30692795670045214,-0.6699276372741627,-0.6358914004109325,-0.02343521209960309,-0.20596349210889314,-0.015036863462128038,-0.2691671374260684,-0.33374508527923186,-1.203656613300889,-0.37834138031838516,0.4115353852409101,2.7567680018483327,0.4035313523580161,-0.0609165332411137,1.040816913162067,-1.718197257728395,-0.7289678266120616,-0.43279991770337595,1.3445095547581158,2.7225108300960437,0.2925514896087385,-0.038263616009765675,0.49466033920593444,-1.6230455522528826,-0.7534186574522346,-0.7611682538804797
Bearing1_2,acc_00028.csv,-0.5161580619875559,-0.21770797778397263,0.4896298251526089,-0.5052596890807292,-0.6262343966316231,-0.2392360249869101,-0.45487767641473925,-0.26735428998632643,1.0783040948628917,2.0545424202687217,2.3263048023408843,0.03539897974848653,-0.6737473109932197,-0.6151994200661679,-0.5385773479046888,0.08773650904653224,1.10786076045107,2.429081345404334,2.914373134515849,-0.10941166254365794,-0.6678121607326313,-0.6073063432790146,-0.1119249795096868,-0.19646386947554095,0.17977531356472412,-0.24975485155961358,-0.23600390745643715,-1.1076390281623334,-0.47992661426786853,0.44441511707188286,2.5082064688390355,0.23978432345637732,0.20982768991835277,1.2364907533446228,-1.66997845871573,-0.7317943967958411,-0.5762340300896401,0.793932239075247,2.368515494538502,0.8201303350148961,0.1406999930152611,0.598681193682388,-1.5373657591574794,-0.75188687759892,-0.7611682538804797
Bearing1_2,acc_00029.csv,-0.4547548441236886,-0.23815628651584878,0.09284266085630163,-0.4328643950188226,-0.7343762849849765,-0.25400711490648986,-0.5747297453339874,-0.5025921288264218,1.648579552360559,1.6034568535425768,2.2141596077862644,0.03347498449752555,-0.6974212642810754,-0.6044403152514776,-0.5095625699500249,0.008331707930460876,1.3950112419009102,1.7347133892260589,2.854103933193944,-0.19988220514157864,-0.6779806686787776,-0.6001323805357752,0.019641910712902805,-0.18421414750816759,0.2598373100540266,-0.07704713365250436,-0.19434584691937196,-1.1933150578396254,-0.5020822105655555,0.04551213485276269,3.066857716089888,0.3833350982465587,0.2195606877788631,0.7157239023886105,-1.7633017476144617,-0.7340401150430403,-0.3766027184625279,0.5884158471690613,2.9439839700928143,0.7556490992053547,0.2748786368413523,0.06705158098788437,-1.7399266023901965,-0.7573051582772917,-0.7611682538804797
Bearing1_2,acc_00030.csv,-0.49653269290517477,-0.23022861121757004,-0.16731581012909183,-0.46578835304180854,-0.7111196561077363,-0.24784254519894366,-0.4541176015209829,-0.4696952912030914,1.5233350413738724,1.322857534338006,2.005894944839813,0.5838595235649816,-0.6997236309531454,-0.6013507942387669,-0.522889859205233,0.04803025124459871,1.4733646184316502,1.7468408182514217,2.1258380425556913,0.23627655473455988,-0.6669644033085297,-0.5989287971104074,0.014795440080582013,-0.1997334217130141,0.04084807739036486,-0.230188499932314,-0.29056664749854716,-1.0984761162751142,-0.6455348162398309,0.07157344605332652,2.9645308730950397,0.16692475298597495,0.07358052513067886,1.3683124494663657,-1.7428824363741386,-0.7342800210166647,-0.6434110042547744,1.032096496928544,2.744162224830691,0.5382069628670493,-0.10664641074172859,0.7532614172350045,-1.6368827416414322,-0.7624031180094251,-0.7611682538804797
Bearing1_2,acc_00031.csv,-0.45213839788055715,-0.2295250793674421,0.15771490241677819,-0.44034711275131944,-0.6599343347121982,-0.26897968664985217,-0.46922783086706615,-0.6932199938353736,1.7344562376181092,1.4900417618998376,2.2079919489603026,-0.037315191455293224,-0.7358526318069526,-0.6340254372110793,-0.6235560084864002,0.11638214054895409,1.5226336563273317,2.207301016715508,2.374583104188482,-0.08111694948164752,-0.7056211221609321,-0.6240516937348307,-0.01194661335579596,-0.20738269024249045,-0.07580804699850044,-0.23912431406131696,-0.37969785594188166,-1.1482064256003444,-0.599853114889003,-0.07891583994428882,3.5047184436131116,-0.10231345507334177,0.09935003752968975,0.9566295665023958,-1.7352809915261227,-0.7407535396442855,-0.6423617769220265,1.1621750446141565,2.9449719112439174,0.6466586299554234,-0.10145949285003204,0.4202970306908995,-1.7390714082790375,-0.7679643256532632,-0.7611682538804797
Bearing1_2,acc_00032.csv,-0.4636679492708388,-0.24761301870271088,0.06258038880905421,-0.4878623703526741,-0.6797739517977267,-0.3565986266742081,-0.3996747067183322,-0.2670789453816331,1.427649663628794,1.4151211200383997,1.4536285284666735,-0.1754663835532749,-0.7268252778735999,-0.6239669898183137,-0.4663708327693661,0.3716270605011181,1.3448590401547547,1.5835568983497794,1.7917069078759478,-0.30016478580626677,-0.7150626215142853,-0.6158085892221627,-0.059855198318989826,-0.20451337740650583,-0.06503810348501385,-0.26023132329706544,-0.3072969039239523,-1.1590493824575159,-0.5046665329307283,0.3075460289984644,2.7012697913156707,0.4003253180157932,0.27868352782536854,0.965285435736563,-1.7479395191203146,-0.7418984412556567,-0.57841696185076,0.8679616875214494,2.9109525554453484,0.5113300238757779,0.1830093268964077,0.4488716181641833,-1.7157554395078352,-0.7696722856751104,-0.7611682538804797
Bearing1_2,acc_00033.csv,-0.48823586876333336,-0.2103962515760751,0.36262001960553836,-0.41209985331114407,-0.6141975538808435,-0.3390038746888561,-0.5096360166229403,-0.17885007985603874,1.4345182462355892,1.6211865932995815,1.5980265687483397,-0.08433358031236474,-0.7310856822203974,-0.6193784510632634,-0.5272974555654332,0.3011808908177527,1.3791220733810876,1.8949121753249714,2.0611273868068993,-0.3533653453424292,-0.7203529324506117,-0.6187794464519294,-0.0426388457900666,-0.20261813732475611,-0.0755157077657882,-0.22356367221598417,-0.31208315350183635,-1.240289632727194,-0.5282437709809952,0.30971694324172366,3.0197070364765586,0.2701650501748345,0.2800392967244187,0.7584422267162271,-1.7918732752582873,-0.7401169921969974,-0.543159405836851,1.391323679140929,2.5868553508863292,0.6963028483692281,0.34367670012720314,0.02838144754771681,-1.7124187633878856,-0.7673995788555963,-0.7611682538804797
Bearing1_2,acc_00034.csv,-0.42102035351059375,-0.21872335218842276,0.05812966264174838,-0.4386635012615076,-0.5138108265083309,-0.38043282040851895,-0.23505069718134788,-0.31609644274785065,1.2503399731736986,1.224822766391048,1.5641288363904318,-0.3316080012307197,-0.7304492829569539,-0.6255487674459943,-0.37200652528997147,0.314674509742517,1.2291150995458733,1.3374407168013533,2.048738546301767,-0.2913842168257991,-0.7093341544904362,-0.6203817312802772,0.02064866874219205,-0.19534621010227746,-0.0800324644625157,-0.2634667042748078,-0.1976745851284918,-1.2330415501388965,-0.40736733821753207,0.363566750295799,3.0727890286276995,0.1706646421350823,0.2563943244502907,0.6242693444639167,-1.7477675990722694,-0.7418673142704704,-0.4673402698602509,1.3831949779214727,2.895379534753238,0.25101944632403783,0.36633132559554166,-0.04067310448040804,-1.6821170529141256,-0.7681000150867738,-0.7611682538804797
Bearing1_2,acc_00035.csv,-0.48657391490567553,-0.24815282374709977,0.3277221662701922,-0.5041372814208547,-0.8121934310104969,-0.24321217930065878,-0.651407929291701,-0.5678597510866807,2.0222243299145117,1.3472673480237347,1.7810332666269286,0.17916791133487844,-0.7054776400786292,-0.6163931501585928,-0.6375706351401139,0.08676448931561108,1.8475387910732477,1.4895958386283092,2.0890736335355253,0.07573679847582118,-0.6706282945786397,-0.6148406152062841,0.01579995074373671,-0.2007682908507452,0.12196000910960066,-0.17010285320281113,-0.28363825354738864,-1.2131854044578698,-0.5539310727101721,-0.15378652080083188,3.5728158840007413,-0.10859343311178585,0.39610573456101045,0.623783894042356,-1.7864666930660569,-0.7433978268623799,-0.4867255529442593,1.461958455030081,3.189315081421015,0.29041131758290967,0.1862945609441757,-0.17560919849241097,-1.7770240319421098,-0.7691373016864455,-0.7611682538804797
Bearing1_2,acc_00036.csv,-0.49183938210906514,-0.23909115085721472,0.35439957019240653,-0.49684163163167017,-0.5878919525945971,-0.30039927943881833,-0.4224537529559747,-0.4808981240828198,1.3812970098377753,1.6230449594244414,2.2251877072511896,0.23871614490515006,-0.7414937137257783,-0.6058741683103623,-0.48317994455839464,0.2541762485135105,1.2236089152251115,1.8299997921293507,2.2840555914809575,-0.03231325961044777,-0.7376313144168701,-0.6003882023523599,-0.02449541922481434,-0.20159342563535915,-0.14834540443945823,-0.24020277438723112,-0.2833591473974852,-1.1968905741743667,-0.5934134400099892,0.07240785934194183,3.170722232537991,0.3754799364530748,0.14837196524321247,0.7039853782781322,-1.7509178577802593,-0.7412671203558074,-0.5508540345744591,1.0093772631619278,3.135845942081847,0.4988100008360148,-0.02508931171190138,0.25051981394529216,-1.7384990496851698,-0.7618066305350449,-0.7611682538804797
Bearing1_2,acc_00037.csv,-0.44321114829501507,-0.2305365788046365,0.1814075357713902,-0.5076915723437906,-0.5507395889505995,-0.27854918323709493,-0.44633131064330733,-0.36454977908967556,1.496757638822053,1.4481075816277862,1.7747527207534353,0.09057892256910126,-0.7159261747291041,-0.6251360320346996,-0.5247303523256286,0.19558319653828726,1.5402844465887138,1.311352339906797,2.4761132609383183,-0.034837234358876534,-0.6972419795373119,-0.6265918000616637,0.003568016975730133,-0.1996081937413907,0.08209932747920111,-0.21478192384782602,-0.3024164455651201,-1.2355786540633056,-0.49068123418173853,0.12543885223351464,3.2277110236181628,0.04284751632820876,0.4872199993723916,0.5773529105379028,-1.7841534077788572,-0.7434259881318608,-0.557470663120605,1.6107625363833127,2.9995504591411524,0.5105976084418149,0.11652653213361025,-0.21047589005302642,-1.744533824992137,-0.7663100552314356,-0.7611682538804797
Bearing1_2,acc_00038.csv,-0.30386158065595376,2.385857582694555,2.9347055565330433,0.8579044138368743,1.1998874012920835,0.003503573686992757,-0.3169280696968543,-0.48613496328571754,1.0279173213904322,1.046176563098976,2.377433021853925,0.3167036318852684,-0.4774175325839263,-0.4528938310603274,-0.4972988683213214,0.3160548149614898,0.8174892897544512,1.6542498486157242,2.1701204538677956,0.1699688445141408,-0.6188750541566467,-0.41023753845413213,0.7413460485963397,2.4272632883876977,-1.8850930367322651,2.7953549115394187,2.080344386952959,-0.4171563397452753,-0.7705077397383264,-0.7209557939141464,1.52561625399051,-0.6296081318722505,-0.10661907476176974,4.520096145472199,-1.3221186896024286,-0.7316937427194029,-0.8011314427354376,-0.21021700059743345,0.9395841210925705,-0.5222483974186406,-0.45710740552260337,3.0075609590710046,0.027488514170447977,-0.726072367592953,-0.7611682538804797
Bearing1_2,acc_00039.csv,-0.46628336419051797,-0.24195796438195333,0.05344059759118922,-0.5209733963189724,-0.615466524952168,-0.27285247809534385,-0.40277292474647525,-0.5318061826051923,1.3835315119394427,1.9182416944113143,1.5431686114775396,0.011704265986447476,-0.7296547305756594,-0.5961029738837638,-0.5406412128601605,0.29514710183650306,1.1828136049180478,2.5761554459905676,1.6566541610025862,-0.2998855278345913,-0.7121641509804043,-0.5891072330098844,-0.013010103630147568,-0.20702746725731722,0.14351375512297654,-0.32016290426572325,-0.31713283934651915,-1.1659226728977985,-0.5727214015354586,0.17311907393926995,2.6593969951725254,0.44656241793403956,0.5694577102757904,0.8384568987599963,-1.790355570368242,-0.7426022118016694,-0.60664541181304,1.0479902751657872,2.49198051409654,0.8497726120499081,0.2866238101132894,0.4896167878256725,-1.751647581441167,-0.7708965299477991,-0.7611682538804797
Bearing1_2,acc_00040.csv,-0.4250865116174374,-0.15885045285826335,0.1971994766819132,-0.2222258908490379,-0.5560079327967925,-0.07980288326494915,-0.6010620264814371,-0.7492778404498942,1.8328512274196682,1.5032702220030214,1.649729871381858,0.2829814190725762,-0.529845435591542,-0.5413109335671833,-0.6472218410120631,0.09376297080939978,1.499434244626179,1.7650558369391642,2.1482120381366596,-0.21868987830069128,-0.4715583903634278,-0.5262568546935591,0.07584436062775589,-0.1739323230967242,0.24734505341296464,-0.06672472767589745,-0.1458009446961864,-1.1892806054145348,-0.469473406492595,-0.07388346848814707,3.4918786553520187,0.32453076814545645,0.05650329903830461,0.2281393152791088,-1.676020380793449,-0.7259142537554303,-0.5379773984786574,1.4307486625882724,2.8288444125463252,0.8089866564437177,0.1107365636512852,-0.4525327540315334,-1.5975369431987294,-0.7664353622111906,-0.7611682538804797
Bearing1_2,acc_00041.csv,-0.480818210637638,-0.23559198247099675,0.5364514534732757,-0.474954682264117,-0.6911953059849444,-0.22923281869450463,-0.7178164793205741,-0.45545345110942076,1.9745526447970776,1.429947557379731,1.9962696232110169,-0.19527482664739712,-0.6962864338403429,-0.6010095843172719,-0.754022323726047,0.2500593203228608,1.795900033793932,1.8737527258283848,2.1617429983869245,-0.13421460541877128,-0.6622445979909651,-0.602422520007501,-0.012083082889684038,-0.19354428056296694,0.0975257539730622,-0.13574618853440312,-0.24938940508837054,-1.2175339451771865,-0.4721292471833508,-0.025609993395187148,3.2414521788403574,0.35758044675538175,-0.08697750649245682,0.9930648700178382,-1.7953261111904404,-0.7427202897659989,-0.4649492867738601,1.041126240150297,3.001554726800233,0.7200696816220423,-0.0993082851617679,0.17486126954608697,-1.7235477385038667,-0.7705096002572899,-0.7611682538804797
Bearing1_2,acc_00042.csv,-0.4832499411971273,-0.2392808204425049,0.32035425075300733,-0.47476761432080467,-0.783886200970368,-0.2426549440159014,-0.53391098218913,-0.28913583082384325,1.303560413750879,2.1342509930532856,1.478575659533548,0.012702363205197385,-0.6965911941504899,-0.5764100451479183,-0.5920714169037212,0.1075045630904739,1.3688101663891525,2.1828551121332267,2.3491635671593594,-0.03473541609823327,-0.678870926748551,-0.5799412283723963,-0.0073551220509717056,-0.20362013276072533,0.15043941924862367,-0.2667020852525503,-0.31846018852773106,-1.1923110713776937,-0.6007487899579121,0.0853331797592313,3.476466060572598,-0.07617873445816878,-0.09462684401119664,1.2331316141648092,-1.8075891376907967,-0.7386908465902048,-0.6506848257709135,1.2491651121197709,2.798337409240487,0.35791695742490764,-0.045020401158879855,0.9215170626192875,-1.7797009283321539,-0.7654621285649054,-0.7611682538804797
Bearing1_2,acc_00043.csv,-0.45249605161890977,-0.24242017960826617,0.16867842909336606,-0.49646749574504534,-0.611931153939596,-0.27726301737518066,-0.4820061919327667,-0.5626134221091589,1.7132104422172716,1.5302342967275475,1.425922154489683,0.1053960738857679,-0.7278715689810824,-0.6011931478171365,-0.528405609962053,0.17531668166649844,1.5214682894809632,1.7886744631257574,1.7785330984054948,-0.11129356148281655,-0.7158856263293044,-0.5997138506376064,0.00010646623096525557,-0.20244551299526728,-0.006142266279813167,-0.2503711146029931,-0.3382590887027898,-1.200625366772884,-0.3937223824509831,-0.08682643487293999,3.3367789711963787,-0.061067154611130596,0.03663981943594507,1.1433122388166044,-1.7648130750102489,-0.7397532996310879,-0.41614163906544693,0.8974030919792839,3.1585166387456014,0.22460106245008318,0.2537953650961789,0.2086005803021191,-1.742733955775607,-0.7646855363593061,-0.7611682538804797
Bearing1_2,acc_00044.csv,-0.5035511067435121,-0.24508036648163234,0.23961767614779267,-0.5512784031355844,-0.6731508338852783,-0.2267729353561982,-0.5083430066979584,-0.2800258344089404,1.399786930236024,1.7118530326838288,1.539586722028647,0.20317411044146028,-0.7035779233765621,-0.5807114918658385,-0.6461173624011746,0.34992464424606184,1.4333164050867366,1.8770106032993332,2.114980537400592,0.005305440569686181,-0.6876309911404508,-0.5798447002240168,0.003153649367462944,-0.20479726909225687,0.03386545171565068,-0.2765622939466225,-0.2906159279533043,-1.160030744728899,-0.5032487123917551,0.059841627001087624,2.8830702330339895,0.08634971247470345,0.7106371409720318,0.8077800302243505,-1.7843529781279908,-0.7435337596011705,-0.5589575350181519,0.8249243261133027,2.6475189195258957,0.8310610923978096,0.5401119914041824,0.1277465664064259,-1.7592740964995677,-0.7675547818446146,-0.7611682538804797
Bearing1_2,acc_00045.csv,-0.5281182346145846,-0.2569524841722061,0.3771647186593122,-0.5344422882374666,-0.9472539739775467,-0.1497507895574816,-0.5848125663784511,-0.8234035010923226,1.9018598192803835,1.408368792516822,2.468854089165417,0.15330277437385934,-0.7078323793868194,-0.5685573630797358,-0.6496310832008659,-0.043875482915100524,1.6515748768111345,2.0440701180991883,2.3972295246677513,-0.12490969344401806,-0.6681487024548276,-0.5668292993623211,-0.031078296129577916,-0.20651507461255292,0.0076793597208678075,-0.2599231917753756,-0.3656883867225788,-1.1856379396790082,-0.6118727624336479,-0.40424940576426827,3.667367267737892,0.16773679008904524,0.36949943966157195,0.4558243770289468,-1.8216022409552128,-0.7416700840954696,-0.631290209040156,0.5048805090929442,3.0263080924384935,1.109528460756705,0.2444258577872421,-0.06593079201079435,-1.7808238030541768,-0.7603038916520497,-0.7611682538804797
Bearing1_2,acc_00046.csv,-0.49548452876649474,-0.19826335459165606,0.10779956999693258,-0.32305551229443225,-0.5841761815690142,-0.13069769054320485,-0.6781996031492928,-0.5866305899911585,1.7479703869167993,1.7659558770756167,2.1219037514580132,0.2695487224806094,-0.6652615975847683,-0.5540781953827899,-0.7602016645694801,0.04207498847612141,1.67099604227722,2.095302490981885,2.562440147876968,0.12706755079272447,-0.6547197706067488,-0.5481224495589191,-0.029342441470454093,-0.19608854299470638,0.020497294571780116,-0.21740104178218903,-0.20669122709750423,-1.1187202895125326,-0.5326242172151342,-0.31022701058471536,2.9244832795687694,0.29429624752793343,0.4384469275768759,1.0863878838216825,-1.7853670108652278,-0.7344119613189456,-0.6066764442107464,0.8879711002148485,2.443085085832023,0.7785089326505186,0.6044767988866006,0.30898344827074625,-1.7341077588772527,-0.752881987320809,-0.7611682538804797
Bearing1_2,acc_00047.csv,-0.41867194246009354,-0.22834588274250975,0.05683983886457569,-0.4334255988487599,-0.6443285578082193,-0.23373310265288694,-0.45898702518623785,-0.40198493897230525,1.3665864086921102,1.6778074859932999,1.7882761335343564,-0.00888676189302341,-0.6868199793639921,-0.5693291751054171,-0.5573027331606931,0.1179813560424015,1.3044068505202728,2.101437974458075,2.1595420099167546,-0.11868547548599791,-0.6680898546679241,-0.5485590526198539,0.024982382277144798,-0.1972392801632046,-0.06352237938865915,-0.16471055157324033,-0.2827476533255359,-1.1705662501867264,-0.36051123551816067,0.2513472540905661,3.0034544584200957,0.07266455011253675,0.023008701801970306,1.0338581254855892,-1.6877946170585012,-0.7302123231571164,-0.3156310718161845,1.1149905248005723,2.554520705916259,1.0001991561220136,-0.362650810955981,0.5042821154641822,-1.6827098309585748,-0.7554124623475554,-0.7611682538804797
Bearing1_2,acc_00048.csv,-0.4384950863400409,-0.24420939133041536,0.18658039223989345,-0.4719615951711183,-0.6458846652312532,-0.1860374906954421,-0.7579314711743406,-0.5754073398335067,2.224369355462673,1.3977442896950691,1.3907009251690956,-0.0736631382390829,-0.7235152255376387,-0.5793861282516022,-0.7997475652828808,0.413229719662335,1.9220403084201696,1.705357942341479,1.6528069165791408,-0.18782791037510946,-0.6853527346789122,-0.5880618857241564,0.0024807873245602436,-0.20772720498909872,-0.00039220299433941194,-0.2603853890579102,-0.33663795307416383,-1.2320764854179211,-0.6262957209194708,0.15123671671739067,3.556828930234522,0.0812114628057037,0.24998187572974176,0.49286481521572006,-1.8263355323147024,-0.7386443021801492,-0.6062233854751862,1.7410967950306555,2.9252093613142374,0.9360755759809404,-0.1550665731878386,-0.24893623903326045,-1.7997890736866808,-0.7654807853802453,-0.7611682538804797
Bearing1_2,acc_00049.csv,-0.48100259919811833,-0.22571566486829592,0.36318232359286534,-0.46616248892843337,-0.6088857479620662,-0.16862199743706238,-0.613258403772771,-0.4661162927056628,1.599532496772927,1.7091505488531427,2.326898703754347,0.25996411037350514,-0.7066653136734866,-0.5897347402778427,-0.7720034561000991,0.5165011100936935,1.483226986162611,1.8526345188187947,2.4964012247217298,-0.001972510476030746,-0.6739393496101092,-0.5875571776690688,-0.04947511987524823,-0.2079432683746656,0.11818554930516866,-0.28811722600998846,-0.35713299299436124,-1.1700066684372645,-0.5658863798607583,0.2085111408353246,2.8256207950450927,0.20478515797396338,0.27720645553861273,1.2520251889709382,-1.8018939355652204,-0.7403405287901429,-0.4067496585490205,1.293214521365314,2.4493931057994613,0.53325580376173,0.21582670901733156,0.46590211760610256,-1.67826606111995,-0.7618593549319721,-0.7611682538804797
Bearing1_2,acc_00050.csv,-0.4915423847509158,-0.22030791566570226,0.15573593298480987,-0.5067562326272285,-0.4692885715560293,-0.16603430541767328,-0.6678667053527211,-0.5202420632500294,1.6410877444181164,2.0198625701057558,1.9249492252007914,0.35485587262104584,-0.6679838854451955,-0.5729961455914527,-0.7179678458027139,0.18438334846404747,1.2768559645859845,2.199615320614643,2.9835594846667757,0.6047672069320726,-0.6145014970353839,-0.5793584164722367,0.03068762843865051,-0.20407909034282484,0.004146711303405445,-0.22772344775879585,-0.30839949871637623,-1.1142322514219454,-0.5230245217281698,-0.038184136223979766,2.818905343532688,0.2262374530376205,0.4413449869194647,1.0900489543895908,-1.7665552048288071,-0.7360869410530637,-0.2978573717011918,0.4322471964939263,2.3218093104927595,0.6740251896033419,0.1526964584135099,1.2263801683398774,-1.6833569955489616,-0.7652086615164909,-0.7611682538804797
Bearing1_2,acc_00051.csv,-0.504042115569871,-0.242833262959838,0.3808428056522443,-0.5314492011444679,-0.5619819161109615,-0.2218533470610216,-0.6325679074979483,-0.3269826247048417,1.504881335571939,1.769980418872113,2.481062752243547,0.2977693541955816,-0.7076154901009738,-0.6098156277794183,-0.6974544545034671,0.1395163271710427,1.5201950549622927,1.8971015771986894,3.1779446135471496,0.05573546133787856,-0.679825629997016,-0.6068056783849611,-0.08394310573596964,-0.2030662974164518,0.1331661548843722,-0.30829984068066757,-0.3172149588789716,-1.2312398363307693,-0.5234646528705709,0.24114816228073319,2.9691407000018537,0.15877951612687424,0.28484421583745556,1.0867215026102037,-1.8162406131084667,-0.7485848197083756,-0.4551465277979081,1.127653706182368,2.712902681211511,0.5131819304779767,0.2298189381449104,0.47192896827342734,-1.7815435923108254,-0.7651867137865923,-0.7611682538804797
Bearing1_2,acc_00052.csv,-0.4292347258536694,-0.23643006021279225,0.30339869866191677,-0.44072124863794426,-0.6146927853976906,-0.2971020355105311,-0.3684770230965288,-0.3354118109334287,1.3433824659971574,1.3455718329380095,1.9002610589263904,-0.056615398247037416,-0.6950182461016471,-0.6168136788975289,-0.41511402469264624,0.27662940738911446,1.2570117213862158,1.7251160438031714,1.7673807154211945,-0.2698803147115447,-0.6998816634898695,-0.6147657281906845,-0.012469816729927093,-0.2071605653184088,0.07608298698918835,-0.30968643252827155,-0.2863112579464603,-1.2103156682820047,-0.5701703875840529,0.19498882422856897,3.0962411048627434,0.3421406891731247,0.2142388945302157,0.6701945585182606,-1.752683312135442,-0.7403994954427114,-0.5728407654173546,0.9937505424994542,3.104891401248867,0.48923362542147,0.20803552451935978,0.0948546763291286,-1.7503053955917913,-0.7652749565994971,-0.7611682538804797
Bearing1_2,acc_00053.csv,-0.42936030792920765,-0.24289995453517066,0.30474461091344396,-0.47083918751124393,-0.6335749489223427,-0.2985415950208273,-0.39282541910340035,-0.4688357098516459,1.440507089130886,1.3792306158473893,2.020945409326206,-0.010548489706848152,-0.7262779384559769,-0.5959025255577822,-0.49618976204186854,0.0619294013704066,1.4987069159576607,1.4548880560174577,2.3860326473566635,0.11715471575576833,-0.6977452288253814,-0.6037209203181397,-0.039874677633491375,-0.19937232374321784,0.005695293837762205,-0.20630830700135772,-0.28245351607081626,-1.2440716490334596,-0.4662212080087786,0.13827771213582937,2.841664821298762,0.5733279177827971,0.2712239858493865,0.8274743040359429,-1.8419782013849897,-0.7404231549857397,-0.4803534345328195,1.2955087677518409,2.748071099886214,0.9538968976909264,0.050797389843543664,0.05587264436159503,-1.8123219112274886,-0.7689407466146381,-0.7611682538804797
Bearing1_2,acc_00054.csv,-0.47471225320758603,-0.2427515390128774,0.34152674481617074,-0.49272613687879696,-0.7163844834023939,-0.24983443709668127,-0.5983633203402773,-0.21176636689744538,1.5275134557020231,1.4462069747290358,2.118093383062278,0.06600070284513143,-0.7046381749342937,-0.5930714409176836,-0.675050381870038,0.7079448732575265,1.1957726287473933,2.019960919797731,2.0604918811093427,-0.2834952226047002,-0.7029668233320995,-0.5838966113520151,0.0060002901438081955,-0.20336893745689394,0.1529067278257942,-0.2881172260099884,-0.2889321373512607,-1.2681294616586594,-0.3964901144658124,0.1797533019015193,2.8095527257985116,0.3783309653169337,0.4827341348944254,0.6336578963524824,-1.766591553553531,-0.7438795631124572,-0.4350402364051436,1.0115436335242232,2.8028099769935864,0.8859065250158082,0.21520358723713331,-0.002195683369567724,-1.784334744279758,-0.7660533255833692,-0.7611682538804797
Bearing1_2,acc_00055.csv,-0.49289463527658295,-0.2567436082422441,0.4344412464042135,-0.501144194327856,-0.9185495983851709,-0.18983456028004536,-0.6962291532180936,-0.31782871137711693,1.6428012628191544,1.761785082250932,1.937947236687887,0.04671617571169075,-0.6868539807255675,-0.5649625321669353,-0.7365841759513865,0.3348495257128898,1.4780271987593183,1.9649565173656784,2.4563721703321075,-0.019942318565285104,-0.6434119553869192,-0.5647613758464319,-0.007922918553548725,-0.20684335773075208,0.13014140537234273,-0.2836493189454869,-0.31096232843544375,-1.273433423426611,-0.49271127966319583,0.13296195500925057,3.4291424999441826,0.1867765178287867,-0.09640917567410702,0.8532027420698359,-1.8007024969370151,-0.7413679474130827,-0.5337871630049134,1.237576996037806,3.3688539550457013,0.35317333894715247,-0.017278175264149417,0.04997336125236231,-1.8258719555188996,-0.7688548003377237,-0.7611682538804797
Bearing1_2,acc_00056.csv,-0.36612808221549875,-0.17526072979354132,0.3555507610729346,-0.2611360230580212,-0.44086490637794695,-0.09158725998847275,-0.5225080660296206,-0.353812367802433,1.4745498919885944,1.1927360638429412,1.4700708831045062,-0.12142782735901513,-0.6744387848966412,-0.4315105135980288,-0.47679260953183694,0.41996900521101466,1.0888344912826933,1.1320037806226895,1.8780173949310215,-0.1878090939840525,-0.5778207458851949,-0.47054157670234625,0.20397330306600056,0.393978507143198,0.04666666857811948,1.1707314634301702,0.28742287741578065,-0.8982052833201306,-0.6351928742374673,-0.1063755357100316,2.628776931694761,-0.1914504573975292,0.2725943835185334,1.896635785989263,-1.6032674500201183,-0.7320018399327762,-0.40941266323345493,0.6911295881124068,2.4443105035659545,0.22586114413700858,0.16458234064642646,1.14349687148216,-1.552871996709245,-0.7516101812993543,-0.7611682538804797
Bearing1_2,acc_00057.csv,-0.4290536662101636,-0.21022286257115916,0.3673165232682957,-0.4083584944448956,-0.5171947332696253,-0.2661220728820098,-0.5913894601657095,-0.50524517175531,2.0312147433257,0.8358947907556012,2.034724948049494,-0.22072554602307498,-0.7382353910274685,-0.5974276398417872,-0.6966561117870772,0.379253619696506,1.8400942002191745,1.2155503925352384,2.0543284023351007,-0.11896439582591492,-0.7068946825044042,-0.5972263802702475,0.017822670905765517,-0.20775041545830042,-0.05690473805642287,-0.2506792461246829,-0.3497216254951495,-1.3101642381575755,-0.5142663118971524,0.0975039134193166,3.487207686310261,0.15622720128737677,0.3063600711506006,0.36647653728393426,-1.8110717547205137,-0.7423855550612493,-0.5937764524727903,1.4233396432086227,2.9331353723861744,0.527203970851117,0.43517240530125023,-0.17571861907426106,-1.8183093041884377,-0.7676617062615066,-0.7611682538804797
Bearing1_2,acc_00058.csv,-0.45281932473083264,-0.22472244633211366,0.03228869431597453,-0.41284812508439367,-0.605383206818262,-0.27587533507162276,-0.6829168747951765,-0.33777885111917555,1.8146747171253843,1.3844233443602507,2.2423320247947767,-0.12142498521028694,-0.7218107169638143,-0.6061574140972783,-0.6832595083509327,0.13952144226662125,1.6647743185224544,2.003309000005552,2.3639758309770236,-0.011064315712629617,-0.7053113773310531,-0.6072876907292412,0.03892494362572135,-0.20308808308255322,0.07889001560460986,-0.27933547764183037,-0.26758214124122826,-1.289039452723576,-0.5502135897476077,0.40687362226977464,3.3832969351675937,-0.1919514771282573,0.4321577402420713,0.6575452449036198,-1.8332009376570617,-0.7439849607092024,-0.6002799666166557,1.1959792317832234,2.93513450000579,0.6549758568253561,0.30502060747175785,0.01088641292720896,-1.8115721591928398,-0.7676578321206633,-0.7611682538804797
Bearing1_2,acc_00059.csv,-0.441346176018049,-0.19940113905834075,0.14814998503128465,-0.3408269669091121,-0.5636739587495542,-0.043504438189914514,-0.5007311755101904,-0.6182351417802867,1.545361156947026,1.0430710080060734,2.3712817268115534,0.18673386069395978,-0.6103666463120468,-0.46625262534178696,-0.5646104109128776,0.20252078477792074,1.2139165191742605,1.4386023841282871,2.303984975934052,0.17658341977133377,-0.5600862268256966,-0.4812410993916556,0.18177007204644605,0.44147596656638705,-1.5662264204420808,1.027142174322743,0.41416205111460414,-0.8686509780905537,-0.551385799349857,-0.21818045223576263,2.1786644023825565,-0.1759460710620813,0.6425706722108415,2.1693005507039476,-1.6284280009656014,-0.7395397420515593,-0.5926102023263278,0.8223670572393971,1.9046401800849633,0.4240442146428307,0.16698433490995046,1.0565644866641288,-1.166521076161595,-0.7657084758618697,-0.7611682538804797
Bearing1_2,acc_00060.csv,-0.41863755568500777,-0.24922307224014678,0.41394281183271614,-0.4796313808469276,-0.7546779445241748,-0.25539642820486536,-0.6125146601359904,-0.6564589914366269,2.27464108340384,0.7138975040423328,1.537222370319985,0.2554055184428474,-0.7115551569724906,-0.595727675776431,-0.7021727778818333,0.3961377589890889,1.9381060016121752,1.1638983782525074,1.5089948988645028,0.03896347721874281,-0.6632499354968218,-0.6014596726703348,0.013125653195989007,-0.2037863909871977,0.07021061786160544,-0.25869066568861654,-0.3082870667562593,-1.2358731210466152,-0.46928479675568646,-0.0362832024889251,3.694023886948833,-0.1384413322681201,0.262936734536602,0.5212663858148726,-1.7971675027876046,-0.741847449770523,-0.4520751428446911,0.854090428006543,3.19035771681047,0.47185536748953044,0.0747893355115224,0.2105954553868442,-1.7718469227760505,-0.7668841099819454,-0.7611682538804797
Bearing1_2,acc_00061.csv,-0.35987357193771935,0.6366915885169994,0.3995478050775829,0.4439230552864893,0.4009786708893774,-0.03832423749494499,-0.6075390141403697,-0.6091130220904782,1.6053211018937177,0.8837617784166891,3.5689267856398854,0.34744774136216366,-0.49739530514053326,-0.535268309016455,-0.6581547018410745,-0.12497766635440334,1.4252806722277427,1.4594753759031691,3.5545169042735765,-0.09108358451962756,-0.22875721545472388,-0.5701209142408958,0.6336997358310217,2.877037449031341,4.002468273432998,2.7626929702403045,1.7973675431778973,-0.5689853089456164,-0.7509462051175415,-0.7303497687485967,1.7810907865400332,-0.6100174766277849,0.9642856987528766,3.2966327160595243,-1.56458267546096,-0.7440303887734736,-0.7350938762771666,-0.1946280389505212,1.2289417933064457,0.06377192428980635,0.22560442812280268,2.2921040067274148,-0.6160605922098293,-0.746379090970787,-0.7611682538804797
Bearing1_2,acc_00062.csv,-0.3421675315815077,0.4276669107969714,1.148990952100089,0.3350495122786608,0.3481749066516624,-0.24656279773247405,-0.28640860843371024,-0.520692411194888,1.3654236623124816,0.5829302153775983,3.2512954539275367,0.19405567176580693,-0.642989709311426,-0.6191479933194245,-0.40877435165109555,0.329308001004021,1.1984607790455666,1.2841634579341168,2.1309700146953086,0.007744092919996935,-0.6289022833774226,-0.6198489951291076,0.4021871526097533,1.4521533211486197,-1.5928202402432763,1.914715022550091,0.9905515269123755,-0.8576813065601369,-0.6658481724290569,-0.32991029609904665,2.22499567072516,-0.39058711644355,0.8771751553813827,2.3431865930440834,-1.6576270420876666,-0.7541754937123195,-0.7018838979233188,0.7594964288706011,2.731390181154378,-0.0049611076129125005,-0.17180915888276524,1.9301337223153683,-1.6773735382103683,-0.7824085355982267,-0.7611682538804797
Bearing1_2,acc_00063.csv,-0.48017129310155643,-0.2506885405592536,0.2393189768078956,-0.5215346001489096,-0.8199180756555803,-0.25800195062560705,-0.3418523274661476,-0.5290930791437362,1.3534824549419389,1.5396895127620334,1.6389606335073181,0.22430445387972273,-0.6943264393188339,-0.5856559810931035,-0.4611364282006321,-0.2041629615257061,1.4304362730617481,2.0762699954978503,2.1093545704972887,0.05214517421790225,-0.6700968145566137,-0.5733692536618563,-0.006143857493587375,-0.1983309715519709,-0.005230145218830729,-0.15808572385691066,-0.2737631492738578,-1.2414149312385536,-0.3614616054788409,0.38728888449314247,3.012516827817565,0.10384797456351591,0.41871175037416425,0.6379654633947124,-1.7981124406668587,-0.7389461707414254,-0.47971457787852906,0.7591489139394881,3.0830232848113672,0.5704189881229326,0.23068671069971988,0.08839470182086778,-1.7310942561261236,-0.7658876327940503,-0.7611682538804797
Bearing1_2,acc_00064.csv,-0.45892102069310653,-0.2140961017269216,0.16787058882659003,-0.37169317755566134,-0.526867192948975,-0.09864392439659249,-0.5240760292831319,-0.2435913331865275,1.2534161941863156,1.2939945603335505,2.29204309094944,0.48003405305330626,-0.6223321820383508,-0.503577596313991,-0.5517274883003083,0.20818716705995907,1.1636263930611588,1.4164539842911485,2.6163912804651277,0.3019725768136317,-0.5955288689544347,-0.5041690357991041,0.11932081036759483,0.11640618225449902,0.563148053981582,0.8139151613134304,0.2538377851938507,-0.9447131988959274,-0.5748152183893455,-0.20221966665292074,2.4766748405347045,-0.06702353027172113,0.3064715746133669,2.123362406101293,-1.677767010497122,-0.7416427279079746,-0.6589192403669489,0.6489501006272392,2.5279230973455973,0.06644572204164653,0.45548259490178383,1.3778921387232026,-1.6520149422162214,-0.7745628828597353,-0.7611682538804797
Bearing1_2,acc_00065.csv,-0.42600360372929313,-0.18205836124217434,0.23816666974476475,-0.336337336269614,-0.47581783711397163,-0.25969565539455763,-0.4512740486547987,-0.25815855961304307,1.5904853002891495,0.7108639814564701,1.817691804074775,0.2468368579418054,-0.7235082006415654,-0.5600360856610413,-0.38748145768716746,-0.020687155992601545,1.4834893569373235,1.164707574330341,1.9653070345480272,-0.16015525266556,-0.6971901829659307,-0.5501554014057835,0.01148980591640792,-0.18942234784885686,-0.10777912196356036,-0.13189454451328125,-0.1526594678280185,-1.2646144441444376,-0.5430751561859811,0.3890659074312306,3.2275666174329705,0.11915226917657291,0.37179648192745757,0.44914779056487264,-1.7865986073915887,-0.7323119823400754,-0.5702058386988095,1.3241076906698925,2.47104095852912,0.7755727161433901,0.7439855416421356,-0.19536924610231504,-1.773974721815444,-0.7612469726529161,-0.7611682538804797
Bearing1_2,acc_00066.csv,-0.4432498743895521,-0.246151584993964,0.26803233559999406,-0.4691555760214321,-0.6817716938395895,-0.24469794031485548,-0.527688269151644,-0.7761588958232872,2.0164114860418074,1.148859425172612,1.9667954329270336,0.06280008206139437,-0.707310598143455,-0.6124886161770112,-0.6564147995152493,0.243234000055541,1.6965920489954829,1.7590724305264958,1.9226422425052598,-0.058447832483867534,-0.6817185135290762,-0.6060361971154115,-0.04704857546274652,-0.19640672784299512,0.06111079422212688,-0.19706436135066505,-0.2476663883179141,-1.3155629175841475,-0.4972607323400509,0.028750172616670865,3.6263405291469275,0.05464253835477839,0.304803363539462,0.3978599476294737,-1.8340817367663036,-0.7504426923863611,-0.5070732007048151,1.2004639101916905,3.098174177322871,0.4924672711395486,0.4657555494635334,-0.2619987183827918,-1.8258261630870423,-0.7752645957152109,-0.7611682538804797
Bearing1_2,acc_00067.csv,-0.3658712510508585,0.25836255147743803,-0.7674938227099888,0.1042076702311347,0.24806619354105938,-0.11065751340105687,-0.5003039258127074,-0.6550372288346832,1.7313282722657621,0.616927190953059,2.9341941239520497,0.35823797572946897,-0.5304108427797766,-0.5657769260960119,-0.5654537039766112,-0.11543090465224957,1.6940916211626655,0.966564442297137,2.28612203479122,0.8289490164808646,-0.5274479993000768,-0.5515271109627722,0.5931746289040448,2.2270537856408072,-2.690093086051151,2.4964673355003533,1.5852658235714423,-0.664807774049603,-0.6657695218305227,-0.6318684207747469,1.8248076228022623,-0.5704731858781451,0.6159043671657127,3.51056556647631,-1.5657692617155692,-0.7517667328929204,-0.7150925360845092,0.270977028472982,1.7865014876997525,-0.4391407702470411,-0.21919939896315296,4.620714778343753,-1.8281698444794807,-0.7759538259902179,-0.7611682538804797
Bearing1_2,acc_00068.csv,-0.3272191246787381,2.4372916583756075,1.3202300934314912,0.9742606745771994,1.5244495913890554,0.09874318250315059,-0.6294912372334925,-0.5480193325943763,1.0592921034266762,1.0053910334819147,5.816899347344702,0.7369856067704097,-0.44254868745378656,-0.49837971131587344,-0.679583679749776,-0.4362805644025646,1.172702976665727,2.2021692809288336,4.555059392141319,0.019757526375863737,-0.3328784407751849,-0.5085945778191665,0.6117225547407986,2.4629876875927588,2.5520478146673184,2.4830636143068494,1.9097733793172327,-0.6846146032727718,-0.7593688739414997,-0.5625359038152365,2.0229951111195135,-0.6221104142718492,1.4215997280463246,2.4237682317824882,-1.6402686637740627,-0.7444871814446573,-0.7882887289057733,-0.17324191961290075,1.1966162798919793,0.24609033085840265,0.29498284897254207,3.9732088123987492,-1.563135828825927,-0.7697684542527353,-0.7611682538804797
Bearing1_2,acc_00069.csv,-0.2824435778409136,1.0454958304040205,0.15201969516095742,0.6502589967600884,0.9595863827682038,-0.20876667392985565,-0.09814929433698726,-0.5448362230031006,1.0791151521919125,0.6008957610493815,2.7894300962350873,0.22590786233806073,-0.5778431755747349,-0.6082271038982621,-0.3260865227328152,0.5759259669013708,0.7772507592117537,1.1910382653492506,2.5067702258717617,-0.20640375110602066,-0.6914846205452361,-0.5983825376258891,0.8137216753851446,4.296054655019609,2.9552460887864385,3.4105394945930203,2.537509983301835,-0.6034457451943215,-0.6771140148874359,-0.7931015202841867,1.3880737883474148,-0.7167568013306906,1.1298901033870918,4.013979080590237,-1.6542074005538379,-0.7570371242695703,-0.7374943153064826,-0.12484950198991678,1.2252615761242363,0.8406960300237206,1.5903112323203148,2.472696135898279,-1.997871850017525,-0.7868134924115894,-0.7611682538804797
Bearing1_2,acc_00070.csv,-0.29292650643595247,3.3188305519240267,-1.4805512351444163,1.0532033466550408,1.8894968786009123,0.6287211937606229,-0.8403631958812964,-0.6832395009254,1.0639401701574636,0.5191953259704154,2.6863436635156783,0.6766800018902314,-0.29809883491655126,0.2662121868257844,-0.9655859031742744,-0.5881648569818043,1.348528293771154,1.1595304849160841,2.1364005253756964,0.08005535755580816,0.2578747985930297,0.08560675486721393,0.8569601308204117,4.547984969686896,-6.508162125381411,3.3532270315587254,2.860395241997957,-0.3421764254880884,-0.7447938423760064,-0.7526643301817493,1.088206363836888,-0.8562268048912575,1.4606327593847648,3.740660808708888,-1.5024938205578307,-0.6899758372791981,-0.8117398252332891,-0.445585504355125,1.266183123659205,-0.3072402604544882,2.342767503826387,2.8174445384712055,-1.916082510994964,-0.7130082803138167,-0.7611682538804797
Bearing1_2,acc_00071.csv,-0.4189642084591979,-0.17034933784613437,0.3986993813802137,-0.2826488365389495,-0.36744653291862317,-0.008915265581133128,-0.5812726647445273,-0.6648651144283387,1.549310358500531,1.1889138398157164,2.9802298073359133,0.25425529269583774,-0.6392452077851967,-0.44900804339356587,-0.6660753746442791,-0.03269541478587068,1.386490730291672,1.3164523231640701,3.54951082033033,-0.017570063869482625,-0.6217960867955358,-0.43769177738459575,0.34943175471777815,0.653620624724044,2.338545010713354,1.226811400377706,0.8201755284426012,-0.7688365162508446,-0.6564956492795697,-0.47566985362498093,2.0853728161001515,-0.3958870427757789,0.6746500499820955,2.9011474830689052,-1.6692379575920053,-0.7440295463496097,-0.6513565060795953,0.403562352705101,1.9732627771720923,0.37138780159648205,-0.2294510596538728,1.4253991377898334,-0.8993593260256394,-0.7778391015697658,-0.7611682538804797
Bearing1_2,acc_00072.csv,-0.503568357619823,-0.21214193526004413,0.20147930402683045,-0.4579314994226869,-0.4785500560077752,-0.15512621404306015,-0.680834000206169,-0.2909151573913458,1.6924862823639697,1.0809135370707132,2.47367052939702,0.039911266833132834,-0.6612044468644512,-0.5272629837217385,-0.7063415618452465,0.4626359540217756,1.3635825827021286,1.537493244353469,2.5123717888180153,-0.03327422864187022,-0.6084248372601878,-0.5333117478771736,-0.0634554669549947,-0.20380851815257245,-0.00661960481232199,-0.2993640265516646,-0.27701089592438816,-1.2972221723002004,-0.5291401118608708,0.6306246974795346,3.241973244311906,0.09530176770284518,0.44589564351142774,0.19339009908612617,-1.7859245636166514,-0.7367095576042882,-0.5679158051165252,1.4626767219420185,2.75504683886191,1.069086379187487,0.1531705522237655,-0.3986045253422921,-1.7575405255980319,-0.766150369561037,-0.7611682538804797
Bearing1_2,acc_00073.csv,-0.48438830127919147,-0.24976985964429435,0.08218130075525501,-0.5002088546112938,-0.8453567034348313,-0.23532258230006323,-0.41686484378198047,-0.5027324114034419,1.5146317114920944,1.033694902571359,2.394529789071371,0.3159132935884463,-0.6963938492980818,-0.5790510313841128,-0.4841179739770969,0.1493505059154116,1.3167234350573411,1.6976751530713339,2.079183766508793,0.03398806940062412,-0.6678940591956652,-0.5764229634176777,-0.05946892280258354,-0.20347536743863862,-0.01741148880461576,-0.26454516460072197,-0.327666923403531,-1.2268147335139903,-0.5186896283617823,0.05123682935077237,3.285188457131807,0.030544977477888473,0.16628857022608537,1.029374601618929,-1.811467385821314,-0.7401369317520036,-0.5445497634975872,1.1037643750807042,2.659601533824457,0.831913838579206,0.18389995599206005,0.28102095149756406,-1.7541890408025844,-0.7689202414863997,-0.7611682538804797
Bearing1_2,acc_00074.csv,-0.4581388068169161,-0.16704533522374873,0.4892030569339787,-0.3801112350047202,-0.3335573081311367,-0.19731433037205726,-0.6313904871468113,-0.1895397634003589,1.6369574312902564,0.9317255901063441,2.2470784642331076,0.2262165009290598,-0.6475365840286049,-0.5512851563702691,-0.5481558357220174,0.10794371532379494,1.5281187778115117,1.2430634711781836,2.1722665821906526,-0.03766422289490087,-0.5472274877631346,-0.5514312068115433,0.04598484155779396,-0.1942242132385337,0.05048181222411237,-0.19968347928502791,-0.20586766336173168,-1.3180251238019247,-0.5029966927070046,0.7615556092528442,3.0609348590934826,0.035110794680582855,0.5298835557848642,0.369522432933535,-1.810175514456188,-0.7370449542398334,-0.4402959010386842,1.4774621995166124,2.5792272690602864,0.8296657694550057,0.3588238206204485,-0.07180189076512024,-1.8281304961063358,-0.7687924068341138,-0.7611682538804797
Bearing1_2,acc_00075.csv,-0.4303758964192903,-0.20190285201480937,0.2956095638290847,-0.4081714265015832,-0.46008638526428547,-0.32972470930491604,-0.2977930076900861,-0.648113042358883,1.7179506274784975,0.8060533959262507,1.4960145843045471,0.33797284610757095,-0.7297039198940768,-0.6049234516488594,-0.4464412095142627,0.401277372189457,1.48943780494166,0.8880952656894403,1.8396008177927787,-0.29672449323428945,-0.7002353113636839,-0.6037732340979661,-0.04273537808948804,-0.20295498241554144,0.11975562659702971,-0.28981194937928206,-0.25848671865463113,-1.3500871267760417,-0.3900822344879487,0.6055903927545871,3.325381123099545,0.04818541175569696,0.30011251555347557,0.3153913452845264,-1.8203113876403896,-0.7424361884078383,-0.3408676420215979,1.4506217641651378,3.0686813311672436,0.46482200094587334,0.3501728609766243,-0.4087976193780052,-1.8394209633511351,-0.7652392553762655,-0.7611682538804797
Bearing1_2,acc_00076.csv,-0.46258159571126894,-0.2208919574854844,0.13304263570585034,-0.4162153480640172,-0.5788810422663773,-0.16268877967429002,-0.6489706401493186,-0.2723238644780341,1.6321193661466273,1.2484058725800746,2.172980902089161,0.5573248099911631,-0.6870547825626998,-0.5548565702393663,-0.6922664330353272,0.11680646261990768,1.7754738055983528,1.2543746236216777,2.6980261017866303,-0.018342371311927595,-0.6467717229895364,-0.5579576021487543,0.057761114870395855,-0.18625141513823604,-0.008218181490328684,-0.09183744669361275,-0.14098492324528403,-1.3346170128907382,-0.4772403837559867,0.36718770455496674,3.496388370070516,0.3496771869546419,-0.012921857308784935,0.3346521299144482,-1.8364177061593714,-0.7404268854645722,-0.4689412852458624,1.2557273440587258,3.347999096191855,0.5153156902910004,-0.034668655971690346,-0.18715901497087062,-1.8110595892872567,-0.7703219868673062,-0.7611682538804797
Bearing1_2,acc_00077.csv,-0.4533429158254986,-0.21876119139399805,0.09645130855815216,-0.43997297686469466,-0.5292173332215642,-0.17942612692724266,-0.6388516611334729,-0.5233536285158787,1.8751286625779169,0.9016801193656302,2.8861813661741755,0.20906414288838968,-0.6876729924974153,-0.5796384730211598,-0.7450054636382171,0.014314636391952986,1.9645741962428673,1.5216799017801625,2.3627330956809898,0.12365988596061445,-0.5921244602622435,-0.589620211693151,0.090225035675011,-0.20326019901331485,0.07867504677322595,-0.11849082331977681,-0.36024635824118145,-1.3034982584918242,-0.6066620924473874,0.1873158956828235,3.9055102468244063,-0.042915569495044,0.16774019105839993,0.22321284157750965,-1.8351580190970624,-0.7410620469774335,-0.5710604695957097,1.5805112569912256,3.576050712833238,0.18157583181988188,-0.05333405569188673,-0.1829425721075185,-1.8650519610584986,-0.7727958573820645,-0.7611682538804797
Bearing1_2,acc_00078.csv,-0.4883141887086083,-0.23744638430215467,0.3600123357801758,-0.4843080794297381,-0.5307665670966134,-0.16270955961593064,-0.5949635361095802,-0.40368034380362733,1.6353088246126608,1.0014236152593106,2.9126480444369136,0.15422848734688388,-0.6894316370459981,-0.5547577530791488,-0.6381934321055903,0.29456585415281966,1.437555692513921,1.5801243417542112,2.5368469625436583,-0.10654015422968403,-0.6690792003542297,-0.555131162409889,0.01579754037554092,-0.20337760323737678,-0.008202626078617405,-0.2667020852525503,-0.2831229647810308,-1.1813979792578628,-0.538774070910598,-0.0907463950974172,3.2753245779159603,0.08276572171287808,0.5283035809338474,0.6257297321827133,-1.79969951229361,-0.7432632951327275,-0.490005864312869,0.6031364310988095,2.705846879644753,1.1507012197137743,0.3591980167454692,0.10830259079328179,-1.8057228364578777,-0.7717812678725556,-0.7611682538804797
Bearing1_2,acc_00079.csv,-0.424531338608626,0.017655369085240156,-0.3417250039449744,-0.13430395749220053,-0.09846714571919861,-0.05399227923021602,-0.4592848408268244,-0.30762467067976806,1.337474554025027,0.4516782116845808,2.736370907662325,0.7181950696522899,-0.5462185871946708,-0.47658396374165124,-0.5205382322339724,0.32585283981328766,1.184570903559908,0.971226335528676,2.0767331849515864,0.21348262332829857,-0.5008964324727374,-0.47747985589046543,0.608745203270508,1.0854614652547856,-1.3933957542503335,1.7338418193182028,1.5544910274508703,-0.6847800068751713,-0.6649905214757871,-0.5139766548371982,1.5293256897573457,-0.7606782193599294,0.8755696444055403,3.9576576847712848,-1.650014611000697,-0.7550034352043478,-0.5948648268698773,0.1049857897702467,1.2313206480634955,-0.2556529780917369,0.5157704735331663,3.180944155349338,-1.2151696838311437,-0.7691766271622776,-0.7611682538804797
Bearing1_2,acc_00080.csv,-0.41992024235942027,-0.2068732172710971,0.004797136283923263,-0.3930189230932772,-0.3821332767779683,-0.2549987941550025,-0.5926384424245122,-0.0745281129679095,1.5870877002289518,1.0191238273304775,1.923957415888474,0.05245800920058653,-0.7153159086429722,-0.5789761933435009,-0.5879708780435571,0.42331313228832673,1.4463398289147078,1.2371774983854618,2.3185735039112187,-0.06080435176829493,-0.673733200712216,-0.5859058614990148,0.023631877026783203,-0.2003676915783436,0.16103642020802122,-0.2690130716652235,-0.23139856000712333,-1.3006792717167994,-0.33017849533533766,0.07309169619010697,3.0878564966322104,-0.044081839067049704,0.7838536602201537,0.543062568142597,-1.8398187434889075,-0.7390992116998907,-0.4756190306145678,1.0641809495025276,2.8047807790680768,0.5161423990654378,0.6303406171523803,-0.043925846219833704,-1.793724167870464,-0.7685401932388971,-0.7611682538804797
Bearing1_2,acc_00081.csv,-0.465886168256909,-0.22606712431771386,0.40577240158506334,-0.49366147659535914,-0.538145220951902,-0.16858099908448335,-0.5333140782996855,-0.5727094352777111,1.511402923946371,1.5293102501214826,2.8186156033173657,0.16026977025924688,-0.6913379890411444,-0.5753407693191047,-0.6905742562408612,0.28567061282576856,1.224917545116972,1.8555212862984687,3.616559112283947,-0.026191325390079852,-0.6551960397040699,-0.5751344340434706,0.001940412445851336,-0.2044271448511633,0.019462219945911914,-0.3035238020944764,-0.26602714015527046,-1.3650438953954886,-0.1522375886760169,0.4172290713267984,3.3877186063891367,0.2157003981696063,-0.008506364236574727,0.40228768048877733,-1.8377262470464388,-0.7454713843066819,-0.3320452445899477,0.9682745521917066,3.1172914497761814,1.0107262481400499,0.017383675041884865,-0.22094671623299686,-1.8812381949006127,-0.7745265177181266,-0.7611682538804797
Bearing1_2,acc_00082.csv,-0.45792670206040514,-0.23990778545416172,0.21920408096020852,-0.4850563512029878,-0.6798035290458395,-0.1814752578852891,-0.382090742095813,-0.5185011356933674,1.2919059187755628,1.2772488793891488,2.6866013741940145,0.35333691279242446,-0.6831285684848667,-0.5628855910413384,-0.5255097992977944,0.3020820041005034,1.06557414018254,1.8339941604104606,2.66666231073963,0.0019599733317639894,-0.6635299837031619,-0.5664362434906404,0.02473541987271215,-0.20334063369294272,-0.020197998051458818,-0.22772344775879594,-0.31124960965394766,-1.3105348336312166,-0.4840058635694513,0.47537779570747934,3.398609405116905,-0.15876679812385344,0.5912206391437803,0.3104912860138556,-1.838946692387662,-0.7447781237497829,-0.5653600509865087,1.2476787932820834,2.84826292140473,0.6582348430085183,0.40959500933006915,0.011179898686875453,-1.857194281725587,-0.7633608747108809,-0.7611682538804797
Bearing1_2,acc_00083.csv,-0.4716859155994655,-0.2279472845930901,0.23733439348534752,-0.4498875778602529,-0.7201931767778552,-0.2396398909031807,-0.38244622237128995,-0.385307696487438,1.4074074904986613,0.9493832727644266,2.1785474362262156,0.30953409679583677,-0.6902804914709373,-0.5662785424041773,-0.5137887902684568,0.3101757876446181,1.299102265646506,1.8530714055949131,1.5126501210711794,0.02099317149076843,-0.6780617277853882,-0.5671734785184144,-0.02582899850492438,-0.20208335728783663,0.0755587411091187,-0.30259940752940706,-0.2857519867847759,-1.3275748260718037,-0.43093178765107054,0.11456493478784215,3.1996382890881296,0.20412939398422594,0.7154038556213889,0.14024069838574568,-1.8073898298892406,-0.7438511652419415,-0.42441877508524123,0.7584697986089272,3.2898741010235475,0.8332388269246481,0.3160333390367745,-0.4889432511001664,-1.8261591226441438,-0.7698941899508074,-0.7611682538804797
Bearing1_2,acc_00084.csv,-0.4760757808341351,-0.2454827882897084,0.3571110181313256,-0.5028278058176676,-0.7711267563534322,-0.18235736092678723,-0.6464728430513831,-0.40227427662134824,1.8150949243906154,0.9817668803884168,2.485231423063411,0.46583217836884666,-0.675270805426454,-0.5824645285067445,-0.6754236435849602,0.3877830130035207,1.5050916759450312,1.688435683955879,2.058618476692206,0.17206569961847948,-0.6855434583946971,-0.5733226195913187,0.032063889231444105,-0.1928145542357956,0.07330223738007018,-0.15700726353099656,-0.2457828073983071,-1.3455146695968796,-0.4647599153069629,0.30927334054474287,3.3389879489544825,-0.16559685471210767,0.6375451562176098,0.4551136587397509,-1.8354639095115304,-0.7478125603709626,-0.42854687362355015,1.3367199908168383,2.923360526969056,0.451364915395244,0.4706102154712924,-0.14923103249882097,-1.8305348364112979,-0.7698548236296202,-0.7611682538804797
Bearing1_2,acc_00085.csv,-0.4820977109747726,-0.2175952914054396,0.0895128188046556,-0.41266105714108126,-0.6056091176974817,-0.17073189729190427,-0.5178133504468522,-0.5461111995212493,1.65096659657065,0.9339804945997242,2.9401878619788735,0.13914674391540022,-0.6535971279924975,-0.5780537254780435,-0.4982893495864074,0.16636515283325412,1.336227811629689,1.4005788045936844,2.523037754838019,-0.02876143067411189,-0.6247859515680677,-0.5830420801442924,-0.022703250017097713,-0.15453270442085715,-0.02705210733026798,0.12909285435794382,-0.11433884815390602,-1.209201847836289,-0.4636703600387772,0.1286740470095483,3.2071445951326383,-0.02915030971411637,0.2805514637635383,0.781455360089158,-1.6999528597847242,-0.749607983384761,-0.45699581626532426,1.124696965764156,3.0055032573642424,0.4466586408129224,0.00714602122235561,0.06088682748425215,-1.5952937177029467,-0.7757821210731353,-0.7611682538804797
Bearing1_2,acc_00086.csv,-0.4532159477495202,-0.19851894438045134,0.28721405875998435,-0.39077410777352817,-0.4392163174708448,-0.3166085956163831,-0.15023253874227138,-0.3910877514219243,1.1924528876586065,0.7704547548131724,1.9029800555367133,0.04883394344812073,-0.679426662832468,-0.6025861476550955,-0.3012695134547597,0.3491786239600577,1.0965505120817751,1.0373669666396323,1.8826428991218904,-0.07620099376552222,-0.6574421631001319,-0.6032052156809864,-0.06473898327218452,-0.18708937532022415,0.03107797006254959,-0.17426262874562287,-0.15449696990199854,-1.3126568386894055,-0.49787595601650114,0.4122190865432524,3.3515848650632916,-0.10562396484348882,0.5535677452328395,0.36998412015163584,-1.8130234680338624,-0.7474620319193879,-0.5017234796435891,1.0906969742280486,3.013795373940395,0.7359489137178485,0.2477711332722105,-0.11628839738321821,-1.8093869496983268,-0.7729632305565362,-0.7611682538804797
Bearing1_2,acc_00087.csv,-0.45742699282448185,-0.2398437881595679,0.3839405516898637,-0.507878640287103,-0.5870935905670929,-0.2155074496800576,-0.6547329854351337,-0.015969480510457365,1.4516929264791734,1.2269126437018942,2.690176841135117,0.24514454245178346,-0.703889714065444,-0.597808959774863,-0.7180368761006504,0.4611906769026644,1.4946213230076093,1.7420314388855445,2.565840091902505,-0.23697240747228604,-0.7111239467567984,-0.5838839309058593,0.03783709515225364,-0.20148995343622347,-0.052501239943034,-0.2395865113438516,-0.24377968511570627,-1.3150807424715816,-0.44061743271211246,0.25436970623921545,3.2849129083587236,-0.05547896283820548,0.4928212379224681,0.6327644464078733,-1.846990964284679,-0.7517774881275884,-0.5581445401246706,1.17902616996101,3.31138034966797,0.3680719267308214,0.3056856960649996,-0.22875880846912444,-1.810755427400789,-0.7686914844234314,-0.7611682538804797
Bearing1_2,acc_00088.csv,-0.411634475404361,-0.22429493907832412,0.16080383517469007,-0.3668294110295385,-0.5444129501911946,-0.14106012625579703,-0.4880735461015354,-0.23172393407864741,1.3080492958729106,1.0165791513145823,2.5661559839844355,0.6198078707461687,-0.6094100479228772,-0.5603344850934844,-0.591475594214338,0.22165645577553783,1.355031884612846,1.3349081862992849,2.498951521874746,0.7159780788907787,-0.569736096013248,-0.5774771757224751,0.28004384070034505,0.5756722244895693,-0.9157221354034174,1.3029198862350764,0.5471416882088505,-0.98669479398502,-0.4398955238500514,0.1513232694178159,2.134758956319132,-0.19267292828165453,0.4789614331816991,2.246887662997165,-1.6770151176153603,-0.7511393226564341,-0.5312379103852696,1.234122763962523,2.122178069646157,0.03409039686598734,-0.05187510486847713,2.2973481522948216,-1.794177410974951,-0.7738562365322657,-0.7611682538804797
Bearing1_2,acc_00089.csv,-0.4522807564891146,-0.22103737954514568,0.4192919969419832,-0.407610222671646,-0.6367344173809525,-0.04404381942346183,-0.5143032534210794,-0.5141636630073719,1.4514788422329787,0.9504852963456873,2.798956207931633,0.943852151994755,-0.6166724589438033,-0.5062078910053651,-0.6000644820077101,0.18152612439878496,1.3507549641840078,1.5055343215176282,2.2617247013747526,0.019498883514262943,-0.5201250946061836,-0.5104393407910307,0.026787520943306383,-0.201099962516502,-0.018954384473503873,-0.1650186830949302,-0.26097395178154753,-1.247170764786994,-0.5401468884740636,0.3036847635107764,3.2185377224358636,0.07585123430973338,0.417542648595884,0.5819963202205078,-1.8087076072890058,-0.7387168117957046,-0.47642662498313404,1.1929918864415632,3.0378147748251525,0.5051549279967555,0.17598299729461733,-0.003606219414784173,-1.7520896327638629,-0.7744907970524995,-0.7611682538804797
Bearing1_2,acc_00090.csv,-0.3789022417667075,1.2693395384437365,2.329994703165212,0.4886322937381575,0.5599563965393458,0.36436313182335955,-0.8084069075342226,-0.6482223115768281,1.459182964962879,0.7462301354513851,2.7305599877873,1.383479244959844,-0.4480679834467747,-0.1137355658535476,-0.8016349740553317,-0.24659674326320405,1.2839985681491402,1.8619642531951253,1.6365606586941477,0.5708916351153924,-0.30603819808286137,-0.15911481659099644,1.0588834932482083,5.3063504445942264,7.033922619119853,3.744399998343873,3.635463003846351,-0.28162153926950967,-0.8106722730340884,-0.8618701781336127,0.894955910807846,-0.9771420221484777,1.0330868988283526,4.828020101186053,-1.4147320259570677,-0.7483775385401233,-0.8636355574731869,-0.4171248661851825,0.279430231418021,-0.3978717625823757,0.07245266438269765,6.0658918652377825,-1.262686331862273,-0.7659040653574347,-0.7611682538804797
Bearing1_2,acc_00091.csv,-0.43310989048262677,-0.23710876357468924,0.18231641737945295,-0.4957192239717958,-0.5681803377528335,-0.16658026130027762,-0.547053714171274,-0.45850230483965465,1.7144782452475158,0.9321398274672261,2.2337245487495503,0.6863909201491365,-0.6805231661085157,-0.5627511367192167,-0.5553060989678489,0.0976468950072873,1.5789051878296794,1.5450725968288994,1.6839222509161884,0.3795820914642787,-0.6462714947382205,-0.5674016019139898,0.034222127790409104,-0.20045838991517415,-0.0029390805638501156,-0.20214853145854597,-0.28112418975216397,-1.3612961684179716,-0.36605291245060034,0.33129301200423694,3.279111251435171,0.18921298216755225,0.23170458054916923,0.5651905732358918,-1.8596223896114443,-0.7482420926118039,-0.4267650057235711,1.2466281501505583,2.9600198133469413,0.5418352684994852,0.3467625511339501,-0.034031171701708975,-1.8564692589537564,-0.7711761442881805,-0.7611682538804797
Bearing1_2,acc_00092.csv,-0.49712792306331977,-0.23146105563059488,0.038546413016491914,-0.5024536699310428,-0.6665427634112407,-0.19021375304520938,-0.49814083401339443,-0.47660549509507694,1.611496694247422,0.848118384127534,2.794134384910893,0.49964451417768985,-0.6835732550640082,-0.5751114928822264,-0.6463167578214177,0.4806571983897457,1.3998683483482588,1.7261007919055997,1.9161347956956942,-0.10612028586171747,-0.6226910716008056,-0.5819761618638588,-0.020910780414548937,-0.19694293051614478,0.04202433645298433,-0.22186894884669048,-0.2277758210439888,-1.2609317674599034,-0.48703831147330073,0.09992066996991747,3.0226069107847766,0.25614207531144395,0.7068171597726463,0.4188228473157098,-1.814735161719726,-0.745540987289389,-0.4368710398697889,0.9472528465216985,2.8081965862995326,0.6488760958726121,0.6661853921739621,-0.10505385400363688,-1.825579900322213,-0.7739758728796423,-0.7611682538804797
Bearing1_2,acc_00093.csv,-0.44630761589335527,-0.26055033767879276,0.5333830444216681,-0.47401934254755496,-0.9200281028328339,-0.18187566705284686,-0.6511323213809652,-0.49269784960505625,1.9708328535583444,1.069398964573367,1.8460809253287482,0.4212874714164911,-0.6930484836661496,-0.5721398581608482,-0.7465823358448939,0.5316243734539444,1.6294934853658714,1.2514419972490451,2.337653115748561,-0.06803157538502745,-0.6402871729306026,-0.5695173314755342,0.057976052720229904,-0.20221782867948188,0.13275875434624362,-0.21462785808698115,-0.28615514028107886,-1.3509401959851652,-0.45600006345435457,0.24771283038326164,3.570481440634386,-0.1549432457938087,0.5486174838813942,0.28410186393546905,-1.851041256153726,-0.7490432639120033,-0.4688465088351655,1.6169123801002516,2.8691632880129454,0.6748492611982536,0.5157778268020111,-0.5603022577944659,-1.8342097985106989,-0.7781398831684673,-0.7611682538804797
Bearing1_2,acc_00094.csv,-0.45699206209510057,-0.2224332319875955,0.19867430951172096,-0.40573954323852174,-0.6244548594098768,-0.2594828517710027,-0.37824284345252585,-0.25097267728651707,1.4335957486167805,0.8062273622228633,1.7977131226796395,0.3393642577712505,-0.6857839069839947,-0.5808836892669614,-0.48369767185620877,0.5403312429093196,1.2546684593309403,1.0584110066072858,1.7693219529840571,0.050539385199513426,-0.6465925148493527,-0.5752063445571217,-0.009692008996117895,-0.19714158096485057,0.06900700953388708,-0.18643382385236826,-0.22579729247265568,-1.4125669376076915,-0.4176752207124701,0.7451409232398541,3.4109827547099667,-0.0420914031362016,0.46713482315605326,0.03449552963186253,-1.8222002985934034,-0.7481139302327796,-0.43920640983129444,1.883596443808724,3.2296178961160686,0.26574665345916043,0.32768629714008635,-0.6677832752464548,-1.8205198908631874,-0.7765845669997297,-0.7611682538804797
Bearing1_2,acc_00095.csv,-0.4052866765407122,0.08539892723216842,1.1229339812071588,-0.05367767392454756,0.11644255023787507,0.22485270472948504,-0.7497616043869352,-0.5529374689478435,1.2037506657540002,1.0168153936934012,4.721291226851372,1.1700668927768636,-0.4816780485780759,-0.3319137548137788,-0.7823612859163265,0.005100028809350262,0.8523108077665551,1.8203808247417537,4.040082953757822,0.8321465660274013,-0.4436893365306027,-0.33043113993443646,0.7738290009415802,1.7893879032107693,-1.7417570253951313,2.3032688714008756,1.8800234969402283,-0.493976157182403,-0.7262018111339407,-0.7584230742631233,1.4023796536943438,-0.8467083436193341,0.8408789505628328,4.266967697448657,-1.5338563039056017,-0.7503396796036969,-0.6777624459055497,-0.08924790538332031,1.3220485733389193,0.15593689603539884,0.31212723010177823,2.6362779524917275,-0.992208779407494,-0.7794569321862004,-0.7611682538804797
Bearing1_2,acc_00096.csv,-0.4579390889433498,-0.1752046221488201,0.2587279070702584,-0.3236167161243695,-0.40182202223658076,-0.08955123348069778,-0.6163892670620778,-0.3656622394690706,1.603864073570152,1.0299168955474365,2.4625907597225076,0.7790207134026115,-0.636364190513475,-0.5278081117313443,-0.689042137102757,0.37298498974479166,1.3576793766408162,1.671031607590879,2.203209291838524,0.32877175585732776,-0.6033777202470805,-0.5277242725867212,0.06497221162032428,-0.19385007799733645,0.1907496606867075,-0.13112421570905672,-0.29395768518746995,-1.2847271816517034,-0.42875902795431636,0.4454467318562638,3.2263893888928212,-0.09139764102703227,0.7034609296733534,0.28999598115234887,-1.8334546631606063,-0.7381874392829925,-0.49211996031016575,1.3242658545993953,2.74488573831186,0.8116719524027824,0.48117584663298796,-0.1551864792242352,-1.8840733570023953,-0.7708601554108709,-0.7611682538804797
Bearing1_2,acc_00097.csv,-0.4536891788114545,0.3742393646782607,-0.13779086283674583,0.10402060228782238,0.22351988191282066,0.15112000181929555,-0.7623777067804627,-0.6736423856318792,1.586500361092197,0.5969408801444376,4.889332781259097,2.594151532057221,-0.5560866166341586,-0.45573615315405014,-0.8344204376839799,-0.13616848017530273,1.3940356952509958,1.4925676730058308,3.8139398508339624,1.3080797220376208,-0.3419772438331397,-0.46810104285457016,0.600900313573054,3.1726631153015687,4.2507430865934825,2.7400453033961076,2.167020535039248,-0.5812306578716021,-0.7481189059003212,-0.4876358787640613,1.43692707919468,-0.7819599143737304,0.968613834753567,4.173644304212302,-1.7335902061229347,-0.7399313625234486,-0.7878884368698494,-0.15033288276607654,0.9528312404059904,-0.578314190445042,-0.2910138079187556,4.95831854290546,-1.0300390978081484,-0.762752890957524,-0.7611682538804797
Bearing1_2,acc_00098.csv,-0.38547646092510424,0.6405313711213196,0.392561667428131,0.3932276426488234,0.5286605444733498,0.3865988762939305,-0.6847561504398257,-0.7824542997173591,1.2591149971722977,0.8260215664359531,2.923834498346065,1.576717993392842,-0.4382127817452292,-0.09772301029550841,-0.8315742464315512,-0.09027198980713667,1.0373728769666262,1.337961709617843,2.480204470092397,1.532735245266988,-0.26477808257110746,-0.1624073566356669,0.8793582956694826,4.2205877007500066,6.579318193852136,3.1715834995226135,2.844760666314156,-0.40419436396417824,-0.8053025173598443,-0.6936266885477945,1.0733394636323115,-0.9197778040725889,1.2289305083568853,4.514054578289459,-1.6150734902215085,-0.7430746290971183,-0.8204063334675016,-0.2019402067498629,1.8220193572722325,-0.4183374484450277,0.7330572555392799,3.947683794016496,-1.8584154437040799,-0.7750415274144139,-0.7611682538804797
Bearing1_2,acc_00099.csv,-0.4571387227986078,-0.26338393198028165,0.2374871375310115,-0.5372483073871529,-0.8925157950017073,-0.19179960539192087,-0.46389007181732833,-0.5276584711707852,1.5492120045799216,1.0463173711900708,2.655226837700938,0.27253049829896747,-0.7279697500452476,-0.5603008295075845,-0.5102215951708862,0.0002538099778446976,1.458383978538402,1.4303378707272352,2.6513525336165076,-0.07105964352173684,-0.6830851470608857,-0.5547452657433057,0.030950556532767282,-0.20435854938006437,-0.0002790163939684121,-0.24590320753849157,-0.32997714739500905,-1.3353303653020177,-0.41161689360492154,0.272313635078929,3.301721309245892,0.0856849807415674,0.534972837118819,0.316805899124255,-1.8362379499723662,-0.7503356608324941,-0.36997726906904277,1.2092571545714197,2.7575828909026305,1.0591757242526276,0.17059036216757997,-0.11878928280406972,-1.8701372853029277,-0.774629546899917,-0.7611682538804797
Bearing1_2,acc_00100.csv,-0.46408714946167773,-0.25012132498693146,0.12963410642559012,-0.5219087360355344,-0.8198586987208228,-0.16709250825189997,-0.3517350229163018,-0.5256278820084177,1.4958203731188247,0.6376880730216885,2.460809700358101,0.49071553837282134,-0.6558769896930347,-0.5578528985764052,-0.4026565963081664,0.05294046255182101,1.2572024663036319,1.0847817025514552,2.3236555791739537,0.4240077576669374,-0.6307597167812269,-0.546508930730579,0.07183320201748912,-0.2049605040892857,0.0433872953978599,-0.22233114612922514,-0.32656940610073204,-1.303145772108522,-0.4933912319206208,0.15563727793122786,3.3995637416660087,-0.16897682877285095,0.6638089251829815,0.5098661026680402,-1.8603748852747157,-0.7450313360705353,-0.4617899571758081,0.9299274772956166,3.3438926851826425,0.6209867177816594,0.1434638011613386,-0.12350035301808428,-1.872294600908848,-0.7727517253825406,-0.7611682538804797
Bearing1_2,acc_00101.csv,-0.45221346263381823,-0.22536760853561105,0.627316115536392,-0.37543453642190977,-0.6475218226398831,-0.10986102491694553,-0.7075494513033211,-0.5035249268367354,1.9914606335441793,0.8483773348457284,2.3878145385216922,0.5950211838945185,-0.6682796631456993,-0.5370834159329899,-0.8080732291982263,0.5103424011594581,1.6850896524744128,1.335146384056775,2.2210043014628766,0.10023032345939291,-0.631205866782773,-0.5387047339690161,0.11294718995274407,-0.1893452116058247,0.08875556180403554,-0.13605432005609286,-0.1729000185338229,-1.3059790230022694,-0.5934289312832746,0.27161166827918737,3.625134490925976,-0.29222332287455266,0.6717304967555784,0.2925889335922415,-1.8401058335646154,-0.7523395177696048,-0.5329591929830566,1.2436236585051983,3.32668895216934,0.4033600389277061,0.290351749804771,-0.44408488911451194,-1.7605959237871518,-0.7702126344845642,-0.7611682538804797
Bearing1_2,acc_00102.csv,-0.4708902268608832,-0.21809698380079895,0.2554445611542303,-0.44670742282394166,-0.5235010984545447,-0.14055733961479341,-0.14141048855013238,-0.6089529735696386,1.1834646427348212,0.6411384700250373,2.209182935944958,0.7209334282775239,-0.6665219770230941,-0.5233765797851921,-0.3624781137311088,-0.06035597524681813,1.1996739878640157,1.2462958224655865,2.2437599592669124,0.10125277905429293,-0.6129028201610172,-0.5095743613412645,0.0572257718568532,-0.19232670945908376,-0.02232471964054414,-0.15562067168339258,-0.19632959247935544,-1.272933150109151,-0.36456035304758566,0.18427252912825481,3.2832341032366785,-0.24048484830507788,0.6000242801937794,0.7512686061949257,-1.867383429650587,-0.7448544230162992,-0.48234499228934696,1.0291308264776458,3.0564628814088937,0.25502283520891766,0.4151682148720962,0.19687593147528248,-1.800527562624046,-0.767657702910341,-0.7611682538804797
Bearing1_2,acc_00103.csv,-0.4399042931828189,-0.17576276048928446,0.1376479543119258,-0.37973709911809544,-0.42790645426313206,-0.20978925377419524,-0.3484152168853077,-0.3598617810453751,1.344177068955126,0.788393440982584,2.328535406673901,0.480748613516239,-0.7144299329142668,-0.5487371575664014,-0.4873347421507706,0.44653076668965574,1.2106999182401639,1.1098802512937507,2.2353853792872243,-0.0009165881703031267,-0.6876529705149742,-0.5529755679313071,-0.0019321613723548318,-0.20304134839475635,-0.047964853661898975,-0.23095882873653836,-0.29320502043500984,-1.4272506249192272,-0.23256511522209045,0.5496001768104387,3.607835394839223,-0.11210397202552061,0.24638999172734807,0.1978771309908431,-1.8653347526500714,-0.7470148819694605,-0.3326335364320827,1.431902551806078,3.3255883869976,0.3859094647142992,-0.004249205699850973,-0.21593420319090537,-1.845650545555686,-0.7760483443059625,-0.7611682538804797
Bearing1_2,acc_00104.csv,-0.4370520695321821,-0.2534990364816828,0.28288320157855834,-0.4543772084997509,-0.9103593137718264,-0.07053653427146275,-0.6481730186951957,-0.7229892532620915,2.067437117855249,0.779077308201343,2.265282533482575,0.535434667668714,-0.6883746033177868,-0.4983231667495968,-0.6905128408896102,0.03651963966111687,1.7429278176604976,1.3403358757320263,1.8549932764836412,0.3739324206698482,-0.6381728192941752,-0.45652025272898067,0.06187161256102737,-0.20132019793166825,0.007035439671303909,-0.2318832233016076,-0.28823630904521025,-1.3302591302277889,-0.43498723690910385,0.47615004588896076,3.5637890041484064,-0.20792613292161488,0.4413116604393907,0.3089394733498533,-1.8560990830529809,-0.742594552818827,-0.3106438484769509,1.3422831022579758,3.42396208666313,0.41470792234751086,0.1337579813281729,-0.42220048202250593,-1.8842791657942108,-0.7787742445309123,-0.7611682538804797
Bearing1_2,acc_00105.csv,-0.45438383612594735,-0.22226870044306551,-0.06115961593022949,-0.477573633470491,-0.5344787920896356,-0.03677310756411665,-0.49874277900778463,-0.5734541499379311,1.4889283530171373,0.8352579572325459,2.585081011180788,0.8912749853652374,-0.6155879514164991,-0.4721593190358921,-0.5460800811194064,-0.00848574372660119,1.3725077847636769,1.1032399091321845,2.6304223914370626,0.30453862297593526,-0.539987245424623,-0.4770371073116626,0.021677965741286383,-0.1987731831250456,0.13061230355736597,-0.18350657439631568,-0.2664965277789044,-1.2460127266237473,-0.4985058477944928,0.24521253221684902,3.2633892005490823,-0.19346333865653315,0.508503343884535,0.8127099600218791,-1.8359881883519198,-0.7406841901342197,-0.49090827218657707,1.4814350671817849,2.5718329664221553,0.6388709825427015,0.5058566893680998,0.09294587048342941,-1.8699454428423055,-0.7630116722587252,-0.7611682538804797
Bearing1_2,acc_00106.csv,-0.46785089432979254,-0.11740004846991856,0.2947986283405326,-0.16273828487568837,-0.28724896074216355,0.07228077704517316,-0.7074401115365067,-0.4121842953655441,1.5451906785293794,0.9140240483397083,2.5248949948744417,1.315681397810223,-0.5479001354209976,-0.39137825461721354,-0.7406582744922425,-0.00010657872485272596,1.5703384365378203,1.1112671029671524,2.625162838872171,0.20702873422185566,-0.5146102722143158,-0.3677118940195093,0.2704448882249919,0.30921506965762063,0.5241321264096299,1.0023375868267175,0.3689010112776626,-0.9942655128647236,-0.5502700299828469,0.07005769659969036,2.442710339464922,-0.3002849413038529,0.6700294552598356,1.8710770565136559,-1.7081542312603035,-0.744309561536426,-0.3727380911302196,1.0519939358381414,1.8093126437415232,0.2659895271593387,0.969149395969894,0.9959296874861565,-1.6503184989677386,-0.7717812513583437,-0.7611682538804797
Bearing1_2,acc_00107.csv,-0.4903445117792501,-0.2506589125689728,0.1949324073806956,-0.5286431819947817,-0.7767023215858772,-0.0562470926529463,-0.44244900468561427,-0.5400576259573298,1.3200588015441728,1.0405827801642908,2.7280662959600472,0.5770519650459862,-0.6481800500290191,-0.4661593697055014,-0.5698206782594148,-0.068381735520844,1.30089582172253,1.5748842323664518,2.721287746135324,0.1906333122139028,-0.5355461804661577,-0.4791662806665948,0.005893069883468335,-0.20525627753701467,0.04686130077617358,-0.263158572753118,-0.30084601285827733,-1.2816543746769813,-0.44877117511961306,0.5942208480926238,2.917521687182343,0.10532221378954679,0.8963032365946041,0.13085786225109464,-1.8211243291054635,-0.7354022888411327,-0.4938202716382246,1.2476223410904885,2.8115341182255738,0.7369838574352313,0.4786422556249875,-0.18316387700065195,-1.8456667384900252,-0.7668168815974015,-0.7611682538804797
Bearing1_2,acc_00108.csv,-0.48141183907882396,-0.21382973756456952,0.47683107475645886,-0.41602828012070486,-0.6044697135767604,-0.07865909924942435,-0.6053829383236177,-0.5087295393407756,1.7321489078922532,0.8639544558754397,2.4378671129267717,0.9629873714414076,-0.6476473299454918,-0.5093295000826218,-0.66951449312754,0.11318658606358699,1.6135422213340826,1.1369271173586597,2.5718948306261304,0.31098220983565533,-0.5730425586659005,-0.5104860381727384,0.03473344005838018,-0.15461324245105423,0.09141968534585782,0.16468204511311083,-0.18527840732631698,-1.268448679412006,-0.5653506871770565,0.2350743842154098,3.2950048939586405,-0.3129991613687518,0.7557162290550629,0.725608480452535,-1.8574423094179944,-0.7464407834713502,-0.5170434090094465,1.3667342675397967,2.848978602613027,0.3558203967379995,0.6669175619778005,-0.0284707925695424,-1.8673909938337658,-0.7726203058481289,-0.7611682538804797
Bearing1_2,acc_00109.csv,-0.42152062555328745,-0.18156936087780412,0.570288359865238,-0.31557279456193543,-0.37879551649039045,-0.04756937659911369,-0.5539468718840417,-0.29307040080918434,1.4612228201870274,0.5575820750912566,2.8992286639262344,0.4045539079251929,-0.581119720693609,-0.47572049771910324,-0.673647709350534,0.19054539018758876,1.515278814511431,1.0731962465629008,2.44367862338147,0.2546920396331596,-0.5051868674470615,-0.4804510655278363,0.3243928895780988,0.7524814162764256,0.17341958194020804,1.4519014769720746,0.5529059357027848,-0.9683193855089239,-0.6535453038813743,0.3257985525985134,2.440771796285146,-0.46331769116404187,0.7858274510541398,1.844284522704879,-1.7031062328437931,-0.7534699818312762,-0.6660613323462272,0.6442140823272621,2.2907690066580275,-0.07749169862280256,1.4152374536017112,1.3386244456176446,-1.9467722147162294,-0.7764758079575693,-0.7611682538804797
Bearing1_2,acc_00110.csv,-0.48906566519555406,-0.24986229161899687,0.22392440954831008,-0.5398672585935268,-0.6801196423873663,-0.05672169124174486,-0.6746544848177449,-0.501609930178944,1.84008138055376,0.9528166582053548,2.451763359243442,0.4019840520680749,-0.6425859361939613,-0.514406316875363,-0.7237016615567746,0.12351368259706949,1.7106943614100465,1.3290593401120494,2.6434817278144918,-0.015807164188163754,-0.6258004775731378,-0.5072772942750341,0.021547050700798997,-0.1993964817700057,0.04945860083898189,-0.23542673580103984,-0.23675947704976114,-1.3340258288992346,-0.4953737491535236,0.7219397460078686,3.509429706138547,-0.34951016941623597,0.6960916363881334,0.09989992606692977,-1.8447562719411563,-0.7444832338278283,-0.42748727868347836,1.5040442008017463,3.0286299163530384,0.24906166092182194,0.6460380287375406,-0.2719408536671802,-1.8999615822829086,-0.7735975317925887,-0.7611682538804797
Bearing1_2,acc_00111.csv,-0.43557887528010253,-0.21036349884641295,0.24112074145832238,-0.3247391237842439,-0.6309023482226569,-0.10938546201834813,-0.613366217497395,-0.32492240770983005,1.630043153285406,1.147053196523537,1.962484108612867,0.4925019229404808,-0.6371837812149097,-0.5310217547025988,-0.7011487818819621,0.26956094010990445,1.617275892932431,1.3831601303117147,2.181706517656509,0.11763973040594186,-0.5981221900906605,-0.527032458698995,0.075693674412049,-0.19404037065348348,0.12490569900542588,-0.18982327059095563,-0.2130688118445633,-1.3475573292039538,-0.4270087499490133,0.5713115479666786,3.4291241628174514,0.16876214332558404,0.3095810393221548,0.11744263071999647,-1.8502935442112194,-0.7450092527282766,-0.46913183856878116,1.3292196692640532,3.298057803179056,0.5056441565359857,0.3496683276894454,-0.5314166823986636,-1.8679504267778009,-0.7654536612295694,-0.7611682538804797
Bearing1_2,acc_00112.csv,-0.49141231129427587,-0.20495559926618626,0.4103743280883354,-0.4532548008398764,-0.5605950297075206,-0.16724411817010623,-0.5389750195622136,-0.47030947956049296,1.8668905289432416,0.5317622640993224,1.8752756226511285,0.7848536781222362,-0.6496005614760118,-0.5401951672373214,-0.5818262842275934,0.19534900781127348,1.6624967987506274,0.990352751493874,1.703837562748978,0.4600348298999705,-0.631387079729566,-0.5337690666619662,0.028658907249505962,-0.20898524118402306,0.0031258669920415697,-0.30198314448602753,-0.33871834299146714,-1.326245558231915,-0.41446884455953337,0.3603644190855951,3.695592053695998,-0.1796356496611224,0.42456322074408237,0.17213850358295552,-1.8536001053625442,-0.7460643264673498,-0.4346480890382888,1.1282989004135768,3.359243756677755,0.4288613307620918,0.3837287795808162,-0.3025286699736882,-1.9235745405712534,-0.771412776159492,-0.7611682538804797
Bearing1_2,acc_00113.csv,-0.5527906466016993,-0.2410587788220005,0.31704015266699376,-0.5183544451125985,-0.7402599009997706,-0.053087915321778964,-0.6301220736536415,-0.4153514236220138,1.5430278650190972,1.0297925477128245,2.780244651861055,0.7884996837209768,-0.6709797017294065,-0.46796225450191026,-0.623458189471441,0.02505249752977742,1.4006337685091053,1.3515071315906855,2.9776568917084885,0.25224854239675865,-0.6127962440611823,-0.4827616620910242,-0.016516837260967095,-0.1997653727783771,-0.026278052909982058,-0.21924983091232764,-0.2713988542011666,-1.2740559673573475,-0.4884095682329003,0.7122302257770152,2.992042135355733,-0.23809349184255882,0.6775677763239208,0.7929702583202062,-1.8685901655391663,-0.7433425871466669,-0.4696059213138307,1.2804205196103091,2.6702889005672135,0.3941759400240008,0.6404494498772283,0.17427237086154998,-1.8256571324082906,-0.7717143998114336,-0.7611682538804797
Bearing1_2,acc_00114.csv,-0.4470681615526714,-0.20275330192616067,0.30398360308667793,-0.39638614607290074,-0.40544477676445867,-0.017721728119063127,-0.73812971140013,-0.3844400574456882,1.9470110070130937,0.5191191174346644,2.4390801080128854,0.6755007663256596,-0.6070887043354269,-0.48340581034833663,-0.9084150154784116,0.6843701092884297,1.67322760773738,1.16761497676903,1.8555135061414993,0.49539412847175834,-0.555531240827632,-0.4823707479414937,0.12130576660473205,-0.1448082426295136,-0.19377893954948738,0.12739813098865,-0.1432578249374947,-1.189157551807096,-0.576293883081277,0.20072658306000324,3.3191251381305347,-0.20404881371661684,0.4696571155513248,0.8945866721595013,-1.8410330496087364,-0.7411305570793149,-0.6302089398092376,1.489095592076688,2.9212033556788817,0.2359038201462336,0.3641593778766908,0.27618609524064375,-1.8224781978048186,-0.7724739612435639,-0.7611682538804797
Bearing1_2,acc_00115.csv,-0.5033441176730223,-0.20062433229648527,0.2361901030989707,-0.4152800083474551,-0.4847636689209782,-0.027904726435419868,-0.610975739664271,-0.4402863234831107,1.4980657940230606,1.009508250821775,2.7909221297258333,1.6978509353537212,-0.6212186918065927,-0.4979029595634597,-0.6418637830262259,-0.1268400614064784,1.4515355339179512,1.7289055625731917,2.726822945986985,0.8001704493370293,-0.6178071012212506,-0.5035770788927418,0.0788307524520796,-0.029517492638565904,0.6559078442274963,0.3637350081246944,-0.05364947723518747,-1.1961786256629932,-0.5179091219874219,0.13821150489459097,3.216658220737701,-0.26053978935848987,0.4699019690601467,1.1110422818732093,-1.8375572083906135,-0.740846215026898,-0.4978200964204645,0.9940114875353745,3.004131985196351,0.2687335149247333,0.3623714979541065,0.34781149424536045,-1.7961333818306908,-0.7649280130709938,-0.7611682538804797
Bearing1_2,acc_00116.csv,-0.4990534340205243,-0.2505953389391046,0.3047352354649019,-0.49497095219854603,-0.7829942635432222,-0.12259525452606655,-0.6149269982444815,-0.4788488052042438,1.7706686473429925,0.9517167387354787,2.5717596435094743,0.39561283293195076,-0.6981360484785543,-0.5372965254008226,-0.703687291179861,0.2507211992052416,1.589821165030748,1.4061526286416124,2.4396592183741883,0.2721932404906534,-0.658440255878919,-0.529886680287249,-0.07319776797201825,-0.20213829740191744,0.07238313747927412,-0.24559507601680183,-0.31344531007541643,-1.3639719764168106,-0.4881565004690483,0.8278028221242052,3.367135106724635,-0.18445316312271057,0.4885936230905828,0.31966214384066866,-1.8686993629133573,-0.7417586080233882,-0.4173913209943328,1.418795154325696,3.1093909579039245,0.5625956625233474,0.2551120757210966,-0.27462051031738915,-1.8835461383308858,-0.7713305471362533,-0.7611682538804797
Bearing1_2,acc_00117.csv,-0.35774373306809043,2.0699566138254717,-2.7847669862899056,0.6525038120798374,0.979588534905059,0.14795546686775662,-0.6931786597086029,-0.5368735392043754,1.2466716853398543,0.5749129832237511,5.362969513465878,4.282537961296233,-0.4582080648077294,-0.5345733110430091,-0.6686951332917185,-0.17092356633233083,1.2280574716462405,1.2711759913436438,3.605415989455778,1.8680286704670663,-0.3408954700204872,-0.5291991505233702,1.176778560107249,6.153107170250503,-6.091103679491709,4.276543136302085,4.272893112960673,-0.40955862017098676,-0.8164642628447388,-0.8173934198138163,0.7683832454574775,-1.014973572065774,2.5117036831841895,3.7367506839404583,-1.6721215121108342,-0.7593182288314732,-0.8278786490244934,-0.37341641220727134,0.6719208109017525,0.3002495463158058,0.44906096835363535,3.849448297010583,-1.0782101130012531,-0.7915033317647001,-0.7611682538804797
Bearing1_2,acc_00118.csv,-0.4115804176583533,0.8764321085318,-1.5415855957093136,0.31746512560729345,0.5343439076511417,0.08178013328192163,-0.5973257185682521,-0.4813027393803665,1.3597922232922657,0.5464189128874403,3.4905124121268813,2.1726766492522653,-0.42346533670705355,-0.4567835133140077,-0.6840509834864473,-0.025718956932797556,1.44788666467412,1.4694855770146589,2.5755669161273453,0.8820067545043457,-0.5398968196923847,-0.4653303510096864,0.8130048658094442,4.511875791188238,-4.925304633072378,3.6008107092364456,2.754065230439146,-0.5711367520979852,-0.7096503437768112,-0.5716231698299086,1.3295240947320872,-0.8957738039046218,1.6774555209256325,3.2581490420114387,-1.5353259701855475,-0.7545781739366834,-0.6867918726893854,0.00851391896442665,0.9834006357772906,-0.04404341267235536,0.849132410311796,4.252088929087991,-1.8064570306714167,-0.7844876955028769,-0.7611682538804797
Bearing1_2,acc_00119.csv,-0.5039203468482493,-0.23604138643251987,0.242245411698082,-0.4728969348876805,-0.6449306503688342,-0.13165914448332175,-0.6790774052034023,-0.4113257109314777,1.858837849666502,0.9054561829753514,2.389484679786817,0.0980533335419596,-0.6798663404244849,-0.5319256303399256,-0.741742465494757,0.21276877977248246,1.7328739531791946,1.39343861781182,2.4168216668999136,0.051151053723606475,-0.6258595940858218,-0.5309928607921107,-0.0206454317505422,-0.20583677405339756,-0.03388174115884885,-0.2865765684015396,-0.29578751392287006,-1.514676046786616,-0.43127113127850336,0.8685622015705416,3.843720698341738,-0.05992335748883927,0.22855316942934997,-0.22773564361458484,-1.8881791539145518,-0.7478777509411093,-0.44094687794833753,1.7014422812497305,3.3950538796800793,0.5363640142320169,0.4151942727955282,-0.8953460678748205,-1.9781497343206316,-0.7731668555771404,-0.7611682538804797
Bearing1_2,acc_00120.csv,-0.3898700946991451,1.5669471960985326,-3.1777135685000073,0.40426465130425615,0.7967658896379639,0.07783288163545166,-0.5997469950600097,-0.4982526805683123,1.5564787882965307,0.45136185124948475,2.5953874147788945,2.1628959380601325,-0.5482842792754355,-0.4007228343885654,-0.714685288112031,0.5896801128496647,1.139402381697821,1.3400743632815855,1.8772245548728157,-0.0356603746468314,-0.4579053850968755,-0.40112228449859766,0.5744904515397031,2.9455538048682053,-4.179850217859809,2.428524334967762,1.9779976240228898,-0.8261720590299134,-0.7114227668818942,-0.40209885830919545,1.9473585037226708,-0.5805507339546581,1.2635415971978075,2.7741594986918687,-1.7440822201749577,-0.7557716098561579,-0.6615698912681627,0.13680959654199185,1.4225956248974987,-0.22073249955068308,2.0660095015851394,0.6234000412247256,-1.0061480389163546,-0.7712363837623705,-0.7611682538804797
Bearing1_2,acc_00121.csv,-0.42496532385505414,0.2079938588178541,-0.4245391179613179,0.08849396299289149,0.2180288746320835,0.24768680497277384,-0.672508830190107,-0.6090812265693596,1.467110620264859,0.47080474087112434,3.413578127775013,1.7947712527804747,-0.538972549257272,-0.2867014056173732,-0.6839582036922492,-0.2254558688617094,1.5457928211692056,1.3202187789903739,2.0085077663795112,0.6474986130356188,-0.5455173833396042,-0.3060576367748075,0.44697009941232313,0.7098423829480677,-1.0639177959374324,1.271798602544411,1.0896813737926447,-0.852145901395258,-0.7089871050593003,-0.26773249902463797,2.019632825481957,-0.5761561937543749,1.8358909978155815,1.9139954925189107,-1.8061749926829322,-0.7347169460402012,-0.648159393481134,0.42729228646452505,1.3155096509243593,0.13066000651972698,2.4250660727124598,0.5463109735857895,-1.5328396024563886,-0.7286109782940211,-0.7611682538804797
Bearing1_2,acc_00122.csv,-0.4776516991107265,-0.23109283836266623,0.37202887043907834,-0.5002088546112937,-0.6162502615610188,-0.12957094745437675,-0.6283329934455644,-0.3683636690254733,1.7744389517480994,0.7270214093526377,2.5169389280978494,0.2802794368239577,-0.6716848821693365,-0.5231323063077993,-0.6856188389185097,0.37086898071875757,1.5559499742724698,1.1373069979917132,2.4054950637853847,0.02626915425053538,-0.6290948826125697,-0.5219504955034586,0.02807230166490191,-0.20048396367800025,-0.0036505150075637816,-0.2554552847108741,-0.2542354737316546,-1.4501652364346025,-0.3108684855216472,0.3521098387849453,3.928465786914418,-0.26784014946391466,0.5226159755397558,-0.2051883885550458,-1.8814516216474355,-0.742846013871895,-0.2805141648109519,1.6867959781067756,3.432973276476434,0.40875584182325825,0.3118896613294745,-0.8019818411405432,-1.9740490069396928,-0.7748658025098776,-0.7611682538804797
Bearing1_2,acc_00123.csv,-0.3298931903784707,0.19424085367037966,-0.07839569312255248,0.08980343859607853,0.15957360409220958,0.19511161735820515,-0.483857390747891,-0.6724691992432006,1.376260641626972,0.47446987675201624,2.3075021557755107,1.2599844356638825,-0.5582978807478198,-0.2511888652388496,-0.5803571849515992,0.27830897582382885,1.0114751695892101,0.8933560860831322,2.240624386533476,-0.3437840269508596,-0.5260620170860058,-0.25044773416221255,0.8632385133454185,4.192131477211536,-7.069589457155425,3.0959372109477776,2.6459967537091122,-0.5849114873552573,-0.7266269906482307,-0.6210563910482978,1.244982402472359,-0.8737182358646685,1.8146897703770755,3.658201032552382,-1.7420127090259914,-0.7571010661194794,-0.7806823163395654,-0.17788342147155356,1.259616392065272,-0.2074513021506743,2.502037802394108,0.5609024516047663,-0.922279651749626,-0.7786311849296133,-0.7611682538804797
Bearing1_2,acc_00124.csv,-0.36343905508737706,0.5596846825244409,-0.860427510138204,0.3668510626417723,0.40220804876541816,0.0654786492557871,-0.5419232853956577,-0.7709342775926215,1.63352995327032,0.7066135238832519,2.9433972672311355,0.24486680269649552,-0.5899000700073832,-0.3860326261272839,-0.5331528068040784,-0.1793778220610812,1.2616034435196486,1.520958092295589,2.5423485265512786,-0.24852474114037082,-0.5297677955831082,-0.38237139559449435,0.32730478758967596,0.7880546045828953,-1.6328606921370743,1.42586436338929,0.7102692249890245,-1.089059514009284,-0.6425016637634374,-0.08155130290045254,3.1285703316506153,-0.5971196465552023,1.8851924775917077,-0.011447075355056378,-1.7815660777982545,-0.7275012518871611,-0.6363691833141606,0.6037958960088861,2.4780613348763354,1.2784301993042189,1.3920493994608563,-0.877931597937193,-1.8380454494994194,-0.7357493683057987,-0.7611682538804797
Bearing1_2,acc_00125.csv,-0.44905812642561593,-0.2104116511940147,0.5181081962718121,-0.3887163603970916,-0.5333707648543221,0.020356986641485646,-0.7216298967665227,-0.4131181416637763,1.594156466221357,0.8383873397154992,3.366900671554763,0.7470962603912301,-0.622953545592191,-0.4367444695398086,-0.7614590923145372,0.0643681562558879,1.5202312845950945,1.6046147443878216,2.5418582382021335,0.454820141944522,-0.5282394779473546,-0.4492854689082672,0.06035061414780964,-0.1877796341539642,0.05116818514347783,-0.0006305162734443376,-0.28347214962340067,-1.291739107824896,-0.5537630758176291,0.42444814864034874,3.437813163859808,-0.3182062858187396,0.8451480219837386,0.2869154751924749,-1.8859969697060968,-0.7337063475648075,-0.5016031162937806,1.1540389445473926,3.1057015428702575,0.5993294968497455,0.6826233688666994,-0.5431530762044203,-1.9021878748070007,-0.7562441999131895,-0.7611682538804797
Bearing1_2,acc_00126.csv,-0.4616939593572826,-0.2330516492798431,0.30052899943460637,-0.46242113006218494,-0.706740726008697,-0.05792345666131759,-0.4835669158581355,-0.334218255941353,1.4189451573908929,0.692731117897103,2.2851103980331553,-8.287460234037774e-05,-0.6583709409337835,-0.4509687082215013,-0.6634003821002518,0.5014447040533903,1.2858769202816662,1.331541078346845,1.9707571422055323,-0.17425473169909797,-0.6478277181625318,-0.4309635314820843,-0.08278428444656917,-0.20329537830795624,0.0054298225693649605,-0.29320139611786944,-0.2951103793834852,-1.3738259215424136,-0.44557550647176686,0.6962439971425773,3.503809426432122,-0.07055207583064366,0.47321629534843485,0.032449438425634865,-1.8565415060517034,-0.7415512135355935,-0.4411008521394782,1.9157042472618961,3.1195027198419187,0.5314749215642032,0.16584605313805,-0.488118549296445,-1.920901619953463,-0.7679322518897761,-0.7611682538804797
Bearing1_2,acc_00127.csv,-0.3994224014142919,0.2258038776904174,-0.46262317699481575,0.12085671718594014,0.15401830443974768,0.23887525496639472,-0.8168149694416778,-0.625077100684428,1.5156601615800496,1.204955424728968,3.2974135890171072,1.9547245382928953,-0.43106067647062724,-0.38803434218630556,-0.8994841892301508,0.1650065880064803,1.1336405395671951,2.2512561552089783,2.3879742305040224,1.4268166292763755,-0.3044322237967528,-0.39846059782490156,0.661463669066736,3.044125099358934,-1.7572428292826228,2.8834805267426895,2.0880840042790347,-0.6010153533285701,-0.7782487968700104,-0.637535661243412,1.7274424108784439,-0.7886506972461267,1.2173853870793834,3.4782467770252485,-1.6783097488494298,-0.7470504408908452,-0.7647342410004746,-0.24034247845926793,1.2531939917451593,0.11719464797764534,-0.19299388967914824,5.391054737436836,-1.918571522801315,-0.7811512065820607,-0.7611682538804797
Bearing1_2,acc_00128.csv,-0.1994688724156994,5.315639985065302,-4.708901444776661,1.385248946034586,3.3180408158686436,0.5455617288134734,-0.7602534424317604,-0.9060479651818327,0.8209434771829459,0.20848804882883182,7.211533067355388,4.625507594187158,-0.2866664318646817,-0.16344696842961884,-0.8035450486626687,-0.5725847348067308,0.6450444758563999,1.2284779826000425,5.523316933590551,2.829902516873933,-0.4740760036003275,-0.1472841027463755,2.4169937424355035,6.873865036369438,8.805023874932147,6.991181842388853,7.420780087525207,-0.010663990680868275,-0.8806683168293886,-1.196354633244902,0.09512502866145012,-1.356948216520035,2.473962475982058,5.304817750454908,-1.614373962572637,-0.7219737896769456,-0.9399710218499052,-0.9899105661916721,-0.2475046300184443,-0.313456832663979,4.49627980838372,2.4227789577729197,-1.4527632349009405,-0.7845499643383337,-0.7611682538804797
Bearing1_2,acc_00129.csv,-0.46004147545734936,-0.253143314014485,0.43147816117986415,-0.5121812029832886,-0.7500540055712343,-0.08944444001148043,-0.2838879167705261,-0.7152625302011223,1.6114094097192477,0.5229340427228607,1.6475905312931158,0.37323318977839365,-0.6480265489408723,-0.49171549988516916,-0.5234079315691541,0.134608944173879,1.5216804478492956,1.0814265385199882,1.5082475071228847,0.042731304062693425,-0.5482896219360514,-0.484158771535977,0.02164442233356636,-0.1949584465972007,0.1407915406339142,-0.15515847440085792,-0.2639828953748955,-1.431757828424404,-0.04382734070846222,0.487795096358926,3.637428179224016,-0.15033961362388726,0.552055843367098,-0.2758514564332173,-1.8712818674722698,-0.7431035215588953,-0.2412613833383053,1.1159441404138573,3.56596379133657,0.626109276856134,0.2180422552266264,-0.7258101175322326,-1.9647478591490504,-0.7712150417976427,-0.7611682538804797
Bearing1_2,acc_00130.csv,-0.40984373308513833,0.7407988756778076,-1.0426545754492675,0.3376684634850349,0.2599111168684075,0.12830858989647284,-0.626250035385401,-0.4046043638943994,1.3652517328591895,0.6426461593096788,2.80492846211223,0.2775624247799589,-0.6368447084812393,-0.24859405248605806,-0.6893272730475499,0.17384303472695878,1.2194755056139772,1.3555831409412984,1.6821155848156142,0.4766253630101065,-0.5537484526633659,-0.2684608430480781,0.30007278780243424,0.9373347611942855,-1.9970486989052,1.4520555427329196,0.7232630413734281,-0.9847751319760959,-0.6634262826837575,-0.2630590298868493,2.676325652664237,-0.3345820903883094,1.7820055666395156,0.5482803463818521,-1.7624691655462448,-0.7232299906077554,-0.7010800024006075,0.4109664826840566,3.045262083014007,0.4580769729964121,0.7448809089120305,-0.2128147131519226,-1.564112882710485,-0.7542495855578355,-0.7611682538804797
Bearing1_2,acc_00131.csv,-0.393660851553341,1.2456232861514356,-1.1833075336562282,0.5410113178656353,0.8384163856260779,0.061337729885015756,-0.5071931627738838,-0.6188530911983833,1.4099545756614382,0.8089234886997534,2.2084214679464482,0.33634841747234706,-0.6281345684502281,-0.28269340799166814,-0.6310210454438739,0.029133295494875654,1.2837496914943052,1.2094670957059042,1.7498462113079618,0.7949315297160032,-0.6471784944615352,-0.2756653217855318,0.2473225483934111,1.199035885398152,-2.4452114741424635,1.4357245720833622,0.8209047924486266,-1.1608565359981413,-0.5666982525508637,0.08780781794456764,2.9493004198825497,-0.24392758757884125,1.5583425824380568,0.04847430565604616,-1.7815166667752096,-0.7304528938590137,-0.59113304634591,1.0991555782769944,2.5458785908167694,1.190895923681745,1.2733566456032213,-1.0336981289088696,-1.8761085001549047,-0.7615011141445643,-0.7611682538804797
Bearing1_2,acc_00132.csv,-0.49463452867974256,-0.18208544392131998,0.19912145660066935,-0.27797213795613895,-0.5638596599332942,0.03362967037872053,-0.7175495083356428,-0.41367429136672806,1.4833460407485888,1.3330425538190465,2.5394128239602205,0.5033544086782749,-0.5696786441463109,-0.40348238995942143,-0.7775063506433675,0.22796177166265366,1.2564260004469396,2.1143418768509212,2.10493708346574,-0.03818386880783907,-0.42608434101404763,-0.4090237742522925,0.060740835252774635,-0.18831063360388933,0.029853242278332446,-0.04207420594071679,-0.26213611835908457,-1.3044367191346697,-0.6071170359163947,0.42797694551994725,3.608616658359175,-0.2231259332823237,0.6911134428922713,0.11805503945717855,-1.869473114421637,-0.736068579416589,-0.589331110165921,1.0409009933848172,3.1978135797622547,0.7894078209390003,0.4298694995544018,-0.36092351522675187,-1.9273481520139915,-0.7635291443100771,-0.7611682538804797
Bearing1_2,acc_00133.csv,-0.5025815488222305,-0.2314185296473989,0.28330050873909235,-0.4873011665227368,-0.6702330927170087,0.053668782110637546,-0.669736405488909,-0.6632668744704382,1.7011090400768112,1.0445003146066092,2.5693062431756584,0.7366804752861597,-0.5821842750260128,-0.4069703386586469,-0.6686498960267633,-0.06359624949119658,1.49789602214973,1.4411565175125407,2.4048254657833814,0.32154763910799,-0.49052598413830595,-0.434866882166589,0.05265827821010975,-0.1866740130570846,0.06454272340500317,0.07794302175744389,-0.2698074001772283,-1.3220254929635427,-0.5327413924064216,0.13351624403135223,3.5218154830965633,-0.03612122215093117,0.8644965918511163,-0.05384710986757836,-1.8625375532843909,-0.7403446236271565,-0.4971978205813925,1.0928077694105636,3.0186489842072386,0.4179792573566536,0.9653271298252497,-0.3431927270591416,-1.9545836076325662,-0.7687954650994,-0.7611682538804797
Bearing1_2,acc_00134.csv,-0.4472684048110688,-0.048949243587465247,-0.3521746481646384,-0.1459021699775706,-0.08340066783088364,0.16462541933981092,-0.6877356691986807,-0.6922275428566185,1.616147103847891,0.9917277433069459,2.2879931889454155,0.25928105679710023,-0.6392496491126689,-0.2350230806763845,-0.8216125998591527,-0.024811297052019666,1.5556832976825605,1.5979601368717105,2.0016753212619465,0.023839441732041958,-0.592704431402074,-0.23802172675274424,0.3014667608006994,0.42476404716629507,-0.6366142095810777,1.0941607802902653,0.6589760901685979,-1.0871953281792273,-0.6619337158756801,-0.08262650396673193,2.8398129902418434,-0.4949592013491601,1.5935606432129727,0.9459802703854233,-1.896845600958652,-0.7432200424986,-0.6246795312865999,0.8345137965933709,2.5058197070411334,0.40465454119098826,1.4994543462542522,0.14202911549238012,-1.9598845301038463,-0.7697647389939739,-0.7611682538804797
Bearing1_2,acc_00135.csv,-0.24177323164099085,2.357624500220589,-1.9714938306608425,0.8891447603700484,2.658775538963145,0.6731952869284965,-0.8865598731349978,-0.8151981003278024,0.8664825385850969,0.39270289569579464,3.4678056268054065,1.4552030294397311,-0.3275451279602696,0.42207078780447516,-0.9569803160246247,-0.2475733488405542,0.45072521116218117,1.2656007200676718,2.390570633156244,0.8137875503578142,-0.05416838631010227,0.3702145800769278,1.3480490220994579,3.4796449545153854,-2.577497483585072,3.8836754461476435,4.219255396470494,-0.25224317021574244,-0.8302052818637383,-0.9666073506017925,0.7405348824125394,-1.1068585600130667,2.411983557707781,3.632335972876608,-1.463554215237906,-0.7313909298793749,-0.8580356363380309,-0.45431919069043425,0.8135837443462465,0.5293510001290453,1.1615776401079416,1.640101787765293,-0.6327983239554462,-0.761317720273269,-0.7611682538804797
Bearing1_2,acc_00136.csv,-0.5240101872613663,-0.22879595560891403,0.27196464905903617,-0.5035760775909174,-0.6718033963236344,-0.05924809866705027,-0.5799999159847143,-0.5607654189399071,1.6839297762036263,0.9324943581629694,2.4643033584548797,0.4518811492075872,-0.6672977629536992,-0.4720906681538862,-0.7308445672904459,0.43378057488710503,1.3366296091676662,1.5833433352639803,2.1570268845725704,0.3255369985981958,-0.6149118620265966,-0.472360431872471,-0.03056961100664397,-0.20565935955252698,0.19346696254585025,-0.2557634162325639,-0.34482799898584326,-1.4619170178250045,-0.4488437306664445,0.6504248263298348,3.689760359491613,-0.022991530224192883,0.44863598678466615,-0.18956220963939005,-1.8765419349924175,-0.7438342140319838,-0.41138742821014174,1.6512425143758551,3.1080798797569913,0.7964772576832699,0.5419616798365089,-0.956393568870365,-1.961139610809264,-0.7698647675673175,-0.7611682538804797
Bearing1_2,acc_00137.csv,-0.33580182364637295,3.7359963305582027,-1.031815831065189,1.0621826079340368,2.3810925965642005,0.6232676463092193,-0.8654844598377311,-0.7606201967915671,0.8720785102718825,0.7523992290153879,3.6071875210781035,3.5043625388765873,-0.49608918097281024,0.25330270753114603,-0.8787412821587526,-0.40741394126723396,0.9389698701618602,0.7327426048302444,2.898927178455548,1.1488845303746391,-0.2258121685899814,0.1737380412242712,1.5741194085601564,7.988760986943424,-8.825249480736936,5.631551502932796,5.727342602454381,-0.15260288725078358,-0.8184176300778285,-1.0246527454052783,0.5136247091431095,-1.1798209935347732,1.3799223794860778,5.6948948542606885,-1.6060108755908704,-0.738387911744773,-0.8691924894271799,-0.6884515911685678,0.4800698605060414,-0.40167053802929675,-0.3662877222948836,4.699945613377332,-0.28011587324430637,-0.7851970823350425,-0.7611682538804797
Bearing1_2,acc_00138.csv,-0.46043915578019545,-0.2399841296390414,0.15154772877071634,-0.5129294747565384,-0.7209595197095509,-0.055125449851771674,-0.7969839677378056,-0.4259186823819885,1.9759139355559128,1.0937673800234935,2.289189458962692,0.470536316213907,-0.6973978914686463,-0.506546678921279,-0.8054760500936473,0.3361801275389955,1.7341664526932024,1.3487548699035516,2.543827955980873,-0.050261655970331276,-0.6544313908825566,-0.5073886374767743,0.06348923682638785,-0.2005782916542977,0.06154203647249558,-0.16825406407267263,-0.28949233504399163,-1.4008177630127847,-0.525844964162064,0.2648596503204292,3.6987551000258247,-0.0897481082077471,0.6181148288157051,0.07728101494545975,-1.9049726080140985,-0.7503888645420774,-0.5226702340401249,1.4753962003794885,3.125336146167298,0.8465645329535524,0.24274744986926436,-0.4226137562355862,-1.9539176603553923,-0.7785135216350999,-0.7611682538804797
Bearing1_2,acc_00139.csv,-0.4563069109691167,-0.2239993634590691,0.21795341550711456,-0.41995670693026566,-0.5430442693755246,-0.027716674486758547,-0.3674113004846612,-0.6995414845199164,1.6500591814770456,0.6552836072656342,2.028908417909413,0.2325247331298727,-0.6584895417791524,-0.49396329308700765,-0.5565135049973471,-0.13969738186142616,1.6391950458085363,1.0362315819763745,2.4037808924380792,0.2922359881976197,-0.6189839685733616,-0.4764338425472386,0.007610488336021258,-0.19309977629690359,-0.006262274298789595,-0.10339237875697857,-0.2706871705610543,-1.3966356403297175,-0.45524322222325597,0.7957919133030812,3.205835978491731,-0.07305007707490427,0.8491964561909655,-0.07354088822537107,-1.8448693542117838,-0.7450828628020817,-0.5112158900115844,1.8906808623669005,2.947641938030188,0.6259215380287897,0.5667050225170234,-0.6947087288247563,-1.940206500796293,-0.7716118239468348,-0.7611682538804797
Bearing1_2,acc_00140.csv,-0.5384530502116955,-0.19046784563952138,0.20958789633491598,-0.32773221087724264,-0.5232922032890744,0.08180995787818707,-0.8017054653698494,-0.42893040036081687,1.6824804099418156,1.0098570972402432,2.5892541050958355,0.9168469659393957,-0.5325969351154951,-0.38187564289884574,-0.84610005769142,-0.12023873857466558,1.704276454652255,1.6891310714065217,2.4580642073980994,0.4123389772451005,-0.4144761951867029,-0.40318422898132245,-0.031606335741173656,-0.20028696677769225,0.02242143402211234,-0.162861762443102,-0.29125347026590176,-1.3465206044810387,-0.5331305218401806,0.3400034030831338,3.6529761761226793,-0.12821725176756749,0.6193067823279271,-0.0008820099811366175,-1.852284557307905,-0.7377309745691432,-0.5780913444037745,1.3084842478499452,3.1836960977532347,0.7256905958066815,0.487372320004232,-0.5689927337839754,-1.9340536572607219,-0.7600656300027782,-0.7611682538804797
Bearing1_2,acc_00141.csv,-0.508395412629068,-0.21620603546164308,0.2233445256853108,-0.47383227460424254,-0.588576684780892,0.09630072015283674,-0.2657681126299419,-0.7051155453963484,1.179273249183394,0.6040979887917624,2.008367416488447,0.37939029079283754,-0.6051127222984215,-0.29782224945419244,-0.31153340131139656,-0.31082453678740063,1.0083749639527957,0.998757242032889,1.988019548501085,0.15076087382862938,-0.5479851272877134,-0.2974420794554331,-0.01777321331019085,-0.18397804547471525,0.2007732025431196,-0.04731244180944265,-0.25738360683824146,-1.2641115951026918,-0.48783599833183394,0.3901557840581674,3.3047012618208305,-0.33103678639486167,1.1803881857964622,0.024325623268170476,-1.8664380148535662,-0.736274491638507,-0.493577326120863,1.3295146208577455,2.629383181499553,0.684790621353626,0.8627480270138522,-0.22184421201138854,-1.922067778930308,-0.7697788959168878,-0.7611682538804797
Bearing1_2,acc_00142.csv,-0.5094622075356842,-0.23530507884758917,0.19541913085161694,-0.513677746529788,-0.6725403507395202,0.04540067325174792,-0.7888542309388512,-0.6200306912588908,2.0221776398852143,0.5923953395628289,2.3279453676515116,0.26198303006553986,-0.6421971240314639,-0.3212114795592372,-0.809454308624653,0.26561746415696175,1.6686541927590135,1.2019289167023763,1.6700163108064159,0.0759763085844844,-0.5951176572446364,-0.3330750847312864,0.03258875592249001,-0.20717127222379514,0.03287758112999226,-0.28318712166295235,-0.3166782112141426,-1.3612354416939827,-0.5474352104559236,0.22102998221939274,3.7451789283647146,-0.15582673103057645,0.5799858743588848,0.10154310207596957,-1.8711561634967182,-0.7446180941955043,-0.4131617783963925,1.2610389643732451,3.247775710896043,0.7710490646066221,0.0525683961504683,-0.25103030437290136,-1.9454764189911853,-0.767433360684316,-0.7611682538804797
Bearing1_2,acc_00143.csv,-0.4863933398110026,-0.24863752121439206,0.3105894329473278,-0.5462275686661491,-0.6654584389351951,0.052207363245181555,-0.6182939792324679,-0.4139115733588521,1.5670115936997386,0.7031906507332519,2.0895128193909653,0.1627575454764148,-0.628577804795773,-0.3464266839184293,-0.7218161549015322,0.4779817937096086,1.2878170959435766,1.0595605521002973,2.1178277225925304,-0.09565826330602509,-0.543240494465354,-0.3608937378192447,-0.037762696291976476,-0.20660427245498905,-0.06983049609234228,-0.30876203796320223,-0.3448588447842934,-1.3157812507015245,-0.476203934985157,0.710341667841325,3.0817673473525606,-0.116127386188789,0.9592540447211106,0.02993155789951242,-1.8159080320210077,-0.7402397894182937,-0.4487596299675222,1.3600992815860986,2.7203661996625357,0.7256329153405856,0.9324554328005016,-0.673527757958109,-1.8810485288655696,-0.7581061848598302,-0.7611682538804797
Bearing1_2,acc_00144.csv,-0.39573859153045204,1.063062967013946,-0.4817756060914677,0.5105192431057107,0.9125937781143963,0.34990215117039986,-0.8102540971809965,-0.7407369930242723,1.3185696672791818,0.7265185229747355,3.2802650679210643,1.10224485893932,-0.6362951551981657,0.05953043499207512,-0.9054625035017749,-0.2796370722636359,1.221886938605513,0.9635624121965825,3.2874826426255632,0.575001918379207,-0.551264830515096,0.056983223557181294,0.4373954082214477,0.7341904420671197,0.7421062240539603,1.4195476671946499,1.2360607125023082,-0.9478894277476352,-0.6299588436389093,-0.2327134715761684,2.503847748030999,-0.5371355152057332,1.6882387722140453,1.2630468799748866,-1.81257166852276,-0.7343152984214316,-0.7374633438394314,0.5351143075751902,1.9675274522059905,0.3085971810848121,0.7052428010479231,1.8194534585499402,-1.6872320322718015,-0.762789578722053,-0.7611682538804797
Bearing1_2,acc_00145.csv,-0.30289932278784587,1.3526627105737894,-1.4760293650845286,0.5604663839701269,1.4602531254246591,0.6782869733305169,-0.8960083115006003,-0.7538668376483314,1.1140796689917987,0.17198822039265613,1.1988317457721953,0.7711938383024397,0.10197310584535069,0.45138985836698886,-0.9253926592415784,-0.4517454923716666,0.993582661248116,0.47634409791962107,0.8701947895461938,-0.11348375274223907,0.9726660523106241,0.2323617434294711,0.7046626450216639,1.3696572539278518,-2.028108702086832,2.0293399486186803,1.976608950757524,-0.585522138089283,-0.6789390840534529,-0.2415068381455417,1.6269165100963388,-0.9238130852369449,0.5873374693013367,3.608024561008627,-1.3875999261909417,-0.7355912506917439,-0.5981193853921272,0.37868411202325003,1.279990217863967,-0.4394851456189568,0.9003826793657292,3.2814655042008725,-1.553426004710514,-0.7668618607545338,-0.7611682538804797
Bearing1_2,acc_00146.csv,-0.16299287508992621,2.565258690358376,0.06582004279019497,0.8466803372381293,4.0601645271353215,0.8632685563634436,-1.0428581535656491,-1.0350586503022574,0.7236208308579422,0.3264168722821585,4.640646215180445,7.807422161213661,-0.4065180806152509,0.4605205124545422,-1.0988918005512895,-0.7547314330506344,1.1790093910537158,0.7066236230156219,1.998408961097876,2.126163711720995,-0.07625134229767723,0.441394995717444,2.861344537289135,4.737479360835179,-7.219786458024031,6.555637936480379,8.161297889847688,-0.042564036495331595,-0.9068326547406718,-1.2989576196374049,0.12485165027352732,-1.304698894340668,2.0787768112832903,6.239716420157687,-1.7986912707503535,-0.7511674349669623,-0.9623243622684803,-1.0503951673023564,-0.09428811039582997,-0.6936770348831399,-0.22057554793751927,7.345017521275331,-0.8989010727751395,-0.792956981648947,-0.7611682538804797
Bearing1_2,acc_00147.csv,-0.5282503371232524,-0.22726217109198707,0.3296825633201129,-0.52078632837566,-0.5422760731886807,0.06050505141319348,-0.6926019108323878,-0.47567896886658323,1.542442599164104,0.9624045584117026,2.541236315715769,0.6035134612479178,-0.6406703110274176,-0.31977404522753855,-0.6793618344447426,-0.2311165519683372,1.5722910169789373,1.3935495252320313,2.328512261388802,0.15541756740380258,-0.5566808173281395,-0.3307693481772023,-0.09032358407283798,-0.20215987199618177,-0.04419489134430179,-0.2965908428564568,-0.2522594880833733,-1.3853909953971761,-0.4920114745514636,0.7954827200537169,3.194346851250858,-0.14185481023769525,0.8940017905440703,0.012033761664417275,-1.8673171191474123,-0.7328160518054331,-0.43825159189159035,1.6081395905197504,2.970358473139028,0.4673576052109053,0.5479509085038251,-0.39228415741654926,-1.9211498690427575,-0.7661719643015228,-0.7611682538804797
Bearing1_2,acc_00148.csv,0.010162656799168023,3.510984863236145,-0.9861493300363791,1.3283802912676104,4.951340746455895,0.9766388070450608,-1.0576334594961732,-1.0109712076148738,0.5498272165691009,0.12091336282595665,4.650222192351151,5.5648402412831794,-0.2033203304789773,0.6772784275344925,-1.1393466319963006,-0.9720881833199334,0.41734111701230336,0.6228975737009768,2.63525245873949,5.628275189360908,0.23337598546488367,0.5380387703063596,3.288704943228767,4.348091689052372,-6.531386969073948,6.4331556566087,8.650485155993826,0.07350773837402523,-0.9077600648438253,-1.2756297669731487,0.0049653742855608855,-1.343489834094366,2.21933275854669,5.7708434037976275,-1.570701444311487,-0.7374986942563336,-0.9540689357333346,-1.0841087311130164,0.9034183755490703,-0.9103378019316918,1.1774264995233563,6.088514480321983,-1.8341696038538728,-0.7416827332677585,-0.7611682538804797
Bearing1_2,acc_00149.csv,-0.502198353830349,-0.20863505533359702,0.10810811325632455,-0.41041624182133224,-0.5699066988508364,0.08255695461515525,-0.7131817565156263,-0.5166019571632005,1.8838292734693527,0.7099588076930431,1.6690250858106719,0.44563894492636547,-0.6139751249043855,-0.34169965056076923,-0.7260102255144527,0.18930444329718737,1.6300171842426205,1.1110520125297123,1.6176169857893083,0.028426237503528,-0.5548413334796818,-0.35564359390240524,-0.05844619596354739,-0.20065122357124515,-0.04177901594149758,-0.2414353004739901,-0.26273647021771657,-1.4393490021293298,-0.5153195294541663,0.44870082450745263,4.273895067060238,-0.3818720679795421,0.3865747623714655,-0.36153484587500434,-1.8701936463234665,-0.7361726720425538,-0.5487413009092823,1.712504250774398,3.644149782161672,0.3638832390642981,0.06908388035116036,-0.6808988216353697,-1.9214116669522598,-0.7706092607047043,-0.7611682538804797
Bearing1_2,acc_00150.csv,-0.1930617563911418,6.63859695549262,-0.34411284386114405,1.6793197529217103,3.3184059345483257,0.7468063387608374,-0.7509693608276077,-0.8595297390735284,0.6474224688560819,0.36192976918944125,4.253561598712271,3.7908415910306292,-0.39332638225582744,0.3057016341697858,-0.8419832204773439,-0.6135967047453527,0.2666107574605609,1.8196167432522983,2.2715740538557867,3.465311246769261,-0.3575735323502024,0.29544926796176707,1.9275307891966482,8.645232046383953,-4.1001183832445225,6.699073159826961,6.7863640410603345,-0.09562031614790681,-0.8517422993916882,-1.0738678895411606,0.28885965582165607,-1.242271218893275,2.091132621187089,5.334541291590945,-1.6347178181272897,-0.7390402668932472,-0.8919450338342771,-0.8228504920211458,0.19413248114672318,-0.6124544490436702,-0.29963805311873565,8.664726288148588,-1.9579064534132473,-0.781859643828399,-0.7611682538804797
Bearing1_2,acc_00151.csv,-0.4907670485316197,-0.2137257515098492,0.17959442141345205,-0.4659754209851209,-0.4829912392370557,0.08126129624223895,-0.6063774677393596,-0.39887478817700295,1.363623919006402,0.9902594277950687,1.6710391709184251,0.4947998345438811,-0.6180900703024512,-0.24967139256749976,-0.7396232011917326,0.2340025716374696,1.2817378783461773,1.2699113802143167,1.982606479703021,-0.09183562257150141,-0.538810202340901,-0.25040396105195406,-0.06294051534745836,-0.20396287439227315,0.10702007627421949,-0.27948954340267523,-0.2804225895691156,-1.4051620643354914,-0.5294735775182595,0.6703228567196187,3.689026408784087,-0.3017343089826102,0.7189915815497032,-0.20362475290445609,-1.8527064158633137,-0.7348969855849529,-0.44696126104870215,1.621647257764419,3.436399836713253,0.31011541205953413,0.5609920044591569,-0.8998388921641858,-1.9261259970471276,-0.7696800516067038,-0.7611682538804797
Bearing1_2,acc_00152.csv,-0.4902592989607915,-0.21877227349369588,0.23544857704483593,-0.43772816154494554,-0.5418585784433673,0.03365074541972854,-0.45081618279642777,-0.439083814668931,1.2082569048939005,0.6845166250721114,2.5403951186910385,0.5241149029702308,-0.5981457225463283,-0.3442307418912002,-0.635448040244562,0.28571011971128724,1.1623181635993194,0.9508291331857651,2.539601059141272,0.2353628375427989,-0.560519445177307,-0.3535482819999896,-0.00463164000255001,-0.20279575869060804,-0.025792540835494086,-0.24544101025595697,-0.3210145378559588,-1.3776980962084389,-0.3365658443166256,0.7807803678840547,3.3291285522428082,-0.2399503149323205,0.8412735789537337,-0.0743905326479137,-1.8739999785374626,-0.7368727396175481,-0.3740863534306219,1.485376047834881,2.8961741853213847,0.33645267987344735,0.7194162420493347,-0.19991283307220173,-1.9648329392879809,-0.7649743254937919,-0.7611682538804797
Bearing1_2,acc_00153.csv,-0.3120022888677262,4.185976118372052,-4.1297132862082915,1.021214728348617,2.1395240189969145,0.7765135248860805,-0.7887032424063942,-0.8359876801116701,0.8325879408602724,-0.02224517003887591,1.273608909643083,0.5405414290920932,0.8178179506504821,0.3504515305456684,-0.8623553038713434,-0.5212723406916725,0.6594460893920373,0.17106997510457403,1.2721807109639425,0.7454486202967799,0.6391047860085527,0.4136256053521479,0.5037804796087222,2.213304908055373,2.727394048225285,2.347331679002511,1.5876438783363633,-0.5988733669246968,-0.6893963171001312,-0.22141354916705563,1.5830903779789192,-0.761855002988173,0.8799210214924785,3.3708615201221908,-1.529650167141979,-0.7310296394458786,-0.6982336876633313,0.44038550472904536,1.3460263811784483,-0.394927563291798,1.2265298082732992,1.4031305258417641,-0.9166339412899553,-0.7258049855132049,-0.7611682538804797
Bearing1_2,acc_00154.csv,-0.26031455570157813,2.581742889203339,0.6178160975309247,1.0174733694823688,2.306123525042752,0.710998086350453,-0.9754727970027554,-0.631487209855283,0.8384503597883203,0.4678241741937736,3.4208083703714927,3.00740875860518,-0.382453773192654,0.4131917538423424,-0.9880096430382205,-0.3631006634629637,0.45917810753597826,1.1764297756475286,2.8077565439336296,1.9613426240493064,-0.4388726104058564,0.44976536156492913,1.5769763562309704,6.00899315614067,-6.089129893387203,5.404304505686598,5.2076769719193825,-0.2403013264132283,-0.8582726028821753,-0.967928584623453,0.6385068718029697,-1.1031740110028352,2.511399742840006,3.968080697296787,-1.603179562896481,-0.7344948808332176,-0.9047098773351293,-0.6796370469873434,0.684116102424248,0.16068111615274983,0.661982591043865,5.205541437878681,-1.6976646417923607,-0.7732754778804112,-0.7611682538804797
Bearing1_2,acc_00155.csv,-0.3355712445827731,1.8358381296788975,-1.5333451793210147,0.7531463655819194,0.9868353861419064,0.31797108823750475,-0.6810645097274693,-0.8130209136823151,1.3652922710153144,0.29516117470489966,2.7080502192563394,0.12028848220028271,-0.644778812252192,0.09523338923767567,-0.7936348260531959,-0.16418966205375085,1.1357164304928589,0.5853271829298294,2.9053447985467677,-0.3584829986531972,-0.596220955973735,0.1318440709961749,0.37775359401636055,0.973795116027908,0.14502926525301282,1.5548174052164536,1.0712274540171958,-1.1593441335219807,-0.5545221982608294,-0.03386873967170273,3.434531287564351,-0.604306757965488,1.6415285854568862,-0.18295819407492972,-1.8076570960635852,-0.731463737665645,-0.5811881736405912,0.9734965703735871,2.978536105985445,0.7681375270158262,0.8138224678148163,-0.34277173208484485,-1.9626223739431323,-0.7655826124694596,-0.7611682538804797
Bearing1_2,acc_00156.csv,-0.36585027413795124,2.655641699472671,-1.2702453337692539,0.8966274781025454,1.3521021537259728,0.4719536759332311,-0.8752768085880834,-0.5906756114864397,1.0043626461436954,0.9122188230706019,3.681737170230939,0.4008014172776125,-0.505493520423584,0.12391011632368372,-0.9614924979328772,-0.3417097339699003,1.0728544834892575,1.5686494175383685,2.8231405012328765,0.3410765949064877,-0.420146983860866,0.14203898076825242,0.7223736428736618,1.9059337096670939,-1.69316162401708,2.4357654257274715,2.3930957107612216,-0.9221626201180647,-0.6569056639339966,-0.4020650244530815,1.9694405668914865,-0.7436747092631248,4.016807335422443,-0.5329841676252978,-1.786056018514968,-0.7290780980378709,-0.6970541076421423,0.29401691502312,2.0117108638315826,0.9248445409642142,2.3674845575814087,-0.7627214740981626,-1.7184344967707352,-0.7594544138606314,-0.7611682538804797
Bearing1_2,acc_00157.csv,-0.4993249289833275,0.03668830962756136,-0.21285730090537655,-0.08734990372078308,-0.21177554506896606,0.2646390540498478,-0.6829999700447756,-0.5266359163579859,1.0633088432676723,1.3549727678089716,2.210400220071128,1.7559334490304452,-0.5099773903404541,-0.131720087459721,-0.7331227084156758,-0.0924000859820732,0.8535922133344985,1.2550535223452048,3.3000338052312266,0.4903300601278912,-0.3250684847714305,-0.15358294597614955,0.5030971732349482,2.431816685109158,0.28519190704614683,2.4068010626886336,1.6835385261037208,-0.7373225364933886,-0.6821754310392085,-0.23210503738778396,1.9178344985276115,-0.76503393893036,1.2218881514327358,2.8487341575590706,-1.7035815625429689,-0.7454125733476406,-0.6599881859313936,0.24391103757656363,2.4015622335533813,-0.199171013279756,1.4080186553078016,0.7168979674832644,-1.4731155124353865,-0.7669046386440482,-0.7611682538804797
Bearing1_2,acc_00158.csv,-0.35182932729626476,1.390352291536498,-1.2098906776487277,0.6663468398849565,0.9091739774021848,0.35827449256595745,-0.420805716211286,-0.5386206842908661,0.6739591265076053,0.325836279050128,3.407684033883872,2.0046783609237084,-0.48792561331200823,-0.05929169837077874,-0.5933876246382276,-0.12906419851663842,0.7598908630565535,1.0083941108605674,2.1953157014830387,0.5278137458827868,-0.41845513906320625,-0.03814352592786568,0.691168051604138,3.4313241751778456,4.11205265505692,2.947417817493314,2.391043499655646,-0.6482089618190296,-0.560599484154959,-0.3554484530996515,1.4407573588438973,-0.9321325964177968,2.3810689292418314,2.2274620423388845,-1.6847940372815136,-0.7293309773346058,-0.530830481436792,0.06752554169008713,1.304751495137112,0.7077534027332872,0.9271103017357376,2.9106215794448076,-2.017636966905992,-0.7579708359139105,-0.7611682538804797
Bearing1_2,acc_00159.csv,-0.3610613685883853,1.7961369162494538,-1.9735587162360404,0.6175221066804147,0.5881779218657641,0.4192234368817225,-0.6510705590954488,-0.7691382367204941,1.1248143387245013,0.589052073899877,3.0892293524399226,2.935649517160196,-0.48049409433974544,-0.0629534544274659,-0.7398971675286246,-0.29588392904301797,0.8977393652052984,1.3992532271169775,1.625843686958862,1.8423396001800971,-0.2209942460879317,-0.04566940808430134,0.8821776365515124,5.130306645479303,1.3036909137640118,3.8896840108205937,3.387766932661559,-0.45345831692334226,-0.6494740030013313,-0.7835805866847807,1.2667273889606974,-0.9736030608027945,2.105012942911058,3.2117627003260183,-1.6564022369336655,-0.7355221966441641,-0.7049331704337444,-0.2316501676533761,1.027207528283465,-0.27860667330721844,1.5482553180196443,1.8857990575454062,-0.8804968819746916,-0.7323728457651182,-0.7611682538804797
Bearing1_2,acc_00160.csv,-0.48395171087678224,-0.24178531484803656,0.2519104134436109,-0.4736452066609302,-0.74852734729612,0.10545130240539524,-0.6457283379934262,-0.5410507502929529,1.5895849914721252,0.6358700710030142,2.410319897793596,0.32308600832502704,-0.5849688307185645,-0.29208374472117155,-0.6705700248712206,-0.03720620295482397,1.4629233453401373,1.1198021317213234,2.072452690730762,0.01893082277158214,-0.5240752620355901,-0.29036882991407,0.03727319970511951,-0.19126439076837679,0.09931161783599327,-0.09229964397614727,-0.25058520412449653,-1.3509787449600257,-0.29850570576420016,0.4093357578318755,3.9037605799666237,-0.5382316717309216,0.620886978194173,-0.007715162735169654,-1.8848395741965682,-0.7378649631751903,-0.29841102390711693,1.4321459171203152,3.4802888826697513,0.1654337539618129,0.312056536076799,-0.39408765165946147,-1.9701666466750052,-0.76345675082652,-0.7611682538804797
Bearing1_2,acc_00161.csv,-0.4527415690392846,0.31510800079731516,-0.3559881980826967,0.09260945774576478,0.24224333072645216,0.3167907629658653,-0.7389102064450213,-0.4748455086658416,1.2307022144638644,0.5500814052883457,2.803983236788925,1.6089407092180825,-0.4134908199558643,-0.10283993200932716,-0.809125675276931,0.06196091041061885,1.070176181526484,0.8083474177829739,2.593184405238078,1.3249747901600746,-0.5155913278540414,-0.0906501169908949,0.6053704972153996,3.1058295343915407,-0.7021141688952819,2.939868595211915,2.12853406867119,-0.6777339088542412,-0.6454965567617263,-0.25022333439880834,1.6095840186748833,-0.9199189126802357,1.6616193838290572,2.9844984390478313,-1.7256593343014086,-0.7470999988068623,-0.7039794407573304,0.2879109432968672,2.236405595692288,-0.2502307013245679,0.7834190365690894,2.4494485215456976,-1.8143050202501776,-0.7712451228269745,-0.7611682538804797
Bearing1_2,acc_00162.csv,-0.5120311004667495,-0.21841385059083654,0.19428523570463815,-0.4641047415519967,-0.5959567023700849,0.10917033889790276,-0.5300418086497841,-0.46328071992867886,1.284316666359817,0.8267643668749813,2.0268768947499596,0.298206668353103,-0.5731473162387962,-0.2564938669004268,-0.6469210786429115,0.11031427122411239,1.137484155757535,1.6167048098686458,1.717722189636573,-0.07582593359851256,-0.5331200372002639,-0.25952602468131186,-0.050472338268111046,-0.2054853218881028,-0.01647684190063063,-0.26993746623029274,-0.2830792098659309,-1.4120996916079915,-0.4687330475432653,0.9269633877715794,3.527571734143836,-0.17194808493178837,0.4855123391187344,-0.04744422011144965,-1.856851498653808,-0.7381138267618156,-0.4608884547342133,2.1258394280797837,2.9904502150900276,0.5347315548962936,0.3109134277517466,-0.5684274920776463,-1.9540878903203058,-0.7688027827311649,-0.7611682538804797
Bearing1_2,acc_00163.csv,-0.47191602425504,0.19091364642617514,-0.07453078466656052,0.030128764679416612,0.15409806210018795,0.49755666027604273,-0.8505525606984996,-0.41679810462816813,0.9757609732081505,0.7622676595152252,2.254970380404428,0.724313965087536,0.20352846611852968,-0.022566822070940823,-0.8525404006901649,-0.3172782003270125,0.977472315302351,1.3960724631503652,2.0152706548731754,0.13180394083527056,0.5800092086976341,-0.11149555308198081,0.3283993893750294,1.1427764380435192,-2.7440678025197713,1.3828800161135688,0.9858642439922659,-0.7816820049077285,-0.6789155402804369,-0.10088333289391681,1.918024710611299,-0.7566966863667308,1.413681929433733,2.375572833935549,-1.6528263374531207,-0.7372339279491512,-0.5712076927252855,0.2538350543909018,1.5951532820550192,0.32696709665147655,1.6630911575314307,0.4409318341358268,-1.2834752035725276,-0.7384942653692769,-0.7611682538804797
Bearing1_2,acc_00164.csv,-0.4620726025361875,0.28650424751148407,-0.6000118836982299,0.17230040159685567,-0.07365621049406226,0.20587958822198948,-0.6676076074920709,-0.4661893797903282,1.3630400169903443,0.4711253863651547,2.1487211122045684,0.3633467831199999,-0.5417990925720688,-0.08289109066235255,-0.8238440432545546,0.11767132903406144,1.3180030425876441,0.8654667541401481,1.6526888846564458,-0.030598719878538343,-0.4368178665538907,-0.04169582173420933,0.18436889073645765,0.26898632332160066,0.23951079383007493,0.8300920662021428,0.4905597135838924,-1.207750072936596,-0.5728265153815291,0.25228496078611756,2.978386049273014,-0.6238833244257774,2.1844348358863726,-0.23274736734419668,-1.8695569059949488,-0.7299816689813865,-0.4818884380944431,0.8592614679709932,2.891444595561785,0.17400253449703723,1.6747422399996532,-0.45047659208262175,-1.9994281931938949,-0.7654839857553818,-0.7611682538804797
Bearing1_2,acc_00165.csv,-0.35620220383248696,1.6054641896751938,-1.1862838548452885,0.6261272320727863,1.11558746340711,0.5500587446956535,-0.6925953134172829,-0.6270033364358869,1.0467587305700297,0.13898735343105834,1.5483718329725877,0.2579565161954113,0.7363771279606081,-0.05933436282463513,-0.7296398760846333,-0.2244851189580017,0.8403347165083098,0.7001477511336653,0.9434138222103642,0.6699079270163627,1.3688680810749259,-0.2529356147420552,0.5688946791339025,3.963744931253943,4.902588222379559,2.8394177191410543,2.5371434131746313,-0.5281328106531656,-0.6947377964572241,-0.4807313296499521,1.2781454108468284,-0.9066235562363977,1.8809610260652088,2.5967310966156307,-1.3440475271850587,-0.743590265942349,-0.7341768454412524,-0.004516733783772985,0.929955122165702,0.15215250860812563,3.037233111160731,1.3651980419306227,-1.7481189473222367,-0.7719488274680472,-0.7611682538804797
Bearing1_2,acc_00166.csv,-0.044892499586816945,11.723260588951192,-6.665332252498383,2.3441592234540503,6.460122829602434,1.1466386489644973,-1.0898106416113011,-0.9430617452951968,0.25027348986996784,-0.07547805242458609,2.7229578491204,2.328865006131912,-0.2153745454850856,1.3145369195732648,-1.1207336437324615,-1.1096112876707909,0.23480232768928755,0.8996024115195899,1.2524064397265111,0.42550671139943197,0.08214203454209791,1.2594426531680445,2.1813324507986893,8.665222164334494,9.995487465568186,6.3869359283552365,7.5521609488766765,0.05366688162253054,-0.8936870215091817,-1.0997603653321135,0.19336501563831854,-1.2835087256077216,2.9991781635968318,3.8626404688008114,-1.3891547372790563,-0.711808875244713,-0.9140258859529944,-1.0109597243677213,-0.26485452732738324,-0.6024475670627912,4.050825374892593,2.2201850687139317,-0.9969710402772071,-0.716986488119662,-0.7611682538804797
Bearing1_2,acc_00167.csv,-0.4767132915971578,-0.19499746049831743,0.15504773209064648,-0.4373540256583207,-0.42966457362978533,0.18879584463066126,-0.3791610365790391,-0.639714681992801,1.0826475298869687,0.6152783581563978,2.037734304221061,0.411422750658891,-0.5956741648205893,-0.1421613244651588,-0.5247713046020426,-0.19422594964359538,1.0580038811022032,0.9403848517105873,2.219067188837184,-0.20459726281696064,-0.4670738471477671,-0.15301699858336562,-0.0132067397983135,-0.19490965003532162,0.09339952521389587,-0.1343595966867993,-0.2673385959020902,-1.3268291106790429,-0.3819118511334711,0.5371940441727038,3.1527363139520364,-0.26988417851152785,1.3488940669224667,-0.1747793799767374,-1.8929588312535022,-0.7340071428546429,-0.3969040216030327,1.1490976618479118,2.877130707734826,0.6356048156450704,1.197978125605616,-0.823513151514389,-1.9573136182611965,-0.761912375000373,-0.7611682538804797
Bearing1_2,acc_00168.csv,-0.4438772111733177,0.13494668617444303,0.05766822346224984,0.03892095801510012,-0.039024667394377564,0.2392819177928548,-0.6640738867425245,-0.655664608996537,1.3905017776003983,0.8172697220505042,2.6049904519682907,0.48330496534058376,-0.5307056426430982,-0.15827141363709452,-0.7941469706713092,0.002598820858645027,1.2755277308126756,1.3952747947671265,2.23117935945399,0.24290730063345758,-0.5773048703418834,-0.14763613556441835,0.16089884923536588,0.7336515666865111,-1.0524446530988207,1.3650083878555623,0.6152971136947182,-1.1886984357926957,-0.4884857707194853,0.16242204194602067,3.196331163396106,-0.480782123984996,1.6836761019873592,-0.2626222090047078,-1.7922081405608412,-0.7301559299881584,-0.5749869089497239,0.7944390393201993,2.7260496345397023,0.845210608060292,1.311280229126108,-0.5550411368094554,-1.9749063299700602,-0.7442008183779151,-0.7611682538804797
Bearing1_2,acc_00169.csv,-0.4533213125524793,-0.19668503879509525,0.18252698177371252,-0.3440071219454232,-0.5184971526375223,0.2013898596930785,-0.5605783273821426,-0.5335399612914702,1.244303789648507,0.6818181275279078,1.9420257970009598,0.6764119739311341,-0.48806929924348197,-0.153935920754489,-0.5848056779341492,-0.19547131540324575,1.0814217046688004,0.941418862661076,1.9908049711346536,0.2725371917233952,-0.31667426183729547,-0.1572763925680383,0.22748838847493852,0.1127813746251004,0.24400599398619813,0.8447283134824064,0.26546218592959925,-1.1012991377348225,-0.6104668947873679,0.30782296943604726,2.766577162924729,-0.4425768496907699,1.1697452679717937,0.9711307029964973,-1.7832066361266612,-0.7434000912358983,-0.6087480012661827,0.7228996306183508,2.531564839101835,0.8201697037542252,0.8679423920885923,0.4264558929661675,-1.952078162286375,-0.7686768035216728,-0.7611682538804797
Bearing1_2,acc_00170.csv,-0.47041005212075715,-0.17517813236181753,0.48844489397718904,-0.37188024549897375,-0.3525993335099044,0.13562381739021287,-0.5729020614121157,-0.43234948763281394,1.3484682304506068,0.5771436799260116,2.0826989156879665,0.4620896599675575,-0.5275559505292337,-0.24390202934415486,-0.6067139900969076,-0.19148109706643407,1.4637543638314374,0.6558479601774456,2.228536364546525,0.1010987222141796,-0.5262664622952241,-0.22565359041290006,-0.00472167014444205,-0.18513910460554073,-0.013883712505850783,-0.08829393419418045,-0.1588193451744414,-1.3722618992437954,-0.5070825159023741,0.6715822524304192,3.3577019832151445,-0.19332737520377372,1.0721972803073376,-0.28483544708786157,-1.8660458278583514,-0.7346890641048586,-0.5266355849003549,1.229271944760282,3.2983935715564088,0.54439805253214,0.742660290398076,-0.7346196688680268,-1.9654199751683963,-0.7633969225113775,-0.7611682538804797
Bearing1_2,acc_00171.csv,-0.45633926406945174,-0.20643276504429217,0.2417770231722322,-0.39881802933596217,-0.5401033857299522,0.19274558599778654,-0.6881560971549986,-0.6529158467030248,1.703560185951485,0.4741527557194767,1.780707761705678,0.20404912437317546,-0.480368860025851,-0.171642349905372,-0.6837184501193854,-0.06714920803790794,1.3796660389249875,0.8888553767012838,1.475955710014239,0.391154226501438,-0.3700553435516661,-0.1825018898054439,-0.018626013308173407,-0.20523352155663604,0.10280490445446291,-0.2768704254683123,-0.3353249969298569,-1.4102470888963274,-0.4957757893663882,0.37014861296777035,4.154396672651643,-0.5329952367327453,0.6343806407386354,-0.23202171824991785,-1.8820634748778875,-0.7386924028892252,-0.4568915035579257,2.0733756665639835,3.4977861625136097,0.11837212191927722,0.21016473630355204,-0.6235271559259935,-1.9843624264394926,-0.7640528597978244,-0.7611682538804797
Bearing1_2,acc_00172.csv,-0.33039850845970875,2.2542209930332135,-1.2067800830232658,0.9091610303044775,1.6469175009645147,0.5676738191220488,-0.8247159299875734,-0.6321263915600683,0.9924419482974345,0.4698198932921009,2.898279479044377,3.0976812568536642,-0.45617969229521216,0.21580698627984224,-0.8505989715494254,-0.20476811415122867,0.6354350299385566,0.5072637798869951,3.4113410847996044,1.5126430827272013,-0.38699237720517804,0.20872345120369382,1.2222053027898119,6.362117297961718,-6.096689807513814,4.614409349834904,4.379154462716638,-0.26245472284516747,-0.7780689042360972,-0.8541536675232336,0.5892648958052121,-1.117940674690877,2.690576014110671,3.5824790165768143,-1.5586974983493573,-0.7267429693730492,-0.8080643596340559,-0.5428162088791648,1.0133968180624087,-0.07621989966139436,1.089686383167387,4.745948430539105,-1.9338553399080127,-0.7751512307121062,-0.7611682538804797
Bearing1_2,acc_00173.csv,-0.47825090933701675,-0.24408393270074144,0.5004193726152621,-0.5338810844075293,-0.6337985007135883,0.23569306571851592,-0.5516085574329603,-0.6076441046403109,1.1047761748576521,0.777721323845129,2.6888351463593043,0.39407056812539276,-0.5066765005455683,-0.16166245378207986,-0.6820331837203073,-0.17263873711012975,1.111650700082164,1.6467882441648594,2.0339575023722576,0.08012573100499698,-0.5122861228363667,-0.13821005686422824,-0.025114229840883233,-0.1654130337399768,-0.11639022362637923,0.020014295679769492,-0.12301575191512219,-1.3140125748526519,-0.5711853425144608,0.9859930042734488,2.9103272502999524,-0.440042086279094,1.6674689575910244,-0.2579751835650415,-1.8445901603258206,-0.7423884263849982,-0.5351062860580649,1.4668251284277196,2.61422486157733,0.7760026127720906,1.1237842292713798,-0.6743092001737161,-1.935755516341304,-0.7706916223980811,-0.7611682538804797
Bearing1_2,acc_00174.csv,-0.42502010567320403,-0.1558649899027397,0.4198140410793141,-0.2003389414814847,-0.3683327960193202,0.14509709011555602,-0.5944236086698164,-0.4290010641438001,1.4038479107997335,0.6673727267913324,2.4318108435330883,0.4190315049673353,-0.4610200070527742,-0.3336270449457069,-0.6632182401311726,0.12194276484618585,1.3269591973518766,1.268040319370378,1.854097131532917,-0.13340027642053537,-0.33081165125247985,-0.35348098392610894,0.04401044642954352,-0.18921723465541482,0.024069946393131734,-0.0320599314857996,-0.19279774299926353,-1.3914706379181652,-0.48454109338531254,0.8085565362261241,3.729091731368934,-0.48865789785719477,0.9572706278993156,-0.4158935696086942,-1.868064277430276,-0.7381209501425463,-0.5064635912796907,1.3696800413004468,3.602813571970195,0.312492206684281,0.5776631310894086,-0.7975018126862076,-1.9841711993669089,-0.7685825424294203,-0.7611682538804797
Bearing1_2,acc_00175.csv,-0.45239043205677043,-0.04292352018123434,0.31496663317717,-0.12850485124951558,-0.021883568801126546,0.29832333101801467,-0.566649887525115,-0.6417923690257691,1.1977190145500676,0.5005536326401203,2.023478504515176,0.6453547135473194,-0.29276997907044183,-0.11438430699800067,-0.701618939062842,0.08770410919225675,0.9691084474095575,0.9418689047423882,1.6123610635721022,0.42482903484700457,-0.2841908221071451,-0.07865505860879754,0.2470218915989597,0.6028641400424773,1.5822902509548564,1.2110966927715283,0.5509576309362555,-0.8954998474203646,-0.37181504016919525,-0.03480332212302591,2.397084058629474,-0.5455016524877089,0.9125466384047226,1.7406822592182525,-1.6360824995773653,-0.7433768918647159,-0.5068413543229602,0.6378923138553529,2.2859736504205324,-0.06869531246749984,0.22225697936535535,2.438247917019025,-1.855200801765948,-0.7697806503010118,-0.7611682538804797
Bearing1_2,acc_00176.csv,-0.3899351764908486,2.4003888211621365,-0.8179009401272692,0.7993521475800871,1.4238929530295197,0.5525162818189878,-0.844764187104905,-0.6742018120764772,0.9862252188680558,0.5212117270111629,3.6267552574897737,3.490208786545432,-0.2449620768678012,0.06087466759295272,-0.8907620053928503,-0.259775454288352,0.5772942437467958,1.7652946232228586,2.189289217964784,3.0695031158481463,-0.2582341599550917,0.045505691115973405,1.1308598538249193,6.638889334800292,-1.5051644977705303,4.692982887865793,4.743434626403232,-0.34107029657655524,-0.8197377887730193,-0.8691342013321108,0.7199753950903727,-1.0021175607878912,2.426719525943756,3.953620595082775,-1.7110840485554095,-0.7370948969376385,-0.8467508875833859,-0.7049630199603459,0.44359918158304124,-0.2095275278892251,0.06653030941624206,7.407405901840252,-2.062754786422886,-0.7747728369125481,-0.7611682538804797
Bearing1_2,acc_00177.csv,-0.4566921621373096,-0.18171788082755644,0.5559205068374684,-0.42912303615257424,-0.3898022718816651,0.12663460950725045,-0.25960308601744225,-0.6800643326849206,1.1621281724136707,0.5645986172781788,1.8200113207987656,0.2126678308525183,-0.5538022975124549,-0.28471039518173863,-0.44017252382712224,-0.3672009236681653,1.2197505522311445,1.1680525643863138,1.8635436080300434,-0.007124040450590105,-0.4337856406026863,-0.27831926897704184,0.12047239321852515,0.004669971387452934,-0.15078397628168702,0.5136409934267614,0.02148060194286707,-1.2166693073806552,-0.3972598024877135,0.23709117692278311,2.88416691938306,-0.4826267133733291,1.3497252079314082,0.6460459441042132,-1.8571954647058309,-0.7356028464004589,-0.3435793665618833,0.7709201518855752,2.7225356902714695,0.4715075437997253,0.7859800173816945,0.4234336619126052,-1.9750345370476317,-0.7656039757183051,-0.7611682538804797
Bearing1_2,acc_00178.csv,-0.48786693287034705,0.06593648407435723,0.47600344603105826,-0.07425514768891381,-0.05572618865354428,0.3822310934599344,-0.8263486909802253,-0.5747147560274627,1.3231185604171083,0.8495584492035747,2.6033318407540915,1.4934642184131655,-0.3557418379476051,-0.0780530262718525,-0.8590849926869344,-0.16846958834824444,1.106651109417868,1.49147062338587,2.34445079300393,0.33437745123269247,-0.11748252888811718,-0.0934471400771517,0.40776196628320116,2.0594799913327413,-2.9573623166823393,2.016398424707711,1.3399212487432282,-0.8063810178914811,-0.7373282142086905,0.07701222755256633,1.8893009050100962,-0.7334192756244413,2.0187465249986394,1.7574105474715664,-1.755027161463673,-0.738504456404601,-0.7151998950236556,0.49578391649135134,1.7168297724703296,-0.03040865416655746,2.837962685229178,0.7009423471931235,-2.0061650340248764,-0.7720256451034166,-0.7611682538804797
Bearing1_2,acc_00179.csv,-0.5119762299524182,-0.2470644958759209,0.18056262275170454,-0.5243406192985959,-0.8678113087889479,0.17272994207103448,-0.6191736640856942,-0.6222897960691278,1.4319555905473615,0.6200754041275048,2.155702959134019,1.0619063928080419,-0.5332094415149445,-0.18040770552496727,-0.661425928891339,0.10561970172093042,1.1781284305940938,1.0727828748379424,1.6591278157821772,0.20474013995793233,-0.46891315020178986,-0.19407186535761767,-0.03617270678499735,-0.21043039536859146,0.12163685726559184,-0.3050644597029251,-0.3860694954567887,-1.398031811093306,-0.4116845945758989,0.6097951950506015,3.5002993892526835,-0.3360729156628225,1.033014785755813,-0.31404522773831295,-1.843178714506788,-0.7430521126389276,-0.4644317109726883,1.5666183851867161,3.141381012582999,0.38627677208225314,0.7437199523169089,-0.6863365346455894,-1.944554104092713,-0.7652363659934356,-0.7611682538804797
Bearing1_2,acc_00180.csv,-0.478668443497389,-0.22677836488050898,0.29718567348423824,-0.4641047415519967,-0.5499941540420249,0.18395748579598084,-0.6338698480223708,-0.41353876851074634,1.1525078271843752,1.0452845613787936,1.9268712690334417,0.44009589718462244,-0.5769797520844222,-0.1757340065222138,-0.6698653652517337,-0.02342446019563718,1.0893673057525335,1.440460132635322,1.9216638412032576,0.09840904643606997,-0.4683321114555468,-0.1720827635141062,-0.0511626480081991,-0.19898565046558842,-0.11351604353865805,-0.24097310319145543,-0.2581502629339141,-1.3049533484189657,-0.5447334881528124,0.629570797348068,3.41223716291972,-0.04918403488510188,0.6946846592568221,-0.06948156055880599,-1.8534073177354216,-0.7253501885014809,-0.5129689442805899,1.063883149628072,3.469434664728531,0.5406855972728006,0.570638164847035,-0.6770698916981689,-1.982842859865048,-0.7452837374868345,-0.7611682538804797
Bearing1_2,acc_00181.csv,-0.5212049763984825,-0.2298951582773453,0.4408995759702423,-0.4929132048221094,-0.48999984110417727,0.1655148546392148,-0.7201871920809193,-0.29030607288228943,1.3694415111033547,0.5875002121719218,2.347767479935234,0.6062705195221095,-0.5723238170058551,-0.18012972401971628,-0.7498863839931157,0.0307625570911431,1.3323244229125462,1.2548169499512687,1.9563871843145022,0.13679792344905567,-0.48031343722110226,-0.20173710431999997,-0.04537992941301187,-0.20686387631248018,0.08453413729439521,-0.27271064992550054,-0.3119056323475779,-1.3913394152186533,-0.4191169592140698,0.6673501501918597,3.4840176687706466,-0.3154308334661466,0.8163152713973215,-0.005626262641575093,-1.892033713186129,-0.73517767854813,-0.43213497539970164,1.5406287055795607,2.9028347275551916,0.9510591163854027,0.2863354164293964,-0.4946218262708362,-1.9328074817401655,-0.7625089323874209,-0.7611682538804797
Bearing1_2,acc_00182.csv,-0.30963970472215957,3.1134275826012336,-3.0520294201982345,0.9377824256312774,2.0510415215116358,0.7333649701927273,-0.8475813006489316,-0.8929193113982554,1.063415020500548,0.22271545160435852,1.6503985053231818,0.2459427919411601,1.1159484159982356,0.06902787396242929,-0.8987540033318875,-0.2592102405441088,0.6732690130324358,0.5001962612537654,1.500949279254427,0.2809553816247457,0.8441420107839482,0.20761970995293552,0.890322196199374,4.633993089435218,-6.533639607926104,3.55073933696186,3.0763100128914234,-0.4292078508137294,-0.7697634356745328,-0.5505393753097996,1.2788245523891149,-1.095953077679573,1.9614431570110706,2.4602247685363388,-1.1485963771184835,-0.7502657380646569,-0.7785144154292851,-0.21414019930966682,0.8594182719665442,-0.22817012017725477,0.6156287014388699,2.4649521260562732,-0.41466576739613414,-0.7682184584815003,-0.7611682538804797
Bearing1_2,acc_00183.csv,-0.4928262669660464,-0.2392250018690088,0.3729020428055655,-0.5168579015660991,-0.7607522518885154,0.17879447597869808,-0.6094233748189244,-0.464922118777402,1.2152081488774615,0.8784039397835494,2.1704124417855635,0.30741451355759875,-0.5726763314835341,-0.14505936092299168,-0.7324233473274026,0.08596558351182296,1.1319848971353634,1.4814717011712606,1.8295075119814672,-0.0016419927467614384,-0.574307046896748,-0.13058003259117476,-0.05967681759260948,-0.19745567518498483,-0.012826431952696667,-0.25792033688439214,-0.2661838666647712,-1.351532453184139,-0.4774045247869159,0.5679222428585765,3.47370047182152,-0.22304628623517028,0.7090549905989362,0.10317135615774714,-1.877960304014402,-0.7311856275171835,-0.34680397006595,1.1879413403309063,3.086516882261435,0.26397094988047226,0.7604591521390004,-0.3343472291903055,-1.9196820310755218,-0.7558983760668803,-0.7611682538804797
Bearing1_2,acc_00184.csv,-0.47594486292668664,-0.21863130703384004,0.44840388761418215,-0.4182730954404538,-0.651591296047412,0.1090320443652331,-0.45605657417032464,-0.48614364869029886,1.245640353784783,0.4926872767595776,2.1650681441338913,0.48732080832702074,-0.5340933718066495,-0.2554992313882542,-0.5603659847141971,0.3155704713395995,0.9428192865038982,0.8954150575573561,1.902474969612314,0.07685067743551635,-0.47424092474700513,-0.26534908790319295,-0.002066666289307356,-0.15383176058419448,-0.014862477731383753,0.11769198805542279,-0.13013304601817655,-1.2851564797841444,-0.31274631876770065,0.5578029434716112,2.787781290873204,-0.39909182105640284,1.561697893739061,0.08733478463987232,-1.838441780968684,-0.7349796945979766,-0.2570148797709896,1.1000194411560538,2.483855249574497,0.6220352521324991,1.3358659161520168,-0.6069472312926033,-1.880745224379646,-0.7627572196572703,-0.7611682538804797
Bearing1_2,acc_00185.csv,-0.5132930867926325,-0.19812440659429192,0.1495302913632622,-0.3889034283404039,-0.4293319287898689,0.29030878172206864,-0.7041328560085134,-0.410547068808297,1.18580806886349,0.6707765267681404,2.1710782221260168,0.842412708525044,-0.44807675220844106,-0.05889438662629561,-0.7564700999774907,-0.19278305530924147,1.3040752434873786,1.1984401539424627,1.8516438610076582,0.16573077068372064,-0.369897597674375,-0.08982771947582668,-0.07331458802777906,-0.19274501153665988,-0.10182060777431058,-0.25684187655847807,-0.17392504878328754,-1.2736665727961576,-0.5377655813043235,0.7198188121864776,3.1278830487758715,-0.19374693227055073,0.9749183887718741,0.10207907089872831,-1.840744180646315,-0.7314332815652637,-0.3099534681369243,1.5096366639165668,2.5816830467653693,0.48998315030546874,0.8139981983588037,-0.289800876651629,-1.8788413103844739,-0.7586154901487784,-0.7611682538804797
Bearing1_2,acc_00186.csv,-0.4442596450804996,0.6528796519608994,-1.2613662065986684,0.17622882840641646,0.5514733452951989,0.4851871921048875,-0.8396643337944723,-0.6221229375090137,0.753634731672315,0.9090884896698452,5.257580069856509,3.8841612317917464,-0.3528281975414262,-0.10758940817828193,-0.8794617506034256,-0.34092019600449147,0.7571902141845968,1.9031249005141921,3.762319154267707,1.8745279605934513,-0.45834200346177184,-0.07536404746284113,0.7194757231595283,3.482416559115205,-3.275708276635268,2.7562222082848193,2.7463961665359626,-0.5745118651114989,-0.7448916346343479,-0.3931036929114361,0.9722077783835725,-1.012952250779844,3.254553875227181,2.2365139422755855,-1.7509308046737742,-0.7342501109458434,-0.750756186756926,-0.17956899408117352,0.5336163320222972,0.2780078985806078,1.4263202409139928,4.454554612543667,-2.0343255607597093,-0.7705424164563666,-0.7611682538804797
Bearing1_2,acc_00187.csv,-0.46902822495868657,-0.03220132457860484,-0.23752109310087482,-0.16965979877824788,-0.3716208516557553,0.41174511008079,-0.767818690051425,-0.7077719996706143,1.3575926972403027,0.5340209240549867,1.8568708403371392,0.2556979188876946,-0.4188613152655879,0.14820825732831758,-0.7783490128684329,-0.24450002620034467,1.0970872501258768,0.9109071590289755,1.705362727353271,0.050413191369707455,-0.4382320032942465,0.1692600785993658,0.12631257710102287,-0.04354277175300809,-0.5326244641873581,0.46927005430343655,-0.032674789892200025,-1.1190300666233917,-0.5592686665912332,0.3818236913072004,3.1612736230807297,-0.46446022070354337,0.8605256645969017,0.6598245597905534,-1.7846263624637873,-0.7230122694482203,-0.6533912088091078,1.2822683673667952,2.8263026819871597,0.35945375682447894,0.4036836035876779,0.6426530734038982,-1.9749558796779,-0.7513004122052057,-0.7611682538804797
Bearing1_2,acc_00188.csv,-0.5177120828530369,-0.21258770696117812,0.15098480236738634,-0.4351092103385717,-0.531902025153341,0.22496915768201783,-0.6827408685138332,-0.4255073761055543,1.2566523754809447,0.8506594475107122,2.4584155808420043,1.2007316881613557,-0.49945844442044973,-0.19958875149113672,-0.6530471440218291,-0.0867097624611576,1.1138048596110603,1.3183062737497164,2.1667301674029877,0.28675184517158353,-0.40100250372507285,-0.21641825673107162,-0.04365007353576801,-0.1819749264075707,0.09645270583769576,-0.002787436925272542,-0.25174982767697296,-1.3196651206008845,-0.39673994154274655,0.648631832655043,3.0332854707489045,-0.31046821492052495,1.2824895328114974,-0.000380047532740541,-1.8530666687084358,-0.7387386231570758,-0.40660987308831176,1.6125260595939659,2.718193920474995,0.5769459160950212,0.8852056896094128,-0.6247495975821473,-1.9067538484421243,-0.7617535883420239,-0.7611682538804797
Bearing1_2,acc_00189.csv,-0.4900544032722481,-0.21866677226854508,0.2489945287222436,-0.4568090917628124,-0.5406441021324045,0.2608651457656732,-0.6551733488811088,-0.5100402149751813,1.1614481325613926,0.7224704605741744,2.2639121167113063,0.4098017085583947,-0.5063903867404141,-0.03836114925092696,-0.7039084237782892,-0.14653273584351736,1.0371340017169997,1.2668969106305887,1.6967950412844195,0.3707367029447758,-0.3859058753929139,-0.03812839559626617,-0.05773270201850844,-0.20126214685700256,-0.07995380642136199,-0.2884253575316782,-0.28806090470762263,-1.4273279244871662,-0.4697497287747856,0.9816851342544304,3.537595959004113,-0.2873166670667453,0.6650374418445574,-0.13821727405331344,-1.8836134038152972,-0.7331791102394346,-0.5122049288272267,2.228224200166597,3.097509514720051,0.23489841080786591,0.48119410944103774,-0.6499087089286237,-1.9528263121044827,-0.7596782855004921,-0.7611682538804797
Bearing1_2,acc_00190.csv,-0.4766943193473616,-0.2026844291076953,0.34230879379939766,-0.47794776935711575,-0.38096773647711796,0.16113376215586997,-0.3337326166078587,-0.5368083767501309,0.9248709723961169,0.6153804055078897,2.1130044174026303,0.1645844786527873,-0.5756472529910928,-0.1503010848678809,-0.48410538788756907,0.07031209639398767,0.7417864711017005,1.0102801308933012,2.281362388310923,-0.25097659728294114,-0.5761927088021598,-0.14030990660473433,-0.03606440070316718,-0.19519392111629522,0.22705220073768848,-0.18627975809152347,-0.24420154743206185,-1.3308317378379246,-0.41092169565992304,0.5302219993771718,3.33343235341501,-0.4149240228215648,1.3625306250552442,-0.2615194537995868,-1.8795716287603397,-0.7399677824028488,-0.4371619935114538,1.270326844003601,3.0143806717214794,0.6742014607390894,0.9353380227209609,-0.8088197867262584,-1.9506862261591906,-0.771723467952528,-0.7611682538804797
Bearing1_2,acc_00191.csv,-0.4723871464625815,-0.19923976838205196,0.40122565205270866,-0.4107903777079571,-0.6181354324999511,0.09524750498066048,-0.5297027105786998,-0.31078477745906274,1.1243822166439363,0.7837664116760931,2.2710487971575724,0.7165327037580153,-0.5554126654797988,-0.27069118839291134,-0.5427506442159733,-0.020966570347687525,1.0470125061766777,1.1791037209872188,2.275370782088657,0.23242182373377834,-0.5468859480133886,-0.2708103214529643,-0.031566123981211135,-0.1992935678752105,0.02150071791576598,-0.21493598960867094,-0.3081947735278896,-1.3633600480855579,-0.37751770952842906,0.5872030299108385,3.3213823177512167,-0.3244884188644806,1.0678168996193296,-0.14430802858747613,-1.8404978233205533,-0.735611566470345,-0.3731279485682873,1.2134233677177872,3.037483007832181,0.5983592606044644,0.6320998902916319,-0.48936872370883355,-1.9125735117208,-0.7653295203437336,-0.7611682538804797
Bearing1_2,acc_00192.csv,-0.28355983029869664,4.462001600693298,-2.8666528068265933,1.1087625258188296,2.638240166290935,0.8031086189401778,-0.861262300330048,-0.8494128873882646,0.6774937216051761,0.26743378874162876,3.138224424793278,2.417520759887619,-0.26324314072321375,0.5729687059331411,-0.9307928643950683,-0.6711330442361265,0.5689947074156843,0.8894806473050016,2.717537836858393,0.47239344871219746,-0.049739547267942955,0.5366249764074286,1.4993830277046751,7.576416321179051,8.960719164334627,5.2821303573366105,5.711843470693465,-0.1536681541183959,-0.8465142644118796,-0.9848170076425198,0.5000721048794563,-1.247424332281724,2.500908229763201,4.255953398815975,-1.5439116268169626,-0.736549488204319,-0.8996643758240049,-0.6653127000085169,0.680772093079956,0.505418805971249,2.7172506075583787,0.37150858128395936,-0.7292938715286709,-0.7525244530087543,-0.7611682538804797
Bearing1_2,acc_00193.csv,-0.25861860286955024,2.7322307185008197,0.26068697856305467,1.0666722385735348,2.2302139578701903,0.6504891630970078,-0.7772103164305825,-0.9273109856783228,0.9658665709013842,0.21235418232217537,4.355598642046418,2.8294518577643113,-0.17019890516580782,0.13799433193846436,-0.8065043459008104,-0.5274352487148702,0.5986593675594689,0.9152185962218955,3.303552415300155,2.593636624912669,-0.23300452106448155,0.12643728660498318,1.5900339220425417,8.182357021131272,-7.117531615314452,5.798404721927799,6.21318508844343,-0.26159578283286894,-0.8298323217015123,-0.8812862378126273,0.4338010611727402,-1.1860412059094,3.0460919696505218,3.650651638274674,-1.6017147458110423,-0.7455677441238806,-0.8385785843432763,-0.6300863044710605,0.29491156247006767,0.592737664632069,3.3738193535290955,2.51346111667696,-1.9802418492826352,-0.7895510058359803,-0.7611682538804797
Bearing1_2,acc_00194.csv,-0.3745787214327618,1.639726203359885,-0.24135169208152218,0.5963834290861114,0.8461323102572035,0.6476763745232402,-0.445000122913231,-0.7248086964373256,0.6181219667515534,0.08537515214407493,2.297644481164375,0.3312895453696637,0.5646105805771061,-0.02103594646573139,-0.6612244216176271,-0.5792050650753647,0.6098680345821702,0.7339685018835604,1.9049700107787304,0.8154481920155291,0.829244578782978,-0.0068988979787301076,0.9467637514667981,4.714722617246774,-5.511799286157736,3.4467449483915673,3.7091391594868233,-0.3462955996217949,-0.7963736370922271,-0.6185926160307367,0.7874784106532824,-1.113300759162819,2.364823557796758,3.1138205343094545,-1.3133110553155407,-0.7532836263859297,-0.8285247247488708,-0.40844249346776734,0.656662033590094,-0.35140615236877676,3.882118505224774,2.3056567529706062,-2.0033649554646464,-0.7789953729532665,-0.7611682538804797
Bearing1_2,acc_00195.csv,-0.5240881436625727,-0.18930770661107152,0.29547487154441365,-0.46578835304180854,-0.2714009197703654,0.2478054786669128,-0.640441497600064,-0.3454337037377382,1.1462577972452128,0.4993770291692957,2.136370279746796,0.5474319571671016,-0.4237370908018933,-0.0947296751380134,-0.7041953931310893,0.16564437524550607,0.9679373543786269,0.9808958890640591,1.7822652602038112,0.21777168342283446,-0.3136277041087816,-0.11296364126677094,-0.05871500687529619,-0.20293937366784706,0.04446661943392976,-0.2910444754660411,-0.26854007185996887,-1.3811559964567355,-0.49457906570064875,0.9747022236579851,3.6149283383301856,-0.5008460783115278,0.8368897280688116,-0.23544873766607674,-1.8539792342838408,-0.7329328043785521,-0.519570638432875,1.3532858855812477,3.55969937031763,0.19315339426306802,0.7214009906884159,-0.810308628664292,-1.967573307552402,-0.7563066894974237,-0.7611682538804797
Bearing1_2,acc_00196.csv,-0.44002196149323314,-0.23124585497480282,0.34014831219686925,-0.4844951473730505,-0.6024687009114145,0.18489442396469732,-0.5801677645259921,-0.44355874253619726,1.4512366797890608,0.5672884832168165,1.239063715767647,0.4370739534497244,-0.5293755454407967,-0.1971976602092639,-0.7330967892863789,0.3940908903470228,1.2856670188823327,0.9037921864061965,1.1768190911884784,-0.00961193026409933,-0.4463638014492547,-0.20391680722484903,-0.044618248127759545,-0.19931645107986853,0.010535344873791134,-0.26238824394889365,-0.1797300341258948,-1.3868431178085259,-0.4702805827173736,0.9557133484597226,3.5959393250679597,-0.3941589739597842,0.679923507043889,-0.11950906698069902,-1.8693309382098764,-0.7339521387541919,-0.4813247563233469,1.925802796216803,3.1074114281098733,0.25932362561160577,0.28006792397923413,-0.3694728959213134,-1.8670708276907944,-0.7647542539662365,-0.7611682538804797
Bearing1_2,acc_00197.csv,-0.4782045498162029,-0.1886751869638231,0.489092965419241,-0.38796808862384186,-0.44456840206899106,0.32409764047229894,-0.6657181215770462,-0.6357118898765258,1.1875139634632998,0.9040632437852352,2.0125558661185736,0.7702549091091156,-0.5184904251775895,0.0055865287107610085,-0.7135210352120926,-0.3267021932095837,1.1254657079458967,1.2812769221804725,1.9678703301115368,0.3480969747396654,-0.4290066899910931,-0.008848219075930568,-0.004352466706560882,-0.16176717979064528,0.22584473204657082,-0.017885881488070795,-0.09284084709825915,-1.252868922818684,-0.3575853179921241,0.5455030215985106,2.8440240536139614,-0.1968320581850001,1.0563149423195837,0.3243525599738979,-1.7802644517395068,-0.7419007253247011,-0.4191378667176171,1.4714161219113167,2.431697788089351,0.4575223205518307,0.9182537712920957,-0.08346168048186237,-1.8212710513041606,-0.774528360777871,-0.7611682538804797
Bearing1_2,acc_00198.csv,-0.4967778121850576,-0.2006782124258413,0.1320247892436546,-0.38366552592765624,-0.4278840562402132,0.3219661377150134,-0.8585558263135291,-0.5225824967926007,1.582678871492824,0.6904410135862314,1.8395853811812546,0.4462262946942571,-0.5090783554828834,-0.012641262780965409,-0.8740518163679228,-0.2000822074273141,1.443146665596394,0.8454767881259748,2.211135201562348,0.8831911780621117,-0.4023168411581171,-0.0508324874576203,-0.005661588156452922,-0.19149435658537373,0.08589138756150326,-0.1865878896132132,-0.26902027489792096,-1.386302597595902,-0.5602027315979693,0.5675313356129386,3.7457247799789335,-0.14414085166250598,0.356681119772325,0.09067950523608531,-1.8688137005985725,-0.7336908771046325,-0.519256745834232,1.1096848900570042,3.389085540484253,0.3740866834459347,0.5489973931321303,-0.4050406674089852,-1.9484750928073606,-0.7530368531444082,-0.7611682538804797
Bearing1_2,acc_00199.csv,-0.41004176661699,0.8099174116663654,0.062065860808835645,0.44729027826611284,0.655050554930734,0.5198646705541585,-0.8318904953214845,-0.7613581381799278,1.0920575572785023,0.5494374258663487,3.582593192743608,1.6530145654309818,-0.4126388559573634,0.11955024520778154,-0.8788126290913605,-0.48819283247996703,0.9644455976884079,1.6295602179116275,2.7256073735526756,0.426718363694685,-0.21702581008759872,0.10287753113803481,0.4578278881568442,1.6006506153526916,0.659409990427794,1.9851230752562004,1.3203937628678846,-0.8383773263848746,-0.6485477033732369,-0.14952098640563039,1.7448786521398885,-0.7781894297847484,2.7603598032519208,1.3194689683939893,-1.8139916906898612,-0.7403566613389048,-0.6828078854466145,0.45447452278726247,1.7450285094597944,0.17890059993868412,3.1503860731678537,-0.14921049301228065,-1.9043376176244784,-0.7743280363252598,-0.7611682538804797
Bearing1_2,acc_00200.csv,-0.4420743540976946,-0.19032169526437517,0.539629235445888,-0.33970455924923754,-0.4268385780759846,0.368459808421292,-0.7190095801426369,-0.6372640437546494,1.4557713689199927,0.3347463679993463,1.5065051866895283,0.7421339808063947,-0.5382675442374752,0.100104426138238,-0.8043762621765153,-0.08053116280053936,1.2881240330755865,0.7000241805489935,1.3676758005456504,0.22366708607130573,-0.4518789278863128,0.09402937591425406,0.12013379995083197,-0.13664106041015453,0.13151429422513836,0.06253644567295605,-0.03244419951802225,-1.2801512096978442,-0.3487397264353548,0.6436393194827635,2.583260382094976,-0.4060224129506834,1.8339252758999252,0.10287082654094167,-1.8880934907723324,-0.7279061815335641,-0.49017781961344314,1.4113681970147267,2.4430741716374804,0.3931245026354929,1.5947720140042538,-0.4639292439055624,-1.9757241669251782,-0.7630454562730696,-0.7611682538804797
Bearing1_2,acc_00201.csv,-0.5108863323073726,-0.24484745143379105,0.23901498258469583,-0.5247147551852208,-0.6595564266974218,0.23179878142173513,-0.612196819405896,-0.5909631517366595,1.2643546516299011,0.8112545293649626,2.1151581006369877,0.5490243809327149,-0.5200941190021445,-0.13782213589882064,-0.6866098742158927,-0.15632214226888103,1.2256589453492661,0.8971807840309151,2.536690493425335,0.13396557264222664,-0.4617857772095021,-0.1360799819146542,-0.09833824489461518,-0.20140482194190826,-0.09841049543573666,-0.24313002384328378,-0.32439052043386857,-1.336453379892921,-0.46316423133893564,0.7699614209608616,3.334355608046119,-0.3295598455165882,0.9616624514958935,-0.13456184740742558,-1.8225308487578036,-0.7335345035153011,-0.46069330906389555,1.2839793211707498,3.1792076773126685,0.4789525156768691,0.5076183086402254,-0.5521691696466816,-1.8524569915652778,-0.752753755593633,-0.7611682538804797
Bearing1_2,acc_00202.csv,-0.2994145158281597,8.393780793204126,-6.881491696313649,1.5229309523125267,2.827153215340547,0.7763242998648621,-0.8303855450206897,-0.9129070588370022,0.5601349275752786,0.3391573348449081,3.794754637315244,3.70228451543484,-0.04028984954964886,0.379227298333507,-0.9359982303437491,-0.8562632203363816,0.45558921870093805,1.1797396799236612,2.3592704348484363,2.6718789820183244,0.04243156987381999,0.4656305007974727,1.8012124738559068,9.413015698940246,8.356180103248365,6.420984461501955,6.9997872582856875,-0.08960488409916448,-0.8509300650268927,-0.9934062046183395,0.24894920437516066,-1.1452399127317596,2.4201248603387175,4.481262873007747,-1.4728290659207828,-0.7425719988232601,-0.8634149481909934,-0.7122470602491985,1.0943522808626207,-0.529919901259281,0.9071594128396728,3.0302120704957063,-0.6359793884174567,-0.7622319922605885,-0.7611682538804797
Bearing1_2,acc_00203.csv,-0.21808980740616446,7.322566136952022,-5.242578208818049,1.7240289913733786,3.53299814969272,0.7041018072783554,-0.9416155553833349,-0.8066556491687357,1.0518419803890822,0.267650026641012,2.9222217277676816,2.4955223990150412,-0.09403940750118021,0.3409388568743089,-0.9442791522863634,-0.6018436599315166,0.8614830860187628,0.9454342100665635,2.7283464411616243,0.8876106960094544,-0.19261179547756827,0.3674902260757716,1.928945122270397,8.433165859699587,8.47152589531244,6.187266702300274,6.8009449426935715,-0.14409046511260368,-0.8680172491123275,-1.053620475510478,0.7477702018954123,-1.22811925965181,1.8077447595717213,4.639148455330639,-1.4520722441011609,-0.7456345371949372,-0.888292033043425,-0.4716084683398639,0.5200046149981958,1.0570831150527848,0.5771962746878976,4.69065375104586,-1.892746385072712,-0.7816050965152115,-0.7611682538804797
Bearing1_2,acc_00204.csv,-0.503281713382271,-0.2092197143432306,0.10894867087666549,-0.4175248236672042,-0.48910358142637006,0.22967290978428312,-0.6524022373601502,-0.5169686181756675,1.4179561230826776,0.670958381180712,1.744342522359041,0.2417955538124692,-0.473466532357112,-0.13423687678207324,-0.8011363060088115,0.08075388554990698,1.382064520553458,0.9127507496902451,1.9415373451695213,0.06212028697526915,-0.4328633028103555,-0.1352099878370207,-0.06573820905356766,-0.20722527182387465,-0.0874885521631659,-0.31816004937473985,-0.32365248332660496,-1.3624776136115526,-0.535124452178179,1.3880590100714594,3.136095102950322,-0.33267273632252464,1.0934936872735481,-0.33279487387385237,-1.8482345914785634,-0.7369035736267826,-0.5002839870667807,1.934730214629902,2.91513293635677,0.6117705291850389,0.678943746925924,-0.8706147390725316,-1.9238593385361829,-0.7631722280546959,-0.7611682538804797
Bearing1_2,acc_00205.csv,-0.5001220617351694,-0.22049744298479554,0.16169163534326467,-0.4990864469514193,-0.5292184885093716,0.405058669916039,-0.690847381856797,-0.6332963577696771,1.007876222913984,0.8089409680024946,2.0253836875247124,0.42463079681350385,-0.4075687862937856,0.12914004817817634,-0.7106569728882912,-0.32451411889033166,0.9505125083593238,1.2211288321012743,1.8058542688852415,0.04435484093470214,-0.2843890232575991,0.08724365263236408,-0.056426048055708035,-0.20090246951910393,0.101820363262962,-0.2777948200333815,-0.29050780495836404,-1.2413946709801713,-0.5118482468963323,0.8532352070671705,2.9464692976501485,-0.2999166650966928,1.1769831306013527,0.06240241896355156,-1.8071245970171717,-0.7285110105935995,-0.44328918535276957,1.5418790302253913,2.667968036907896,0.7935900710561102,0.7416665559753719,-0.6677273838302678,-1.842275579979212,-0.76240806466499,-0.7611682538804797
Bearing1_2,acc_00206.csv,-0.4614306409561058,0.6819315839755022,-0.36964445414776675,0.26751798474287725,0.5025985166745081,0.5257489239355435,-0.8027883051676962,-0.5852833162536718,1.0220647386323762,0.6011728248147921,2.025414705169128,2.0290571781006834,-0.34556604092889404,0.21149593137390635,-0.9208938753738218,-0.17529228843260017,1.0087749452191317,1.0242497549037768,1.8626144473729362,0.4660451907729284,-0.0033319309745526837,0.1292948463389516,0.5623147547955523,2.857797107336672,-0.784002836364498,2.536986630602557,2.1823226891984278,-0.6497164552639499,-0.7005380793709522,-0.2503070502635908,1.4354866823044872,-0.9639407346689015,1.8500728233889367,3.0455024005652302,-1.7179896023212906,-0.732818667696099,-0.7273899954344327,0.013884735988068726,1.2087876040810122,-0.3825141020281235,3.3719993467175833,1.1611243395003434,-1.7570775110244328,-0.7654484826161124,-0.7611682538804797
Bearing1_2,acc_00207.csv,-0.5204692699041871,-0.21941349513257208,0.30684112190336554,-0.48468221531636296,-0.486543171637694,0.2545811901527628,-0.5419891721523958,-0.5471007202546394,1.0280134981999196,0.7225121311376798,2.1336870680791735,0.5313097880610129,-0.4036745216735607,-0.07716577155042398,-0.7036656355237817,-0.03143410504829671,0.9545938377183304,1.1761362060965874,2.13231115801876,0.39539226143392,-0.46270186784596784,-0.061412335035157625,-0.09230627816188128,-0.21095276819514566,0.10980278667769729,-0.3101486298108062,-0.3633948665303767,-1.3480153400255537,-0.34985241047088456,0.7672776338337369,3.249933105243425,-0.2256891278505763,1.0358880836351043,-0.30492964552352836,-1.834789800033467,-0.7293959868690073,-0.20324453924564206,1.1726943906753027,2.9552249428019444,0.7143837532734041,0.8004204174221154,-0.8214270909546826,-1.925076797705039,-0.7571618024378501,-0.7611682538804797
Bearing1_2,acc_00208.csv,-0.488197274090649,-0.2216429031122686,0.047082511507866166,-0.5060079608539788,-0.48534368973139896,0.24861302450557438,-0.7311566370205181,-0.459484297486378,1.5566175699291418,0.39078815482145507,1.451443509875365,0.18643445189247887,-0.5101523284151441,-0.07988679801388211,-0.7498625668694566,0.1270835679474207,1.3405123912406882,0.5439461844553451,1.7165771040589968,0.09122632677617111,-0.41877513086887175,-0.10160044711316431,-0.07858230596996388,-0.20264323056875935,0.07137663137116405,-0.283495253184642,-0.27208367320073673,-1.4219188336108726,-0.4261476012450982,1.2337071442690328,3.6565004484317596,-0.6107817471712952,0.6331640246873089,-0.1537327096400998,-1.8460388162113528,-0.7331149211296283,-0.0526922364256977,1.4552346814635015,3.501635037148982,-0.0935977876794785,0.47272689012817093,-0.5857181311815798,-1.9591436649693308,-0.7556381062967931,-0.7611682538804797
Bearing1_2,acc_00209.csv,-0.46070562164763385,0.7435471843868111,-0.7057187059051413,0.2581645875772563,0.6349090229452584,0.583857224857007,-0.788658479763651,-0.7421375366473346,1.0099623693421718,0.48332536557385974,2.449527297577596,0.7787300654431056,0.4422704661034825,0.021946575589792426,-0.8303310550541647,-0.2894457133801111,0.7601625417754723,0.8249795180581075,2.3496780535109174,0.4557283788591297,0.9086125833731815,-0.09747026371230566,0.5272156223890077,2.7324111700371985,-3.0317905319613065,2.474127800177847,2.023631860564779,-0.5514781787305377,-0.7087513677108149,-0.45490211738669695,1.2763177581129244,-0.9901787956989048,2.11672466027104,2.6744009695007094,-1.4758823345443017,-0.7452565742627077,-0.7727740357017485,0.12083757447176456,0.931752416244866,-0.04340877264478494,2.0922290952646727,0.742388299947935,-0.8191905569956093,-0.7355099461915153,-0.7611682538804797
Bearing1_2,acc_00210.csv,-0.47910646785867794,-0.22935050921071384,-0.03042997614553493,-0.5198509886590978,-0.7404752597250841,0.22501158967679924,-0.2653256352204272,-0.6580847782484899,0.9552907152941682,0.4385280782368189,1.7040920533917048,0.5770827826189162,-0.5625577280469644,-0.15796721258218563,-0.4265528820000326,-0.1279109111929074,0.7656247377617016,0.9603866678703011,1.7538253312668086,0.21655146928595395,-0.4365768369892637,-0.13438452844367438,-0.06666554239220973,-0.20245028872881624,-0.05606046145050281,-0.32848245535134674,-0.20964424834939865,-1.3939133706824356,-0.1799534148384295,1.0040791435001983,3.084767773054113,-0.2336950820895284,1.0695810662962628,-0.2931597606291912,-1.8789596368986377,-0.7292081715208744,-0.274611340309214,2.055756025463879,3.075330073616309,0.30969032571536376,0.657943379069681,-0.9165882189643956,-1.9855598462256858,-0.7582290732852017,-0.7611682538804797
Bearing1_2,acc_00211.csv,-0.5118025273446644,-0.17879753928309589,0.30962284358985626,-0.385349137417468,-0.3334356338659574,0.23987084826049235,-0.6437870651621952,-0.35867894446686216,1.0683782454691595,0.835359157238652,1.9700600247979652,1.860482058684295,-0.44425295615107674,-0.17502113977041192,-0.746106868396487,0.1618548646789217,0.9577423578645612,1.4112801737815837,1.9567735660187942,0.6685764580208238,-0.4763170103820858,-0.14791365049436747,-0.02134422274979149,-0.17216120125562404,-0.037829746024697304,0.012311007637525436,-0.16901440168171528,-1.2988353308443172,-0.5229907572111522,0.9145390267253959,3.4763824089354394,-0.5491667464528912,0.7524665063081368,0.09473357487612936,-1.7946537005702219,-0.7387513081723986,-0.46278138730238816,1.7516091697090141,2.9290623167787295,0.32867934672920474,0.6446804133903502,-0.39004456057933995,-1.9174031629868746,-0.7658368439434244,-0.7611682538804797
Bearing1_2,acc_00212.csv,-0.48381967992863684,-0.22400909820698153,0.33227462898406374,-0.49328734070873426,-0.4709861827128919,0.2234460000034253,-0.6369279878239461,-0.43723225493561946,1.3737064937902477,0.4055429469764318,1.4515023295176035,0.6436578746811062,-0.48132463430801486,-0.07683150203430729,-0.7713976013039613,0.33302212980192464,1.0567624961143143,0.6055292385990948,1.6171077582824946,0.23311758929766715,-0.3829696319533842,-0.04957827963504767,-0.0033700885906810187,-0.19774643556499988,-0.03169308897453185,-0.1901314021126455,-0.2785183205241871,-1.32604696679946,-0.4060876546449741,0.861398894739103,3.463263983103853,-0.5449712457758036,0.7837978549288842,0.07737100731678029,-1.8278131037975924,-0.7341956668009981,-0.4011662781946733,1.6912180529804013,3.0352719586903443,0.43096302799146896,0.49539730980826363,-0.7611520018186722,-1.805262968878118,-0.750616047952171,-0.7611682538804797
Bearing1_2,acc_00213.csv,-0.4376522307257522,0.7381208851892679,-1.5410797521486457,0.2166355041618992,0.7414513602979506,0.527060309185938,-0.8868844162859338,-0.4693010349939001,1.0101033843822689,0.44980551836611543,3.4328323356328596,2.4778136079961444,-0.349250933536148,0.11262949777272026,-0.8988356999672534,-0.3484968993979249,1.1747267649525095,0.9227835074653039,2.4825263665800525,1.1774447801102106,-0.3460166336167684,0.09562643667287957,0.6520474946877562,2.5044973759966296,3.0270084727800617,2.679343393623225,2.0833700047066226,-0.6511336270669749,-0.7576372276079341,-0.3688078563002336,1.5415077580614165,-0.9869512890755004,2.363893700417574,2.486321224237992,-1.757420287699472,-0.7346999225409949,-0.7942535493226958,0.11912166875348293,1.5517905910732654,0.5367853538492939,1.2439406834423394,2.6099180087477465,-2.016525504844534,-0.7775285008947272,-0.7611682538804797
Bearing1_2,acc_00214.csv,-0.42948473435136914,0.7094070891749784,-0.4685454742435752,0.382751837823328,0.4063332839976426,0.43710529180916735,-0.7411646218287848,-0.678472462497465,1.0710602353556493,0.47833365536580463,3.38569406761511,2.889361360829676,-0.4018202000952392,0.014334331582233706,-0.8028174099699912,-0.22210871413471642,1.1778798345971404,0.5822330723753344,2.5262897872280896,0.6730794849326202,-0.2896677898794438,0.011771632592758338,0.6094479236066733,3.425415571298414,-4.158845422729182,2.686738550143779,2.2802011719159267,-0.7043858292507846,-0.7538598051091806,-0.49460722016960335,1.7705105032740491,-0.8452341438381092,2.3555748843839637,2.141933353622344,-1.7916221808007522,-0.7375188328522161,-0.7432565001526618,-0.21147204308674133,1.7136581888643931,0.061051349296153676,0.9622852880556427,2.5590835778123657,-1.5341649210589536,-0.770236539464418,-0.7611682538804797
Bearing1_2,acc_00215.csv,-0.4616845646700648,-0.20660607149344942,0.22298794395134197,-0.39563787429965114,-0.5430058660799352,0.3378924019338733,-0.46079599793912523,-0.72165596147717,1.0411879528585901,0.4010727665466085,1.813850956652254,0.43954768570521985,-0.3829696045625698,-0.012301975371634655,-0.6038557482292486,0.0024777093712003676,0.7792303592319084,0.8036970674422098,1.5970248566086906,0.1012947300097313,-0.2986741443006227,0.009705574755857219,-0.02138795151753691,-0.1605612120878094,0.20497278204492286,0.08472191523461864,-0.1793303597393702,-1.2632065268576504,-0.5414144210850297,0.5081531569765751,3.404416659043085,-0.2997474719428829,1.0420913756864774,-0.1619952606079644,-1.8080262130024416,-0.7331203455795618,-0.47046624821152905,0.9466099502297335,3.338639503267431,0.23409410885259743,0.7435213433812455,-0.37595011836749737,-1.9070576717253458,-0.753598311308611,-0.7611682538804797
Bearing1_2,acc_00216.csv,-0.4848443254687692,-0.19015813279949417,0.27201894857068476,-0.443714335730943,-0.3488217604268482,0.26083141051547054,-0.524647865882757,-0.5478696659529364,1.129569679975815,0.41636119421864914,1.976577000372425,0.5592903182686054,-0.449402696739767,-0.09175475417926862,-0.5627273568343745,-0.35084801435248475,1.007492106247909,0.8843820664682048,1.8646033082356344,0.18155978131281625,-0.3061270435247603,-0.04127282074910286,-0.06576289527916519,-0.1956231693483491,0.006304495279761217,-0.24081903743061064,-0.25671060236381854,-1.340182483300158,-0.4662764553981786,0.9496873786552398,3.464003757772359,-0.4136757617570173,0.9140571715864015,-0.2601837969493619,-1.8316847318969722,-0.7361337484415893,-0.49046372252967535,1.7690033443465707,2.999360118882797,0.29702040894000786,0.5612619352510452,-0.5921977882065577,-1.8303414820078787,-0.7431635258149295,-0.7611682538804797
Bearing1_2,acc_00217.csv,-0.442897818196241,-0.19454320796202787,0.32423454270920354,-0.40910676621814535,-0.42224310157853834,0.18885955519593317,-0.5644109028209798,-0.43967682388338497,1.2380556857474958,0.2914754509349401,2.0687306727912635,0.4223680695956388,-0.5106994146535409,-0.10663122029356967,-0.6848596341582389,0.218561629614629,1.085177511390124,0.9411696440277265,1.4282601076079697,-0.18247488363381872,-0.3659656113261759,-0.12073345766705793,-0.03587733081331903,-0.1906666687916325,0.014698739411350449,-0.092607775497837,-0.2398004827338657,-1.3285742666415998,-0.34876805863272314,0.5277602877045278,3.3673408665108475,-0.46142084613489837,0.9753811877794675,0.05262899788613519,-1.813423453626009,-0.738664979708783,-0.2728254726463183,1.3542284571567418,2.9899572707361837,0.14447388182312193,0.7139668954089364,-0.22926245769383222,-1.888810333959503,-0.7637145483952477,-0.7611682538804797
Bearing1_2,acc_00218.csv,-0.5390603741759621,-0.22425983524360082,0.2708930514844507,-0.47458054637749225,-0.5136741136246188,0.3086943150430195,-0.6463549862513769,-0.5140801737048892,1.0644801955212897,0.6678260402193636,2.3450963985394417,0.9080372675742973,-0.3497803321183566,-0.04273765318464285,-0.6958516763434849,-0.11282131153054549,0.9011190080556714,0.9628037730894305,2.4954903276571048,0.20441567616933615,-0.23796995465999293,-0.06248986292323124,-0.10889044770532123,-0.20377806386429337,0.07650161807081554,-0.3123055504626345,-0.25291734640326585,-1.381143053123184,-0.46586966962335163,1.636459099846197,3.044053168294993,-0.18561907088660737,0.7738353739401161,-0.29590315854046123,-1.808433936511941,-0.7341683952698975,-0.47564157144031066,1.9802088190062834,2.9334299688059366,0.32945701969252017,0.8007752907615207,-0.8548741144698552,-1.877181840270568,-0.7634179423175198,-0.7611682538804797
Bearing1_2,acc_00219.csv,-0.254483863769005,3.4231889490606666,-1.6073956649681578,1.0737808204194068,2.5228107426334097,0.9685825195160765,-0.8888814703571138,-1.1288512283981003,0.6135385913423423,0.07041279057200288,2.9948798694776952,2.2196975530972165,-0.26993872386834705,0.882899795819448,-1.0035885663464934,-0.8317734631183085,0.6091260437685441,0.532640132759536,1.8690758079476397,0.5579429407997295,0.4677348105128449,0.6703336091919855,1.1725777507747315,5.457491731363422,-4.866495936293212,4.141735595562816,4.50275318667145,-0.30643422463320136,-0.7669932279484072,-0.7678227343553303,0.7286448150115555,-1.1819306294494072,3.3894801981745113,2.6891867492764665,-1.6566422119281055,-0.7188613747620616,-0.8310368496455341,-0.5494265325357773,0.3830176906988344,-0.17390082316476843,1.5717996806115901,3.4511344605354832,-1.0086728747664575,-0.7706685131660942,-0.7611682538804797
Bearing1_2,acc_00220.csv,-0.4963756636225435,-0.2120269157960152,0.21245671000149335,-0.48524341914630026,-0.5428791132616395,0.39166831340451935,-0.45115666817248856,-0.7962482541124826,0.9770924612954355,0.5904182295550298,1.8030150140753,0.29973164688666787,-0.27739807075277556,0.01817140337670474,-0.5802262354203553,-0.3819178673968644,0.8573633766642732,1.0626987650442834,1.6982082792151034,-0.0894667623281839,-0.2573855990494569,0.0625623534695476,-0.08261526029367011,-0.20219915632716623,-0.01319252222770859,-0.2965908428564568,-0.28562861605191736,-1.2777639708026847,-0.30906319774085605,1.0203592833510378,3.0930968712696707,-0.3413274924740157,0.8584847410444811,0.005173102801275936,-1.8021134395365208,-0.723499056244573,-0.327372148763806,1.5298498355832568,3.012909665753011,0.3643483379761023,0.4406829521825916,-0.4529517976477766,-1.838361232251341,-0.7478013026651319,-0.7611682538804797
Bearing1_2,acc_00221.csv,-0.5211634203546468,-0.19124056966186867,0.07992519903998083,-0.42931010409588666,-0.4091581279509224,0.26690308365751114,-0.5513937682517577,-0.4977051082280855,0.9997718185960769,0.8216300427295281,2.253585785391958,0.6423279080593286,-0.4031639733960809,-0.13299867881353772,-0.6722796150338775,0.1753828667836463,0.7437062389908523,1.1041805459485448,2.4155893806440014,-0.006294942374083739,-0.3170211681319053,-0.11679583854094998,-0.08296169461904969,-0.2063874907050769,0.09591955846004506,-0.3038319336161661,-0.3148882738614236,-1.3628897129148656,-0.4964048200750235,1.425268120001893,2.962908510690684,-0.4420353255906854,1.2452658737712063,-0.20015542855453458,-1.832630108383335,-0.7413581108990075,-0.4699392587533586,1.6800795879973944,2.799281832135319,0.44832888031532975,0.8538923740243605,-0.6129352677014938,-1.8853375403290946,-0.7575930975756174,-0.7611682538804797
Bearing1_2,acc_00222.csv,-0.4965109011999429,-0.18993232578090413,0.06627789443418032,-0.38740688479390456,-0.3803849481794728,0.4347979785650209,-0.5356035735915926,-0.7264365368338633,0.7178118119459254,0.747792896924078,1.9859823908219316,0.5451400298609654,-0.4353391614047667,0.24856085515296675,-0.6290327607054051,-0.30808019125504793,0.4601029977938261,1.469879919826346,1.7188461424938322,0.0656696916125158,0.002039672797240535,0.11258612121419125,-0.06908298933280513,-0.1954986603288106,0.008976018018352546,-0.246673536342716,-0.25143250706598774,-1.2840186218185168,-0.48153516477854214,0.9910703510317811,3.0991700844029486,-0.4160705619710406,1.1380895006495912,-0.029341355430392426,-1.864199501008047,-0.7082318077115459,-0.3490252435432398,1.701164965708648,2.6421239193660675,0.7419731914912052,0.7286581467263522,-0.678712894737674,-1.9130306166541038,-0.7482551209089772,-0.7611682538804797
Bearing1_2,acc_00223.csv,-0.30957760471588275,4.569865679444414,-4.795402752018221,1.075090296022594,2.277391726257537,0.8238770932793786,-0.831784343775333,-0.8886858854500421,0.5282400109903536,0.18221295258829642,3.1169518161493635,2.65846013399741,-0.43679783788530924,0.7401742031448566,-0.9277084157876724,-0.7608065524322757,0.43978089581956625,1.1427228169606294,2.0466267277724874,0.32837425095517814,-0.16157929579754426,0.720201038765067,1.188480770753523,6.245707591789686,7.494818273378359,4.242032405872832,4.431842195114168,-0.29275484715665634,-0.8364165422448469,-0.6584626888266993,0.6076363084835463,-1.2491944509752722,3.008239109240868,3.4242613329090292,-1.6512788111973498,-0.7300195059947914,-0.8416082721943248,-0.5409380540446715,0.13652318580564946,-0.1755633643136998,1.4056850324387387,4.55225431852542,-1.3143586670873018,-0.7521839461687526,-0.7611682538804797
Bearing1_2,acc_00224.csv,-0.5348736747719454,-0.20392464987439243,0.3101178595117771,-0.5015183302144808,-0.43466342575523026,0.4115436050469152,-0.7669196010873893,-0.631875780345387,1.0135906020701784,1.1431643561479574,2.587273678179249,0.6996012067513206,-0.40571173000401234,0.07352986968315503,-0.8070603197104075,-0.19590927180958628,0.8094887683071225,1.6623794799445548,2.5300600151347457,0.11411994325683818,-0.318428954169968,0.04177923226733902,-0.08124599675778393,-0.20062265511698002,-0.06240235162651213,-0.30568072274630465,-0.28126059176750745,-1.2522076395925967,-0.5958493785874038,1.132319842723302,2.6954672319501523,-0.20933490013325537,1.4589424309125831,-0.08172250510605167,-1.848674426092075,-0.7311879607407141,-0.4146890740611052,1.4980726525843646,2.554432073478908,0.8025656404678253,0.775941155242436,-0.42334453987003984,-1.9124651574244576,-0.7557800260522993,-0.7611682538804797
Bearing1_2,acc_00225.csv,-0.5362925699442385,-0.2337574805723753,0.2721550477316933,-0.48861064212592376,-0.512738425754541,0.34543825282831775,-0.7109335122601622,-0.6401614600134168,1.3039690256532586,0.5088534455058445,1.8314580991087517,1.0425957246625035,-0.3312014978762329,0.02536081499646804,-0.8064847563575345,0.1261938678178169,0.8953779996772112,0.7820093719106831,2.0046376886292037,0.21076537855843616,-0.1305885251808563,0.011040457945071991,-0.02624259235406778,-0.20413668267675528,0.03208169539732594,-0.24728979938609552,-0.31724504928650266,-1.3556596773310483,-0.5212026291172807,0.733624227379493,3.574032398132515,-0.521493261867701,1.0863730443663426,-0.2833341742359976,-1.8474745146300307,-0.7329711318970457,-0.5374595840623245,1.5490328618292954,3.0977472410896034,0.45956773639972653,0.908817980294817,-0.8606571612664862,-1.9381837713157204,-0.7596731908934136,-0.7611682538804797
Bearing1_2,acc_00226.csv,-0.516337798391686,-0.20772415211761064,0.2544401108826636,-0.4497005099169404,-0.47456999449106557,0.3005264676253402,-0.4480766558211814,-0.6832083991891956,0.9253356341097809,0.6284891452088213,1.7639117770530746,0.7503886300822767,-0.5055810995541914,0.051379016463876916,-0.5538726872951726,-0.35378321241615823,0.911089215831131,1.111637617065231,1.6950572674306894,-0.19132958641872524,-0.3695555258318187,0.027167180553659315,-0.06150677880358172,-0.1954654636470891,0.1119502006801264,-0.19675622982897517,-0.22142156755982778,-1.3746595327279745,-0.36744885264019417,0.813035426757937,3.4244229657247125,-0.28110044089844644,0.9466128363574546,-0.38890387968440976,-1.83127124837496,-0.7346673013884678,-0.42414960220140113,1.0925547473181016,3.5852579149836155,0.5238883333283353,0.5169860013406383,-0.9240593860878167,-1.9196022870216132,-0.7645758559997008,-0.7611682538804797
Bearing1_2,acc_00227.csv,-0.4660561206515959,-0.09035782162385715,-0.056552021411911985,-0.23475944305097,0.010473918266775675,0.4435445331523204,-0.5410471252816723,-0.8182837319391079,0.9859652751641723,0.44545250308142353,2.139216812878045,0.5856039103374587,-0.20310781508310638,0.06419835194191793,-0.6465147012961265,-0.3457140640795749,0.875856562364347,1.1155365792143208,1.4264120323615235,0.10468919188226358,-0.006649735987796168,0.036939223446005136,0.05057439600385279,-0.06135494404245561,0.6989309445368358,0.3447849195407742,0.0437218505567611,-1.1436345061729252,-0.29745761173884305,0.8450422706381697,2.7530375763946044,-0.626467923789853,1.034239014456214,0.628015914832439,-1.7198848913329474,-0.7345033065273018,-0.4232117708129487,1.5639867806701697,2.3958923853169507,0.4511411126497789,0.5866679130615821,0.09492688447975849,-1.7283699395088068,-0.7666687426019584,-0.7611682538804797
Bearing1_2,acc_00228.csv,-0.5171009053863879,-0.21190335087926004,0.14520018469309395,-0.4747676143208047,-0.45816094010453856,0.23947478734020072,-0.5393082591644661,-0.4699438721792203,1.1326838169468358,0.5932901328467781,2.000513272696201,0.84661885716334,-0.4956719038192453,-0.12494398854731659,-0.6745369094709767,-0.09643225110542962,1.2323155659380245,0.9971177919462214,1.8206886581644646,0.2570363562767878,-0.368873946405704,-0.1541672720792761,-0.08007281752887628,-0.2077969518604405,0.09080173299960258,-0.3095323667674266,-0.30881154637999364,-1.406186825400577,-0.4767565050598222,1.2620898053882414,3.5698697292689237,-0.44249127881641986,0.6345332940585237,-0.20064245878404496,-1.85947579502323,-0.7313519970608724,-0.2818652332889754,1.9272698060371345,3.167631160712427,0.37497811276673365,0.34482139743321266,-0.7970205788454455,-1.90988450494998,-0.7553191837108645,-0.7611682538804797
Bearing1_2,acc_00229.csv,-0.2010213057295849,3.5825292080068945,-1.3406613239684435,1.2335368440082133,3.696941134063876,0.9441451408476683,-1.0913684448035728,-0.9884112626634738,0.5217755539412973,0.30541353471837085,4.982674915635579,4.682025763607545,-0.25111569171225384,0.6963530859117704,-1.1067530748988847,-0.8311549423116887,0.251087357436742,0.9389467827752014,3.4277493231518306,3.862424211334677,-0.2996892335224788,0.6799053323424542,2.085672011156088,5.167872103021278,-3.210387606579839,6.06524661971113,6.986276700648225,-0.12881803624916036,-0.8815975409792849,-1.027247274881901,0.14167580847965922,-1.328252861420194,3.205851373028767,4.364007636788274,-1.6881539486726203,-0.7400963032966955,-0.8932047855961185,-0.9442399312942529,0.19486498912841166,-0.048831094592305384,3.4843100298944853,3.073895480954653,-1.7463378979136515,-0.7627839041026535,-0.7611682538804797
Bearing1_2,acc_00230.csv,-0.2728870502722813,4.900974609229997,-4.815970104276297,1.1776035289578002,2.6780789393289504,0.7511295113602992,-0.8569590101619843,-0.7282325141239705,0.6931173989308634,0.11996406538580331,3.637902203363433,3.666074577629609,-0.3221615327917392,0.4334824343801534,-0.95523105589889,-0.35583085730038466,0.4332997846217846,0.6170023070973061,3.041651988009845,2.7000576411955803,-0.2382923424699079,0.37904014389431656,1.3762880671574445,6.82236910132208,6.821193610200618,4.63228097809291,5.298118279035586,-0.3007036520425823,-0.8481181586086141,-0.8779633637017848,0.6703056492961571,-1.227229705497557,3.067364145864505,3.451132082152087,-1.6726999205164672,-0.7348093784623951,-0.8768278016211187,-0.5937430292193614,1.8507488478658354,-0.37489629040301076,2.184799249485624,3.005066735462663,-2.124395587039897,-0.7750803876467295,-0.7611682538804797
Bearing1_2,acc_00231.csv,-0.491654156553517,-0.137326781712716,0.09930581089739508,-0.37880175940153327,-0.19924075763791296,0.5845363342666275,-0.7335406058382407,-0.8398882789797204,1.0023678991862108,0.26572684347855247,1.8371008095041181,0.9651209816094908,-0.5043706626109205,0.49664725235205265,-0.8457780248225468,-0.2668681864321529,0.8374909301298659,0.7130483323436164,1.4032727935232698,0.13378009326458604,-0.4337716661931506,0.4546905319460703,-0.049415926146674484,-0.18962585765447135,0.026015034935167214,-0.19105579667771466,-0.21429442708160545,-1.2814872331944445,-0.4822231302241166,0.8617277033681643,3.2176636481840757,-0.32432239234484295,0.7544571142862857,0.3005835413702192,-1.8710288138682176,-0.7204429846238872,-0.5284421352162455,1.567452759507695,2.851203396252094,0.371622162702522,0.5498628142045427,0.020091808587212538,-1.9516904085129931,-0.7513541031645541,-0.7611682538804797
Bearing1_2,acc_00232.csv,-0.2285802784059231,5.4920876124669675,-2.043795788132303,1.5728780931769433,3.547897119620016,0.9932804676620063,-1.0298921108566905,-0.96217458268201,0.5536257788498651,0.0021003820921001244,2.851094844929729,3.2641265471902265,-0.3422093259038062,1.0135842415076666,-1.0565178777985473,-1.0128494074479408,0.48083239922853627,0.6501782919753256,1.0686898601869501,2.828979153028768,-0.203817431563042,0.980030252755451,1.4667510026484551,7.926103166484045,-1.3338502795150924,5.418016358401793,5.9439965232765495,-0.19483586554900723,-0.8224229091964644,-0.9436077590354305,0.43972541824779926,-1.2036832267212971,3.0922325551937133,3.648353467250101,-1.6328815302907578,-0.7245314813553032,-0.8673359092964912,-0.7198495918680154,0.6161336779405785,-0.25450882920907947,1.26944126274774,3.0449954673110136,-0.7915369071465514,-0.6886513363146428,-0.7611682538804797
Bearing1_2,acc_00233.csv,-0.4858658480706516,-0.19591376604724578,0.16182291345063116,-0.39395426280983925,-0.4320330525884307,0.448898333408537,-0.6843957727751127,-0.6730076304640024,1.0639466106959536,0.5147353141914249,1.9636140074127606,0.7932992741613722,-0.5143740072910172,0.23152618094889796,-0.822333053187295,-0.3473151528715606,1.1179607582580393,0.7870215649413009,1.8677688528352652,0.42828886265632515,-0.3156869815226996,0.19006017414265547,-0.027247575913649746,-0.20269492639429762,0.10114710728392827,-0.2805680037285894,-0.2765158194563031,-1.367467908910151,-0.4110076721354765,1.1364996138260344,3.341354960671565,-0.39430211481553107,0.8525097603800922,-0.1699076154935199,-1.886445272369413,-0.7073535963592585,-0.23425751826728164,1.5312203483519522,3.1269110546935046,0.23688490224798706,0.6212137942904039,-0.5529246239081509,-1.9687776306385034,-0.736917823157391,-0.7611682538804797
Bearing1_2,acc_00234.csv,-0.5061550841745148,-0.1799657931871418,-0.12608506303944733,-0.41995670693026566,-0.3917838318642517,0.48532986116555055,-0.6065430684443845,-0.5984618972885941,0.8035480037626181,0.17408429932387748,1.9007043403900263,0.7676537920782471,-0.5243426988164319,0.3853146478742632,-0.7189066249738096,-0.27925296732345833,0.6569813293097533,0.5021897314734552,1.5957478403543228,0.517971230301164,-0.37244048514896516,0.3794101370826383,-0.10994211394525163,-0.19194520839016677,-0.11250220191160938,-0.20353512330614992,-0.19562760331467657,-1.3795619739838347,-0.4048421078124211,1.6717145733176713,2.807778523473207,-0.44133700523980346,1.3317121775056484,-0.2968762646246683,-1.8716643599567353,-0.7223675726911085,-0.4064319612912365,2.268858284576895,2.4928941654850365,0.472327914629892,0.9329611383807367,-0.7240026522033799,-1.9587252647912674,-0.7483105447129409,-0.7611682538804797
Bearing1_2,acc_00235.csv,-0.37398808477125833,0.578631251524178,-0.4294645836400788,0.2632154220466917,0.9254178513517355,0.590094889381231,-0.7153274108274222,-0.8065933044275498,0.8184183586568623,0.31241114019178284,2.9389123028860227,2.109685152633401,-0.43973520643155156,0.3711722584808133,-0.8789478282927307,-0.20646262586461964,0.6950045834780275,0.47766398995850445,2.76873884600627,0.6447902476112902,-0.28584374452906874,0.3312138839474422,1.0015000927295632,2.8418543001167667,1.1993009683312654,2.9998001761805733,3.4956200690701182,-0.5558196476496823,-0.7977142601264551,-0.6077956732431743,0.8033188995495386,-1.2414351793569902,3.6209652702110406,2.650460173896722,-1.7966721520251392,-0.7517281010721591,-0.8106654833558012,-0.4170679472096306,0.41404202008551727,0.09484251096590494,3.724681014157248,1.4877782501271115,-1.5695212671390486,-0.7823079134772535,-0.7611682538804797
Bearing1_2,acc_00236.csv,-0.2637811275513237,2.535715089161797,-3.450753428729362,0.8347079888661345,2.235665307875758,0.7925505185252403,-0.8697063315324587,-0.9419216098078625,0.367572964365195,0.26695813442684996,6.258957614737842,4.105951443795122,-0.45834551135212054,0.48039381531583675,-1.0269239164365913,-0.8438267422349649,0.25635128211743213,1.1017403576164915,4.684980965424726,0.6155304253349064,-0.47013685310192693,0.7319835487668838,1.44958388114796,3.882312260122654,4.52731811466933,4.487459162898724,4.515038053331361,-0.375631717010157,-0.7321886510125889,-0.9455471255565651,0.42070067161475744,-1.2003420375007294,3.3187772969843343,3.698878793587556,-1.782736441421551,-0.7490090244625504,-0.809586063789338,-0.8539774791855586,0.1493862396570221,0.19224736751501326,4.567030208633679,1.3430957711010074,-1.6949648588627673,-0.7744175779288902,-0.7611682538804797
Bearing1_2,acc_00237.csv,-0.4844329337089535,-0.18412321387525213,0.2167282542573284,-0.40368179586208514,-0.38010529023236544,0.3340082932534138,-0.6096590312682464,-0.6469379880631904,1.0186044481731165,0.4993611672424456,1.70060347986766,0.21148398293181786,-0.5510033148588346,0.2208048457868353,-0.6959165940957396,-0.22229452022044544,0.7693062541158848,0.7579816445494245,1.7996806984890972,-0.22403865159607203,-0.4815302220104311,0.2909089524991299,-0.025739234888485178,-0.19927727592226663,-0.023565044303173147,-0.25006298308130337,-0.2619577773793388,-1.4139099170912663,-0.4501673364055037,1.2215386410162523,3.3588372585822857,-0.4354800359721023,1.1305361298285683,-0.4790550774738629,-1.8876018652923243,-0.723575730456119,-0.5244921879796043,1.4150791112721661,3.2512598101084484,0.4274253234560609,0.8416211342740476,-0.7724627856293689,-2.00864923438427,-0.7475395602133171,-0.7611682538804797
Bearing1_2,acc_00238.csv,-0.38298066292390537,1.290343476331525,-1.0914137673573168,0.5821662653943673,0.813683345567243,0.6110105053906284,-0.8780200873188893,-0.4569419543061369,0.8461370410554163,0.2729051781187873,2.2175104541089543,1.9162783009385396,-0.4102340359478604,0.4486986620551417,-0.8815826376738701,-0.14629169146316884,0.5131078587333963,0.714058237753161,1.8777434914704236,1.1738186272041182,-0.2680603487475726,0.4122138447199235,0.6535957881915677,2.967724228812749,0.4946413024571415,2.779023940889862,2.48048042586998,-0.6282660875156705,-0.739205178226908,-0.02067106930991848,1.359508907687833,-1.064965689742734,2.2147186828391003,2.7161834586421567,-1.7253707725962095,-0.7357108602151268,-0.7259780515537708,0.2830127867878345,1.669269691022025,0.3833648118002353,0.7471995000890546,1.242556929243784,-1.1166714159071869,-0.7668026664318213,-0.7611682538804797
Bearing1_2,acc_00239.csv,-0.391162274451704,0.6696324678973018,-0.5160176233598666,0.38593199285963903,0.6630779096662069,0.7001087454851244,-0.8947543135509142,-0.7336500746132294,0.9100361004209304,0.1721981775007262,2.1767683594410983,1.5384713572538433,-0.34381315611517743,0.5916591213154209,-0.9017116783047624,-0.555843231686396,0.722079556646054,0.673864207878273,1.924067518823106,0.2876260736866317,-0.10838604695331912,0.5409791843938183,0.4973842215563308,2.9786777895998267,-1.5176028386595466,2.6072406175478218,2.094846811145659,-0.5945578655842121,-0.7126524638162272,-0.2734373580280561,1.5170388048414312,-1.094856090735188,2.701404118998281,1.768827098019243,-1.5890996367375163,-0.7262511550923015,-0.7162389086730535,0.23238329441863712,1.1159768415353117,0.3299456262767736,2.828508176849248,-0.6142990398347052,-0.9521308628368071,-0.776928944813897,-0.7611682538804797
Bearing1_2,acc_00240.csv,-0.3844208653209836,0.532246875047063,-0.5870918731942845,0.21476482472877487,0.5838910917470564,0.5652032460239553,-0.6185715038567035,-0.8385506716689036,0.754118988857007,0.3117206275191251,2.4247199390766174,1.7114196185512531,-0.33275278748751136,0.33481050154412145,-0.6972253180935732,-0.5769430613087708,0.6646338223838305,1.020673941031583,1.8552579542289618,0.16397672127606558,-0.11061584725043744,0.30538255483462484,0.5752994875264953,3.4824185033869375,2.499199222993423,2.7215574120947212,2.5330199848167188,-0.5789545407566689,-0.6491417628113286,-0.5165729823554667,1.3663760772798415,-0.9905815348550436,1.4385900951507133,3.7526968349218444,-1.6520787113854172,-0.7460722777573983,-0.7158376080384727,-0.17590014039539875,0.9655104485180227,-0.2700222386342693,2.995042846529153,1.400388271999675,-1.4367597923486324,-0.7725651615882516,-0.7611682538804797
Bearing1_2,acc_00241.csv,-0.17432781362830174,3.7353803654468427,-2.5747424090942577,1.1570260551934337,3.678656108260991,0.9574760585922957,-1.0136050048390126,-0.9799515791236736,0.4355283680219473,0.19579345188092992,4.034711186008218,3.493979338508384,-0.40522023871502755,0.9136412598359039,-1.0410499994888776,-0.8171171442618475,0.1031896495196881,0.688923833544521,3.0722570452813507,1.6236909726401334,0.23974598524086319,0.7788273635068249,1.7876203264773072,4.088103682973522,0.3946706044782531,4.627350873745875,6.171410837870515,-0.23232263797341526,-0.8567167880504312,-0.9944464392915184,0.10105669829351875,-1.2818006882273438,3.6127833459785204,3.911641527693766,-1.723158895311055,-0.7495630477466863,-0.9010526008495136,-0.7679837446513613,0.4135419623364787,0.6646541542040171,1.896131290641781,2.5722269069089516,-1.1451504622842383,-0.7863834047251823,-0.7611682538804797
Bearing1_2,acc_00242.csv,-0.12125729392562255,14.671556086857143,-3.263891533951668,2.639726573887674,6.460302830574055,0.942154004271785,-1.0643169688109284,-0.8978385400619379,0.5780127156481456,0.0031183182310287995,4.315951997834513,4.763518915584139,0.02150890809072487,0.6367785259368598,-1.1285098126824586,-0.85843549336139,0.750225500010091,0.37319725313429125,4.222755923621156,1.931936664584749,-0.22179929892698375,0.60530873574648,2.5983986538796966,10.349947539066758,0.8366336590984397,8.863851165458355,9.691340501540125,0.007237079347533348,-0.9044525705041027,-1.167670695481616,0.08865432943758958,-1.3934004865444545,2.226483934930133,5.562607875304098,-1.5207049288484165,-0.7527028926086038,-0.9653371658727519,-0.8115614713597195,0.18077375455606487,-0.08152817480554211,2.171998368493792,4.311607995976295,-1.5493223494033148,-0.7726301333395718,-0.7611682538804797
Bearing1_2,acc_00243.csv,-0.498460436350178,-0.20956776479994618,0.22582397639915275,-0.46541421715518366,-0.4441553275947149,0.30699662045898013,-0.46101395142215934,-0.34814708572342823,0.8343008325587484,0.1857339602037435,1.693890370156452,0.6879151470648065,-0.5106754339974527,0.0667417921599235,-0.581595475407706,0.13314107232319486,0.7213302234511719,0.6864292465970279,1.2992065987085821,0.24759100491564975,-0.48750506460890186,0.059921508709580976,-0.13416490074453316,-0.20435346951334377,0.02830556241286105,-0.2768704254683123,-0.3491474593480791,-1.430316192126112,-0.2262408959715339,1.7674172288449992,2.9133495868901793,-0.469375363078645,1.1562866721799665,-0.3517757252614765,-1.894071880504665,-0.7223131681262349,-0.22162857095532765,2.27875618436995,2.67537716957619,0.38705767943935376,0.7995873232792511,-0.913327609399617,-1.9519332290494151,-0.74864872940966,-0.7611682538804797
Bearing1_2,acc_00244.csv,-0.4953504587035639,-0.15369556724609523,0.12185727898477658,-0.35691481003398023,-0.15955821937332876,0.3738221127549368,-0.531130824030552,-0.5727431694571038,0.8959506948777859,0.3974671917745624,1.6414352527048661,0.5832197648562214,-0.5111083145773568,0.19371910334548126,-0.6582849753590597,-0.04621964124214804,0.7139288534221455,0.8441541537158628,1.5460987008041334,-0.03856483557265046,-0.3865174516105083,0.16421892445315442,-0.11157174561580757,-0.2006113907071966,0.12337593854960284,-0.31369214231023834,-0.24315552154123754,-1.3610434462743475,-0.3318049877101114,1.2547899033290149,3.311336016146439,-0.5119730398226462,0.9588148994807034,-0.23060998132247312,-1.8807545664815855,-0.7187580228853576,-0.3667137317886372,1.9530070642825716,3.040531516661687,0.16107608152572483,0.5450316128243051,-0.5089899887559537,-1.9535900057085354,-0.7393102193140665,-0.7611682538804797
Bearing1_2,acc_00245.csv,-0.41874896785558796,1.047499813593705,-0.9175233187218595,0.3541304424965277,0.8820074370755524,0.5941587332164252,-0.7302306234644323,-0.8147919591624275,0.7346400038876156,0.4562205863430489,4.167296701505648,2.978543500574282,-0.4890419355537421,0.25180819921066955,-0.8382358713853608,-0.5732445539018648,0.6506791271372173,0.9393014814573845,4.153901487533639,0.24009425130196807,-0.42345554139105546,0.3024654475308775,0.6022349241874335,3.3603611071254442,1.1729195492015394,2.8797829484824127,2.4607034392377383,-0.7474346616563763,-0.6929284635565104,-0.1821286783755988,1.208270165081992,-1.0214151849822122,3.7231780741104488,1.2771532330327393,-1.825790649437811,-0.7357403951076841,-0.7163911967964542,0.10044328099374031,1.1216343606605161,0.733490651707731,2.9760302147155273,0.13785906773729084,-1.722304155855464,-0.7235739626227472,-0.7611682538804797
Bearing1_2,acc_00246.csv,-0.5357588655472907,-0.20322674883463557,0.22527182215158814,-0.5075045044004781,-0.5703268480276066,0.3923130636204558,-0.6284111202666642,-0.6140164648803099,1.0055948018702625,0.28840500511611594,2.339212566081843,0.7960113160864961,-0.4785251893007679,0.17841278480698985,-0.6726504501164654,-0.0014936667859429902,0.7218948406152249,0.7497917732093042,1.7182139948021553,0.001240429658216116,-0.3618592699586033,0.14183253242236302,-0.16108530668231472,-0.19309926453162388,0.046142430348740285,-0.24559507601680183,-0.22688172709826165,-1.3085153344886906,-0.4967273781249862,1.458989186089586,2.8712034048085497,-0.48329553738041076,1.275412174938799,-0.1392082227836415,-1.8344959841455573,-0.7166992057492324,-0.051873803321137654,1.43422429821525,3.080220788330101,0.39104942360756934,0.6092310615421387,-0.770530542055649,-1.9316661031220967,-0.7453238009820807,-0.7611682538804797
Bearing1_2,acc_00247.csv,-0.3499838021586884,4.363832919514397,-2.622027012238003,1.2107145549240983,2.0351821815941062,0.7096881659607148,-0.8586040351071901,-0.8670394322683925,0.6724820356926957,0.3329063195704492,5.228431589477423,4.007112346518403,-0.39593197959962734,0.28001410940365107,-0.9278765255660022,-0.6217881773899303,0.5125744186997294,1.5514167169006252,3.1614482960009154,1.9337105451245902,0.11276159430862573,0.18909739820863888,1.0283770544856388,6.078598426549527,2.64691168945906,4.399641679217143,4.365986409850192,-0.438903546795835,-0.7739448294441016,-0.7740125202298416,0.7887042851034037,-1.1249765032046597,3.431821355801761,2.608206766857865,-1.6929994216369695,-0.7364789022515508,-0.7934844142613593,-0.475626245684577,0.7037931482574036,0.2794087438891297,2.2436636428617645,1.542946700639599,-1.0449525890215416,-0.7551675289250933,-0.7611682538804797
Bearing1_2,acc_00248.csv,-0.4909010069643017,-0.13184343859325795,0.187528937852765,-0.3247391237842439,-0.14697152019287021,0.49998991498638456,-0.7198131368217171,-0.5780657453419995,0.8563936236035248,0.351426645933489,1.5676130875451089,0.7143252049513821,-0.5423036406588289,0.38856273870263347,-0.7386143442714123,-0.27960411775337224,0.7289626095603552,0.5671964006683159,1.6185158917268692,-0.0073008141247051205,-0.4137629519461243,0.40500825137315516,-0.04092714637226598,-0.16562068432338511,0.01023503770394524,0.0557575521957813,-0.17266251826811435,-1.3353730178624952,-0.47768932796027985,1.209697087098171,2.994411585642975,-0.4524100323570604,1.3079815359341396,-0.0946074763633518,-1.8831146406526047,-0.7324828757450899,-0.5285781451910737,1.5646988850283805,2.8933700277581234,0.3128468083459034,0.8171356102706212,-0.131790355033719,-2.0222525336527304,-0.7582506873173106,-0.7611682538804797
Bearing1_2,acc_00249.csv,-0.520115644283793,-0.20731756495751072,0.2395089426016288,-0.44502381133412994,-0.6696577767576641,0.34526558973055954,-0.5087618616595571,-0.4950707186907146,0.7257278403277859,0.5200257255146138,1.9705551976996687,0.65122054514608,-0.5030428844785507,0.1656892305903199,-0.4399550685937894,-0.3858360323223776,0.5877814414916852,0.9961220214181817,1.5203654030890177,-0.11926326995154228,-0.41804689656891636,0.1349583537460481,-0.11756079666675438,-0.21047786301564472,0.09782913228263662,-0.3062969857896842,-0.3918159562697903,-1.394534305468322,-0.3929453088266548,1.5957344125180382,2.6058559533377688,-0.28054524852812135,1.410659131918683,-0.22167468046410393,-1.880225238853549,-0.7281478345924621,-0.211486819682489,1.6248921353539076,2.679092618063967,0.8480766814406973,0.8025205482894662,-0.9183743288607807,-1.9352575184195842,-0.7606559148294852,-0.7611682538804797
Bearing1_2,acc_00250.csv,-0.5310321227100983,-0.18578832803783363,0.2853272303075993,-0.42107911459014025,-0.41265040037269174,0.35550730260085356,-0.6385765808391939,-0.5163167218361446,0.9905133597217399,0.47983568590761,1.7915280436727936,0.9763009445105557,-0.5019517299542858,0.16763522516651913,-0.7040828989849574,-0.1490029598181008,0.8607000311489457,1.1208817762097343,1.281260560697225,0.27342644823197376,-0.43166677768712675,0.15439345883110142,0.168327080803025,0.9578857310927792,-0.7966513265465106,1.5229257927215636,0.7740275282223874,-1.0806066970229535,-0.589361423645715,0.4945994965748877,2.0365685471074197,-0.8574847602970006,2.526916529177246,0.9017621339400285,-1.8700651027312694,-0.7434448993752154,-0.46963513630678844,1.0318475079212204,2.1236799254648067,0.2967536198891546,1.1439107764269851,1.0445026593378788,-1.988382607418385,-0.7756749881839414,-0.7611682538804797
Bearing1_2,acc_00251.csv,-0.518977693816644,-0.23509505369710812,0.08953972826799926,-0.4951580201418585,-0.5638703912190154,0.24991224198942985,-0.4800723894615038,-0.6245036027485232,1.0592645158920788,0.4033407510932252,2.2581182316949517,0.5891936260190791,-0.5199023737151601,-0.03006432165810343,-0.6648181144526849,0.032245908022277454,0.8516014149914499,0.8244756577648686,1.8974934719577479,0.08861717227939976,-0.3952905977170991,0.0181175872559157,-0.09292098556248862,-0.19571625986464503,-0.07058236785774288,-0.23095882873653836,-0.18366805516954898,-1.419564411180996,-0.41341102277347347,0.6752050756366595,3.3572879191518648,-0.3501435142585772,1.1440644666521471,-0.20801777693093904,-1.876076397917382,-0.7411851514604652,-0.5021788624845123,1.4159301882854933,2.9371035918789614,0.6199069640777451,0.8201521559128496,-0.5205876583517093,-2.002770963155172,-0.7528705658391223,-0.7611682538804797
Bearing1_2,acc_00252.csv,-0.48960646726047147,-0.22730794529322498,0.1812346327146226,-0.49777697134823234,-0.5761678917121761,0.31285821700942174,-0.6599314433867299,-0.4578220745532853,1.190138302075165,0.3784971468939445,1.5291808005108996,0.5771895520832608,-0.504375764331815,0.09786369161983861,-0.717704144655241,-0.13470831808153783,1.1975646236695294,0.7267511316379621,1.2714282951884712,0.0019065357073755397,-0.42333230824039575,0.084996646038492,-0.09351926501609142,-0.20046647513903,0.04324740426157605,-0.30645105155052904,-0.27637387382082174,-1.4818550540274564,-0.26739770358810766,1.2549560866511453,3.4804577421165703,-0.3347034100999055,0.7780989413254058,-0.5201764157991852,-1.8776945325257997,-0.723200002901135,-0.2554344524569372,2.1287504157366555,3.293822548751127,0.32089746550572157,0.46074293416380857,-1.0724046922273098,-2.0072980858666836,-0.7536219241036552,-0.7611682538804797
Bearing1_2,acc_00253.csv,-0.5175375890754723,-0.2183617242899447,0.45591020277709143,-0.48131499233673936,-0.44907153415764706,0.3297715938358344,-0.4964721604805716,-0.6171794006299066,0.6936900770133613,0.6412947912294895,2.1162994666739814,0.6590316721885229,-0.5542382899242762,0.20991677998640274,-0.6479078723026961,-0.269244637045073,0.6785381698159759,1.2010976254064023,1.7736865780573126,0.1633619948450991,-0.4438679709092161,0.18081783984965089,-0.1458308148219822,-0.2048151478118014,-0.10334154001484198,-0.23080476297569344,-0.30450638809692376,-1.3740824753819614,-0.4119481458071956,1.8002809119079801,2.750069195263986,-0.3654696613963205,1.0071320714892802,0.049833524587426646,-1.88226721581124,-0.7292974163367834,-0.4053472264681632,1.9589548477839065,2.7152966476984144,0.42031814735190015,0.7212297592296618,-0.45422555402548365,-1.959158441196287,-0.7547946988052796,-0.7611682538804797
Bearing1_2,acc_00254.csv,-0.5120247509105323,-0.12682752478288342,-0.3223140234929861,-0.3629009842199776,-0.18635445193663594,0.3870078090678039,-0.709225880266641,-0.4067071832308192,1.0630307170463917,0.403792103699991,1.8270219011696445,0.5129049976068966,-0.5354895602478276,0.18495479698791042,-0.8039678579475912,0.1115089325100868,0.9424286042269856,0.763618576961033,1.6411363976123778,-0.15880180438081276,-0.4920933274642778,0.1821548442375312,-0.14473304060093112,-0.20350159800242928,-0.05801756892313022,-0.29381765916124897,-0.28830982662064913,-1.3558913663292498,-0.4691790037636912,1.2523328014047548,2.975924485186003,-0.3732981321813134,1.3268403585172068,-0.28379364010404756,-1.8613151665157655,-0.7278383231688997,-0.3800639387434061,1.9643503314677593,2.723317663965947,0.4463162812784985,0.7437334415910168,-0.5903831774602494,-1.9528503112212077,-0.746569865214646,-0.7611682538804797
Bearing1_2,acc_00255.csv,-0.46902551746605964,0.0343770324685059,-0.3061819629548962,-0.21287249368341685,0.4622233526466332,0.5710882699861778,-0.7072499297171436,-0.628859525220087,0.5489977137758781,0.6443818208597675,1.651566766885806,0.9058639915846601,-0.42237453128422403,0.5520726515084156,-0.770277136656699,-0.2830105134584336,0.3465591294476992,0.9096485826932035,1.6347375917335931,0.04408664163347826,-0.38098986783430944,0.5573734221225525,-0.05061944600208737,-0.1701700502801598,-0.08352563109665034,-0.11818269179808695,-0.09815264180221826,-1.269199697806204,-0.49653746115986835,0.6922269431960973,2.9574126577161843,-0.15365187946850417,1.1373326589581445,0.08659121410158832,-1.8545545594017216,-0.7200567734415333,-0.4651426034270738,1.2579271614256256,3.047430663365059,0.1460615904871774,1.0775518661653924,-0.5530716299457461,-1.905090762281261,-0.7405830152937054,-0.7611682538804797
Bearing1_2,acc_00256.csv,-0.4652105863152071,0.16378942338661565,0.07537519747103849,-0.007658959869692359,0.4565953058594733,0.68706939857081,-0.7814607566752486,-0.722804309784638,0.700992462310417,0.1798974096777943,1.3820312315199854,0.8236197401189806,-0.22157584414212447,0.6190301159942759,-0.9537160269139543,-0.7701195705657112,0.3362065211650843,0.21648308553051737,0.7705652577935381,-0.2472964082093361,-0.23107296572353217,1.205711391806881,0.15406064380669235,1.3662778493104255,-2.2294685576448425,1.5830114394510664,0.6209768804037378,-0.6340126784890022,-0.6363078488914914,0.6653967648352448,2.415047317689049,-0.7196719631892529,0.6141003863781862,1.33589325072498,-1.5343637617602552,-0.581045994099665,-0.5909689646741232,0.46338149371437465,1.7254240295238512,0.8496871118047471,0.9399780264137795,-0.15756057710873078,-1.6859535319880725,-0.36135746056574186,-0.7611682538804797
Bearing1_2,acc_00257.csv,-0.4851109167279195,-0.16299605147230195,0.2601826081172359,-0.35616653826073047,-0.4933055776629555,0.3831228223442683,-0.4211468711410463,-0.5470189724281189,0.7307134549741691,0.0024704601536036557,1.6336859922434095,0.4132940674235464,-0.5804522522107128,0.3011434391262779,-0.5570661933998696,-0.015342973771176735,0.5516239753852551,0.5002641069584335,1.0505619672713533,-0.020718036482859352,-0.4658276015706991,0.2698207925803569,-0.15059126833677808,-0.20222053944483998,0.01946377095910714,-0.32216575915670664,-0.32066122789691537,-1.4066929978548204,-0.20913663700811816,1.70637643896429,2.9462185708166437,-0.5219754153544618,1.0010656660647688,-0.1949321455928866,-1.8520550784709544,-0.7214365941385618,-0.28593909544717316,2.0249764252451845,2.9736742797709947,0.39701395978941384,0.5119135936202845,-0.760453956208999,-1.9512409557423074,-0.7473372235562007,-0.7611682538804797
Bearing1_2,acc_00258.csv,-0.5471648461601398,-0.17640321818782673,0.37330052042298745,-0.4266911528895127,-0.33109668445759355,0.35111109643975413,-0.6217202731684721,-0.3514194149788595,0.8199727626507756,0.46183526515622547,1.7085020014274332,0.8808997852537114,-0.45311959836226706,0.17447289886770137,-0.6119060737641036,-0.09992342770013288,0.6068444485181654,0.9961637473974166,1.509270581767807,0.14160070415068995,-0.4192734463812995,0.16386691201124773,-0.11708090992682027,-0.1980316022428717,0.06519704261392505,-0.2822627270978831,-0.28710282002369175,-1.264999652964061,-0.5015305264016136,0.721347613916423,2.8397653837192585,-0.5014800081458665,1.8226777596855308,-0.12833359107345127,-1.8691351340667997,-0.7260694180235545,-0.43432152867464247,1.1231698416530873,2.556180057620287,0.8604421046670396,1.2606500856818386,-0.6482174147434973,-1.972128644512105,-0.7490512426701033,-0.7611682538804797
Bearing1_2,acc_00259.csv,-0.39401819539411825,1.3969460316027251,0.7258352657272824,0.5584086365936902,1.2708759961672613,0.7219577712897034,-0.9167457267085855,-0.6778025194221095,0.8332972178960593,0.35339820971535074,1.7869852123378982,1.2394848357786907,-0.06296471896201007,0.5352555960031607,-0.9420769683697564,-0.4177043490830199,0.6096311080249776,0.7979721372557452,1.3487891905281053,1.6178835162357261,0.39654253863260425,0.35615330425288383,0.6754083290131031,3.7074534385414153,5.299261327573379,2.9125989555423715,2.3825237488567037,-0.6079996349466434,-0.7620611365595215,-0.27519676358912354,1.6963173319986469,-1.0612582168905933,1.5358070547011322,3.0622032306761793,-1.6165572546582316,-0.7427808830717795,-0.7949067052638499,-0.027100910731302132,1.4080583445350459,-0.3304047778090524,0.27285674154477463,4.248094788221669,-1.59730336374401,-0.7476977382749654,-0.7611682538804797
Bearing1_2,acc_00260.csv,-0.45572071498100986,-0.09794989434716733,0.052201763673598446,-0.3544829267709187,0.09095132598991776,0.5678810919184615,-0.7030360376014329,-0.7986904744348498,0.8510713774611782,0.29790985222799765,2.8876815949051284,0.5119066666751394,-0.5014670693611534,0.3966211613821478,-0.8390740527096757,-0.3652178882139072,0.7588966099527993,0.9006990068586652,2.308982835960149,-0.18373885166521556,-0.42538096673161024,0.41297777566001437,0.05031755555906235,0.018410407507047272,0.014463286245465475,0.5748051004821785,0.19096104920937626,-1.1920107279163552,-0.6436191887806689,0.5915034113738828,2.5464541006074883,-0.2815400926725516,1.934557874892503,0.10382307116153373,-1.8698989080980897,-0.733017320779784,-0.6435225209600076,1.0230540991412724,2.1908796493925804,0.7071113160182418,1.9261073697069733,-0.3370374500013563,-2.005351426704104,-0.7643031932487462,-0.7611682538804797
Bearing1_2,acc_00261.csv,-0.5105659690287345,0.006312139378856681,-0.273097771885746,-0.286016059518573,0.1543393302519029,0.5878796994532735,-0.7876611684002058,-0.5850958204339247,0.7554280377523985,0.3266429818083286,1.5313184259035844,0.4679386578295645,-0.5455025681619765,0.6497540450769839,-0.8537490730748605,-0.3238074937339056,0.6252834869709877,0.6515317863966081,1.386589710092249,0.18572643096772362,-0.4536267984559666,0.6156348200503127,-0.1470657937027138,-0.2009213200971353,0.08229066048124688,-0.31230555046263436,-0.2563237050061821,-1.391087495262277,-0.41927971922131296,1.7995845215621527,2.831421858908383,-0.2253644676785952,0.6714269890019291,0.1493851321590769,-1.880890103160479,-0.7190646118896972,-0.3164453397710234,2.216346251323729,2.594384741419173,0.416944018333303,0.6222973396817941,-0.48680894857100504,-1.9476926336948548,-0.7492166253431689,-0.7611682538804797
Bearing1_2,acc_00262.csv,-0.5188532799096124,-0.041571284972085475,0.14145421908072453,-0.1917338160891135,-0.16427083032662845,0.5264455394867074,-0.8466766505297996,-0.5249646939564353,1.1191110116422809,0.1689332432374808,2.3377192796071,1.7451735897540348,-0.35992160000900686,0.25932136850446524,-0.8365306540279109,-0.3192899777824788,1.1940769196672358,0.605018818830706,1.5910881746924683,0.3650146348927662,-0.16537875762552523,0.17890919130478644,0.28164384397628217,1.9312490823114292,-3.4489908909106726,1.6182924986845435,1.4486545152680788,-0.81188588283689,-0.7086315303621287,0.1004537783687801,1.9239240226053305,-0.8785636746699977,2.0285513800190627,1.8181721860393627,-1.745253344815992,-0.7384708682063488,-0.7155270972427771,0.4446025180939179,2.185432582664435,-0.07953346412307058,1.0962611776623115,0.7862786966479598,-1.2812319132702665,-0.7696408384984433,-0.7611682538804797
Bearing1_2,acc_00263.csv,-0.21856183293553388,7.528539416649798,-6.893609181937435,1.471300199958299,4.34810352964693,0.8261100902835502,-0.907583488934344,-0.8419657410652729,0.47114313004669617,0.31493466865175807,5.354280045267517,3.042381220055443,-0.3929268247508404,0.5066186102867797,-0.9451657561337359,-0.8684289439067541,0.4087268651773648,1.8362112286937167,3.4751624637961904,0.521560213025126,-0.22229207422622257,0.5059981167479917,1.8163196615303874,5.886597965981298,5.522515818551906,5.684087927380899,6.834870659923942,-0.29924699437344426,-0.837998614180282,-1.0135471205537887,0.6184017227662608,-1.2231362067410676,3.248993983107003,3.6271534575127538,-1.765657511169674,-0.7534257357887965,-0.8973368029276485,-0.8196059554187064,-0.20393763537377899,0.3970532049913878,1.5384705437913497,4.479242011540166,-1.2528018828691623,-0.781262211348147,-0.7611682538804797
Bearing1_2,acc_00264.csv,-0.5005002128754027,-0.04740065063046561,0.07941977385793632,-0.2263413856019111,-0.15565054399526682,0.5126562017263006,-0.7287764142776854,-0.5800777479506913,0.9084000556521399,0.4259746684494973,1.6618382500364095,1.2009231411605605,-0.4751653017848338,0.3710174550950008,-0.8559801137138883,-0.34568586282260266,0.9997415096894692,0.6782222860253859,1.6151926167868296,0.6510880765633851,-0.2744632263590828,0.30762414191518606,0.039577712418552756,0.15033565069776916,-0.24759740741014047,0.7076097863304643,0.14291656059806332,-1.2037664126164547,-0.5578567315119581,0.7751664939687597,2.9433329583662737,-0.6939841389612317,1.3022572447078689,0.5784999338156814,-1.8421196158572062,-0.7327177365614956,-0.6356596133146715,1.6012168573960748,2.6354306627012094,0.33102651154450974,0.47716756766299645,0.4165074356192912,-1.8606660609464225,-0.7663589706478723,-0.7611682538804797
Bearing1_2,acc_00265.csv,-0.2501995409047558,9.280801392155684,-6.027686312340285,1.657806939440782,3.7420548867087393,0.861107180548961,-0.8713136175942603,-0.9081976847281542,0.4137969930055874,0.2539751062024209,3.9983348252357223,3.975773617294414,-0.2659561798331648,0.6040330734009609,-0.974387097182465,-0.5697920461052944,0.04700136697913107,1.2376209306793426,2.258816621368952,4.185268908797007,-0.2593901366314748,0.55938958454471,1.5214605486260404,9.15722368110339,-1.8043939404601026,5.9375261039707246,6.844052177527421,-0.1540184391752459,-0.8643210579483674,-0.9305489187697197,0.2771304751147155,-1.1814498066109758,3.4665866952044446,3.2497731458979087,-1.5393441103949632,-0.734175584507963,-0.9330862621147392,-0.8073065764654599,0.6878319442825093,-0.11502225784348927,0.7850310850529832,6.383021706630226,-2.1382343103620203,-0.7780119977550788,-0.7611682538804797
Bearing1_2,acc_00266.csv,-0.5378780457207374,-0.11351989199215479,0.06801245221790486,-0.370196634009162,-0.01458015967778736,0.4572740440065075,-0.7469498564588323,-0.6176104404011133,0.8531685697188665,0.5943162124723619,2.5266471444677023,0.930592027944756,-0.48054813955240155,0.28803003202788413,-0.8028793634744269,-0.4419400046984686,0.8616326394961711,1.0280551184019118,2.3341912677638468,0.1605177868280165,-0.380781101588589,0.285629192616768,-0.12337344741435102,-0.2021548663772497,-0.06452105744838553,-0.29890182926912995,-0.2864437924550053,-1.3810023888862604,-0.5295046421978421,1.6121112580730665,3.0872223381353243,-0.24211963607225354,0.8399861386107285,-0.19962242941397554,-1.8655994412165977,-0.7313208337228788,-0.5031662422630794,2.064941026893506,3.1482803415226086,0.34379205514376954,0.486466776057671,-0.746756254921212,-1.9569314065182024,-0.7526883104217051,-0.7611682538804797
Bearing1_2,acc_00267.csv,-0.508089979482509,-0.17884216848921142,0.23637052050240928,-0.39750855373277527,-0.3743796107421099,0.28968814678552457,-0.2117024988362671,-0.6653226437675382,0.8585217456432187,0.19340054602942333,1.8190434303872713,0.8272990238528597,-0.4797990910990801,-0.09623799657933405,-0.47284277047883094,-0.3146631902958118,0.8718982976002044,0.885265715005457,1.690796433654203,0.1356828207483076,-0.27105058637384477,-0.07484134688074924,-0.06341223708120491,-0.1592829032378755,-0.09343596483031126,0.007072771768799582,-0.13646508183620162,-1.298140750374635,-0.5334450329400402,1.1283876357751654,3.1332800660599824,-0.5512238616188234,1.159102863494034,0.05954094538651041,-1.858184411745959,-0.7318151972819087,-0.5442697302116569,1.559578416427986,3.0908355543083914,0.4969629409675914,0.7952350539492674,-0.913591556898506,-1.8504286584367664,-0.7650026959635932,-0.7611682538804797
Bearing1_2,acc_00268.csv,-0.48865180421757765,-0.16853530100582786,0.16010289183332632,-0.3241779199543067,-0.397874351690565,0.5037776824485647,-0.6580766549092553,-0.7163568787055646,1.0263996657822563,0.40357949435191337,1.4526698099039383,0.7217451532996214,-0.45246530306944155,0.3158964356373714,-0.7293571324772694,-0.4061856171292095,0.9334933807738945,0.9374330918401568,1.0975110966977075,0.17491969862735415,-0.38391476721716306,0.3145227197985625,0.025987613499204896,0.13600473282336628,-0.15833115021896702,0.7590677504526538,0.2986930125125324,-1.197132001423137,-0.5067417756688148,0.6235057175998694,2.8536412668350004,-0.6704603405949209,1.4890962699347434,0.5021219129810393,-1.838467252869279,-0.7288670802712492,-0.41730150381683284,1.2004565301129524,2.4325750996038358,0.3052269549481045,1.0247365923934137,0.08072602580534566,-1.789618816925664,-0.7572283133026186,-0.7611682538804797
Bearing1_2,acc_00269.csv,-0.24175095426317655,4.997451694599806,-3.2844797975363362,1.3605559775173466,3.560779733151176,0.9669855712427342,-0.9827026571122002,-0.999966784926536,0.5109968931458154,0.0767793558382931,3.6522754068333874,2.8735438852177624,-0.33870184668491937,0.912774251549241,-1.0311506375779944,-1.019920304268673,0.4041515201664501,0.6023981244710321,1.670061480646986,3.5426531186765056,-0.08265164681470549,0.8357300540731453,1.300208612444119,6.492402371753806,-7.119302835196667,4.2196928705503245,5.5817816375773175,-0.26368468808340817,-0.8615635662925332,-0.8972645738551298,0.5165375080073908,-1.2771057842424596,3.7290712793525476,2.974642735993735,-1.7015368590439812,-0.727456415494045,-0.9104683912541245,-0.5796812451036459,1.3149629737919486,-0.3000353310428272,0.9529971624562661,3.54835729244792,-1.3875185512518862,-0.7025574781151268,-0.7611682538804797
Bearing1_2,acc_00270.csv,-0.5651468336825503,-0.178981058938251,0.413381933930419,-0.39058703983021575,-0.4646724630977824,0.2641454919743107,-0.4094122239548901,-0.5000350553932833,0.7794651388937962,0.6431023875355981,2.5350753173692224,1.1416007076701322,-0.48105120209502883,-0.11327204969950434,-0.6434306048515337,-0.1306755361643756,0.6067284604077117,1.2350956938878046,2.3592617623249295,0.36608911486006107,-0.3828618992410879,0.036390272866163906,-0.0907619075199598,-0.11278844748333189,-0.1985224077311445,0.1292469201187886,-0.0580123094919,-1.2506508948519206,-0.20700585087963608,1.0081497087695093,2.4560572806543517,-0.5628386255856608,1.8196458133173123,0.05807480769620492,-1.8644179377603378,-0.7154490723868208,-0.31759687871722087,1.5629801724096357,2.113116568651017,0.5390962472535725,1.5456455503921034,-0.7911291306392041,-1.8145092018637614,-0.7281488055475246,-0.7611682538804797
Bearing1_2,acc_00271.csv,-0.547449596291091,-0.16989890660337323,0.3307386305909247,-0.35728894592060506,-0.3124638874594647,0.44661899678019706,-0.6971587675835814,-0.6147737226309128,1.024076641676481,0.5445095885215753,2.0014448577791617,0.7139685384663889,-0.421343790319445,0.2064835777371501,-0.7502418640178204,-0.11631233894226978,0.7496527856731244,1.0360080457607872,1.731025578149695,0.051974896413465144,-0.29899550481474435,0.18674833094897253,-0.13374770286797363,-0.20226394204336415,-0.05786000397768786,-0.3170815890488257,-0.2265324718320977,-1.3599956823672574,-0.4084908715724526,0.9885576895543001,3.164254055183443,-0.48207248231203353,1.2068633076061173,-0.1328348612861019,-1.8604821640906266,-0.7284049967232035,-0.42467066581769863,1.32733269660669,3.131617190803872,0.515428513668906,0.6762640836080096,-0.6065904633884106,-1.9497884245241284,-0.752905827350147,-0.7611682538804797
Bearing1_2,acc_00272.csv,-0.5291880029601461,-0.2010819319032841,0.37942736269970057,-0.4388505692048201,-0.5912004122690309,0.3340694304296945,-0.6333205109357741,-0.38023801012149094,0.9355348409708086,0.2327242681646263,2.261876208844123,0.7763317828864054,-0.4836472311962763,0.07171937569986282,-0.6829430951852185,-0.10322207070896167,0.8381805518173215,0.8746467502237472,1.8885717405621747,0.08300519992018557,-0.438743751742855,0.11390034225190257,-0.16237891483336847,-0.20304348650780885,-0.009410165262554284,-0.26161791514466926,-0.3385927625527545,-1.3690495238753344,-0.39959004233140316,1.9414783272891343,2.5671091556133674,-0.5485616562680639,1.1893512285033265,0.19285486382101755,-1.866010661092448,-0.7322215433158584,-0.3614065568519527,1.5660065805673398,2.9219484295089857,0.12307933605272921,0.9012770646093079,-0.4080232229322772,-1.9080980426505647,-0.7596430002251047,-0.7611682538804797
Bearing1_2,acc_00273.csv,-0.5338810620701969,-0.0845639421320734,0.17598596789563756,-0.31538572661862296,-0.06768559791350653,0.5542813688301128,-0.7480629202027758,-0.6535393851372053,0.8296419233240305,0.38777751704943675,2.0645501025557724,1.1919647373696922,-0.4615526911557502,0.3554926412618008,-0.7727978329033187,-0.435684575615642,0.738242114880517,0.7573175935315685,1.9531615062857601,0.519979998431046,-0.37333518526129195,0.3787229147016573,-0.08471173435038017,-0.156931475890926,-0.20090946199130105,0.08009994240927223,-0.16360975319275675,-1.2828295835071688,-0.5931501283127153,1.1119845794938512,2.893695357663337,-0.5652498878314383,1.4992982899028628,0.08857047702803651,-1.8710311648472207,-0.7331759256289311,-0.49373721703091894,1.7510024228935708,2.643934899938445,0.30082347592792635,1.168262836462869,-0.539273290272259,-1.9181331286469365,-0.7631372731946429,-0.7611682538804797
Bearing1_2,acc_00274.csv,0.004257371886994581,11.83953662799178,-1.2387660563092089,2.4401250783733217,9.048917177490063,1.316332029214184,-1.135247546265258,-1.0648317951734685,0.0657144752742002,-0.4008623236725124,3.216896896722638,2.8892569019413057,0.08213413910288958,1.4546328366290902,-1.1729426129341574,-1.369354935408166,0.22455655810535446,0.468757134928304,1.7822746171196513,0.14844032649027403,-0.5817723323607398,1.6960358829592443,2.4068702035006204,8.208839974465471,-7.260849036753075,6.818936321764276,9.024733321201698,0.0076291811136812125,-0.8934897372244353,-1.0878734418191522,-0.039778881694005536,-1.4537715158494435,4.073604282189326,3.6333283538856334,-1.6461052930735418,-0.727403011210299,-0.9527516519664229,-1.0403469005180503,-0.4271840233496634,-0.05964013530408987,1.579907222283617,7.17158141043816,-2.0704926076832435,-0.7946194720497927,-0.7611682538804797
Bearing1_2,acc_00275.csv,-0.5560519597344804,-0.22160013456579544,0.24535578808246306,-0.5121812029832887,-0.5554342885768195,0.3240867512113629,-0.6152725864932611,-0.34734961569657163,0.8756138507525111,0.5289516652923277,2.4824392269567146,0.7595088306567799,-0.5242894702869579,0.05072458201257536,-0.6287093445597164,-0.2993814977128116,0.9245014206425888,1.0974681199355927,1.976842028927667,0.4850178653368047,-0.4607397529332042,0.021076051605653002,-0.1391461726318301,-0.20444547634342605,-0.0143187178830671,-0.30198314448602753,-0.32114458771969817,-1.3269317928128408,-0.49057142468773823,1.6321241971847322,2.6946490730087533,-0.4761738892432069,1.2946553439001878,0.04067118860616791,-1.8649794645243534,-0.7233503180971323,-0.41156545940520095,1.5298684577697714,2.779494980459097,0.5915114245525157,0.749738578366362,-0.4816674141048048,-1.9371840749410225,-0.7486046921347429,-0.7611682538804797
Bearing1_2,acc_00276.csv,-0.5082858861237614,-0.22770688491656557,0.17868701141756188,-0.5237794154686587,-0.484087928521476,0.4129648802784468,-0.6722270645090691,-0.5539644248641226,1.0467160841842977,0.21734973891762227,2.0874615734867144,0.5656852106158158,-0.5450804754244106,0.25501668174543474,-0.706335403581601,-0.24817996278858095,0.9393194174711175,0.8686825213966863,1.4400694659472615,-0.12838366219675892,-0.5043249478688308,0.24763023566084347,-0.057448234825156694,-0.20276314682904886,-0.036592256290976795,-0.30876203796320223,-0.24305940361429826,-1.4113238048504828,-0.511932921388532,1.4842171392397745,3.552142292153668,-0.6839656586307369,0.9705698202794855,-0.44387769274473604,-1.856381656070977,-0.7261094399874753,-0.3833536293598927,1.7272534567514521,3.4412670677082935,0.34607287983295276,0.4961981696024367,-1.0150376041502862,-1.9445466648662322,-0.7596199844354429,-0.7611682538804797
Bearing1_2,acc_00277.csv,-0.4073276795581671,-0.18882590016980655,-0.05898182291848422,-0.4266911528895127,-0.7085186945123201,0.3152152714531566,0.4031019152415983,-0.980168096758148,0.40951580648341496,-0.23226936408091475,1.3092427971957468,0.3865322395596969,-0.6205048265302651,-0.1029327153645908,0.025230733995510707,-0.7743996881727873,0.6040056420599426,0.32769032594549835,1.0763132210093744,-0.009141244672773751,-0.5290440657695737,-0.0030063248372483547,0.09913782570036536,0.5722849674598017,-1.4833385765524343,1.0995530819198363,0.46725858344703014,-1.0089728504582738,-0.5256327124640016,0.527484534023686,2.3478172922807303,-0.759768885796336,1.6362310087555638,1.109593526447683,-1.7598877732181677,-0.7327766549383142,-0.5398214791722316,0.98049794477498,2.17871239238074,0.5824915477783777,1.2249834146411205,-0.06008278756041477,-1.6553470030107642,-0.7629421493297487,-0.7611682538804797
Bearing1_2,acc_00278.csv,-0.5257535505820177,-0.1267337177958468,-0.24745115621441674,-0.396947349902838,-0.18888588359247022,0.4633088157734157,-0.6114395074611897,-0.59943086967772,0.6186541607722168,0.5605563497242995,2.052330275186646,0.7902997513693187,-0.4927248663505639,0.38865652059189937,-0.6327607028954805,-0.2897905199727724,0.4716863506140657,0.6774221129670757,2.0579591203263186,0.0022124805016131175,-0.4124734171493696,0.350325304366625,-0.10693918726398591,-0.1955913535110502,0.05462215725664422,-0.2724025184038108,-0.232392115553927,-1.303715081436118,-0.605985930191123,1.747304738506429,2.827272338669917,-0.5907698772076576,1.3842958246352617,-0.11607479405161132,-1.8558663560997049,-0.7316856449366144,-0.2144170841391291,1.8254360696458505,2.796886874078347,0.3630105982076161,0.8326018141137728,-0.7475901220930905,-1.9195448177055623,-0.7607334835196324,-0.7611682538804797
Bearing1_2,acc_00279.csv,-0.5408159088176849,-0.212010776759985,0.22574331341661072,-0.4156541442340801,-0.5465498018593682,0.34394028807526106,-0.5605841218398827,-0.4013547271225407,0.7432131548015927,0.3222497881549189,2.6843058020982955,0.6512060172393372,-0.45138965405926107,0.09683992667738159,-0.5583071700271963,-0.3112368080136855,0.7491080962919668,1.1356024591309317,1.647047825436419,0.036744740711758435,-0.37262557860119133,0.07957050590765458,-0.1395138808740155,-0.19714985929191053,0.04757823432291177,-0.18966920483011085,-0.2837229243159022,-1.3377025997751282,-0.3878275491380766,1.177746798438489,2.904428240443194,-0.6420883463623602,1.494986339367275,-0.08664612930025144,-1.8386930651338838,-0.7331641620925764,-0.3058652218593134,1.8821985100116212,2.637586247141252,0.3212550690915535,0.985165791538554,-0.5576857192505766,-1.9516518443909607,-0.7585481396308061,-0.7611682538804797
Bearing1_2,acc_00280.csv,-0.5148282705700169,-0.16722441799208446,0.042603139794879084,-0.35261224733779445,-0.346335469455043,0.42183217025417824,-0.729522909784921,-0.4959906531298341,0.9192061015567138,0.24140825896218607,2.5921100576147436,0.7896439590765146,-0.49270527584820545,0.28371696402089797,-0.8006075315198645,-0.14699799072754371,0.8607907511246029,0.9667085176242205,1.6378524631626274,0.2643500750688028,-0.41110633580323697,0.24216984271764377,-0.10615132591419628,-0.2062632327788659,-0.01919689687475616,-0.3206251015482579,-0.33529517546376936,-1.3327495447769337,-0.47948228418443783,1.2640564276757855,3.012860091769253,-0.5536796444447958,1.3112884060376118,-0.16414047978403964,-1.8242320881108232,-0.7287970083478067,-0.4272510635798752,1.8591762916989787,2.892034489434651,0.3292120728176946,0.8094418852695748,-0.7305986087912444,-1.892173349522087,-0.7579104530000796,-0.7611682538804797
Bearing1_2,acc_00281.csv,-0.4187722914532706,0.6490871945276127,-1.6760931272139024,0.1373186961974331,0.6866049465584104,0.5925728491300161,-0.7079745767685498,-0.8721640730824066,0.7579596761030695,0.36730398679028126,3.0745549600670095,3.251153528391115,-0.4170444670593729,0.33246678457453316,-0.7822225032768988,-0.5888799159492429,0.7736557720000434,0.9453496700056899,2.6749364301481156,0.46477122337596216,-0.4375402262148992,0.34494434781728794,0.7732681534783987,4.963698842954321,-7.229474332128154,3.066510650626406,3.4323483612706465,-0.5338010833674871,-0.7099354078431588,-0.5333895192512148,0.9224736518050987,-1.0924817331098906,2.242323372333158,3.832292011885542,-1.7584417364128477,-0.7570692120344741,-0.7920856361593615,-0.156738329376224,0.5470931271539308,-0.03008598002177973,0.955170503513088,5.2704228628366785,-1.9535748153501165,-0.7826484041171496,-0.7611682538804797
Bearing1_2,acc_00282.csv,-0.5215175206445068,-0.18944944764018554,-0.17744718418825786,-0.4867399626927996,-0.40481479849887325,0.4626730218538458,-0.6891838314392165,-0.6895137983545129,0.84589147510757,0.3252872193499,2.31310325749229,0.8034633604028505,-0.49606692351176507,0.3900956799786561,-0.6721630176791844,-0.5622909833723221,0.6834182453732971,1.2659017131214676,1.3836816168226826,0.14101972861303508,-0.37493876426461364,0.35563152361075384,-0.13079099571721803,-0.2016680847293805,0.010300907089473505,-0.2557634162325639,-0.3153505602270277,-1.3560606857712398,-0.5008020554480028,1.5067155778034853,3.0043359613517207,-0.609504547341059,1.3535265720308722,-0.23632174347319804,-1.839781377100073,-0.7371682570067414,-0.4030150462819792,2.0554190862667534,2.570847449852711,0.415693608106037,0.7380590263811952,-0.3404741856603818,-1.937397427221328,-0.7663068404984796,-0.7611682538804797
Bearing1_2,acc_00283.csv,-0.392083514908562,1.2407031896212357,-1.6075529535703905,0.33093401752578766,1.0284853584476688,0.7736087806426485,-0.939096023014818,-0.9471226136178569,0.7639304850700709,0.6406083529341843,3.6742184587578057,2.7122499078307563,-0.24402340315949744,0.4811827348280364,-0.987076414938822,-0.7299380869209106,0.7137279527784006,0.8920322308863758,3.749309321358969,0.6320869625289758,-0.16795087729253225,0.45278963291931745,0.6200830732954963,2.3141971700869983,3.4837857975352224,2.434841031162402,2.059518418825818,-0.6931833857402373,-0.7792145739056487,-0.14201646589245562,1.5380052468777405,-0.8383276297537637,2.181381765900918,2.442583825643382,-1.7873600691165403,-0.7332240345678284,-0.7702628432679973,-0.04604723615147639,1.3581242910216593,-0.14193788264168777,3.175092085163983,1.1372806862266573,-1.8355340175045842,-0.7691855814766617,-0.7611682538804797
Bearing1_2,acc_00284.csv,-0.5236918746183565,-0.19309218547030638,0.22507815619253918,-0.41434466863089303,-0.5272393418301016,0.32558683617897033,-0.5989280433727978,-0.4926925091976214,0.9737156978679858,0.46083471252892083,2.3144985610611317,0.9661121743542462,-0.3626602308107956,0.005790235973059866,-0.6820060904020452,0.06237413477761639,0.7553014816351883,0.9651489597031935,1.7412540274236785,0.3994338938178355,-0.2536870306397214,-0.005533068452780108,-0.06328685795880364,-0.17017903130607032,0.020321367302358943,-0.025435103769469784,-0.1708811785541661,-1.3022115433022867,-0.2569721156120905,1.1995342700312475,2.7081982497438575,-0.6122887111007663,1.286324449443685,0.35859111815659034,-1.8489183907837354,-0.7410825371885764,-0.24367709350689934,1.810624196444921,2.592117364884315,0.210294937394227,0.8915541622316538,-0.31081561440425687,-1.8974164365050625,-0.7675569926759811,-0.7611682538804797
Bearing1_2,acc_00285.csv,-0.5703739083191763,-0.2316438010200061,0.24039360302246,-0.5189156489425357,-0.5312822520591932,0.31211578040235816,-0.6198166242876384,-0.47395942963944065,1.0679510370880028,0.4751454049113741,1.9903035711090906,0.6216277463884815,-0.4394694459117124,0.03647356036288152,-0.7104542577541743,-0.03605625098366139,1.0053923608631412,0.7374158669185188,1.7576339742499396,0.13347823468827186,-0.39481824119952497,0.05070169174460639,-0.1212002064491952,-0.19750641656085646,-0.12065257654319066,-0.2058461097188232,-0.2955925052258148,-1.3202596819138555,-0.2893726936822574,1.108446850803501,3.06094969594212,-0.4598536679975216,1.002634225866125,0.07601160106577588,-1.8505137262905107,-0.7353890777380022,-0.35603074502545357,1.916979923705247,2.815292869589529,0.16223271361846475,0.9521861174831623,-0.663717895870021,-1.9001209426366865,-0.7633075789741856,-0.7611682538804797
Bearing1_2,acc_00286.csv,-0.49199795482740905,-0.22689431352990952,0.1887425452482855,-0.46934264396474457,-0.6337523568529642,0.18530117114036204,-0.4381905789827311,-0.3706034284868497,1.0592491346023314,0.30557730678579703,2.0283755139680952,0.6566206343204741,-0.5509391580404626,-0.15613207650131455,-0.694245191492172,0.48834472537325646,1.0021679411918103,0.5690643697487558,1.803938016346876,-0.04148839384217042,-0.4813611242840403,-0.14117162253070895,-0.04406559575430542,-0.14725743495061783,-0.04989141925172645,0.14896733750693314,-0.15947324110524375,-1.3600771790250534,-0.2314619030604523,1.0641674009199584,2.9297310368065514,-0.56042303823284,1.2307198041055827,0.12700446704350304,-1.8598570326198722,-0.7377111669598773,-0.2816086000416869,1.740011198789024,2.4263247168307758,0.3707283064870229,0.7325277739701301,0.10700522550762478,-1.944257317886722,-0.7639152288657378,-0.7611682538804797
Bearing1_2,acc_00287.csv,-0.5495275891063022,-0.21488877743591292,0.3588107637692637,-0.46298233389212223,-0.3821064554090588,0.2529044940401665,-0.5737236256969696,-0.40761277297990295,0.9725359893232942,0.6783352089976808,2.037187621330646,1.2242650194541016,-0.42760197302621755,-0.08040556527663692,-0.6368583624888462,0.1881852266240199,0.5805128569611705,1.4247166340716488,1.755100257507994,0.27176180844889913,-0.3197870984176604,-0.08241112546642873,-0.1483908491202315,-0.19954428669925112,0.019431658731875065,-0.26238824394889365,-0.27798315678078717,-1.3051509126581307,-0.5404253468556528,0.9263060675770349,2.799469680626568,-0.4406543735156276,1.4349371469870245,0.2386054118894674,-1.8696353660283362,-0.7317236214999406,-0.40422796415827816,1.3186672814900167,2.23441733713148,0.7493910028675349,1.4431662261430083,-0.5490492169590792,-1.8987644007207847,-0.7603269477694469,-0.7611682538804797
Bearing1_2,acc_00288.csv,-0.5347679773753935,-0.22579346462294927,0.4191506425800274,-0.47850897318705304,-0.6219840017972807,0.33167193911560033,-0.7778362059519177,-0.6286255398770363,1.4156785153327465,0.6044840502115918,2.455453240844114,1.1463909629719087,-0.410479519840101,-0.0535089519921377,-0.806129755460894,0.03495222301182087,1.1011974827504587,0.8779107261441875,2.4268228830838057,0.49612623968461095,-0.24890521498715387,-0.10784392424588138,-0.11564834569811305,-0.2034060832024925,-0.006861592237344435,-0.2838033847063318,-0.2646699466567714,-1.3086967757677734,-0.5705476270142379,0.7913271226761139,3.1462634349988474,-0.4263280915767777,1.2739874583677864,-0.05829896532315079,-1.8271146208872469,-0.7313867589787578,-0.49753627891520064,1.1799560067778743,3.2077365263709425,0.08095899329930245,1.058194149953409,-0.5840450939702465,-1.8896471008446816,-0.7535260274915896,-0.7611682538804797
Bearing1_2,acc_00289.csv,-0.2180118477606082,5.349509228033724,-2.8922709346274003,1.1770423251278628,4.306432966271162,0.812281193076423,-0.9280112725668173,-0.8303373328489585,0.6015785705514499,0.18806529146022993,4.815322223227866,4.057508819747197,-0.310148808288225,0.4625504796644714,-0.9555845283943264,-0.9329163977690972,0.3990741417894426,1.2570697224913128,4.90119775652482,1.670910606029764,-0.32451882894954426,0.4325116702055377,1.833086183042459,8.035139871018453,-0.5728475944687818,6.097292297966864,7.185402535220047,-0.18105042828484952,-0.8802115747017178,-1.0189886623691946,0.30512724040842165,-1.2502697874818758,2.7767128185611942,4.5407022872349145,-1.667335499266978,-0.7500563962025164,-0.9025758467866691,-0.6156811615006663,0.0934911269389484,1.385821042963799,3.0178092351155343,2.277074604923408,-1.9523711240506425,-0.7887357117090161,-0.7611682538804797
Bearing1_2,acc_00290.csv,-0.5447230598733211,-0.21641051828314506,0.16522022771653622,-0.48730116652273686,-0.5299710328129744,0.258095277516689,-0.5857588782465384,-0.5630067090940811,1.271262407452317,0.5671041490395787,1.678579367508296,0.5491390530509122,-0.4814978163115577,-0.06312869299337949,-0.69575344264346,0.09313667035589715,1.0248582734217788,1.020290890608369,1.8295400417823262,-0.1059711552764618,-0.3559100471661853,-0.09146722922081449,-0.1133092684986042,-0.2061646989747315,0.06465744244232599,-0.3189303781789642,-0.2898474187884139,-1.352622409598197,-0.5576976212873522,0.7773144522015524,3.620213580735853,-0.5840845772878711,0.8828166285436945,0.010360296503923377,-1.8543436716743393,-0.7392761003376157,-0.3630156317855795,1.3106674332604795,3.3311314791650615,0.2637776324121009,0.49086019396640934,-0.4859147117081317,-1.905042500243221,-0.7588081094467638,-0.7611682538804797
Bearing1_2,acc_00291.csv,-0.5085798361997547,0.013607963450054212,0.18570008622889983,-0.1479599173540071,-0.13285484056689378,0.45335775982583437,-0.6859877821108689,-0.48531832285669885,0.840881697814067,0.3669382426735012,2.337338773965226,2.2691599601286248,-0.4269945300484106,0.17171092235333127,-0.7788916592177841,-0.3304474158484419,0.6487703578988026,0.5122104269677998,3.06954686136942,0.389190854579664,-0.3520164046931445,0.3007956415907727,0.23611367400258304,1.3324741961428521,2.3712324528426474,1.4585263046884043,1.1207494015342765,-0.8086525522438249,-0.6345510533494421,0.1680227729724071,1.6326274536066614,-0.913084713797342,1.4110922770421863,3.02680087633036,-1.7815782224214276,-0.7342296043586203,-0.7224377888655058,0.03489312082108753,1.3284038535513258,0.3901593986985017,2.416025097903909,-0.26689536857395313,-1.1942574604054754,-0.6574517504451396,-0.7611682538804797
Bearing1_2,acc_00292.csv,-0.5282145277130437,-0.20902191602677536,0.29170156496068395,-0.46260819800549735,-0.5123774433799605,0.2834912407078107,-0.15594014561854425,-0.7843295991444403,0.7695747143544511,0.37883696298390884,1.8266228686978134,0.46058690594080026,-0.5123350768837417,-0.06540073657915059,-0.4062162660589909,-0.2863726867523251,0.6835749386799476,0.983390337379726,1.7106793496691264,-0.11111316640145709,-0.4281812305952237,-0.01607878481089658,-0.12362719802116347,-0.1962193285097165,-0.03529530555382155,-0.2830330559021075,-0.229482751392405,-1.324963896850613,-0.5591800681379949,1.3854673778447042,3.1205754527505567,-0.5199475082619751,1.0682367667895685,-0.06204136267252342,-1.8395999344490903,-0.7274827746849236,-0.5340499488087654,2.42763363321627,2.8121433070109485,0.3150061426562828,0.6886219627031245,-0.9198579250266555,-1.8516782643490923,-0.7581532834232577,-0.7611682538804797
Bearing1_2,acc_00293.csv,-0.5508383485223949,-0.09585647070073,-0.2046150821325973,-0.3376468118728009,-0.07110308623006177,0.43635116072537933,-0.5868375628188816,-0.5354887903490677,0.7302189739236408,0.3539606776599793,3.1756393762672226,1.8734204101716045,-0.4276339685072363,0.09501256392964486,-0.6896591490984264,-0.15884602997935762,0.6079035783934876,0.7719404035210277,2.9640222793521027,0.3452664787913332,-0.2534924932104419,0.07791528583243423,0.0030683561882884312,0.5789606455915678,0.7817316180357412,0.9610479629202902,0.6071858899076372,-0.9046171506285178,-0.6113364581548827,0.46618562567490135,1.8707760610578137,-0.6903468370525342,1.6251887052896707,1.8723980605141788,-1.7745708185052633,-0.7319231106677153,-0.6352984473260594,0.8823331905066569,1.8949422803571565,0.5344955791341138,1.3625225152712088,-0.07690258347989476,-1.4132160845173098,-0.7534037879003027,-0.7611682538804797
Bearing1_2,acc_00294.csv,-0.458476288958303,-0.18441840074583504,0.14080659244940927,-0.40966797004808253,-0.4713922245255784,0.35334911048903617,0.33492003588428115,-0.9236579940419298,0.3330259617437545,0.07311841311647078,1.2651386936795086,0.2291103140473372,-0.5715299740147194,-0.09639320204778999,-0.045202395142472,-0.6515147533324633,0.38484586886057,0.7640943532955904,1.2881260766318896,-0.19367195230211845,-0.45443166387029255,0.01399407035496326,-0.13459371303876042,-0.20566479040318167,-0.047175527959290114,-0.225104329824433,-0.3470301011138654,-1.3494717327936587,-0.29372676937197806,1.4938834860363204,2.850734227355741,-0.5413204124896123,1.0913482907051197,0.09826786075549555,-1.8506710872435077,-0.7320555876251521,-0.4060443880324706,1.783520157754667,2.77097873648588,0.5533516266438898,0.5866721608313799,-0.5117241005016732,-1.8888676714788684,-0.757584543079956,-0.7611682538804797
Bearing1_2,acc_00295.csv,-0.5497999439340582,-0.24187845371264965,0.08666907813730157,-0.5548326940585203,-0.6988823638877395,0.37564734956997525,-0.5520407809616947,-0.7662077922181683,1.0521287643549142,0.22228821496303722,2.2665635553570342,0.6741699983204904,-0.459825948456221,0.11765285846060312,-0.6715536271550935,-0.20982598687629425,0.9270805516790647,0.7224609969598262,1.7036020462605714,0.10479852589776338,-0.2943787307531137,0.10859651260334696,-0.17384529091998008,-0.19677651104051588,-0.06398502506422199,-0.2765622939466225,-0.21848192881092526,-1.3191050015988899,-0.5490516575601321,1.1940204041649527,3.256507598658539,-0.6128384346799793,1.1982808825262923,-0.20085557716457728,-1.8407471579230585,-0.719593424099009,-0.4996113654988706,1.9944302694725,2.9104512778725575,0.09763471221588979,0.8038653909211783,-0.47647069363409,-1.9385264111923222,-0.7462674270175053,-0.7611682538804797
Bearing1_2,acc_00296.csv,-0.10842741440790012,14.014779171127557,-9.921774558139619,2.3033784118119427,7.351886061190646,1.0654266004189776,-1.0434493196277705,-1.0257061221820731,0.13522451646772785,-0.02681295312727529,7.0079471034431355,4.002113490080357,-0.15810825254443087,0.7757599582290182,-1.1026809867939817,-1.1177360437426413,0.04403670352431916,1.2165415471457146,3.8758954805296497,4.158136279781451,-0.18699972393372355,0.7493344457142062,2.3140018723555134,9.938964439087792,4.014645509040863,8.4067380530316,9.03480397828947,-0.07172863214091954,-0.8590459548849111,-1.1513051270887957,0.07819644800588216,-1.3607438152791531,4.092234256258836,3.199287906631436,-1.543483063698841,-0.7518192275646438,-0.9116816984330672,-0.9633812563406996,0.7170904135105137,-0.3224454084415877,2.952319871463957,2.509803127018759,-1.3141913548515503,-0.7786553576913243,-0.7611682538804797
Bearing1_2,acc_00297.csv,-0.5465320599653817,-0.23334195156409715,0.23785554816373014,-0.519476852772473,-0.6202140375564398,0.23019816233909884,-0.4676444207249496,-0.555039471987224,0.9707201075028703,0.3157816126933619,2.2451942226186374,0.9714927475661514,-0.5018881451939337,-0.011518645653692608,-0.446329908346121,-0.16889695831106447,0.7372763652765963,0.6676701614991614,1.7472784413483096,0.27911701310317655,-0.4019775695241934,-0.03775442681852296,-0.19301160395208103,-0.20348570898517312,0.15373813789599497,-0.3577549499118737,-0.2749886936250227,-1.4302787983680538,-0.3114785256002262,1.860102768690758,2.9109555920903434,-0.6771551000850464,0.930932218816264,0.1634895847910241,-1.8645827504132648,-0.732567322976056,-0.34496202803752507,2.272020577489481,2.9112430145940005,-0.03126819369533351,0.662239671171665,-0.547023189975681,-1.8976912906267764,-0.7624121619314852,-0.7611682538804797
Bearing1_2,acc_00298.csv,-0.5808075163072032,-0.22154976037565344,0.052223009429702684,-0.4889847780125486,-0.520312644840252,0.3597978629867623,-0.47435735918586236,-0.49273461436473603,0.5676028727680834,0.4950566057981951,2.464980399527219,1.1244709728560602,-0.4026316031533957,0.12597649358734736,-0.5873893793750704,-0.2792315862630674,0.3232349983253737,1.1640266431300226,1.671634821324816,1.8173299161458238,-0.43446998200191705,0.1832872503134238,-0.23837563077871718,-0.20620486988998502,-0.020744898022857367,-0.4030502836002682,-0.29428137012885436,-1.350980674304706,-0.3519499386084887,1.7657788185039047,2.567536058949296,-0.5514088024949458,1.3741065361592262,-0.029703952680512537,-1.8255073864977387,-0.732338339576988,-0.2601755131639328,1.8346953815624665,2.5919206787310705,0.6533535734712587,0.701839443761929,-0.659986461017498,-1.8900211916093554,-0.760058620071197,-0.7611682538804797
Bearing1_2,acc_00299.csv,-0.5698516962606132,-0.24333913067849425,0.2853192277895214,-0.5501559954757098,-0.6549205961868004,0.3391076476615932,-0.6726847731695318,-0.5121611937612565,1.0688235354376983,0.6352795034021901,2.0908809435226283,0.5294870224226461,-0.4768590707612522,0.06735199633995738,-0.7400966389503482,-0.05652408276272367,0.787583899093844,1.1306712125875686,1.8144640496199527,0.3769457745701459,-0.3391684820257175,0.08614463770737887,-0.17806160409063818,-0.20835325572550645,0.08053154871734323,-0.3551358319775108,-0.3584391996968229,-1.3910542858879256,-0.3829834259497401,1.666624220790157,3.0772531152794143,-0.5502740111066887,0.9839160285599955,-0.19159034746302803,-1.8244468546846693,-0.7357753388405411,-0.31060241167600383,1.8993848612839725,3.0724183051468694,0.271198707173542,0.5141278471628934,-0.6265368462853721,-1.9298999512591324,-0.7612233076462779,-0.7611682538804797
Bearing1_2,acc_00300.csv,-0.5427797209808793,-0.19141841985424854,-0.0793592851147027,-0.4154670762907676,-0.4424342076742693,0.34478615738122326,-0.5002423493805116,-0.4745637960724362,0.7551864060056794,0.33875745944909386,2.144739773997985,0.8707513729817269,-0.5301579317731644,0.10284072765462456,-0.4726635742012651,-0.42604453413361904,0.7839554152181457,0.8841525381996059,1.5962972709537515,0.1415336077040022,-0.4523105249694282,0.09063579603357699,-0.1871352833075471,-0.19931582561241482,-0.10710424039694902,-0.338342664045419,-0.24730166666873332,-1.3355202852268007,-0.3827880149229955,1.1813337752136244,2.978876317670006,-0.37737116464040193,1.0913384975958722,-0.012837983659863642,-1.861239981587309,-0.7240739311161035,-0.35990742265130116,1.3040773932978136,2.9046553106996846,0.6087758943796764,0.879670061057106,-0.7159992109966957,-1.9257211450726224,-0.7496713383972745,-0.7611682538804797
Bearing1_2,acc_00301.csv,-0.5829966052333571,-0.229720583685269,0.22246180329858692,-0.5131165426998507,-0.6275739143979399,0.30871625241894346,-0.47906260790515287,-0.5650397706133673,0.8340136533305874,0.3185633840327532,2.2722458073071667,0.8068190571067954,-0.4625297973413318,0.09112981421677503,-0.5167257559446689,-0.29806388946367585,0.7676246040797952,0.6467861929479702,1.8662223765891632,0.1151746107287542,-0.34235494252416826,0.06931069064964308,-0.20299563159062317,-0.20189294950467235,0.14386903579727592,-0.3374182694803497,-0.2953750921669895,-1.355858984750763,-0.4057072391421537,1.276063084698357,3.2378076317365423,-0.4920627209995728,0.8770406368194309,-0.08985349816567198,-1.8349681158274995,-0.7219899790984254,-0.40147568967446445,1.6597627303139757,3.1255524299169952,0.11864904703939785,0.5842145816788176,-0.4120378676070332,-1.8951526092787363,-0.7552607576580359,-0.7611682538804797
Bearing1_2,acc_00302.csv,-0.5680395412816475,-0.2353786827063185,0.13910903516997866,-0.539493122706902,-0.5547068418654478,0.31011922837605244,-0.7390170763257506,-0.48841218041620416,1.3322037063224401,0.411284865436057,2.253834213829869,0.7494297911413585,-0.3873604285410491,-0.04570149958279557,-0.7758268018725303,0.14413739750085122,1.0240951345063634,0.7735196324412855,2.030723388914522,0.40217140959215747,-0.3886591950653912,-0.03336786718984333,-0.05303050194141916,-0.14370962503683068,0.03543013629707978,0.15682469131002197,-0.20368560885092707,-1.2625286675536946,-0.49498816358822517,1.1674235216595183,2.354834042774944,-0.6604993740435927,2.03645085090245,0.16472933418992491,-1.8262316639520177,-0.7452997074702908,-0.5311463359058994,1.4772653079472238,2.3014447360899766,0.3018548844297517,1.608504483273926,-0.45948072791298156,-1.8266142697688879,-0.7656032532418097,-0.7611682538804797
Bearing1_2,acc_00303.csv,-0.533820836883715,-0.228126394988251,0.3130249640653608,-0.4906683895023604,-0.623254991462277,0.33431431349510815,-0.6163124926206931,-0.2423397859617762,0.84615222954576,0.34061173063425443,1.9604011280487574,0.8481998573204377,-0.48464734349338706,0.10698057472894035,-0.6579191297016965,-0.08604422717172501,0.8204914121231988,0.9595087886609414,1.523041429943989,-0.0015223484400619424,-0.3588493384316087,0.09606028407165566,-0.14063248522477292,-0.18009286573258942,-0.10008714032808433,-0.12896729505722854,-0.23156476566171033,-1.346586322477987,-0.30554828157216446,2.242831122438075,2.2131902703736914,-0.662024949295466,1.530362997882656,0.08500487369374288,-1.8315544726180448,-0.7349426336987572,-0.32094103574361965,2.109432230861009,2.4483715654613505,0.15049855528469946,1.198426891609314,-0.5698521813146493,-1.9152273722472237,-0.7606969492424958,-0.7611682538804797
Bearing1_2,acc_00304.csv,-0.5535249940304269,-0.22287029585935747,0.10959300043160643,-0.513677746529788,-0.567963909812982,0.3445948690062336,-0.3185149665629971,-0.7120263873585749,0.824491490089442,0.2537236700235697,2.111255435136111,0.37648200390528125,-0.44686159292548255,0.035285772617917086,-0.5232393032716905,-0.2734289885721539,0.7839481612425001,0.8348786129964803,1.6455377601083079,-0.06086056906019101,-0.19350372280321135,0.014075021899680774,-0.16597645434650699,-0.20348555800770063,-0.07032517233910916,-0.3150787341578423,-0.2925715187441274,-1.2855867924588835,-0.2633832550524003,1.1513382464243858,2.6090978365616375,-0.544948676185809,1.421735477309036,0.25554437127425556,-1.8463167420001554,-0.7308710585132695,-0.2990899408903092,1.2201484980458592,2.7983035107758556,0.2685526782156291,0.9470673543824456,-0.18257766546828239,-1.9266120609458415,-0.757343033740033,-0.7611682538804797
Bearing1_2,acc_00305.csv,-0.5023549305102537,0.041270627077418895,-0.5001996301379638,-0.11335234784120948,0.13922826429221044,0.49023472922295835,-0.6554096676986391,-0.6659333989053209,0.8828963205356645,0.4127695405055627,2.760497207090983,2.013472410067054,-0.39144147561313386,0.1610871109951696,-0.8037235746515282,-0.23061256214926737,0.9559962459677931,0.7780626169566329,2.100828047207989,0.809626078793883,-0.13135750288989934,0.08332337205683787,0.13843472915755717,0.9153292404211073,-0.19813341635046036,1.2634790514587873,0.8911680478945865,-0.9305274623558352,-0.5768525682448742,0.5809280429390133,1.8942575285248877,-0.7182148117690824,1.2900962282975006,2.2706873618752446,-1.8185795162967697,-0.7303228724677437,-0.6391827702725581,0.7587026240009515,1.738083609528155,-0.2081735765617197,0.796700847011738,2.259387633158249,-1.6023020902027665,-0.7703189515440809,-0.7611682538804797
Bearing1_2,acc_00306.csv,-0.5468914423364453,-0.15166903766963985,-0.166024435944042,-0.40517833940858455,-0.2893299849335101,0.4374676352356838,-0.643203591583684,-0.5623607500550232,0.6769294137200728,0.4908047255397656,2.6090619645960373,0.7710749677246549,-0.4865646963887389,0.2861362140576584,-0.6587035022295344,-0.44916699040145497,0.6334080363885373,0.9804980987040438,2.2178521994784486,-0.08217244849084261,-0.38312286802165474,0.2900908476593923,-0.10843836713696646,0.11976393741187738,-0.3628771022016708,0.5242715309250582,0.24690439421401067,-1.2485483909768538,-0.43956610683473973,0.7494722967746087,2.9266622396169013,-0.5050163485319908,1.3876746844308105,0.1573210417633372,-1.8385730541658396,-0.7236481525542066,-0.4814879661294795,1.3204077949209387,2.655044416681557,0.03830877489938209,1.3976197493695426,-0.4086029697031044,-1.8109179040457228,-0.7505689451468368,-0.7611682538804797
Bearing1_2,acc_00307.csv,-0.056887280774159936,12.388451121724332,-6.324907525053886,2.2553019503806513,7.171156763666662,1.0886189473238712,-1.0210741469277413,-1.0685640766409268,0.1201005356638298,-0.11517281516235625,6.406591735649496,5.628667251818838,-0.34899506769805116,0.8688925169363922,-1.1162071198019294,-1.3162197475894235,0.22601951274002366,1.138110231870294,4.829783085491615,1.0593428955864213,0.010092852452129365,0.8543304312494729,2.4684217730508817,10.21034823340991,2.7072502200407054,8.856147877416111,9.845847374320142,0.0012612786335904388,-0.9041474461036821,-1.173958027490116,-0.07773954817900297,-1.4254618793515599,3.113421601309381,5.116926298099812,-1.715833193535949,-0.7446100102185771,-0.9588666330767602,-1.0242818168638292,-0.22459912385561717,-0.2733946745251579,2.5288598998963363,3.5092500491996907,-0.8340208863434299,-0.7710831986406845,-0.7611682538804797
Bearing1_2,acc_00308.csv,-0.5534274189289926,-0.21825132195719074,0.30370184236673553,-0.5183544451125985,-0.48701349104676916,0.4410058571845716,-0.46869157980337345,-0.7480118496348818,0.730679857552227,0.5207152744909154,2.280473323812165,0.7282349777843238,-0.33112794951283986,0.14879810653042977,-0.598976320976137,-0.49213509224242524,0.7296511045666184,0.9021617881489948,2.09972583212036,0.038047732679086545,-0.22122122695903107,0.16188330839720325,-0.1285379195763449,-0.12940253631635448,-0.1268139600677299,0.06469336632478426,-0.06998594754325226,-1.2489577404482024,-0.174438894132092,0.6982754218036007,2.63527600578314,-0.2346260965134223,1.354426447660085,0.13471732241167642,-1.8324849345793726,-0.7294582342019644,-0.2469238480997235,0.9628169078347071,2.5042284660271488,0.5665233533332247,1.3554717915151235,-0.5107044857139124,-1.8813160090994039,-0.7550229781872639,-0.7611682538804797
Bearing1_2,acc_00309.csv,-0.5394230918523861,-0.21984826668718055,0.2728413405644267,-0.5177932412826612,-0.5246102277138349,0.31869798455381704,-0.38380352060573225,-0.5814295898207579,0.8541734112619753,0.4552373407732648,1.6016433409789397,0.5801576031534599,-0.5360063207470547,0.05350273612726861,-0.5079057164679573,-0.30490153154297056,0.7431552546305025,1.0620901057256804,1.5176924737957016,0.11857428081261812,-0.4342965045706419,0.06598128717803506,-0.21543305159303397,-0.2024196530424409,0.05144104617521326,-0.3662285667583421,-0.26348595020804205,-1.3544721141922424,-0.4682647030964217,1.4332444307930172,3.2016256482957144,-0.5149889630585582,0.9136541689431229,-0.09403210205900865,-1.8461902525534424,-0.7240519103793916,-0.4991914619642472,2.0768028044901516,3.0707777399630602,0.11755626254616837,0.7607828619461658,-0.8586138572945509,-1.881402550925148,-0.7495757287737544,-0.7611682538804797
Bearing1_2,acc_00310.csv,-0.5521789345359529,-0.18948549012175248,0.2826366457390039,-0.4528806649532515,-0.3317500833620888,0.3940650355083451,-0.6200470797554773,-0.48787010475542636,0.8765129903128077,0.36191149420984664,2.2240403720525,1.278669973875974,-0.42595710788312563,0.14789388940209447,-0.6425980207671299,-0.20240849728688096,0.7858247962903717,0.6477756048557789,1.9697462851154348,0.1878120333032367,-0.19894325335827592,0.09162089907091128,-0.14672603598263356,-0.1900862066528476,-0.11002265891681229,-0.22202301460753543,-0.21970456997515123,-1.3150999897223747,-0.16727957091105822,1.1396223128362228,2.8416170133323746,-0.545709015769405,1.090544435031651,0.26617380335952334,-1.856757824564032,-0.7238961732701148,-0.24130014449162696,1.904527922229963,2.806631385586452,0.12877836779764054,0.8118994949702046,-0.5938847513484745,-1.8803922329461942,-0.7554932818360887,-0.7611682538804797
Bearing1_2,acc_00311.csv,-0.2856626664882525,3.3926606713763405,1.3370462128190712,1.1504786771774989,2.9181046674610798,0.7958464521118251,-0.7270911706322999,-0.8710405086123398,0.3297792864502631,-0.06645941144938648,5.196591340936096,2.834473253016113,-0.20715371114024533,0.47288821365645134,-0.8863097220709701,-0.565179497643192,0.17582815358486206,0.9587642122305037,2.933294452548763,3.296218892617119,-0.3763785312809515,0.4753183212114966,1.5005209852451271,6.465222300431892,-7.342266847530809,4.610249574292093,5.98965225353078,-0.19596455538749166,-0.7336620063885865,-0.8935707341389578,0.11843026389425108,-1.3687295933795889,2.9471449308429483,4.5879616866377235,-1.6866648783058353,-0.7474542935083367,-0.8227090308941211,-0.682196377198574,0.7363234106714923,-0.2696283087160459,0.6906358446853335,5.121741055780004,-1.5532118580974474,-0.7312397902608019,-0.7611682538804797
Bearing1_2,acc_00312.csv,-0.5136634944837137,-0.18392681542227993,0.23252173215932312,-0.43305146296213504,-0.3043082588536715,0.4776888139378307,-0.48358418668796094,-0.7287114076826375,0.569724427887901,0.15739419089824375,2.330510873001431,0.4155385933750946,-0.5691288935820403,0.339230222396454,-0.6378768938915692,-0.4657392325316225,0.5357346778100407,0.7326780102591699,1.9077514843360324,0.05478567206317727,-0.45329608846765496,0.4206762585409636,-0.15656172246481803,-0.1934402568116865,0.021672036399227462,-0.2405109059089209,-0.26088362188045755,-1.3429688368849024,-0.5258935170449452,1.0760121515712333,3.1558392535084314,-0.47080181510039637,1.3577003556725464,-0.2696428375970791,-1.8780722508807672,-0.7257817127011612,-0.479834441389951,1.2958391484712601,3.0694820967169303,0.2915572828668605,1.3483964179476506,-0.9864366196953176,-1.9436868925141702,-0.7539940503280999,-0.7611682538804797
Bearing1_2,acc_00313.csv,-0.5654890381757671,-0.2201052295926617,0.2688049944828084,-0.5327586767476548,-0.5450087739543493,0.36255055213142984,-0.5842357884569652,-0.7273699987281769,1.0613273227952342,0.4204155360699407,2.2436236315490565,0.9342069273094274,-0.5169142420415596,0.1376345726561299,-0.6671224137447221,-0.29641059750994825,0.9451393759146406,0.9683891382291278,1.8312866452091559,0.14295266177042878,-0.40845781642640266,0.1052137894314234,-0.17828491259629328,-0.1977581339357346,0.07043104216277614,-0.23835398525709256,-0.26864523776085564,-1.3844630995077802,-0.39750014682997403,1.1941979665037394,3.1741521298263313,-0.3842296900781863,1.011231810779953,-0.1725940801902714,-1.8630442405429037,-0.7284911070434557,-0.149139415101935,1.7173869590754087,2.880977959013846,0.3795550302570149,0.6425457284084789,-0.6067805241192162,-1.9327656652305771,-0.7596545208825641,-0.7611682538804797
Bearing1_2,acc_00314.csv,-0.5173844357473113,-0.21807801160829554,0.1637208200222902,-0.4510099855201274,-0.5723080182938618,0.29558821409839603,-0.48197724424085064,-0.5347185926015572,1.067658075652713,0.13196309360365244,1.4002686578285537,1.0018724968023685,-0.4572213193849098,0.0580934217088687,-0.5662703968008209,-0.0065783820197524686,0.8571680338158596,0.51686331430044,1.237423938269663,0.266317024838177,-0.44559722155917963,0.0627217524834172,-0.13644089454408612,-0.1846623192252292,0.07205924901126934,-0.15978044722620435,-0.21412085088295454,-1.3435356302981467,-0.43970406381730637,1.1286075294698272,3.184769133754791,-0.545327274233999,1.1572384397807158,-0.15295670505446893,-1.8289113239650339,-0.7312247010741411,-0.4137079001280788,1.6926977233662248,2.7835305783191533,0.28771254748529884,0.918614386346494,-0.6113584104884153,-1.8452086045307128,-0.7574250327370454,-0.7611682538804797
Bearing1_2,acc_00315.csv,-0.5040960049963357,-0.19858978163068583,0.2385363488621595,-0.37655694408178425,-0.5143559697354939,0.30099545733883887,-0.31255133952751946,-0.49566363814309244,0.6647747188539217,0.12032678317290006,1.6451126561903862,0.919106655656397,-0.5378837217135334,0.11052127746590053,-0.6037791364219951,0.20821819273064207,0.6170556325695384,0.5973190654961124,1.2692003555376032,0.20631903789524145,-0.4171025877651571,0.10535493907100348,-0.09307808532335153,-0.17847312302846086,0.029831111994293558,-0.12850509777469388,-0.11324482044215191,-1.3834628698070783,-0.3153624282548902,1.270686071178119,2.971866235016349,-0.7628746851023964,1.2928202460650768,0.1584531956509151,-1.8670503594164412,-0.7339789083619017,-0.23495205743126488,2.007433150438043,2.5205345795966734,0.41782531115486504,0.6927305726608022,-0.33651903233647296,-1.9485240258026202,-0.7537825064281436,-0.7611682538804797
Bearing1_2,acc_00316.csv,-0.4476560500000602,1.236968063119956,-0.7186141346060586,0.3228900959633536,1.4096297693099678,0.6388441425935704,-0.8282989626027357,-0.6648647358880859,0.6838879219266386,0.40858933813399656,3.6929390223150005,2.9225883814691813,-0.32258276262456975,0.32824398598257626,-0.8952366900695338,-0.2566898351494986,0.3840212324496216,1.0287816511755017,3.729336896455009,0.15804396403606502,-0.16970113694321332,0.3162790077978122,0.8036548749145493,4.759164127494281,4.514559018444556,3.184525023433583,3.9508576180474537,-0.4535908920812634,-0.8134839380049417,-0.6027390100686882,0.68499421679995,-1.0692819446593487,2.857520913856023,3.4216636014628103,-1.722153153101509,-0.7524780671645231,-0.7977971505013745,-0.3334630426479644,1.149337485815348,0.6362781490664967,3.154736823555481,-0.7048692894800973,-1.0887119057163914,-0.7477143326524489,-0.7611682538804797
Bearing1_2,acc_00317.csv,-0.5546046158631964,-0.2275242014821707,0.19660392250061537,-0.46148579034562287,-0.6273616818977323,0.3150709212720445,-0.5206041996459795,-0.5599077056874389,0.9550114439881408,0.4380760458873325,1.6432397502401141,0.6570836340905126,-0.4535973615897021,0.05827727667048564,-0.5898872664298433,-0.162927084418201,0.8233928127548606,0.9493384479314875,1.3501886639306013,0.10099514625169828,-0.3282410893632656,0.05911013210238823,-0.1565533022687146,-0.20454847967024314,0.06470049721276742,-0.29474205372631823,-0.3038577337349226,-1.3385263165755086,-0.3321410287393689,1.2974797917081127,3.203287154233233,-0.6180029231196371,1.0020685999041363,-0.05799471082196989,-1.847782867371914,-0.7298901348862898,-0.28543917850277883,1.955447883969303,2.923724853978774,0.3105627571412592,0.5386363852346571,-0.6868270186388203,-1.8599951130172412,-0.7606682757728594,-0.7611682538804797
Bearing1_2,acc_00318.csv,-0.5736032102237237,-0.2020028743878445,-0.034250993238305036,-0.4959062919151081,-0.5340660147233233,0.37721067551872933,-0.43506459960665456,-0.571123992216212,0.7240993890243078,0.2751865883694709,2.0137355861261823,0.9885343667437534,-0.4537472019670356,0.14838785712041405,-0.5265781509156529,-0.31675310359022185,0.6636298302244942,0.9710389309334787,1.396229313805577,0.339788725672054,-0.3975749885157066,0.1356748036834808,-0.19614535885744283,-0.20774970617338592,-0.020561825998760993,-0.31061082709334076,-0.36284118840563423,-1.326537150165681,-0.21673225760045642,1.4775132880753645,2.735802353979777,-0.44121614602910275,1.1291768282561312,0.017226379740640122,-1.8495036921899732,-0.7215836217472497,-0.3199055506925845,2.0495396629714797,2.304739835380537,0.6033503700409866,0.8234137910277755,-0.48108764804598003,-1.8879250327098371,-0.7514407973920184,-0.7611682538804797
Bearing1_2,acc_00319.csv,-0.5129976072825747,-0.04358969610790971,-0.17144358685288022,-0.14328321877119668,-0.22213254004396696,0.46556447290062924,-0.6345912142361835,-0.6358131871961575,0.8697669918969866,0.2969821444637544,2.843783220055289,1.5324936265061688,-0.41096975969262944,0.17700828459596551,-0.6254426020775702,-0.3651395750261262,0.7133204230315817,1.0182372971727955,1.6320171984898566,0.7318864137358557,-0.37031227878764233,0.16475939731805897,0.06530992388529198,1.103379863945966,-1.518339898911821,1.3831881476352583,0.7951814887707513,-0.941279780073298,-0.20370530780190393,0.44108233762447924,1.5803312045081932,-0.7709366460295978,1.6684296959581928,2.1436940637761692,-1.8125062852783722,-0.7307670192876081,-0.1992177259945946,0.7723115402603107,1.711251905816079,-0.037434039531277795,1.443445257888099,1.3544590417051756,-1.8428586619692497,-0.7584286000590011,-0.7611682538804797
Bearing1_2,acc_00320.csv,-0.5569104514840937,-0.22207600569997143,0.34228898936502244,-0.5439827533464001,-0.5273564056850325,0.40854894955190724,-0.5742206888174354,-0.6228042365827217,0.7445816457179506,0.4212232518940483,2.4080331485576134,0.8842443020651215,-0.4751611084472516,0.2548896463626775,-0.6363008689999343,-0.39007004328230643,0.6788594744836659,1.0409528052707484,1.799336146834923,0.027964201119771225,-0.38180632509726653,0.24301285924206611,-0.19055851493546544,-0.19145951722141652,0.0220165582580989,-0.23912431406131696,-0.20024972509723388,-1.3248084674891936,-0.5315368636385089,1.2703365371931172,2.964748819362392,-0.6016632084589775,1.2874900126422695,0.04917294873871671,-1.8221150588042951,-0.7372621876053916,-0.5150584493565057,1.7380721138087374,2.8282395429650604,0.31143250169633163,1.1187283027248973,-0.7645552868533235,-1.8991101253621705,-0.7665385583277105,-0.7611682538804797
Bearing1_2,acc_00321.csv,-0.5867625895070498,-0.24309482124877296,0.08401101626609232,-0.582705817612071,-0.6993875276876712,0.3179907978058405,-0.6328757869684785,-0.4884827073066271,1.0982423784112063,0.30996522210495175,2.4467428494844032,0.7772041610548959,-0.44189558649982086,0.017590611008016475,-0.7273029340824372,-0.16193930864593475,1.088912566974805,0.7637552435686739,2.0139988300144624,0.37983694626142533,-0.45031944107205835,0.04671585274033556,-0.19724659893323032,-0.20230079713138663,0.07881805905128524,-0.2827249243804177,-0.3228522703139237,-1.3105568275006212,-0.49618935178732737,1.315272636520983,2.893960049397771,-0.608916777134894,1.437879375476731,-0.05635719162623498,-1.8414244925011036,-0.7325105285364938,-0.4041495025541796,2.189176742954439,2.389448941066864,0.4407857633788559,0.8712778049819977,-0.43188357898595986,-1.908499561364007,-0.7651419698047377,-0.7611682538804797
Bearing1_2,acc_00322.csv,-0.5314717551197803,-0.22109657849099984,0.2829912498875864,-0.5174191053960364,-0.48423402929275455,0.37010094069134913,-0.502076897271242,-0.5310065810944133,0.8626157000023106,0.23856001237612098,1.740167613291906,0.7192373489006599,-0.4909362268884514,0.17762152079259844,-0.596443438050879,-0.284215743790972,0.8143240967939511,0.6269805650750034,1.4579115873108293,0.12176797043923994,-0.3651041525038858,0.1865267958084692,-0.17182010649546217,-0.17535763286652226,-0.056821659222227615,-0.15531254016170273,-0.18531057027264677,-1.3624844520299044,-0.3016032349281369,1.1870852228559743,3.1345351765478386,-0.4710380886076211,0.8506406664758875,0.04983391987329637,-1.824426175565978,-0.7278983743226097,-0.16340564703549754,1.6272352581662253,3.0117386579984413,0.3072519450302467,0.3987717245931117,-0.4913252394270277,-1.8530214180560465,-0.7586184247818784,-0.7611682538804797
Bearing1_2,acc_00323.csv,-0.5912512950762362,-0.2182500764696682,0.09930801952275808,-0.4901071856724231,-0.5819737949265529,0.3919668661362417,-0.5250983327524487,-0.4973051713341502,0.6271007920455676,0.28123119599412155,2.7329418032304487,0.949637834515117,-0.3664863236985905,0.1353544344769531,-0.5752316233597609,-0.35978385578578864,0.5214719891428097,0.8972986784605647,2.191140018382936,0.23363950052437363,-0.30462064647076975,0.1820479873103901,-0.18567273923395738,-0.20238817531206543,0.06210336869817963,-0.31523279991868713,-0.301500796007218,-1.2765971517954695,-0.3151755184865443,1.1774891846867537,2.6456646300736772,-0.4811028932650936,1.3437819439966123,0.1906211907968503,-1.8227298636219127,-0.731290105644561,-0.35813573095577117,1.8865187734728193,2.3211102929597036,0.35747975658893,1.3233626247910926,-0.6218869093303916,-1.8825030951746446,-0.7597996696076041,-0.7611682538804797
Bearing1_2,acc_00324.csv,-0.3224131612016375,4.321096823685003,-1.2347564133653623,1.02607849487474,3.09920680029054,0.8417387869646018,-0.744615565599477,-0.9252670989294135,0.423383888138427,-0.0997847260225684,3.2595905539416163,3.725619930832675,-0.34482647979278475,0.710237948630826,-0.8231924564605825,-0.7453191806228262,0.12659382733542163,0.2940017897279714,2.4325548264922214,2.6429534426080314,0.41763988113478423,0.5034294304922322,1.2768134905540767,6.869507676964788,-0.7162340069968559,4.778181253613011,5.946197742609672,-0.22039827940952425,-0.8112899857555649,-0.8675657947193939,0.3006391504304016,-1.3366769076508271,3.262181930670156,3.9417490177857277,-1.7122910714015427,-0.736032314455472,-0.8455987441784298,-0.44144971120648974,0.6162231828910966,0.5145208938258907,1.3408205184942101,2.647590473854208,-1.0867996682087133,-0.777533155391015,-0.7611682538804797
Bearing1_2,acc_00325.csv,-0.5632735548952422,-0.24113744931083278,0.3485216308985943,-0.5628766156209544,-0.6008774451296752,0.34106892360829705,-0.5966702494592085,-0.4796457063482669,0.8888302219111036,0.6054714455561966,2.158052233582316,0.7820184211118909,-0.4875758347677376,0.09502896648644334,-0.6784455727460519,-0.0810429693135875,0.6961174348991879,1.1876943955331194,2.0532239616042522,0.12970090426932368,-0.3619458052007102,0.06423897945802151,-0.15312393031541036,-0.2067771398778539,-0.0014215104183986815,-0.334491020024297,-0.26247217096185455,-1.3340301325822663,-0.49435924194509395,1.6838110781018623,2.8832137342300266,-0.6015881335281831,1.1838744800942023,0.027953622455340294,-1.862250542911147,-0.7270224159704898,-0.4736571478393689,2.027379515797303,2.9828060789188244,0.17197844542412163,0.8450012286590841,-0.7847048127885635,-1.9094532622449545,-0.7597959968901862,-0.7611682538804797
Bearing1_2,acc_00326.csv,-0.5511632531147873,-0.22825026250857483,0.20123669508674094,-0.5198509886590978,-0.6910954597972672,0.4036039092220563,-0.5447895000642583,-0.4209824563692037,0.6373874302249751,0.23876431026798775,2.1487217777529395,0.5822798180484442,-0.4877980728020485,0.26379245970249166,-0.4956969981969809,-0.4598901494410036,0.5556902338466164,0.878677627318158,1.4514844829842681,0.19114023315976666,-0.40505694111733026,0.2493530550211344,-0.17325187524357402,-0.21187821454565853,-0.006001773247210687,-0.37685910425663877,-0.4208719424892886,-1.3620680692035958,-0.1251079345344146,1.5882715180841447,2.7494094217026466,-0.5230382804104218,1.131037383426535,-0.11153225828194967,-1.8135284165394245,-0.725725147996285,-0.06679743965268588,1.4495500937498917,2.9689222737960748,0.19021368224190366,0.5939512638011542,-0.49131109364622,-1.8602377965603931,-0.7427835101515303,-0.7611682538804797
Bearing1_2,acc_00327.csv,-0.5403075099473961,-0.22319659275697665,0.31369526849948515,-0.4929132048221094,-0.6558304960922999,0.27826504633304067,-0.38316057518024355,-0.5496343161823193,0.8914726798410573,0.21246832226749152,1.9734533400044945,0.4213878273399353,-0.44969858998531775,-0.0003271722703848763,-0.4874533130469239,0.01916288192902602,0.5366063252417702,0.7998068400218673,1.239394478127447,0.37586757440920665,-0.32722253724536654,0.027874507690714874,-0.16813023377595362,-0.19690200708736275,0.08134939818869827,-0.2710159265562069,-0.27450358535298863,-1.3201947255843354,-0.4893073956546074,1.129075292057433,2.832518410576622,-0.4984890057185249,1.246878791332323,0.22109893425631413,-1.819953532921184,-0.7337053284004043,-0.3405933073237962,1.576415362774177,2.7033833624178762,0.5097987347229421,0.7207933272029375,-0.4314701655382494,-1.8580096303663436,-0.765605061039019,-0.7611682538804797
Bearing1_2,acc_00328.csv,-0.5925473858270001,-0.22795228661041644,0.2981477826637991,-0.5606318003012054,-0.6064101697480644,0.2323239572131476,-0.34746058316245176,-0.5000724844319592,0.8290809744219008,0.4368224992143705,2.019966546848256,0.7713019279775857,-0.47497907273061624,-0.12394507733678473,-0.48654859241667436,-0.1644913841640575,0.78450814800211,0.9362699399502423,1.936870853832564,0.39760217147500015,-0.3505021651829959,-0.11955791970359042,-0.26511594148012796,-0.20608736440496797,-0.0706011928738022,-0.35005166186962977,-0.34637906487698533,-1.3068776597336562,-0.26261825252988186,0.8896308070909386,3.207973881627359,-0.5674127687343288,0.8314501834021553,0.2889320179837107,-1.8294600563400247,-0.7299713279672381,-0.31942766536572287,1.6980756511830248,2.952757322954583,0.3491585789031149,0.4289399654749452,-0.4992023689555685,-1.807819112884181,-0.7599775620379939,-0.7611682538804797
Bearing1_2,acc_00329.csv,-0.5522974212335424,-0.20028194832262378,-0.07043696252640448,-0.4270652887761376,-0.4196356070450461,0.4209154468381258,-0.7229848960984726,-0.7281013912887961,1.2225980825050267,0.4599030391547527,2.1246222316459566,1.3305851850863357,-0.5176418436372783,0.16876410744797518,-0.8266000537417487,-0.20664571734318407,1.021824039385497,1.165552024069056,1.6111271599265644,0.14946855907461384,-0.400053443213516,0.18646033296566145,-0.04348712815230456,-0.08573861674575509,-0.3146535982518968,0.17423412228549323,-0.060593970166160145,-1.1644425336943016,-0.4645034502235651,0.5990621001025506,2.854484196260704,-0.647979197629202,1.2827382977911974,0.6836506517140072,-1.8197456273901191,-0.7305364946583294,-0.4847777721362542,1.143698483117501,2.606430671263954,0.568571063180524,0.8317828793880183,-0.1289138044648754,-1.7990380047348367,-0.7603622497205308,-0.7611682538804797
Bearing1_2,acc_00330.csv,-0.5353274459691524,-0.20337746896573125,0.2999291046363557,-0.4867399626927996,-0.478060009542021,0.4170959398343356,-0.5472243687783205,-0.7523845592592779,1.076003479626772,0.18386018424527129,1.993767142957789,0.9821398876595478,-0.4587770758704877,0.1651682447444875,-0.5428051438746865,-0.39430460585395943,0.8424478741063451,0.4655190740108415,1.653310782736971,0.5294177495263628,-0.39506128738353063,0.14746271144690126,-0.10991029475458193,-0.17248171541400747,0.036141175913571105,0.029720438612996825,-0.1663850685320139,-1.330786959522463,-0.10619005383249917,1.3635403087588827,2.8435114881587156,-0.48372072418223777,1.0254898722084802,0.029347435364534342,-1.8364133224978976,-0.7269455356167576,-0.3723284608045045,1.9070499686752715,2.7196138525249007,0.6598164972439887,0.6495302594881553,-0.8298193854444778,-1.8656602832931781,-0.7537989027407688,-0.7611682538804797
Bearing1_2,acc_00331.csv,-0.5813246179982324,-0.19616288042048075,0.03845516069986007,-0.47458054637749225,-0.4074369572980375,0.33356609165906126,-0.5813019137752395,-0.46679560750762167,0.889614992098853,0.3010347253867996,1.9336470351328445,0.8892250154723392,-0.4422082371831461,0.09633512050182276,-0.5824568004926819,-0.3432814030975958,0.7804854282744252,0.9153388447364488,1.6921324609662256,0.33344936811745063,-0.3003750764332648,0.09495373646402588,-0.1613362931187495,-0.2009350866180433,0.0179250809427438,-0.3187763124181193,-0.21096266851475295,-1.4005613910338748,-0.26097505725689485,1.2732242671186986,3.3317489393147497,-0.577134842899523,0.5838669427259137,0.21871271810128967,-1.8544205800752616,-0.7351759403858309,-0.32280644166263217,1.430308934434782,3.2248734972479007,0.2504605940604397,0.38393370218824313,-0.25047664092856664,-1.9305856570640545,-0.7645157337933246,-0.7611682538804797
Bearing1_2,acc_00332.csv,-0.5442243446936859,-0.2174235236277418,0.12919200907509926,-0.5028278058176676,-0.4674807936820139,0.4025496351792854,-0.5212358064289191,-0.6185949468385107,0.8878677262267816,0.3049232407656979,2.0395473152812027,0.945020543046304,-0.35239456298114735,0.06325259834814341,-0.631051415349867,0.06060047570829848,0.5468822541461338,0.8274084640033922,1.4336060365947016,0.2487661335132307,-0.16293857446708376,0.0930018860256427,-0.20770251405810944,-0.17879472067378707,0.11225339623576505,-0.1798089961360386,-0.1533294538094777,-1.2707852433546198,-0.4148692132173664,1.3946972975191159,2.40875065618659,-0.41782002079816877,1.4142467898034898,0.28470556506484,-1.8276472015039296,-0.7259812620768881,-0.34649546945895104,1.7986987299123247,2.3825347375635735,0.2591001336010048,1.176003093139524,-0.45742414298542894,-1.8416670748331945,-0.7524006592177344,-0.7611682538804797
Bearing1_2,acc_00333.csv,-0.44245270163408496,1.4735403134245872,-0.7627515293941063,0.39958795272144576,1.239013046520295,0.7351729571462473,-0.8317764480230052,-0.7264944679732626,0.6291603222463948,0.10818716743077979,2.9525127765504697,2.593733707483787,-0.26022332039830365,0.5616863956396047,-0.856960652341769,-0.5930375939349046,0.6741199447544228,0.7884837659082206,1.7358539571820837,0.8913983967938313,0.10763120618250346,0.4160825452234477,0.683721165129409,3.652464250341887,-2.8718375345121134,2.79381425393097,3.140189210249503,-0.47744166448070563,-0.7798194738871193,-0.6003375504905728,1.1810961544096985,-1.0978122385202953,2.1898078495187625,3.467868104563768,-1.7181840848025298,-0.731022713808221,-0.7877518634115683,-0.3424627531892658,0.5097986344013963,-0.1394728901723453,1.2696169805465816,3.5266148397239965,-1.077961728694675,-0.7776786092107218,-0.7611682538804797
Bearing1_2,acc_00334.csv,-0.5131294966663971,0.532009090105516,-0.8326770842963941,0.1062654176075715,0.32136902078732515,0.5371575618569638,-0.7326942793259735,-0.5389464407246585,0.6102202992067465,0.39932846362079233,4.023840916703446,2.7115059477685812,-0.4307646260581536,0.2096340010128502,-0.7983184914162985,-0.431377752797154,0.5235377994405873,1.1662603288975535,3.1078906172003777,1.4357625946557064,-0.1542878837084301,0.15611430861047298,0.32943061608915075,2.4204685546907454,-3.064061477794659,1.9154853513543153,1.7001359507902971,-0.8048661971510246,-0.6013588924771089,0.243892107988869,1.5111830815732936,-0.8801888279129894,2.074579828373104,2.3565487209700557,-1.8236685137498614,-0.7401200848050529,-0.6126909694372942,0.2657567826137803,2.103904424319731,0.2567739172173409,1.2904767607356418,1.0489491949044956,-1.651638738193744,-0.7688547187617103,-0.7611682538804797
Bearing1_2,acc_00335.csv,-0.5112775810931446,0.00761808203284452,0.03945236858341238,-0.19435276729548734,0.09670277265848115,0.6163633839857908,-0.5688538298223658,-0.6980482240805722,0.5251911310486295,0.2026532647778486,1.821534950515402,1.3546781549754832,-0.2967576957970834,0.47295203411653974,-0.6992814509982305,-0.40744724826771417,0.4521074395732081,0.5886140488825504,1.7331065753914543,0.1773234753885768,-0.15809097933141522,0.45012726282828364,-0.011894648656950738,0.1663856645857824,0.34567252844132845,0.7512103966495648,0.3702725978737213,-1.1082469848913603,-0.5332941922666562,0.9680118817296365,2.296225479113658,-0.672911108257225,1.9362839560752243,0.49222924888768715,-1.8280026089629147,-0.7192639669523477,-0.5981170531398133,1.4796224225177685,2.0286374619983563,0.3793320522127964,1.468269570256172,-0.04094826721106376,-1.8203194880665852,-0.7331056238202511,-0.7611682538804797
Bearing1_2,acc_00336.csv,-0.33316055805999634,5.523508248973015,-2.084689761358152,1.2629065111082634,3.1933066707238082,0.9475037041127639,-0.7663130241625041,-0.9085679248754744,0.16609783041597773,-0.14057431782394145,3.6561226122262713,3.181278912048255,-0.22826413878274304,0.84273723328879,-0.8361884601195068,-0.7370480745017508,0.05597086863780071,0.6160619839070417,2.0832337573274646,1.5483643207725597,-0.09492089634250969,0.7819077898863884,1.0166113874934406,6.845362050042707,-3.4473616764563517,4.514112539524889,5.084764057952864,-0.27716115228143934,-0.7357897455861077,-0.6404075557692895,0.3912899001076807,-1.2859203585610401,2.56598737114893,4.450933743963147,-1.7540919152916046,-0.7247232245930785,-0.7840873781322213,-0.42843976130988204,0.6697323642837826,-0.7167497525809297,2.2670379286873197,4.059493510176508,-1.780806912861107,-0.7328236942592861,-0.7611682538804797
Bearing1_2,acc_00337.csv,-0.4292515317960372,1.351812238381509,-1.9963724705315704,0.443361851456552,0.9236384078006402,0.6316334242641822,-0.6750347443901712,-0.7209513529010921,0.47838504304803375,0.06351484682828225,2.9718134085007875,2.6949492967437174,-0.49844453220800006,0.5624614371164706,-0.719282752707836,-0.5028800832664769,0.3213846524742767,0.38598455377981633,2.2224769447412687,0.9556150351700132,-0.23502232796551364,0.5258737787801122,0.34538482027226247,2.9321023395929324,-0.11577202635546104,2.567645717010688,1.8112823588588227,-0.8114331519876337,-0.3450423126913377,-0.023712179260438827,1.456569720989442,-1.0101957558323154,2.1362474051270346,2.4869129036593325,-1.8055652338259949,-0.7386643829069878,-0.47602962328465004,0.2698527813959873,1.3743879871339355,-0.27987676226697605,1.87169670551406,1.329271097204957,-1.331035177116838,-0.7634852766144623,-0.7611682538804797
Bearing1_2,acc_00338.csv,-0.5531312273984776,-0.20383442274866567,0.23283887055836444,-0.45624788793287513,-0.4804540677000715,0.41470671931320974,-0.571855582151936,-0.773857772747686,1.0299935659265382,0.4015128659528804,1.6316031719046369,0.6867700623328742,-0.4360313003477624,0.21456365816221887,-0.666445837562572,-0.2809996508172161,0.8786135712755012,0.7139555479488474,1.4386543927404989,0.08793263297325868,-0.35921392836339816,0.21618052823649025,-0.21854661259777716,-0.19741421697304246,-0.04325256299471024,-0.31846818089642953,-0.25539145648233386,-1.3052093304177015,-0.4895179409633888,1.0241639921853694,3.0291176542773774,-0.5942346659782294,1.3927941676893807,-0.06572937746440702,-1.8173259921233946,-0.7319172206297477,-0.41335305986010223,1.3137667566107212,2.9391147633693446,0.310227779777405,1.1351705223068238,-0.683978988034222,-1.9075960652756294,-0.7586080905596494,-0.7611682538804797
Bearing1_2,acc_00339.csv,-0.43552053988968953,0.5440447694241671,-0.97169923476484,0.08101124526039485,0.852640326375593,0.7420376460855924,-0.7860696567739885,-0.8417247617029937,0.5117204357831366,-0.0033153310728508017,3.879773460185059,2.9439538895998694,-0.4783718330414169,0.6234672807411948,-0.875919933684505,-0.5253648933081947,0.33967783145096253,1.0079395463120346,2.5383619744099146,0.5983505300637336,-0.2945861242959174,0.5921976388778741,0.5036083897501307,1.840476656323677,-0.8286559020475911,1.9841986806911311,2.2088091913250345,-0.6464766724800264,-0.5376313007275897,-0.3144456430278043,1.1086167217829015,-1.053830988299857,2.381656920157367,2.9752197317589197,-1.7499568719401655,-0.735778545431691,-0.5997962925867855,-0.01107735851163904,0.596526748261794,-0.2221577144111724,1.8341331623678605,2.525590490308726,-1.2505290003328364,-0.723260714312588,-0.7611682538804797
Bearing1_2,acc_00340.csv,-0.5377388217698892,-0.18821460072671328,0.32285823195083085,-0.4242592696264513,-0.4351881210755873,0.29762240991527805,-0.24936744920757517,-0.5896291963372025,0.6408717512002544,0.2182181999697211,1.9784512804163652,0.9452188412367871,-0.5433458592984395,0.04699306069497763,-0.4252921648073375,-0.213671258580225,0.5711254681914659,0.7627858449050229,1.7084138174250705,0.08524934908552818,-0.4360957178207997,0.05857644552648051,-0.20790330688389838,-0.20569763769914534,0.20446369139237885,-0.3346450857851419,-0.36351347491941666,-1.383728347026267,0.009171185867351772,1.3035423483881008,2.5922743838833058,-0.5232307205365353,1.348684381609411,0.0913609199105261,-1.8694967037195722,-0.7338996816857276,-0.12488284502579919,1.7420216406609041,2.498559917899912,0.6504519417939459,0.9036734629517476,-0.7653222526995174,-1.8973433350445081,-0.7649772301608672,-0.7611682538804797
Bearing1_2,acc_00341.csv,-0.6009018722209085,-0.1690679376733608,-0.059896273953988236,-0.4349221423952593,-0.2588250479577218,0.3040513526815874,-0.6870782427556134,-0.40118615756052856,1.1980175563449027,0.4073649279300186,1.9846341935089533,0.8166305856840098,-0.445252536923054,-5.715262149179513e-06,-0.7231364390004505,-0.05817771760533066,1.0606472240393927,1.0997192792997912,1.4394476476729279,0.19671705958569885,-0.35364149381431,-0.0032881131271277897,-0.13756215336729222,-0.2032498982933479,0.027212289365668205,-0.3070673145939085,-0.26850900934642324,-1.3775121112252617,-0.39913241026017954,1.3641196665612954,3.3820077058694133,-0.633989608989512,0.740946845023766,0.036335670677669935,-1.841102176888627,-0.7376404905550873,-0.410139543183636,1.886880597347226,3.3592197277040903,0.08347354506133714,0.2812905469826167,-0.5394234666815844,-1.881169802384168,-0.7641711330140514,-0.7611682538804797
Bearing1_2,acc_00342.csv,-0.5710310610902899,-0.22921151125756747,0.12308900435845986,-0.4947838842552336,-0.5498798256671539,0.4600502901637609,-0.6596822878029762,-0.7039893003591862,1.0309643378362559,0.2649549303823039,2.0978147200864625,0.7432205249610478,-0.3378416482523955,0.23442953447066714,-0.7052915145814719,-0.46126559381495946,0.877931153011013,0.7748200792243907,1.8634459409867632,0.3518737221839053,-0.10070064139972049,0.17797902353585007,-0.17973141148168237,-0.20247968069658312,0.025977885518818387,-0.3540573716515966,-0.2267014972211284,-1.322628594350914,-0.4754364174187991,1.406512456809645,3.0513816457556207,-0.5271923933173961,1.1312576436702324,-0.13480918942153292,-1.834370488508399,-0.7214847671637574,-0.4332357999098879,1.675937459517284,3.051167976429504,0.3005708539812944,0.4203952183335985,-0.325651616804328,-1.8920107941554207,-0.752021804126954,-0.7611682538804797
Bearing1_2,acc_00343.csv,-0.5581027179721929,-0.15274664711995592,-0.33441120573507377,-0.4347350744519468,-0.37212577926841095,0.36132968065171645,-0.4380120139402471,-0.6427863237965215,0.7805754909478679,0.12297802423920176,2.0643288461936327,1.1494808214053527,-0.48698231090390426,0.16224128521499565,-0.5644242547019156,-0.0715353464990847,0.5478666565980427,0.6993528806393552,1.4426169764491494,0.340107562411125,-0.35982856034227134,0.15821013015647234,-0.23419992702770878,-0.19870952126178004,-0.020196460633628822,-0.3246308113302247,-0.2863907672820109,-1.3655434051533684,-0.4694350610112678,1.2952799611816426,3.129951294027551,-0.5595589497660379,1.0878755527333184,-0.005763169950028332,-1.848979230521791,-0.7369496308648272,-0.4028841089686726,1.5646413236597296,2.793804151121979,0.4513059675451816,0.8170825915850136,-0.4974029869517859,-1.894817069143111,-0.7597661329002737,-0.7611682538804797
Bearing1_2,acc_00344.csv,-0.5089242089348255,-0.20750910656595414,-0.034482231797659725,-0.47383227460424254,-0.4234626440899147,0.3542197251067027,-0.13832973790626762,-0.7303922541853357,0.5797978249894755,0.05268624703944477,1.7717192332041218,0.5949772664049905,-0.5381592557809856,0.07957512169706484,-0.37295917824419617,-0.4882195974436905,0.6394375079741537,0.46209396415883347,1.7875191108154838,-0.09335642937380145,-0.5193023121028619,0.18192430392243106,-0.1997179370521157,-0.2040639327760015,0.06630067178618194,-0.3589874759986328,-0.31062757182661116,-1.3154027542690256,-0.45504409195289036,1.2023994419150974,2.9718928997862752,-0.5265789460755131,1.1452442716867377,0.11742470114554647,-1.8308763772749874,-0.7314855437578112,-0.3815266790831961,2.1582429295297345,2.2700124884035633,0.4495107118445544,0.9188165355196463,-0.4770681264242832,-1.8458447916268674,-0.7524395828290723,-0.7611682538804797
Bearing1_2,acc_00345.csv,-0.5360565089265161,-0.2254024706948732,0.2783136861235534,-0.5243406192985959,-0.588235153635633,0.32519068828152387,-0.15045219408349056,-0.771688068555158,0.5470181181054355,0.2804815201572974,2.075988788628648,0.2825555866978238,-0.49257304132216423,0.0667148512574459,-0.38742448146397246,-0.20158822534279738,0.4317803864791017,0.7362589257668108,1.7150121243170606,0.03124101759065479,-0.3943601704976853,0.07837233863548626,-0.19676095504315597,-0.20408699031291555,0.117574320247195,-0.35097605643469904,-0.32120090588541134,-1.3257838477849684,-0.39194513260700736,1.1822707149942036,2.8619642843393347,-0.3216720538479549,1.156981879904044,-0.034017140302761824,-1.8325863157028377,-0.7274636445467851,-0.449522841086589,1.9004386036805345,2.5196358186748276,0.5726732784743553,0.8064264613769021,-0.5258040728193899,-1.8691343317127616,-0.756813044250428,-0.7611682538804797
Bearing1_2,acc_00346.csv,-0.5965491844225789,-0.20538816192292764,0.20848649954193016,-0.474954682264117,-0.5558888673357413,0.3279120898659377,-0.49889207120728885,-0.4657096911331525,0.7628129209770099,0.25864100026771253,2.3697616226975504,1.0956295233524778,-0.5077265098496379,0.11846716132988488,-0.6005053438679123,-0.2650056704214741,0.7872889974714903,0.9933552682790451,1.6407303542143277,0.4150239561822146,-0.40902124824159314,0.0940024203059277,-0.18150826719787874,-0.180895892293045,0.02630849973729215,-0.14699298907607922,-0.19610276872352012,-1.3568896958441545,-0.3959058120981662,1.5130506602516327,2.76433094293444,-0.2012713280298188,1.0147340774585536,-0.0941496863597314,-1.8309446357385337,-0.7319702994190608,-0.36818778322112544,2.0221140917282665,2.401167234256302,0.8866863994955333,0.7915403905304436,-0.7876365167534183,-1.9101831070264357,-0.7609511292054888,-0.7611682538804797
Bearing1_2,acc_00347.csv,-0.5245981875330724,-0.18398059447577136,0.11735599788507338,-0.3488708884715461,-0.5890952414526146,0.4460089711401412,-0.628652476959075,-0.539599547331805,0.8954937491786323,0.24699461420617694,2.0905216415909837,0.7746351259827712,-0.35568670290895427,0.1870599269880973,-0.6268567867829675,-0.390241048876375,0.7448631753974136,1.0539607110298024,1.3412756199965385,0.21668578077228526,-0.2802813257954627,0.2029793022379863,-0.10474400697063065,-0.18191292425014552,0.18684988867889385,-0.2061542412405128,-0.10374606378403502,-1.2882446626759427,-0.17872458865105142,0.7614885326414361,2.9032030234695037,-0.5819038155635069,1.5343603950006943,-0.09529538572184203,-1.8356163185359944,-0.7248325505448001,-0.3345777671030893,1.3241113030072145,2.765407443483674,0.3771938698270925,1.0067787618727275,-0.5099381646140886,-1.8874199384663701,-0.7452280364127892,-0.7611682538804797
Bearing1_2,acc_00348.csv,-0.5727344876638492,-0.21884459269679107,0.2460679964841606,-0.5434215495164628,-0.5416158748700318,0.4434612264028457,-0.5722681552221979,-0.5948412062036517,0.7425951352064788,0.31729668587119564,2.008339759079651,0.814466536581049,-0.36606653049878035,0.27244270205676735,-0.6441551202981416,-0.2577350421254287,0.6212918171375592,0.7825175086294113,1.4616154076253183,0.34030996381469925,-0.2614803941856419,0.24621126667698798,-0.22026980581725628,-0.19722882726558008,0.009675905116435058,-0.3118433531800998,-0.18122266964001238,-1.310593317297024,-0.4592831728654991,1.621024023967415,2.8375814790563068,-0.4822210645972726,0.9999477457258497,0.06120443341896857,-1.8015160854462464,-0.7228779677054262,-0.4515488197421591,1.8858432530253824,2.7961555903196267,0.4140132767060614,0.522476017885988,-0.4282920528032792,-1.8524940933446503,-0.7562222075198889,-0.7611682538804797
Bearing1_2,acc_00349.csv,-0.585220327777527,-0.21520140266285362,0.0892251317083486,-0.5118070670966638,-0.49511955252654205,0.4194880546325358,-0.5225251000197878,-0.8091075561746849,0.9254639798135695,0.690272205204382,1.8620503095085985,1.5971293114582508,-0.39155000981100935,0.10327619450499062,-0.621675082428269,-0.419747478823836,0.8310146549248154,1.1665919822007755,1.6409386558384167,0.3472046307496246,-0.2698029005052282,0.09512104259938872,-0.19998077134189318,-0.1774222564313309,-0.15463433629464146,-0.15592880320508232,-0.13487015251385737,-1.2903513266962467,-0.3875332340242932,1.292980551743482,2.7451052646171776,-0.4535921514077607,1.1309290969953136,0.24667706286041163,-1.8266345269523363,-0.7303575888165559,-0.4396256048057615,1.8081572865536422,2.606769467516216,0.33044461617768645,0.8898981302189384,-0.5124650860068696,-1.8238931826612192,-0.748002849936905,-0.7611682538804797
Bearing1_2,acc_00350.csv,-0.5771667375446617,-0.24442152254642535,0.3755196372372331,-0.5510913351922719,-0.694131655098949,0.30943907393082076,-0.41791128286833923,-0.554351638186436,0.786896321014782,0.17491250545922482,2.234980713640869,0.9965477419597635,-0.4714292123883009,0.07579334372204558,-0.5310077767314579,-0.18511619982333152,0.7604987430782357,0.5924136901178632,1.6801947015919418,0.31063213097395187,-0.35924897051276244,0.058345389657217174,-0.23176601023860216,-0.21027557727585827,0.03093552298302687,-0.37901602490846703,-0.3387324984620102,-1.3359051042078902,-0.3928517157172055,1.0292259625597264,3.061221893954705,-0.5422254623817557,1.3205291671374972,-0.16987753933570449,-1.8092697149281984,-0.7350788032226068,-0.3258652536808373,2.165924726504508,2.601559979166847,0.2180661048201322,0.9064816520855025,-0.6401890420794851,-1.8850968340375573,-0.7581784891196611,-0.7611682538804797
Bearing1_2,acc_00351.csv,-0.5978329170777533,-0.22864528868394712,0.15849190466892601,-0.5269595705049699,-0.5980859609104606,0.4276357538969391,-0.7762331844245758,-0.28822258869896455,0.9039182112818435,0.3172341085768086,2.5809444404388557,1.0903045860390692,-0.3797233996030212,0.16567905235832947,-0.8284063640458016,0.050124510026434324,0.9162357635190522,0.784437966171515,2.0024496564312675,0.1088027752680567,-0.3574660368680206,0.1399773989173345,-0.20887038734696778,-0.201264048793265,0.004250724882332545,-0.2699374662302927,-0.31473655470756784,-1.3177050244994721,-0.43344784799794445,1.4813491082263022,2.676696694965731,-0.33861342935458244,1.215335594576124,0.060874948688659794,-1.8605100721708825,-0.7274450560091271,-0.5156978336639395,1.40278407495595,2.8385926703378757,0.38930410766403717,1.0329510803150694,-0.4963126983774842,-1.925557881379116,-0.7475060519382402,-0.7611682538804797
Bearing1_2,acc_00352.csv,-0.5410185586372958,-0.02444654949303865,0.16721792616197934,-0.22521897794203655,0.16459363492798554,0.43678861890701076,-0.40217203088723896,-0.6275907714907273,0.3625608646913492,0.16248322941571322,2.1741275868521566,0.7566283740363532,-0.4593758694949831,0.38282837087611277,-0.4160678431100794,-0.44909279367231325,0.16641148506588666,0.60396922574223,1.7416802282740003,-0.005676248020858079,-0.41079257862394114,0.3930478142104962,-0.2154502668666894,-0.15579434413276136,-0.11495452734843378,0.08580037556053274,-0.19802597576434816,-1.2126879564328268,-0.4389090866392675,1.161348476092019,2.0964258405067127,-0.461216248093189,2.073945053397053,0.1851652258843678,-1.8327396731298349,-0.7320986532034779,-0.4562064791445517,1.4196157406097125,1.8818532949199758,0.7084115081493212,1.5360710077675854,-0.18558907940247654,-1.8771951468640797,-0.7547325866842908,-0.7611682538804797
Bearing1_2,acc_00353.csv,-0.41880051463231516,3.7604711360189986,-3.82003299782458,0.74005160955005,2.376614393481037,0.7699494719570129,-0.7164438950392,-0.862222127706771,0.253912026188745,0.1456786204001682,4.414261468847957,3.03046169948713,-0.3486213890220863,0.5725176157540179,-0.8247778035923782,-0.6784873624598089,0.16760303231250567,0.9380298614721867,3.9364581992043957,0.3053943211270364,-0.3301022202384336,0.577533906556512,0.9052271579148642,7.103396131959196,3.632686125784775,4.588526302012965,4.767374286249057,-0.36757843351238717,-0.8076526624575476,-0.7026903411964619,0.45516015812076616,-1.2131159495807176,3.055197295081582,3.8343762610177152,-1.7640075914005044,-0.7481869126121521,-0.8455954495133448,-0.5073244126836094,0.6240865982622925,0.81858041148447,3.0150725987517015,1.1226429134518587,-1.553396327686732,-0.7492524949334641,-0.7611682538804797
Bearing1_2,acc_00354.csv,-0.5592138834329938,-0.22017652214470942,0.31440910950751993,-0.5348164241240915,-0.456577900174667,0.31849917950778023,-0.4680617314922439,-0.43461115338605866,0.8164937183962653,0.26830652206637445,1.6195575109557507,0.9462924700142954,-0.4233983831350493,0.08854275066194416,-0.49573657763485296,-0.16268634087643052,0.6418127270497163,0.6081822772344789,1.4975906848223046,0.29040588234668074,-0.4045615511591721,0.10475798706587901,-0.1357761125216712,-0.016967479303761825,-0.3366229468266705,0.40502463203112177,-0.01657067946266485,-1.1571669251751449,-0.4909280559673529,1.4164630100213678,2.2940768495433788,-0.43861549401238736,1.5424427232340319,0.11339882552844315,-1.714598358681217,-0.7210869361240386,0.3715727575337568,1.1997992285413486,1.8708868121907556,1.2361109936150094,0.3311341067171018,-1.0044509771194536,-1.8040685395871912,-0.4592966477385072,-0.7611682538804797
Bearing1_2,acc_00355.csv,-0.551338738642149,-0.23066221410289395,0.195135167432634,-0.5162966977361618,-0.5477613797367568,0.2782546829290635,-0.0777581794041827,-0.6862393060977734,0.5744530492656732,-0.020853037656633124,1.6555919274306357,0.7767776438421617,-0.48654957446402924,-0.0012257507590508927,-0.2864092616678149,-0.09302596056178312,0.45581368232197883,0.36043057508038856,1.356318009113764,-0.13944272285588621,-0.3797922243822514,0.027176072870817743,-0.226663144048029,-0.20661708370206636,-0.07110086757392309,-0.371312736866223,-0.32514470899931863,-1.3002192432992625,-0.19837378483120327,1.5989655106714085,2.356722627848919,-0.531247041662222,1.2743984042585914,0.3801341301608719,-1.8318164895840006,-0.7245854350639214,-0.2193708124012955,1.971692539184305,2.5468531788653284,0.10647199045016803,0.9627802966843622,-0.393544394450491,-1.8967290922011542,-0.7586000900439599,-0.7611682538804797
Bearing1_2,acc_00356.csv,-0.6363085688073407,-0.22077703287663258,0.1547131238392913,-0.5400543265368392,-0.6409176443374384,0.32046540185428757,-0.6001045662675849,-0.39696469112847316,0.8109841900710415,0.45175980135207294,2.7062084940963205,1.74204544109584,-0.4007122067911273,0.011250715019554844,-0.6629454170205362,-0.23751171734339135,0.8189893403021418,1.0733136979308402,2.132224999170635,0.942988807700782,-0.3116140852740967,-0.013474107129467658,-0.23150084770351886,-0.20252848604539156,-0.08880751367716302,-0.3380345325237293,-0.2608626363651148,-1.3405669374613511,-0.46608446950626325,1.5383440141023792,2.7643093147773508,-0.3572958968697451,1.1570341176504109,-0.043119118059858054,-1.819661630994111,-0.7374048967442974,-0.4533041663883198,1.8865426823687756,2.653112873799259,0.3424982059771945,0.9597375564954056,-0.5038423440651929,-1.9118179128581154,-0.7664708254873404,-0.7611682538804797
Bearing1_2,acc_00357.csv,-0.4498679271861721,2.1569463531863935,-1.285240845185902,0.4770340812527875,1.8352338468285678,0.8195229289028141,-0.8366508139865458,-0.8960391586190041,0.5019050810751597,0.14240095617640378,3.5960029889456426,2.9902816282061266,-0.2959179908495821,0.6383536823105517,-0.8749264097327168,-0.8256587255728361,0.44361217637985656,1.3499094782160883,2.114723262407158,0.684301993795805,-0.1877901987972959,0.6210603934365833,0.7135321352680621,4.6871531648537985,-0.22144711552136387,3.384194249488546,3.9817140713044017,-0.44890856543352714,-0.7978747904171827,-0.4710309396246147,0.8004503084580739,-1.1315802066733593,2.4335223815763003,3.6864159699918426,-1.7006222068585766,-0.7432408514718997,-0.8179586983902176,-0.17627161521573972,0.5273980937324689,-0.5057974154195617,3.805163919244762,1.475821573678005,-1.4346858453164992,-0.7803502924498428,-0.7611682538804797
Bearing1_2,acc_00358.csv,-0.5661783738976941,-0.22890933470885996,0.13200281219837176,-0.5385577829903399,-0.6283638576721388,0.30586262716292284,-0.4479567038319485,-0.574377662321662,0.9561733472174138,0.08014326008550167,2.013569773642715,1.130466396079855,-0.42602743691248385,0.03788398524132974,-0.49001397469121616,-0.15016564517598516,0.8226748754714751,0.4941753718496714,1.4026208507681255,0.24152054319607397,-0.35817862960872465,0.021522499514129812,-0.21584562862172046,-0.2002158398406892,0.004011240417386541,-0.3492813330654054,-0.2447078064403515,-1.3498611213150544,-0.3245532369333611,1.019097860388552,3.197301128259419,-0.7280045285287792,1.2469697373782926,-0.04840891209869681,-1.8431555157302704,-0.7241057378918576,-0.2961101241235659,1.2955886701253652,3.100368455230683,0.16581404372430855,0.87369917084839,-0.5302484859903658,-1.9256123348893854,-0.7459939326750139,-0.7611682538804797
Bearing1_2,acc_00359.csv,-0.5454044367208504,-0.1870479839816115,0.2727082745735293,-0.4461462189940044,-0.34974704225558567,0.2851270902530196,-0.34249597109052504,-0.5131506486396286,0.7315377619772655,0.23138032153548813,1.9721195188116092,0.6311201590004881,-0.5245887583350618,0.023832545862716843,-0.4878886639112624,-0.004428736488272549,0.6113835007254479,0.7410697922633448,1.5744995862641715,-0.02372903444810223,-0.44916016458185837,0.04321159089691823,-0.17224930899275406,-0.1711787556077184,0.06098297924630951,-0.05763484778604956,-0.16831640646522297,-1.238326117212881,-0.19332367625184457,0.9882404726444954,2.4136538085263366,-0.6319798334355691,1.8674696007150091,0.11641142359541073,-1.812373844349252,-0.7395662425715246,-0.32871194749541627,1.1621339405535118,2.3273657225203004,0.45789618682548566,1.2771119805913789,-0.10458250802337661,-1.8696707708761002,-0.7668100120300088,-0.7611682538804797
Bearing1_2,acc_00360.csv,-0.5907967584860156,-0.2158812230783711,0.18583522638806596,-0.5129294747565384,-0.4926872908557616,0.32348415203211667,-0.47587612303516774,-0.5144367563548935,0.844746047652585,0.30574044893403096,1.9339207185024054,0.8598794079119564,-0.48302964732535425,0.09572376863867382,-0.5851243239943376,0.04537879138680296,0.5941917527467918,0.6900087374158835,1.6360546919830095,0.36823167039779525,-0.4025617709233587,0.09288727892094059,-0.2261816276952663,-0.2063717064124007,-0.040090778694674284,-0.3195466412223438,-0.34755067584128785,-1.301633043958453,-0.2105286142169784,1.3602541948368978,2.5572199618100147,-0.36330109769500796,0.9582130316998412,0.4245069749241543,-1.8081579772755072,-0.7339434614973606,-0.2296532924901678,1.7165264598159538,2.515059800192763,0.29851393587188085,0.7895395438065299,-0.2522838140720246,-1.8441697608130223,-0.7558900281776199,-0.7611682538804797
Bearing1_2,acc_00361.csv,-0.5568382566472683,-0.21671453229739976,0.16201013065227954,-0.47009091573799416,-0.6434217077071542,0.4492971448859753,-0.3905705163945892,-0.7081997186329191,0.6642508741374455,0.029593318074475437,1.8389017514766208,1.3354129989261116,-0.4830728147916545,0.28638247042566106,-0.45687940208473016,-0.4851302946060923,0.604809784693422,0.4553677632140242,1.4581803040583539,0.30857707218055846,-0.35887457625964636,0.24873208658776322,-0.245829732241109,-0.18984873457578408,0.11371493889827589,-0.1771898782016756,-0.30118840293618016,-1.2616170865281744,-0.36196515533735835,1.5092391003357146,2.682944857994282,-0.6995650129379648,0.9401564619896889,0.6245286765397364,-1.7873832323202052,-0.7245836753074583,-0.2548359316996027,1.7014173460202449,2.672533031678148,0.18705270922087647,0.45543020434013937,0.1254088430477176,-1.8735678042239114,-0.7520427391525292,-0.7611682538804797
Bearing1_2,acc_00362.csv,-0.573476538105779,-0.19318067093051516,-0.12504200546069708,-0.49702869957498264,-0.24152337235772214,0.41027489270171946,-0.5843705008026494,-0.37092082631897483,0.6950811399142555,0.324389671367347,1.716389461754612,1.3810814853061246,-0.4478478059786417,0.1996948979299165,-0.4907374240846368,-0.2335898817281623,0.6143796114239871,0.5314460276951117,1.5402208369560177,0.17918834069296566,-0.3620463269652677,0.15162349958957413,-0.1584784435036601,0.15281178671121567,-0.028886420792545515,0.5558550118982584,0.19563423344331377,-1.115113253996317,-0.56538420360498,0.7180728077261266,2.520101301767495,-0.5636301671281438,1.360671398303227,0.9128714966274544,-1.7973879454046398,-0.7293657031506875,-0.536660415239048,1.1765571536112311,2.1252586319722706,0.37493034050940927,1.6404610216033086,-0.025101107771746026,-1.8577570327032606,-0.7581715394726251,-0.7611682538804797
Bearing1_2,acc_00363.csv,-0.45884838673633466,3.786064049778383,-5.740516924739846,0.5395147743191357,1.5235538443029628,0.6078478098848973,-0.7901481430196559,-0.5193118180691495,0.6993447248349637,0.29788727166300455,2.0419082534073287,3.880351924445312,-0.4024279509153905,0.4071536816943735,-0.860338301450734,-0.15107175616437102,0.4861352819323082,0.5745048023799016,1.5338377489267532,2.1636863679916383,-0.14885979771280136,0.35403073897658605,0.6371480580644889,4.663374107940952,6.377250295220464,3.035851564218275,3.5717326544975525,-0.47617735415358536,-0.7050733113727297,-0.37484402672978473,0.9422345070531424,-1.1773169504513104,0.8205657722755781,5.402910538735087,-1.6840968442441848,-0.7491496679040429,-0.6939870350814712,-0.15905574066494615,1.54776785978074,-0.35573957009154544,-0.645153937535192,4.22841520094535,-1.0681656414482024,-0.7633013703065,-0.7611682538804797
Bearing1_2,acc_00364.csv,-0.6189366387779609,-0.22519315715731011,0.3297053601548748,-0.5709205371833885,-0.4652789017579231,0.44207905354435206,-0.7064727480867941,-0.5533359172707474,0.8140958590732944,0.6899586222071451,2.1027830771734313,1.2678851684419858,-0.36995963764853435,0.23655815514295342,-0.7836902408485729,-0.0972436412033287,0.5203227711889739,1.3738294240890285,2.0256104982172576,0.23808715940888217,-0.29338206450381393,0.21682961928898922,-0.21980260979623042,-0.2023019288162692,0.012609796328156805,-0.34558375480512826,-0.25923580149311015,-1.2887879614735487,-0.03724919366573106,0.8200197219130858,2.766190189334984,-0.43825099488894564,1.2627574782583209,0.06518438403546423,-1.7982003978245544,-0.732454445885136,-0.2598781248501525,1.0007703078952537,2.7709451996724206,0.7383750130218331,0.8064966991959241,-0.5733689087329541,-1.8291927785007251,-0.7566344107012056,-0.7611682538804797
Bearing1_2,acc_00365.csv,-0.5771794290078585,-0.19192688474857378,0.14848807016092733,-0.4889847780125486,-0.36530087135618694,0.30968030881932995,-0.3184550925152941,-0.5694734476400686,0.7705010729338401,0.17463210668875787,1.982875831853464,0.546703416148366,-0.48775438546688704,0.02809716584084785,-0.4437592927477702,-0.24241777700066078,0.634464188799153,0.7339362727672896,1.6161883458590853,0.172599561455391,-0.3335938862407436,0.03668997981105805,-0.2153777572385749,-0.18256633699616673,0.08881530384896509,-0.1419088189681983,-0.23851279371677858,-1.3242939244445622,-0.2837410074294037,1.8606452435271597,2.4163023989425305,-0.4498674626595439,1.2666641878141516,0.07300773549646355,-1.83628447015613,-0.7211149302061888,-0.37600175121386653,1.900861331594271,2.529197833644548,0.41718746927089767,0.9663041986882002,-0.6489838493564437,-1.8685915577570797,-0.7451383114092512,-0.7611682538804797
Bearing1_2,acc_00366.csv,-0.45362604256291233,2.899191111713247,-1.0919587613115944,0.7308852803277415,1.621371278567923,0.7949637039445191,-0.6165389040379569,-0.9330959579449492,0.3805520357310197,-0.03948235102740989,2.962790918846888,2.1356321172517627,-0.3111763865856002,0.6662482532029486,-0.771385742643381,-0.665703478259778,0.21550697602789232,0.6481076912836469,2.334016373374819,0.22488486701806143,0.04027688348038731,0.6231959151937974,0.38919789895946744,3.756903031905456,1.7467844101364147,2.721711477855567,2.405319831994272,-0.543305058901426,-0.6914981784369878,-0.28607465979113733,1.0857540266679433,-0.983056585976873,2.33809307510454,2.988109201965453,-1.741975425984682,-0.7137531144506727,-0.769507148697225,0.03783305982617208,1.6473866923691038,-0.21108282881114673,2.9309117657782275,0.6625137033853012,-1.672470711670072,-0.7599846649898652,-0.7611682538804797
Bearing1_2,acc_00367.csv,-0.30476790309002944,7.921856099927902,-5.0321431535332435,1.4995474593984743,4.388045695013802,1.0243883915528575,-1.006117440028612,-0.967518185403744,0.3775469674750601,0.1954127931103476,3.0970034221195037,3.868412308908569,-0.20979900010118543,0.9158269015841484,-1.0342989579365645,-0.8924719779659741,0.24159300629113933,0.4282869040261039,2.9096955831573244,0.980322595283055,0.13308103104553182,0.8904062221184711,1.4191806791015291,7.599299165632244,7.141693867200204,5.462849494807653,6.0509199315094975,-0.18911040216732405,-0.7201051305442994,-0.8539313184889167,0.059868690832112215,-1.288020496157991,2.9490278104127343,4.5002214891771555,-1.6808927854179727,-0.7406642890171555,-0.8313251073796359,-0.6908935163333078,0.1290827864385089,0.6390878832599336,1.3297745231577083,4.760304508469568,-1.7590203021475226,-0.7836389821941828,-0.7611682538804797
Bearing1_2,acc_00368.csv,-0.4389040827193874,1.5885083857447448,-2.0974855838769,0.38555785697301426,1.3662095952115116,0.697538804059801,-0.7632998558707724,-0.7576689039031179,0.5590268974812055,-0.08992047016127898,3.7758869471854544,3.4070126123126205,-0.5012843099804287,0.5530653985207177,-0.8216319562361697,-0.5153235735755733,0.39086065159926653,0.8762213857764465,2.015134405444661,1.5422309416528346,-0.37840883128089925,0.5378139625539582,0.7453312832085701,2.9611169819740653,1.8279600386278956,2.5832063588560206,3.601406766067377,-0.507204135358883,-0.7491429562853836,-0.6179532749587526,0.7623706735691154,-1.198940141700784,2.732297602911913,3.7767869539166696,-1.827031979855783,-0.7422186516427105,-0.785820707857987,-0.5279845537510303,0.49256020592034466,-0.33458104285107626,0.43413618585618485,6.0712830321135725,-1.666797643015071,-0.7738002428919966,-0.7611682538804797
Bearing1_2,acc_00369.csv,-0.5626029256936123,-0.23138529922559417,0.07905897959710187,-0.5527749466820838,-0.5389834014471623,0.40582929997477496,-0.5412127244469537,-0.6771999919956717,0.9452406392449115,0.27323847347210184,1.6304612174637558,0.7515807751104654,-0.4408714622321179,0.2267786819853088,-0.6510046487222982,-0.2629491263714339,0.8370885783714503,0.5821946666979706,1.3853029903449068,0.36925890930818833,-0.37653154925355636,0.22625611588268404,-0.23839733588606182,-0.19839939793759526,-0.00590969137674757,-0.2546849559066497,-0.25249938627669105,-1.305940558317856,-0.34368586057134975,1.2430051313463557,3.1757940762863672,-0.4918232884151072,0.8092949420994237,0.04816278802745485,-1.8217576851884516,-0.7257188313882579,-0.37372067761127864,2.1695247545070755,3.0262569994139734,0.13056109736401023,0.3574306562184988,-0.5779469128681235,-1.828120463962263,-0.7598972000265791,-0.7611682538804797
Bearing1_2,acc_00370.csv,-0.5774281659869578,-0.18559696091235367,0.06056890145806208,-0.4532548008398764,-0.4060767227861251,0.36377722728425677,-0.490752369338738,-0.4957353609088805,0.7713403627933363,0.18766552284494864,1.5886575546632908,1.3040152099787885,-0.46318900645817035,0.19584141508020134,-0.5602704025936173,-0.17067250103379897,0.6620786577555337,0.6902342927657187,1.182082488301227,0.33614907339665556,-0.33555651490098115,0.16606324265823558,-0.2714628157496085,-0.20040094654922425,-0.08072322890152657,-0.3938063379495754,-0.20328997860666204,-1.337936738489968,-0.35096220143826656,2.0189865781971164,2.3942709930253327,-0.3792637008365026,1.048028797430941,0.19314131919301739,-1.8143045893655587,-0.7246644156373532,-0.22125657521666256,1.9968823831094438,2.5230836373857723,0.39951566847889314,0.5105724628623551,-0.25206409596151425,-1.8756754511262055,-0.7510614843350569,-0.7611682538804797
Bearing1_2,acc_00371.csv,-0.5595914644049631,-0.23227178165293938,0.08979293869305058,-0.5445439571763373,-0.6184295308032829,0.30059599254649566,-0.43599337057768717,-0.5270479787910594,0.9292564599110302,0.17307280655857682,1.8098577739724355,0.6351790060174105,-0.4136156889820223,-0.007072618444079708,-0.48590619361604714,0.05170087909560387,0.6470976128381333,0.5248071211971174,1.502274375523253,0.16089271899132415,-0.4204928672048864,0.02239481861995721,-0.19748221940544786,-0.2012475478623394,-0.03416351784353277,-0.33680200643697017,-0.25994904587347534,-1.3740020909371413,-0.199488030384004,1.248517904840423,2.7536061936653726,-0.6741354036246829,1.3243282276346073,0.1716330823350272,-1.8268064978680356,-0.7307237132601923,-0.18970568492422196,1.9348087035294448,2.5085107392555592,0.11295258979088911,0.8669417101077177,-0.21888224844202858,-1.8988364279013814,-0.7585229262695125,-0.7611682538804797
Bearing1_2,acc_00372.csv,-0.6213650473028732,-0.2476292477124537,0.21353666054819015,-0.6109530770522463,-0.6846892105090644,0.34486719647254904,-0.5863508123424831,-0.4943415424092568,0.8801155056775205,0.419119293519556,2.447626801918323,1.0619753398792566,-0.2579350713045467,0.013599895629575743,-0.6175239737283501,-0.32501980954645515,0.8205565562246172,0.8722699979914424,2.1173307752886688,0.33698486387108645,-0.1194154289764565,0.004797166100257243,-0.2512391583841973,-0.20476978448257102,0.033381590962542985,-0.3961173243622486,-0.25462556829829863,-1.2618492882973944,-0.43760559431782103,0.69490679841385,2.968309929192566,-0.4543749506892418,1.3174961130750367,0.14663532873196405,-1.8216298788707495,-0.7316427358742961,-0.4187208512699402,1.1823681925885823,2.748365819839399,0.3340333420744006,1.0589180335163908,-0.3336499525696714,-1.857327520103413,-0.7532373100211536,-0.7611682538804797
Bearing1_2,acc_00373.csv,-0.5696453524969514,-0.2296754795040417,0.0030917694277848495,-0.5153613580195998,-0.6483040056300449,0.3845498436320923,-0.6399166325321445,-0.5925174007608788,1.0413592472956184,0.3408018353395954,2.0532442704375877,1.0509123331794883,-0.3995318297179015,0.13915375552768336,-0.643661825186872,-0.34222628918870446,0.8811110229080381,1.2131455117949048,1.2859454266542678,0.2531249310188687,-0.3018836011218315,0.10879416282303174,-0.2233947003381331,-0.1965500136148076,0.0879473498811308,-0.28626843687984993,-0.2596331171841758,-1.3344268435518651,-0.46460719204205714,0.9364400435012864,3.272827975121829,-0.4698986186987916,1.0571630401668035,-0.04438572344014119,-1.8571594169568106,-0.7291691279663154,-0.4145726650693501,1.631819501692046,2.8686077730916533,0.5277467153282374,0.640940435279355,-0.5522270020140364,-1.8988601363277735,-0.7528271854716594,-0.7611682538804797
Bearing1_2,acc_00374.csv,-0.48800411210479283,1.3118594381958906,-0.6142064636430619,0.4341955222342435,0.8182825781181516,0.5770622334968319,-0.6127354299815253,-0.7096869030354693,0.6534823836347731,0.0036430415532858473,3.4087391509282194,2.0123303697521133,-0.2354290411168869,0.2539588370529697,-0.7049238536521204,-0.5376754223076572,0.6005167292288074,0.7048740882377974,1.8093095532528045,2.6060265104851292,-0.4314115667595775,0.297347887710092,0.39467608454706005,3.3122311091101326,-2.4350229111426342,2.5286670795169335,2.459114592886869,-0.6632467574180362,-0.6541198538677506,-0.34314606008629506,1.337768245694452,-1.153084789570756,2.914718578433448,2.268247641123846,-1.792886413538716,-0.7287629770729472,-0.7049508634089744,0.178027802749378,1.7448224133339805,-0.2190885488777116,1.2439778778038457,1.920549035354016,-1.506551104707988,-0.7190418692918005,-0.7611682538804797
Bearing1_2,acc_00375.csv,-0.2848970540914476,8.583411505389256,-6.8054521040627085,1.392357527880458,4.586213519166695,0.8902898993962953,-0.8324433993004261,-1.0490821287391774,0.3929194794621567,-0.1826794576850372,5.61111590153881,4.421295347077225,-0.4398078874048204,0.6501368689743736,-0.9365303580203796,-0.898492269678673,0.21039640394621417,1.1343147081996414,4.909528733593519,-0.13489696839113027,-0.2645367981304229,0.6436907027405904,1.1425362103757066,7.994166762658271,3.555313277327887,5.208486923652758,6.091485779965116,-0.3478622091258937,-0.7026038803943028,-0.8615985238232549,0.5690191115099944,-1.295818524637889,2.89752840494482,4.051218374717486,-1.8034987911684384,-0.7358868136238202,-0.8342306964442522,-0.46269901536041275,0.8767989771203881,0.25933411564749553,3.526626629518932,0.5433548344815057,-1.513366004280924,-0.7096844275439429,-0.7611682538804797
Bearing1_2,acc_00376.csv,-0.597764944529642,-0.21462031452433264,0.08107112231574916,-0.4906683895023604,-0.5548361725275234,0.30119215136526223,-0.5330899212219156,-0.5730827393242136,0.9821637359997007,0.473381908423391,2.4325425506993166,1.611559069550309,-0.4244967413810574,-0.05155816137374609,-0.5956017624574538,-0.24420931503924245,0.9036876943431933,1.146134788970459,1.7748476739801655,0.7137402468702275,-0.3439428953705769,-0.07157886292537946,-0.21375955892181045,-0.15852487636737136,-0.15741284656828594,-0.04577178420099375,-0.14698325523484826,-1.25323148076861,-0.5085679695516598,0.8146500559568789,2.583373437183083,-0.44878630249455764,1.6601088551278174,0.33718610877689464,-1.8501596101822264,-0.7438039649269599,-0.46826951491026375,1.553463863746981,2.1376469594512093,0.741955629593604,0.9473775578966973,-0.07131384837786783,-1.834267535057361,-0.759859876322806,-0.7611682538804797
Bearing1_2,acc_00377.csv,-0.5538841973946024,-0.19181968511809852,0.19846559403867578,-0.421453250476765,-0.4128878928984361,0.22704795887336038,-0.26840217245366804,-0.3621041353321346,0.5749548566577489,0.108950015329029,2.0470864410547582,0.9101380442211564,-0.5371290159914707,0.012366504988343192,-0.38675328952811727,0.08090432548960891,0.45186995002786556,0.37070292859913334,1.8727394607039862,0.18723167721994732,-0.42188307250552626,-0.016828995571006936,-0.26996649883077356,-0.20793916623871808,0.08516200031306807,-0.3562142923034249,-0.35998894128530334,-1.3731651099873012,-0.31622155165505716,1.5164551798236625,2.965088793216398,-0.7143856468382306,1.1924528259757856,-0.0361273166793342,-1.8219487415239182,-0.7321761165340933,-0.3366438876760307,1.3438210893152107,3.2442474020309864,0.13750461644363696,0.8193639839404074,-0.7146263442707486,-1.8791642340820736,-0.7543708915868506,-0.7611682538804797
Bearing1_2,acc_00378.csv,-0.5293512742337854,-0.1969648035340521,0.3850073752295941,-0.4304325117557612,-0.3509870325061549,0.4002375027764666,-0.582738663009509,-0.6648492826529981,1.0463877409801603,0.2946326632786523,2.1405694399953505,0.46924525872550227,-0.42501832068109774,0.1426873858048155,-0.6314663687494877,-0.030489129709526417,0.6808823066835692,0.843103835767442,1.567727837029236,-0.07464319455701487,-0.30558261714717033,0.11908944668015199,-0.1605354499721361,-0.19441282846283472,-0.10450228546199103,-0.2748675705773289,-0.20285785643217658,-1.257482546758332,-0.45927483027368987,1.4838329632636043,2.6142707440202555,-0.6665664475483625,1.6084048175750103,-0.013818612545114286,-1.825154326650196,-0.7153149824526074,-0.38849526952007485,1.9144319567576802,2.3263704594547594,0.25769286689167903,1.1313342784394054,-0.3242093007650183,-1.9067229062188198,-0.7317299421185909,-0.7611682538804797
Bearing1_2,acc_00379.csv,-0.584088154930666,-0.2243635769895494,0.21029075280512932,-0.4917907971622349,-0.6300451582692567,0.3643040828796815,-0.5821515259875214,-0.5565272278491891,0.9526885076308257,0.2002660735132115,1.9988536315709966,0.9675876963399572,-0.43942639161069613,0.12725563340792048,-0.6314346815030701,-0.2669827540942215,0.8649512583606096,0.6308801319618806,1.5859133256358964,0.5297154332340185,-0.32083121944100884,0.12798996243905353,-0.19745798592089406,-0.20606700202475145,0.0069456558186163685,-0.3483569385003361,-0.2938765246540649,-1.3294512778129486,-0.31073564585834407,0.7715745222250173,3.3127145844235173,-0.5921557806754538,0.9393885808766425,0.17592748894126184,-1.837783379978559,-0.7335722477860896,-0.39406744801956534,1.6987743471497687,2.685589714897106,0.19900814919125087,0.8210070273755545,-0.11998803621823996,-1.913303828691223,-0.7608645446850425,-0.7611682538804797
Bearing1_2,acc_00380.csv,-0.6008778922652754,-0.2278368357210938,0.26784739323836165,-0.5177932412826612,-0.6674151565351238,0.44275240192840726,-0.6707935074152835,-0.5521153451728338,0.7462972476646254,0.44098202140506537,2.7252132425372664,1.049314510955684,-0.37496218056301084,0.24354987045083568,-0.7064444525839918,-0.23146968909167992,0.5511112239331974,1.1077782878887281,2.0476293770005696,0.053907913804425514,-0.35138755234412955,0.2592066674099676,-0.24437509115766762,-0.20578398820634125,0.008062598969409949,-0.3215494961133272,-0.3006196787239934,-1.2196242112963676,-0.4070237143709589,1.0882657654281178,2.5488902726969656,-0.4718078921266349,1.3791002091382671,0.3863833716672299,-1.8164443381471613,-0.728851732568589,-0.3786239745717705,1.6011884263278497,2.294128506504844,0.41221133250998376,1.075605511576503,-0.1473589863103972,-1.8587525096795008,-0.7559163286152399,-0.7611682538804797
Bearing1_2,acc_00381.csv,-0.35672141173230226,6.087607998161925,-1.9288350943397037,1.3433457267326039,3.0603031910037384,0.8971563007102253,-0.8882131879064131,-0.9315374693560705,0.43269918768211046,-0.017434361495604872,4.494665286582781,3.637238001712328,-0.2516142120370855,0.6776111487530532,-0.9449120818463786,-0.8937960815983099,0.47251195634066967,0.841659964158016,3.77537191760436,0.4418595326511645,0.06528846116052799,0.5550710598889901,1.1437400052259903,6.794376725694356,-2.5852508032920487,4.967682139452212,5.18845627184618,-0.28855956538186395,-0.8231741603000509,-0.7700509818789568,0.519437152657852,-1.2907435380396224,2.7070404757474327,4.262469713128552,-1.7440791741913464,-0.7372942637317356,-0.8740803639468161,-0.6534109124632695,0.42553735037663154,0.2419533208047363,2.2590794937624663,3.6984551247084947,-1.8094269468227433,-0.7596868705265367,-0.7611682538804797
Bearing1_2,acc_00382.csv,-0.5919277471861669,-0.22038118690072997,0.1640756547664034,-0.5228440757520966,-0.5615457576335063,0.3537587526653681,-0.5494724096459669,-0.5329515677232015,0.8305858745516057,0.42985413111735976,1.9668356228706434,1.1396645894726234,-0.3498323985853748,0.09106529305655228,-0.546339445139247,-0.24008544837278856,0.6450832317630184,0.5950464998520456,1.7781201361665044,0.4747780734650482,-0.26441833548877497,0.10508828642156898,-0.2568244949844395,-0.197406844300287,-0.11110089998545251,-0.34142397926231655,-0.23898130731577996,-1.2773068327783283,-0.45575179480140066,1.4077329656968576,2.7045706214298217,-0.3840729621842876,0.9670659212315915,0.31809735422761753,-1.796012346310353,-0.7264275312264562,-0.463652531198312,1.4701633123814934,2.934273949778032,0.10130493225609853,0.7535735807345239,-0.14002727825096592,-1.87680968296998,-0.7518686621263475,-0.7611682538804797
Bearing1_2,acc_00383.csv,-0.2368395430415054,3.791397437061742,-4.535937968153747,0.8521053075941895,4.562821198287016,0.999884073788067,-0.955834335754593,-0.90971006080226,0.22999452482978405,-0.11803823694224763,3.952060469273267,3.6936904554953043,-0.20007242340561002,0.95264186551906,-0.9890331350641521,-0.8869243749712509,-0.03883066798729254,0.7924542778415089,3.230902741680097,0.06495269952639711,0.19986611351060268,0.9278306374877386,1.6359621586845585,3.66533388005835,0.3607156606124836,4.450483380295954,6.405088219866596,-0.24869591231305654,-0.7906693095091066,-0.9764902985934307,0.15008063345977304,-1.3459203270865394,2.39459702100858,5.2387282279101655,-1.6464917373392192,-0.7527117818219491,-0.8538710796873465,-0.7128733228610108,1.0186441678113167,-0.3602284715887701,2.352487039280111,2.7433135287091144,-1.430031900383005,-0.7662715104450802,-0.7611682538804797
Bearing1_2,acc_00384.csv,-0.5655585850305366,-0.22991019203451565,0.11120573508752123,-0.5234052795820339,-0.7322872998713548,0.45075844582600827,-0.6736971223967038,-0.48769084175544736,0.9789442048679606,0.08163906614868885,2.0765704484049796,1.019558793978007,-0.48102312240689293,0.26050919230342845,-0.6989070034421389,-0.217956947552213,0.8791166531631184,0.5967149503562988,1.3005223754928104,0.43880414803704715,-0.3224676831944756,0.2214200795790132,-0.22319832850868593,-0.20266849661061637,-0.12380502378065694,-0.35683055534680447,-0.27093889290980294,-1.2321197095815875,-0.44349967613624564,1.145300615308928,2.8213906423461843,-0.6518634435510042,1.3507663470683298,0.1993012261614963,-1.8117658979000966,-0.7199749590108661,-0.44042328097237887,1.601618314307029,2.5957066875300563,0.11029409421634634,0.939588411413432,-0.1171750182243603,-1.838542422129726,-0.7387406945589121,-0.7611682538804797
Bearing1_2,acc_00385.csv,-0.6067583965465726,-0.22498757292934124,0.3035646335565895,-0.5123682709266011,-0.6135638183009674,0.3024957111360215,-0.5146127327285215,-0.6544943543202526,1.0301488152534497,0.4647657544420007,2.2481547780716697,1.169216449838137,-0.35242432313225464,-0.04731095453570971,-0.5351369447104264,-0.3857156959288343,0.9776612566967694,0.8900764585772706,1.8881358444836933,0.3327975101629538,-0.25530272590814623,-0.07264693402590322,-0.2359100455445628,-0.1921223324446718,-0.07701424998887847,-0.30907016948489197,-0.22628910160636143,-1.2792457400209745,-0.3798790750856869,1.3657451249019568,3.0388574904551664,-0.5694662851646722,0.8396405938700279,0.1742253815144631,-1.776185246859239,-0.7328776480784059,-0.2665501619183829,1.44512126109494,3.0968275355198345,0.16931798535518489,0.4745533576783522,-0.44959338945173966,-1.77941897297773,-0.756569301785636,-0.7611682538804797
Bearing1_2,acc_00386.csv,-0.5923948244693342,-0.24599747829860716,0.006559515049663474,-0.5804610022923219,-0.7693112321115935,0.3300645565810702,-0.57214944743672,-0.4346118920866788,0.9273672569494232,0.414293175467979,1.9671905229131146,0.9840126063556136,-0.44597518637063793,0.059845076920388256,-0.6357762013563928,0.02197533590258394,0.7842643947892703,0.5633355139935442,1.9323372600345778,0.4964572345307614,-0.3590575128551089,0.02663389311427746,-0.24641120444915776,-0.1984510986815487,0.11785708916710354,-0.31816004937473985,-0.22278738584399985,-1.2674413004542309,-0.36744783333449077,1.3799780860295094,2.690471298214524,-0.5768656705687744,1.1862226357345407,0.29064736585247053,-1.8085096541269667,-0.7252315380756325,-0.34949488636691867,1.477143012071683,2.8779657555651337,0.17564485856427556,0.9373209671263769,-0.45826952540119803,-1.878457506281089,-0.7542235584229762,-0.7611682538804797
Bearing1_2,acc_00387.csv,-0.5794485597312903,-0.21366386239247845,0.03986454787192246,-0.49347440865204667,-0.514861672315796,0.3460578103262241,-0.43747552267384315,-0.6583356783770375,0.7703837543351658,0.23460413387113815,2.2697650367889994,1.30277341938183,-0.46383999333433706,0.11622114817965212,-0.6044757098201878,-0.16810134506861998,0.7279975900140404,0.4932614002091037,2.170697608402544,0.3480542158684551,-0.39461281401993564,0.11774240597151663,-0.188218521874614,-0.18978590641052506,0.0231429403265389,-0.21847950210810319,-0.1618389911868442,-1.249634592059563,-0.45927662746153575,0.7825691493199867,2.918162471211677,-0.5155974468701491,1.2848604866426832,0.3435077136053758,-1.8462820577952959,-0.732537682659845,-0.4776199158966097,1.2300128122096154,2.635262450789588,0.6799159196085607,0.9434962074946999,-0.27444708906434273,-1.9328099139356083,-0.7564215090714305,-0.7611682538804797
Bearing1_2,acc_00388.csv,-0.3903395682229917,5.398005079091903,-4.422443978545395,1.018034573312306,2.586914867336462,0.6160375149957491,-0.7245151988354027,-0.7671041183836593,0.4716473199385196,0.13246332816779907,6.007978932193293,4.1455369430956095,-0.38316292042018985,0.17923390729619548,-0.7975991666064878,-0.6729579162647309,0.34701371180032853,1.3310209174929222,2.801054540854955,3.9451508571720626,-0.0994587057911275,0.1419390618276397,0.9895241612878186,7.209433043532234,-7.958322170922508,4.2762350047803945,5.358672152769994,-0.3838119610706231,-0.8173541752110093,-0.9076191650987621,0.864237716945391,-1.1940032269759566,2.437175152470164,4.015470423075207,-1.709552877578629,-0.7448141581400064,-0.8123851546835856,-0.5855560102802048,1.760337299661599,-0.441030090903103,0.21153554902636085,3.855465791391405,-1.2997252105667785,-0.7512104184681111,-0.7611682538804797
Bearing1_2,acc_00389.csv,-0.5571106740555642,-0.16549955563670762,0.15857220841782005,-0.4115386494812068,-0.35586855466890943,0.30677842637880237,-0.3478168249639869,-0.4723102468935499,0.6770536196067146,0.5420761307408097,1.4228904519894232,0.9440373507281131,-0.32722735932191077,-0.02011453384412496,-0.48072039147588475,-0.15194470971542548,0.653646044673158,0.8886966499069537,1.4268346793680937,0.28040655656876406,-0.2783537544421698,-0.007613463508122171,-0.202581665827948,-0.2010601480067772,-0.052812947290853604,-0.26962933470860306,-0.3219628615314033,-1.3454355488783267,-0.2954281088475084,1.6354249867200812,2.8590013437509354,-0.45037326203873873,0.7718322563402406,0.05506812143000458,-1.761281655741275,-0.7199631535360874,-0.23249340827810946,1.952343806993095,2.6303883095385245,0.378591279497643,0.37486505489825733,-0.2987384809075391,-1.8172667944547778,-0.7483865301653841,-0.7611682538804797
Bearing1_2,acc_00390.csv,-0.5091077140477793,0.161807455220001,-0.12065565903601541,-0.023933870937872838,0.17380245779763978,0.6472935229228258,-0.8291385059645374,-0.8051452493561955,0.864078995758403,0.3857509336166162,3.007102592611034,2.8403152127143922,-0.27138288591995013,0.3455835647713491,-0.9084398999548442,-0.4042197801143233,0.5881106522512367,1.0980380299657186,1.7881944677100703,2.367914449891078,-0.033658303311447674,0.2887055441886072,0.18553705163085604,1.2832868156906985,-2.3940253635884248,1.4948858242477958,1.048470897155483,-0.804209549971038,-0.6707579588364782,0.251718924508306,2.0933089333298263,-0.8745726924741896,1.189776024298301,2.4129088054473593,-1.74029389026718,-0.7184398423342281,-0.6704916065970624,0.49327330731514735,2.399556702366358,-0.19810634009027595,0.01098155152556391,2.754896705061429,-1.8117234799965005,-0.7393001625581451,-0.7611682538804797
Bearing1_2,acc_00391.csv,-0.6015040372250403,-0.1930704339353007,0.2705464591021625,-0.47738656552717856,-0.33852384066047214,0.38610879197476505,-0.44200609196857377,-0.503399473296448,0.6238404599698395,0.18917265678374592,1.78637899395224,1.1071643566312177,-0.3224137641563788,0.17874905467242855,-0.5473479229530759,-0.11284127519528817,0.47903909209974105,0.6294900480290686,1.2424138198921086,0.4173290741118975,-0.1913204617679638,0.1716219899376438,-0.19484954879773944,-0.16128479924915734,0.079750337621919,-0.07411988419645164,-0.23534389412900875,-1.2028633453798734,-0.18175927751688722,1.0925286060902482,2.1534983686635187,-0.5743781798467749,1.7787089776437872,0.3513467488257378,-1.7757219984601844,-0.7302112281047894,-0.21694996749312082,1.1509657467596675,2.1664459774146687,0.6791181558775189,1.1791836275951821,-0.12109533335921728,-1.8632575834654923,-0.7634742620209528,-0.7611682538804797
Bearing1_2,acc_00392.csv,-0.5397591770645622,-0.20447428434390638,0.1773877066893279,-0.45942804296918627,-0.44819901470635,0.33140427696545166,-0.29104661199421883,-0.42209171188202727,0.4341775462320252,0.024736329526745916,1.4924392082783917,0.2759384621888726,-0.49002089355704065,0.25356878666497473,-0.34269714701588777,-0.22559836056254476,0.33518327010047033,0.5139921132121814,0.9672923059107298,-0.11663847597635832,-0.4183329307399351,0.24108379354189047,-0.25202965827500945,-0.17738123153735602,-0.07091288982352924,-0.13050795266567727,-0.2115697184583694,-1.338990848638226,-0.19719478748285146,1.6067603792435736,2.748691240617657,-0.6520774513727029,1.0822499044686753,0.056932614469717174,-1.766443196873559,-0.7250739966127797,-0.20608154788052438,1.943847842266674,2.526188045023818,0.40417650514911785,0.5912708772270638,-0.24926694059328475,-1.9136045238454369,-0.7523937559438854,-0.7611682538804797
Bearing1_2,acc_00393.csv,-0.5783502501519028,-0.14526377918110048,0.07674241681909441,-0.3784276235149085,-0.21033267054266633,0.4106937086987091,-0.6099362848628471,-0.6139252608961929,0.7730671014614029,0.6579984646506425,2.6042674639115226,1.0299231201584356,-0.3578433437541592,0.1261910243607773,-0.6564275943335416,-0.1772718324705041,0.4848036152706538,1.076793652109531,2.5264384115043352,0.40137268709285984,-0.34038140238908193,0.12972251295080978,-0.20210361894732456,-0.16828961259746422,-0.10713437727336093,-0.1269644401662451,-0.10846138255678445,-1.2468472779435593,-0.47170503643848094,1.4141857859460185,2.7712015701884414,-0.3682289230364877,1.1498917932061414,0.015045187005240771,-1.8161904861330596,-0.7236676806119323,-0.492416201161694,1.4075739345743372,2.63294739984339,0.5695131002542692,0.9704836860108486,-0.41454407545409505,-1.8737698018528486,-0.7591988408307351,-0.7611682538804797
Bearing1_2,acc_00394.csv,-0.5737376107988785,-0.20956273216025265,0.41501253550600564,-0.4536289367265012,-0.5235657666670752,0.3939643738621375,-0.5448060319533363,-0.60166807047334,0.8360764992225306,0.2499988597009858,2.708445764228241,0.9880750128939225,-0.3917864668067277,0.10157557091078138,-0.6138185412912023,-0.19476985651562617,0.6854909405754445,0.9826336357104974,1.8554301386816925,0.42032957717149394,-0.3317211745590352,0.08036563969944417,-0.21458030328701805,-0.17572911342270325,0.023825337096264148,-0.19090173091686988,-0.09303498273900948,-1.2925245218995414,-0.35801096843729646,0.8147559910384508,2.835798296990784,-0.2840452230475558,1.1545010725280587,0.16528819261778124,-1.8209912883803592,-0.7261305613453879,-0.4462347769782854,1.2039987773431329,2.9710805046396622,0.5783051563802015,0.8446308716812075,-0.5989523398365979,-1.9065775463267018,-0.7543203142080652,-0.7611682538804797
Bearing1_2,acc_00395.csv,-0.591056718432269,-0.21784271015403622,0.13339174388887762,-0.46990384779468175,-0.6229332684919348,0.4772616891657671,-0.41892094752030035,-0.7659505577834862,0.5511339968127087,0.3322105415147805,2.2905297842274894,1.1297446331156167,-0.3492632965647077,0.24523822344060806,-0.5271848100876403,-0.44165176764121644,0.4224928990332997,0.81080509750286,1.8716700945489775,0.4734555833837902,-0.2324469496673476,0.23009740109194288,-0.22920854016124348,-0.1786291629341866,-0.20338242155053943,-0.16255363092141212,-0.19336181763838373,-1.2520025095533123,-0.12910042271222102,1.1223835629255463,2.4791740456960936,-0.40180943291206467,1.3035391257424416,0.17487058458670277,-1.7835630984485606,-0.7188835784865255,-0.21369892724844844,1.3975129924014995,2.3927534332169076,0.351381461464011,1.021102267747226,-0.2315098110006783,-1.8367899099340748,-0.7364239260963436,-0.7611682538804797
Bearing1_2,acc_00396.csv,-0.5558129587980782,-0.1528561331235665,0.31395649084274324,-0.4001275049391492,-0.3998967455538353,0.5302399897870188,-0.5850043182905454,-0.7316034341062085,0.5625060260381036,0.529263043708059,2.588787484535611,1.1886241557175836,-0.27244871826430833,0.30424481154487404,-0.6965119988770182,-0.32046944376555686,0.3886695701343817,1.060026390729873,2.1784152046269685,0.2649103935968904,-0.05137984544510418,0.25495968456009244,-0.1749168473756144,-0.1582750572128331,0.16724996659571484,-0.062102754850551035,-0.0693772876509749,-1.243628486606809,-0.3344420841208569,1.2413571050179266,2.340114161376388,-0.35202335920740246,1.5634034559654884,0.17651478136878124,-1.8452849828059543,-0.7167360012937013,-0.37886955667319316,1.6213225539472176,2.4670866108557234,0.399989090639041,1.1261064569657795,-0.42968390377638,-1.9065565917333678,-0.7401445059664775,-0.7611682538804797
Bearing1_2,acc_00397.csv,-0.5798272642280267,-0.22500906260420556,0.2637283248366299,-0.5338810844075293,-0.5228848189757493,0.2968630296324959,-0.43689162817640537,-0.4374366484329914,0.6488688585276502,0.6195059196081601,2.0795719388368843,1.0911661324159951,-0.44438370093776014,-0.0021964067550467926,-0.5722914541265482,-0.1620479221463456,0.776017926061724,1.3238566558189073,1.4290496876711776,0.17513401288855424,-0.40969850298637456,0.002103839605151415,-0.22259470398982778,-0.16493660771374943,0.027444573909970703,-0.04515552115761431,-0.18928666402579836,-1.3169441947344585,-0.3047852828674515,1.214084109210169,2.3980165095748256,-0.24117031209142134,1.5212174615643315,0.009427778949030925,-1.8421565299618343,-0.722038573584714,-0.37099146967131363,1.462444609737034,2.5750107272415126,0.7574399864898966,1.398894818324463,-1.1787181611129984,-1.901046458890022,-0.7553959065002259,-0.7611682538804797
Bearing1_2,acc_00398.csv,-0.3503220586872874,6.034539900323746,-1.3015177995751759,1.262345307278326,3.47413811852702,0.8965966128278693,-0.8782642796434412,-0.824023604837092,0.24284071797715762,-0.007916869188978201,4.359830384142544,2.9459793700744057,-0.3701975562247969,0.8126074315198525,-0.9533977084612789,-0.6356555186533809,0.02132790561073505,0.6733493639194195,3.127238423646488,1.5050050822082746,-0.11655437910695404,0.7581277582381758,1.0530419825750603,7.0673699240473855,-3.2493135428843454,4.710700450362953,5.30056269973444,-0.30855862518793464,-0.7798738314869691,-0.6928508921577917,0.37064113680030586,-1.270630116072158,3.550190119270627,3.3062820295617907,-1.7402023704802028,-0.7372346682805734,-0.8327116420500176,-0.5850523061122179,0.20180749699370962,0.5732592612583142,4.11639638215474,1.65695389705554,-1.958470443131493,-0.7770697126472307,-0.7611682538804797
Bearing1_2,acc_00399.csv,-0.5094841852844088,0.1690391696784412,-0.5146345488872813,-0.06209573137360644,-0.09668314155052168,0.32543269381368334,-0.574925044688793,-0.44853756579505194,0.9030709925432185,0.2791884862338768,2.29932914795589,1.1183493157985989,-0.4396816779916156,0.07813183910095635,-0.6077526396967396,-0.2557490822641008,0.8154967219025719,0.9045211873646455,1.6724991344136177,0.4701881199194328,-0.29862313267964496,0.056985100744497086,0.17840489138103888,1.750386799953971,0.4670037809344648,1.8631029926670566,1.5427619239704569,-0.9991978424456772,-0.6387178502708803,0.16954010471922037,1.710815410158906,-0.8257859484415893,2.923953896963142,1.078320955324171,-1.8496661598473796,-0.7456822338343403,-0.6165091493890912,0.734282190115431,1.5501886625839967,0.1840709043223992,2.1808383923276504,0.6518114858756509,-1.7321913317857052,-0.7679800876509355,-0.7611682538804797
Bearing1_2,acc_00400.csv,-0.4712647586820622,0.506045490725425,-1.4202403274292448,0.07427679930114749,0.4857844039222014,0.692454731133838,-0.6289179513764307,-0.7982861940476854,0.33099054063818,0.4501438492587638,3.090734830534189,2.645353815300909,-0.3262345423426453,0.4837075454877238,-0.7312934797378388,-0.7042479279583784,0.1745882004202502,1.419434077906673,1.8227651960629885,1.4269555631009587,-0.1340993610272661,0.4877432797788942,0.3592307212462035,1.735968557432274,2.2552451662359005,1.8825152785335109,2.023150261948327,-0.6637924367678024,-0.2504144613285749,-0.16885340022328998,0.9955761126618284,-0.8413571829774389,2.21616142220923,2.741254490618625,-1.749164595424364,-0.7275678698454494,-0.5246196386459735,0.08340732460620509,1.3258918539238473,-0.26726213742347227,1.9150935222512928,2.345673462165312,-1.7542355963429308,-0.7613670557075792,-0.7611682538804797
Bearing1_2,acc_00401.csv,-0.5588869507201073,-0.22833919610315917,0.19174302633437135,-0.5269595705049699,-0.5839645665496006,0.4419955218071492,-0.40074367511086767,-0.6935098265607436,0.6199285789410087,0.07655620231900717,1.8128181710531783,0.7028491361005896,-0.44577326319662536,0.24688963309957862,-0.509023365666715,-0.43851109306810304,0.5652025184668257,0.5274285931281517,1.260788520016889,0.03107659219690914,-0.31975584565895004,0.32547867381342444,-0.23133972983258844,-0.19580053059698613,0.2530793516882203,-0.3206251015482579,-0.1859756628381078,-1.2558356436647955,-0.24898702022331146,1.2429441969461446,2.6384653014020567,-0.7633479011879071,1.3704268402691542,0.3906960745944058,-1.817388908534138,-0.7214861687734215,-0.332666060359906,1.4726500516572427,2.699760639073198,0.024969701202762498,0.838734423343632,-0.05854746987216609,-1.8073323942788768,-0.7487242707750049,-0.7611682538804797
Bearing1_2,acc_00402.csv,-0.5693275102994139,-0.1685951748669005,0.18696573394061447,-0.38778102068052944,-0.37065323995529625,0.4976512286906657,-0.44078385807797815,-0.6390497703815423,0.44980892756233015,0.22997530920355308,1.8609503897306905,0.8934191551963023,-0.4563570577599591,0.4164814676770024,-0.5103387453668389,-0.6081321630903587,0.5045060427747452,0.548823013390297,1.8170667479042881,-0.10057935033347791,-0.25664878939834923,0.35763519860330917,-0.2883444702872611,-0.1990057485009124,0.047025207901122516,-0.32108729883079257,-0.29626378932926506,-1.2678084768301254,-0.24803748950512536,1.2499259126485511,2.5055568363784877,-0.3695523372251453,1.392288904363634,0.035092720196649455,-1.8160632798740182,-0.715023612802264,-0.30454253548299376,1.7607570279266667,2.4551167781848693,0.5752347618526134,1.0032585767055646,-0.6946582784632843,-1.8769874944479945,-0.7459834603931461,-0.7611682538804797
Bearing1_2,acc_00403.csv,-0.5437324824483954,-0.057619377782657466,0.5822228749945273,-0.2297086085815346,-0.1687097356414243,0.5196513297379025,-0.6520502096135529,-0.6483655512713735,0.8000191666037151,0.3839987610455782,2.378974575140435,1.2864750424784799,-0.24043683448927258,0.2217978930227272,-0.7025814032233293,-0.31851644109122895,0.6100499263196048,0.9805272197252259,1.7420226153361822,0.33186748319758386,-0.19030453350358187,0.2520768461615798,-0.1188088486495371,-0.09044191880648302,-0.06398475044336199,0.12477901305428712,-0.016252082264533063,-1.2035577649674902,-0.526339016297392,0.8465208929361003,2.7466921748613804,-0.4294008396183083,1.520475882914869,0.0587075132471363,-1.8063295089137223,-0.712426333012523,-0.48547517924847855,1.2736408023877308,2.595230674267124,0.45001015795038873,1.2288338740634226,-0.5922452096420112,-1.8493963003356766,-0.7207591974529528,-0.7611682538804797
Bearing1_2,acc_00404.csv,-0.5663549338708009,-0.16595592578004406,0.2444155556050805,-0.36103030478685344,-0.44125411236064355,0.4109820164510674,-0.5392420980520721,-0.5127341410638556,0.7436585020829882,0.11108589749612024,2.173685210678561,1.3649730725516085,-0.37654470409283153,0.1928327227963437,-0.5772499284014467,-0.3152728054931701,0.6574260557239716,0.6726703112196121,1.7335128573787135,0.5036883927981136,-0.3254616714462832,0.17546811060862874,-0.09787160294437976,0.15424257254257723,-0.5902635080849603,0.5419890934222193,0.23762088535315698,-1.1503780285430554,-0.23559058562910304,0.8389103421570633,2.498347329188895,-0.8637486630003627,1.5920213584291596,0.729828180749507,-1.804693185989361,-0.7318868687797323,-0.3792186876226707,1.0127159108209562,2.3771709747598977,0.09874714605478523,0.719806894185351,1.173428895014503,-1.9166440570354102,-0.7640247817981106,-0.7611682538804797
Bearing1_2,acc_00405.csv,-0.5370900035271692,0.002058470495984087,-0.19781205531532836,-0.19491397112542452,-0.2620714491739152,0.4379681596058906,-0.6238737307554812,-0.5548693781598688,0.7642090462133747,0.38452044278224334,2.769587374061133,2.204789936771543,-0.43764951832515164,0.15880562991186953,-0.6909454839282788,-0.40327214822102175,0.854171362918574,0.9592812130185209,2.082175365489272,0.42394825490388005,-0.35953219862835506,0.1619438079709851,0.10803524171696785,1.462052444962761,-2.1368798902015573,1.3197130541671684,1.1336185129464824,-0.825197793450041,-0.6093063643767245,0.03791228941762719,1.8291425358137217,-0.94867400210329,1.779529462865589,2.420628403325286,-1.7926101366276257,-0.7354922399540322,-0.6182658483887663,0.2454597370512786,1.7352985491620743,-0.45750576649242114,2.6326845289519025,1.2710305678028835,-1.8705307579289725,-0.7630595550858945,-0.7611682538804797
Bearing1_2,acc_00406.csv,-0.5501182909850559,-0.1379144055777432,-0.21748347797723888,-0.3924577192633399,-0.07907615748883522,0.47144288445050003,-0.4515997846396481,-0.5740186810470657,0.5668143443865523,0.2556849621918082,1.9703688379337483,1.2108791191671084,-0.27520528810505523,0.1975318781607279,-0.556511837808326,-0.28320489901723284,0.4807885904431432,0.7254859497815161,1.6686087306342012,0.1768719252430822,-0.1533366779364692,0.19856858060559787,-0.20097328250567112,-0.149287306141052,-0.05216741182457423,0.01092441578992161,-0.1926548825854455,-1.1941125786496884,-0.3993477038728448,1.1046098309991301,2.5161232566985725,-0.487437911359128,1.4318124040652838,0.28537342027126006,-1.7978638771090305,-0.710995451809787,-0.48609412776071653,1.3751755358744375,2.450377219485338,0.17639118853545105,1.6527514437446746,-0.6412075393825825,-1.8116923446767743,-0.7429117610975923,-0.7611682538804797
Bearing1_2,acc_00407.csv,-0.5935410470511269,-0.23877309389492163,0.14302882663848596,-0.5082527761737279,-0.7698415895817728,0.36987267887594866,-0.5394443742297739,-0.5077867878422401,0.8656631665464963,0.11969398430871783,1.8917188326620122,0.7084472406585346,-0.4462639770188114,0.2023900368915108,-0.6221487204924846,0.0413166074532953,0.5905124357194063,0.734536956362422,1.27460134938104,0.031389029335037656,-0.34003963611663096,0.18006013818535352,-0.27451669645816174,-0.2016384227071732,-0.017090465825622632,-0.3677692243667909,-0.2811129922518906,-1.3495701656125927,-0.35366101959007795,0.9677631114519151,3.330241387705492,-0.5467977491730205,0.8266736914028846,0.06553007241526403,-1.8188943874553245,-0.7261611092176153,-0.2908029752030544,1.3917610778015712,3.1473714550632654,0.2721681428959893,0.6437158354378627,-0.6309060589403832,-1.8707667753895458,-0.7500624380693413,-0.7611682538804797
Bearing1_2,acc_00408.csv,-0.5111629396482835,-0.18590833091247483,-0.1740242675891883,-0.4122869212544564,-0.3154289435363082,0.3718800264584009,-0.2773996366992287,-0.5338301472898029,0.5161073984183813,0.15606629919505846,1.7350084948364166,0.8254416251964884,-0.4921776798740003,0.1527258741816589,-0.4212740368678298,-0.20540625161653367,0.4767596206642766,0.708049592603352,1.153909480595212,0.30600422670447147,-0.47171529248468397,0.16888697985924167,-0.09257252910657919,0.16807098867463707,0.7885788518978235,0.632579760799008,0.23885535453864207,-1.162881132057422,-0.3844619697800355,0.9019231792274894,2.0881684019911906,-0.6101004048050808,1.865728271088118,0.7453869989419467,-1.8032266856744565,-0.7364875957140435,-0.07633502130067489,0.9510836503107026,1.9472026408710967,0.50728578546088,0.8124626542091645,1.064092098502645,-1.93999225715837,-0.7669936146125238,-0.7611682538804797
Bearing1_2,acc_00409.csv,-0.5539214001120433,-0.18444684567434014,0.07752648706099519,-0.4487651702003783,-0.3773718891781487,0.46283756784753016,-0.5870945986827801,-0.5229143135024383,0.6917550908275529,0.1613250383477819,2.374890566959143,1.073729060334496,-0.44120804465424346,0.28526579614618086,-0.6345480286620632,-0.27696075763733563,0.6149606545938885,0.753767266436307,1.6083730610102038,0.35561475803761644,-0.3173476480337473,0.25221575685047326,-0.26332634763103807,-0.19711595726099157,0.14239362433815736,-0.3076835776372881,-0.2311038081301999,-1.2291276717119586,-0.4598405659713365,1.003023430096916,2.951954335787588,-0.35459947718121176,0.8624732802729382,0.264772449313057,-1.78114404080103,-0.7092885531240396,-0.3883464322877401,1.1467586921531556,2.8198893804257255,0.29668599681450974,0.6140208341798421,0.043737760287614995,-1.831697018482936,-0.7383756573809498,-0.7611682538804797
Bearing1_2,acc_00410.csv,-0.40164795323421554,3.9815658937457066,-4.666610891875844,0.7937401092807143,2.3580163039129087,0.8227232684100624,-0.857704165369906,-0.8543508107556096,0.4344495125652373,-0.06537963606516697,3.986884243076558,3.880103868239563,-0.27354784956450756,0.6707270772128805,-0.8863059768473226,-0.8481991514426832,0.4112732737882032,1.1385257047494066,2.2044426178587773,0.8142819115880162,0.08967289195709857,0.5923651132852583,0.7979369119702259,5.754601886635295,6.043980586109433,3.7929307130100103,4.11208912790143,-0.40668079662911477,-0.7173220631007071,-0.6515893860409506,0.8616598417215385,-1.2179097981780105,1.5750029422987537,4.806665832374784,-1.6833358935275027,-0.7402896117728812,-0.8125975994551373,-0.36863180367738946,0.28938446271795065,-0.6823257782655968,2.617944510982806,2.4005098782367167,-0.8424606654563248,-0.754809619977639,-0.7611682538804797
Bearing1_2,acc_00411.csv,-0.5864050434021062,-0.19876201250186093,0.08352861431650746,-0.4684073042481824,-0.4070858360123569,0.4032113214040339,-0.3668286999353506,-0.6058918704937728,0.4668650955854116,0.2496817275513944,2.0191969908232075,1.1387053724495775,-0.4578382242011294,0.26048571855719094,-0.4631831778257725,-0.31037110929382855,0.3565288729928887,0.7941916409120122,1.5408118896273328,0.1607256892470462,-0.38883524585640067,0.24952514451274907,-0.25706271607594317,-0.19871026191858585,-0.036686344302722294,-0.34820287273949124,-0.23427541557860126,-1.2185426435583764,-0.47481241564702664,0.9472466562822178,2.5557502240666667,-0.4794768356016192,1.4544763984802935,0.4676521496283533,-1.8289873287677034,-0.7281187087997986,-0.3855295496574085,1.1822286117712206,2.4176136699819732,0.808442984696758,0.5844471418946814,0.10779449296418005,-1.8383663736093327,-0.7563340320067641,-0.7611682538804797
Bearing1_2,acc_00412.csv,-0.5710620946706725,-0.19978237733246576,0.11222820947375044,-0.4831856717698636,-0.3739831340702071,0.3621752379957828,-0.3210777278293801,-0.5453917681151899,0.47842684347666725,0.35001869837858113,2.108814399864176,1.2060480014757178,-0.40047680516359463,0.0783761142029601,-0.5813398718299643,0.0701152810021309,0.3998934973808764,0.7923264934851431,1.80084334507354,0.5289515595355202,-0.2870320638192666,0.08870399315999394,-0.25438131135459763,-0.20160948723901373,-0.09639272305907887,-0.3113811558975652,-0.32008902840614906,-1.2808837859252982,-0.341790554694592,1.353196692062642,2.575199578282735,-0.36319804285936,1.146249890133808,0.261017868139671,-1.8072774103350346,-0.7334834038036406,-0.2936475790493576,1.5121840968068025,2.482232785045097,0.5568617995952481,0.7829258311436477,-0.22763146349421645,-1.8613818984144295,-0.7604201460606024,-0.7611682538804797
Bearing1_2,acc_00413.csv,-0.5405951578598553,-0.20647259468361503,0.041405402201150826,-0.48187619616667665,-0.33479111981466436,0.2853008019463745,-0.570422832286115,-0.3609462405904503,0.7992585736281845,0.4781024924248216,2.595495525213434,0.8486089425761216,-0.38877706295645864,0.003605315108233332,-0.48206269440707217,-0.08960220052224405,0.508557300170208,1.096716258483521,1.7700318348440318,0.1976157166984776,-0.3340429539655176,-0.016502978280222912,-0.17121744341016903,-0.11610327847255551,0.06983819151049682,0.16406578206973124,-0.030210906988123804,-1.199792855535469,-0.36294424176715845,0.8730946255926147,2.4005453460724784,-0.43503302614280653,1.2429895444122756,0.7916914057188413,-1.7826822328582166,-0.7314109262842841,-0.3970175951851328,1.0072765348776336,2.3714003651082303,0.44916312851850143,0.8741006523187462,0.2143598437179767,-1.7374265143563197,-0.7533705527722561,-0.7611682538804797
Bearing1_2,acc_00414.csv,-0.5381901283840452,0.11942821792207585,0.35326014721695304,-0.1500176647304439,0.27748469412365684,0.5147068488142139,-0.7063892723525693,-0.5116397100603296,0.6402009016899641,0.2653306832478354,3.1592567199231647,2.0530981468822866,-0.19158714243457528,0.22178220513984095,-0.7389714746467002,-0.38730035738319013,0.5641365143747784,1.0661203177659557,2.520797312014531,0.7618759635193341,-0.15074848716342545,0.1915448550285426,0.2990038610584948,2.241572904070797,-1.145545304137311,1.979576707865785,2.046404422758439,-0.6844429260505609,-0.6838868398478253,-0.051533140500064425,0.9364758891711088,-1.0203525235124942,2.8396359350441283,2.4199231825594203,-1.6893038084241991,-0.7394529997382769,-0.5633052714773041,0.12827758783883278,0.8138893503310359,0.8934200757361747,2.587048888600844,1.0883117446539465,-1.8384353386473644,-0.7668786844196701,-0.7611682538804797
Bearing1_2,acc_00415.csv,-0.5629047990261359,-0.12060747352900365,-0.14859165828537868,-0.3629009842199776,-0.19617021177324248,0.5173567607931883,-0.5777534828318407,-0.5024425536008555,0.4478827540551996,0.09664178640563631,2.332894059494969,1.0620831975522145,-0.4363759653296837,0.39030168546758737,-0.6121966120415689,-0.31072346590129074,0.28507785576274197,0.6049414930431017,1.5650579239412659,0.5013730504575875,-0.34235749328537957,0.44339888755593687,-0.13482019417254715,0.2113120798807001,0.7541431692177193,0.6355070102550611,0.31898214892378224,-1.1152980827483985,-0.4224309254290729,1.008376346241158,1.8790135325857054,-0.7676786442267564,1.9603049916805106,1.0677702180574142,-1.8011408632432426,-0.731313831182579,-0.40048567019969067,1.1247627831654607,2.2634666014123934,0.16682692030773968,1.5802309195826212,0.13684605052670548,-1.916893368780426,-0.7596613039762917,-0.7611682538804797
Bearing1_2,acc_00416.csv,-0.6097636372088933,-0.20978682082018033,-0.11929703810193182,-0.5090010479469775,-0.5464550542891701,0.43266291943892454,-0.4772730974726742,-0.5574547815908824,0.5844153426737471,0.10373495895164733,2.003356149766854,0.9162289916740001,-0.37578768249912037,0.30591595745148864,-0.5495327366198173,-0.31455636262533293,0.4573602652418913,0.5704176694727359,1.5235921602351146,0.16013235924334954,-0.3199074165738583,0.31863527888669735,-0.29817778674542095,-0.20144040526447274,-0.07506001239837681,-0.3086079722023573,-0.2943597945578666,-1.2552527235135948,-0.2875946803098112,1.8081615898446066,2.4124711122895004,-0.5427626347613835,0.9638634352024386,0.4649795477873467,-1.760765162791676,-0.7215116379698832,-0.3190433893784855,2.227008537325632,2.542584367373554,-0.003184408832830922,0.6114169039020823,-0.1622475324532982,-1.8234098183529275,-0.7422655975096581,-0.7611682538804797
Bearing1_2,acc_00417.csv,-0.4488685590661724,2.231982907235134,-1.3779147369422993,0.5748706156051834,1.9056743560524385,0.7284935718618294,-0.8806531640092994,-0.7852775741548689,0.55759717604464,0.08823533108979673,5.1341341029663505,2.691101728593317,-0.3410541328942242,0.4706245142446784,-0.9213278874547438,-0.5887235875241196,0.564179591998723,1.1353384363498558,3.4108540295765617,0.7064066480926252,-0.4263504604488615,0.46064174159089866,0.6584795340624281,5.436829772308307,-7.198269311336172,3.1067218142069186,3.919302137508802,-0.3820588858176723,-0.7823655535157088,-0.6236071435589934,0.7216579664765872,-1.1614101306912954,1.7978712085831885,4.725282154314107,-1.7020202153040211,-0.7388910782679705,-0.7757741527782491,-0.4213998484748395,0.6483719417558964,-0.7828237593786549,2.799340302323979,3.943899244850743,-1.9281105906785296,-0.7750717978182508,-0.7611682538804797
Bearing1_2,acc_00418.csv,-0.2848807463972131,10.238666100008952,-7.188448929335818,1.672959442849088,4.8497580796124575,0.9590625580468015,-0.974474470966883,-0.9004418339459933,0.2902842303493987,0.25219341544667656,4.033357867980918,3.862446899542336,-0.32459118846429114,0.8596067128427287,-1.0055791284757247,-0.9767567576721513,0.10154213222622878,0.9636019242068655,2.34958066085854,3.1758069592763247,-0.19446425569644388,0.8587524095272527,1.586957631326586,9.542626930191894,4.42718666824933,6.568887591913039,7.42283720984532,-0.180649349951258,-0.8720326523936581,-1.0206863428674522,0.16920783413696136,-1.2171274024825653,3.133977357484798,4.428037493705559,-1.7614504522123546,-0.7465931933770407,-0.914812521565037,-0.7834572771967107,0.7672092654360386,-0.10142823825619547,1.2244231330462543,4.372694977028812,-1.4601216597346114,-0.7775655033296521,-0.7611682538804797
Bearing1_2,acc_00419.csv,-0.5284715307038667,-0.10354063284289804,0.14290778761969006,-0.2723600996567664,-0.2002672820702315,0.3842883505594222,-0.5926905413360144,-0.49168096006014655,0.8829190393895678,0.1001663958790667,2.4081006453423757,1.2877283151792158,-0.432555768019234,0.14190376473010294,-0.6007928267935881,-0.36343170387805024,0.8396905103400713,0.8158973275318201,1.5412648185765272,0.522266568904448,-0.4409033167032502,0.16026221629190399,-0.008463937406452876,0.5817286241776817,0.17447591276929392,0.9223774569482254,0.5772747642164724,-1.1481841020435066,-0.2682834859978964,1.0035579698555743,2.201901983055907,-0.7956453539511459,1.7724575212010107,0.7697125042459902,-1.7872211014586523,-0.7473068505261352,-0.406106085041137,1.2094045954536612,2.513208413107855,0.01267179403018876,1.2893028962581783,0.013689503589935018,-1.7800287468307248,-0.7740567885613535,-0.7611682538804797
Bearing1_2,acc_00420.csv,-0.5976690595628813,-0.2099777731977581,0.02060134465090609,-0.5176061733393488,-0.4527688525437246,0.4207760321126617,-0.6212617717980943,-0.5343222402033326,0.8462961987728125,0.27629160396975433,2.150954570137736,1.0751590501918638,-0.34554632453914097,0.18575936994820197,-0.6558712813197919,-0.15569526910624504,0.6022511976438866,0.5754085358718463,1.8207807957746078,0.2734795113917672,-0.2598830518550234,0.22353254865803682,-0.22500741416711198,-0.19525970858850258,0.029918636765609866,-0.2847277792714011,-0.2486207465662377,-1.272386126950772,-0.3281505105768414,1.2433923839778749,2.7994798207851272,-0.5807386037134733,1.1608612733026962,0.23345538214485978,-1.7943946375370121,-0.7350445557880608,-0.40212454390819985,1.639415600324268,2.814943462310497,0.5100708353969498,0.45497946377884435,-0.2637562129009941,-1.8794644567683159,-0.7582465512624731,-0.7611682538804797
Bearing1_2,acc_00421.csv,-0.5512993074437816,-0.14500484204469868,-0.14809731414318478,-0.3743121287620353,-0.32664395145358993,0.43890328011544866,-0.5229981932447532,-0.697514685885052,0.8152655456136183,0.03687845067386691,2.1932628579773037,1.1025235134238072,-0.47820427550209926,0.3015475607824901,-0.6657021443604693,-0.2578563919668305,0.7437202853613857,0.6122037124996207,1.4922289064035055,0.3278535411065621,-0.31762878500543795,0.25476052818905853,-0.11568281444876771,0.37741578104676116,-0.8165688699856101,0.7556783037140662,0.32081651402288935,-1.0749435236073157,-0.48507782670943717,0.9395233768834779,2.201033109052725,-0.7962299802075273,1.4321574038855862,1.3437931078917262,-1.783031258776446,-0.7298138770716815,-0.4218238861398089,1.4678417935946335,2.1126523460230704,-0.08365385661158269,1.6475359967925118,-0.35863005122126196,-1.5921097705077223,-0.7479488249196232,-0.7611682538804797
Bearing1_2,acc_00422.csv,-0.5674334957194924,-0.16892266979913695,0.13458002847167735,-0.3578501497505423,-0.33288930491502405,0.36498311084551777,-0.3949608654743105,-0.5603062851328889,0.5528387024178559,0.48422034254344004,2.0756918895538785,1.2441838608874798,-0.40485303786758803,0.10364784625281695,-0.45412324270044185,-0.3019206874363255,0.4063737319442151,1.0413340248509777,1.59817333949355,0.3381768727686239,-0.28939636897407406,0.10952434474140212,-0.2057189369009273,-0.16868489043289872,-0.04929488810038721,-0.08567481625981745,-0.15719522689480106,-1.2236743744836276,-0.3940917449404239,1.3420613983371992,2.553582806849733,-0.6235430395085987,1.4698601546830952,0.2297831598062327,-1.8016300936824328,-0.7254308960196402,-0.43150654360917606,1.6374929075242888,2.5135601893926096,0.23887044472142954,1.1974215565980904,-0.37355227911354966,-1.8790960484045742,-0.7520694794921001,-0.7611682538804797
Bearing1_2,acc_00423.csv,-0.5549826774776512,-0.18296803488013536,0.5463125608674163,-0.48187619616667665,-0.41552154013554704,0.3190380417172824,-0.3633103997026769,-0.46128655088768855,0.44051811903935045,0.32499769439503173,2.1587498695876137,0.5878487810585461,-0.47256930102327716,0.19372989297380117,-0.39090583088660863,-0.23042999610565534,0.2520340074219794,0.7342135805157542,1.8817254142789703,-0.23198490535600472,-0.3853017178893797,0.18775135221829614,-0.26770394083820387,-0.20207754596535615,0.12933468008868576,-0.3260174031778287,-0.26848175888473735,-1.2858246760187686,-0.4140248531367707,1.2365720418254516,2.5989393348683354,-0.27097879142702475,1.3541593903196014,0.030386184518447972,-1.8417658321485602,-0.7247391675021709,-0.43946620321343405,1.5038961908201403,2.3745073161983425,0.6976874680523693,1.0220617763592257,-0.36436496527142315,-1.884334851311005,-0.7550310643322278,-0.7611682538804797
Bearing1_2,acc_00424.csv,-0.5752738063436559,-0.19472919871599426,0.3597953813994617,-0.518541513055911,-0.42094134948570094,0.4275587222872222,-0.45616283708044136,-0.6089100275505417,0.6643162423522682,0.2107442230691511,1.9431363166788158,0.7246255331445198,-0.4862876123364573,0.26436374238498134,-0.6917857887412535,0.11395956215696226,0.457096586792216,0.8282791470890739,1.3218842819507766,0.11208187241642933,-0.4014879451697542,0.2820084435513794,-0.267057139042109,-0.2021699146923978,-0.017815873427851948,-0.36838548741017035,-0.29625686384685845,-1.3135982148357763,0.06992286919804472,0.9989600855129496,2.6624393846793124,-0.5661300501089748,1.50780191197816,-0.1114219235209341,-1.819053513060478,-0.7249051577991308,-0.14970344873585112,1.423465173457244,2.6673101997358084,0.4025521193269367,0.7958274936710891,-0.3689021371839987,-1.8814792843437829,-0.7529065355776644,-0.7611682538804797
Bearing1_2,acc_00425.csv,-0.45837836670497195,3.9574405186779087,-5.529812018285372,0.47217031472666465,2.0221444834922297,0.7672303395612895,-0.8886192353750366,-0.8303310013042726,0.5215267395825163,0.3062857049070277,3.091717623445592,4.079986847766606,-0.44929010547595283,0.6579464224486323,-0.8728099628905925,-0.7472723870172299,0.2978174156806425,1.6469585673433986,1.6796315916843974,1.0253323723610832,-0.2983608105107884,0.6596556134655119,0.6755805112964102,5.554975742342709,4.891256435935622,3.722676726064745,4.003311340083316,-0.5035074842113687,-0.7766267517705983,-0.5954134034782268,1.119788932603964,-1.1559565592555716,1.5486692550610959,4.686895823257793,-1.8262132076605395,-0.744487599995302,-0.832276326905252,-0.4788944733979236,0.2810347628745404,-0.20180952071148778,-0.1555884971902718,5.821485599011832,-1.0896318673244292,-0.7741908390678229,-0.7611682538804797
Bearing1_2,acc_00426.csv,-0.6031055513099753,-0.22612474394751192,0.09565337946053061,-0.49646749574504534,-0.6313772125620475,0.3227556380063941,-0.4294202794648436,-0.4690297196898832,0.6619500380117306,0.2227608503404593,1.758329072316023,1.3092343927325807,-0.46861631213484195,0.1630768501103774,-0.5206021044702965,-0.08717864346983427,0.503904817690408,0.6081181384321419,1.416672717146335,0.31946783595498945,-0.34691391395292803,0.1576485225731667,-0.2881435627563015,-0.20074431223317937,-0.13779372412367488,-0.33988332165386775,-0.2733588942498665,-1.2744310605264917,-0.09744882234814199,0.979769727641786,2.5905881574248206,-0.5060307867185246,1.3869114398715345,0.1699781298749117,-1.8098783894292922,-0.7194969050605003,-0.08048915340872936,1.2712424669181641,2.6022968395821104,0.20739669348839856,1.0043936949398022,-0.2689724043881065,-1.8829851197756808,-0.7365751509611157,-0.7611682538804797
Bearing1_2,acc_00427.csv,-0.549266677984366,-0.1656813315239511,0.0789114233521063,-0.4089196982748329,-0.23343855048289922,0.44439283762578696,-0.3240795240508236,-0.7104012278120921,0.6253885516066071,-0.028622361749893882,1.9659508459479067,1.5348272976084651,-0.30671639040644844,0.14488067287910578,-0.48134943459248986,-0.2659648166295404,0.5341617694514763,0.5137599253751678,1.3165324857518894,0.6049991742547388,-0.1897159219350378,0.13847640460055266,-0.01919676564726595,0.8263565776176864,1.5843577476878807,1.036232054212591,0.7850286752319571,-1.0022643813033918,-0.17402548664429654,0.3650294075307133,1.6960281486366244,-0.8844210229712003,2.461140550593959,1.141200203371173,-1.7920602986191283,-0.7403920192724232,-0.3353977800456183,0.7869009330427092,1.3201771645238158,0.28255601240210776,2.5260709294842,0.3200841168291254,-1.8043061875647448,-0.768877268102843,-0.7611682538804797
Bearing1_2,acc_00428.csv,-0.41841414937278165,1.8227851530698176,-3.8623493011332655,0.4267128045017466,1.6375157068620274,0.6594296510545272,-0.7702026020392719,-0.7047942876698049,0.4681731895138671,0.10606844412651975,3.5887241144543895,3.635709303602545,-0.37699494800518407,0.4547705800360742,-0.7216115457032862,-0.7374958881436602,0.38499024695324013,0.46382998043293827,3.01256554300917,1.8042397102578145,-0.12945197443679826,0.39305216842404944,0.6938658990318197,2.883304710152372,3.116567666246773,2.7214033463338767,3.4172504126525407,-0.6000734119352027,-0.6940891187719866,-0.37845035232041063,0.8907837890858356,-1.2155616490991634,2.18928175751934,4.130155826721012,-1.842295342037368,-0.7497513781862606,-0.7634084047624986,-0.06744280414756204,1.3155463702912822,0.30059614594068795,1.5762766482086321,2.4353667867791415,-1.7331043889259727,-0.7781893563671444,-0.7611682538804797
Bearing1_2,acc_00429.csv,-0.5909270328178587,-0.20184548730142785,0.2731069851095885,-0.47383227460424265,-0.3369075839273569,0.5463335757368146,-0.7007068778364881,-0.5702648629287844,0.6317363138515095,0.2612277352161648,2.3119470157245896,1.1186949626154803,-0.4757079870937158,0.4534897155447818,-0.8190028188680873,-0.2600124850295775,0.5888662429759659,0.7409830978267862,1.7293680859799956,0.3305311980160526,-0.3026461469076751,0.4485211654505244,-0.25708009373830887,-0.20590526917204288,0.1461830008335294,-0.3542114374124415,-0.30690237595585784,-1.2467541427824578,-0.15168161578122352,1.2697187506964516,2.230310646488673,-0.6605083803034343,1.7072177449961388,0.3718202689324189,-1.815092145684884,-0.7303154285383776,-0.22290227690872,1.6296816380473222,2.227075980816753,0.28955298165979676,1.0812994382465135,-0.067883695817117,-1.871782187990286,-0.7472937989747893,-0.7611682538804797
Bearing1_2,acc_00430.csv,-0.6168850465280993,-0.22151421778148261,0.020128383974601337,-0.5415508700833386,-0.7223796694245748,0.45240003588397704,-0.5187431103954167,-0.6748357948376884,0.6920383969040107,0.13842361927323849,1.9584196410463621,1.670430281965444,-0.41904351518734184,0.2987205169993202,-0.5974363097345657,-0.2039875416377529,0.3830005710822648,0.7094037808947249,1.4914461506126608,0.3820637539687995,-0.3091843519412741,0.31462537085368475,-0.3069010249008818,-0.18268507253049782,-0.07182056253058097,-0.15053650157551152,-0.2634290496598529,-1.2525730730991578,-0.37579856449280924,1.786279733823814,2.305489819744263,-0.5740144770414641,1.2978652045653414,0.4430361206666978,-1.8185595465587798,-0.7219836002190881,-0.32800008516860113,1.8881405851543849,2.3306461034742445,0.4521281320747337,0.9759574685185898,-0.44080081181629716,-1.8673450804662421,-0.7442541914130852,-0.7611682538804797
Bearing1_2,acc_00431.csv,-0.3074067283151114,6.530054156595664,-0.7811758142760873,1.393667003483645,3.8320250794426682,0.7661208900634117,-0.8407925109189426,-0.8554916643437206,0.5352734552060867,0.07620758052852386,5.428470102833187,4.539270127377439,-0.1593133866450732,0.28028516127467623,-0.888738484182144,-0.7711848132375076,0.6574397134184805,1.01858542991577,4.378209082942988,1.4041598181559447,-0.23998171381816946,0.2523133877210966,1.424495458207172,8.561392404275805,-8.041787192084717,5.659591471406564,7.153089943876791,-0.23835728847156928,-0.8442317719685766,-0.9971355265370736,0.3535328863235275,-1.3053088926046879,2.45091160311495,4.836212520593857,-1.6391047045493445,-0.7459283133034575,-0.8809921829866117,-0.8040240565320291,0.17151356541834084,0.19541522255157615,1.6785952983176455,5.336312483931761,-2.0164700024402857,-0.7506972873846113,-0.7611682538804797
Bearing1_2,acc_00432.csv,-0.5640587406064766,-0.21302404848417714,0.12919189824893118,-0.47345813871761777,-0.5379071163508041,0.42387163666485717,-0.6725131286924568,-0.5822031697114276,0.946194358943225,0.39400586083718736,2.4562532168141593,1.176587617956354,-0.35632784743511,0.15526599486819026,-0.7025102568265823,-0.2585730549140709,0.7505111236482074,1.0907136540426507,1.7500851577863428,0.40521256366384584,-0.2371735264983172,0.13822557207251537,-0.12958791023055924,-0.14317007980226384,-0.1452140681572654,0.06084172230366237,-0.16704430761063252,-1.2311903935925124,-0.42343135625659833,1.2544681386022538,2.755728335001042,-0.6436521161389611,1.1685023457788213,0.4382812583809952,-1.811195547923352,-0.7272699920870638,-0.4495718348141957,1.7191499055976789,2.9158767441574116,0.133461232951118,0.5160710722065325,-0.19941804651465703,-1.8142132430405442,-0.7553873964085756,-0.7611682538804797
Bearing1_2,acc_00433.csv,-0.5731774313155291,-0.21457148867802397,0.22355428417004472,-0.4519453252366895,-0.5695154459809927,0.32890612847051187,-0.47636986891086236,-0.5428103528168425,0.8576884412058027,0.3977229737087054,1.8936089380722236,1.2696262155348461,-0.49308981922527295,0.07106833791234074,-0.4436639035109629,-0.23926566742049768,0.6474749477321278,0.7798375496674543,1.6148685589913563,0.257726676276037,-0.3961072664405153,0.032588658952417054,-0.22708124664151216,-0.19750885730298168,-0.0016167760244634182,-0.324322679808535,-0.2714792743955081,-1.2718896815216996,0.07283094747656749,1.2650637182439057,2.63255534827682,-0.4956960500749751,1.0520105057053046,0.21928429299486565,-1.8197265014362736,-0.7232415813120783,-0.18849138051574674,1.8757995954613196,2.4958103462843413,0.2084740090277882,0.790377736949739,-0.3050890506958906,-1.8346161390857851,-0.756172099328348,-0.7611682538804797
Bearing1_2,acc_00434.csv,-0.5228407898931521,-0.042965977427923116,-0.3121575550097003,-0.25776880007839764,0.04270086310200455,0.5570302327318732,-0.6983594523598146,-0.7355644612555173,0.7268194223597545,0.5235849130581155,1.8454359617878804,1.5607503421526812,-0.30503807439403163,0.39863564860577355,-0.7290844809483706,-0.5449885869816427,0.5892755157644031,0.8567617659917743,1.686611871763344,0.5643826136500901,-0.2803406807384575,0.4375682146933334,0.018495759576452064,0.9669831515135756,-1.4775481174312208,1.0952392406161795,0.9080496171943411,-0.9519471887742181,-0.4910538743691145,0.5254161913298024,1.8814542598457793,-0.8338235360764937,1.3289249117954,2.298107757342451,-1.7728270928015535,-0.739041316759099,-0.516673933747464,0.7597018230989875,1.986518860287883,-0.14007160962491572,1.0461956364295972,1.1118239017992555,-1.4665428670051002,-0.7624825441384673,-0.7611682538804797
Bearing1_2,acc_00435.csv,-0.5854564904301708,-0.21147986901872493,-0.005919313031178014,-0.5247147551852207,-0.4604388581531067,0.5079567466571842,-0.6943206026910604,-0.5897275049531242,0.7987499609431167,0.33170704565898584,2.4882461835832586,0.9118783916875763,-0.3164800600142434,0.29256787955823155,-0.6479579478448586,-0.31343264725237785,0.5451097274561162,0.7237303447185984,1.9548341939466216,0.3926226556255269,-0.14943407811080747,0.22854631101042827,-0.22721090675273714,-0.1249737667555448,0.024376793192412826,0.07640236414899514,-0.11903075772050288,-1.1692506019606954,-0.4483032314507737,1.382835277329061,2.2857400487384485,-0.5538087641844429,1.5006408423955035,0.3815003237759615,-1.7461530292716114,-0.7208810349272365,-0.4743815731833689,1.5765527439251636,2.404213838601136,0.44109445950489395,0.9856845524395721,-0.21092634744893282,-1.835908944099156,-0.74665160092797,-0.7611682538804797
Bearing1_2,acc_00436.csv,-0.5850248261970773,-0.20176487861958395,-0.1406861470554588,-0.5213475322055973,-0.38333370742737666,0.46545147933100056,-0.6687262022932318,-0.5264821037767441,0.7201426207010811,0.1691827141180933,1.944071802602211,0.8716037345267825,-0.376227316132145,0.2800057181708909,-0.7359844455943441,-0.2825879653643399,0.7182692691454252,0.5534126330865439,1.6281976733388916,0.3229339066359406,-0.24715336342725966,0.33081363017627713,-0.193840565421677,-0.07028082480608536,-0.4655857235436406,0.18763784347899765,0.039582911191953986,-1.2200731021337088,-0.4119926687571966,1.539625089519744,2.3559240023427344,-0.6721118992100006,1.210435870917368,0.8337862510967845,-1.8136961641475988,-0.73572442964078,-0.36282617245374055,1.755644113510649,2.5634416976360495,-0.05045006853494962,0.9235406161835894,-0.01891999601260783,-1.8136907436693688,-0.7637703462184462,-0.7611682538804797
Bearing1_2,acc_00437.csv,-0.5876850789446358,-0.23473726566868672,0.3555321068824478,-0.49497095219854603,-0.7372904839054798,0.4382296560719116,-0.7392364185238405,-0.5629684648810044,1.0655679068438522,0.18389769080800045,2.035705736967573,1.2314295949096308,-0.3739451708841273,0.2503063227763189,-0.7567030314705223,-0.27898909670531097,0.9616135053027312,0.7681005328655874,1.461618685821161,0.21869487769969603,-0.3284839780745154,0.23924355740376518,-0.21842359884027704,-0.1995117968088176,-0.04743327096404355,-0.3233982852434657,-0.27274803603365394,-1.2612066051798827,-0.42569540852843646,0.9687408847439701,2.9527748546557464,-0.6721217037484833,1.2485084428635636,0.294964213188719,-1.8132901870190725,-0.7263483722972238,-0.41196715940896966,1.642597412030068,2.8104523765404603,0.27412464139862897,0.837749810094336,-0.5977811076534489,-1.7963331739805266,-0.7555058203612544,-0.7611682538804797
Bearing1_2,acc_00438.csv,-0.4842737451411554,0.1477027144053809,0.1838724057067364,-0.1210221335170186,0.2389928604651662,0.4458529473404915,-0.47774454686037054,-0.6361214860889479,0.6661206284689982,0.0481091362282152,2.6886617093032097,1.8055403192452335,-0.434940428646174,0.2045060384456603,-0.523428388891598,-0.4113319483409063,0.607675508583139,0.6355000729776171,2.0438117633825152,0.49109673594325176,-0.32429685351806176,0.1568236265075959,0.17071380980253975,2.2669616155743832,-1.8204776463373402,1.7600329986618324,1.7368169584034956,-0.7372496435133861,-0.5856914421511534,0.07111023837042711,1.4614533867627626,-0.936886497527851,1.4860669445514503,3.0211953663889872,-1.6677293608329657,-0.7357428068662134,-0.5788057115793163,0.2087672206655732,1.272691897001699,-0.6484324103617336,2.724079422720546,1.8819009288592634,-1.7619493684886165,-0.7663805291064719,-0.7611682538804797
Bearing1_2,acc_00439.csv,-0.5360589434866251,-0.1453323518928019,0.04714900189968668,-0.34606486932185976,-0.2788300166436142,0.5080188862833173,-0.6772388895972417,-0.6045372992033606,0.7031056403231849,0.40173416550837016,2.6141937736396184,1.5064519993931593,-0.33606348011141074,0.2857368759491711,-0.7303074510335499,-0.41361973817224745,0.6537183272777318,0.9522940352667142,2.220026016523098,0.34807280776001226,-0.1502193027026757,0.2390625714872574,-0.198770547561957,-0.15674329973255322,0.11702900860177431,-0.0961512879972693,-0.11956679424930779,-1.1705562472973525,-0.5224162711840166,0.7072261795980656,2.796060881642228,-0.44017097723230864,1.0215754801523123,0.643595290652868,-1.7585867792929994,-0.7195247059360631,-0.5112047776701589,0.930318636511752,2.897987573825354,0.166893470488644,0.7359418211914012,0.06392956629138008,-1.753244919573002,-0.7352465555615241,-0.7611682538804797
Bearing1_2,acc_00440.csv,-0.6077290804527024,-0.22019754474025047,0.19081780823632055,-0.5329457446909673,-0.512005339886412,0.4975898659112849,-0.6711090903319372,-0.5249707122508525,0.6893429485757975,0.3860120246680834,1.9181790020080844,0.9537441606356729,-0.41383575907296494,0.36811609187661404,-0.6544692366071603,-0.33485815056491647,0.5696345830217207,0.6143946859075904,1.8122702958041133,0.4346318316593532,-0.32709582976696416,0.32386162149053327,-0.25876383684135107,-0.18495140480949518,-0.10912132739272544,-0.22248521189006995,-0.22809250257418495,-1.2938788185427865,-0.48145920520669555,1.7336132951919245,2.670155944039503,-0.5281315165933622,1.2338657794421186,0.07450951927377036,-1.8382888284578214,-0.7193677374766116,-0.333135777201075,1.943460623273672,2.6876240934097146,0.19598596499656334,1.0084994958337983,-0.7613031758971694,-1.8761146287844952,-0.7357698972700797,-0.7611682538804797
Bearing1_2,acc_00441.csv,-0.5420331188780838,0.04644105836656172,-0.365256187648287,-0.1507659365036935,0.04086427911046273,0.49953303291226503,-0.5910978297988961,-0.5483720626754698,0.6530008565292308,0.26758241406793126,1.5566384117206062,0.8616587168395771,-0.3677153066547101,0.33220893851061845,-0.6514662966146715,-0.31393484872603455,0.5325551073173811,0.579268938306914,1.3616673086923454,0.3633367549184305,-0.2569480151008288,0.373976601798443,-0.1750833367299882,-0.14001754820983692,-0.10451372821301322,0.02355780817920166,-0.11167598750995904,-1.2120801864296376,-0.4430486576417837,1.1138547355076,2.622698530985619,-0.5110028159126584,1.287475406383888,0.4166460724364622,-1.8067642375299071,-0.7232918673323011,-0.2723393939159918,1.7782283891988195,2.4369307842173926,0.12311830084870767,0.9168198516585194,-0.2826944044399373,-1.763535629681893,-0.7459927980226645,-0.7611682538804797
Bearing1_2,acc_00442.csv,-0.4830021931998786,2.4410848757364265,-3.923259919934362,0.4349437940074931,0.7030990464904677,0.5276092156822345,-0.4726734791400148,-0.8074607712662415,0.776738981573948,0.03742286357875293,1.8435460569777598,0.9565007843864246,-0.45032035191716974,0.3586258504170544,-0.6186421563085273,-0.7565075019305721,0.8515418192556387,0.6178070468370118,1.1500088337343528,1.128506167976827,-0.4279036765298618,0.38792636416614473,0.299627722244898,2.512505348978208,0.8723771043289134,2.171696711639349,1.9645053067845017,-0.8983256445048066,-0.26490182335670237,-0.16133143359689467,1.8306205229184123,-1.0392345959919425,2.7355175080220975,1.3131487805237945,-1.8272763021093952,-0.7415730976646687,-0.4565007098922857,0.46638656760945907,2.520135087992126,-0.20390348107280196,2.241494948517649,0.09708738938213149,-1.9369579429687984,-0.7733074714445358,-0.7611682538804797
Bearing1_2,acc_00443.csv,-0.5951360638080802,-0.20582316814178966,0.30023733753821197,-0.4590539070825614,-0.4686696289868354,0.4115797523318277,-0.38273222158070697,-0.5360167591823808,0.45494681426076183,0.42129794821549776,1.8697381396769825,1.4150230704181868,-0.37486288710673055,0.1826366061952295,-0.5312119634090724,-0.2969051951765468,0.49773989997501566,0.8855517070653968,1.5458274704060295,0.29570396444178254,-0.2281523385134161,0.16592780078701352,-0.21951865713179458,-0.12296428668450886,0.023666243174457563,0.10382606957938358,-0.07728090130504307,-1.2014493322946074,-0.24134675448140847,1.2616698978768275,2.1887732756593703,-0.4962611908254766,1.5982344723017257,0.36489388943269935,-1.8074267334574614,-0.7117118187542013,-0.2758920712462077,1.5547946628294738,1.912190456248893,0.16888982755342474,1.290670661562525,0.2506901707040508,-1.7986155945669369,-0.7430722309811544,-0.7611682538804797
Bearing1_2,acc_00444.csv,-0.5721444099979939,-0.1918951140628203,-0.12532102907397072,-0.48561755503292503,-0.38290117771861965,0.3754030269974304,-0.4448841640351839,-0.34322670058395693,0.5740228564942501,0.03625101477680098,1.7505673860231195,1.031603547209085,-0.38554249991797857,0.16337984403503658,-0.4434387240831627,-0.3819949917633525,0.601300127948231,0.3430308097412381,1.5033007960286189,0.41890587710729316,-0.28922722440362014,0.17274496490836772,-0.2417732811530858,-0.2012571168069017,-0.002399993878346691,-0.3505138591521644,-0.24339991106209968,-1.3173607416438686,-0.2854463945429618,1.5124601943453693,2.7457720780634975,-0.5208009433634239,1.2184657563627335,-0.06995613412126062,-1.7970898740894936,-0.7307343984846925,-0.2287337961468006,1.9804775788597977,2.4120549351310405,0.33792564528082647,0.9069522353120147,-0.5319244435667209,-1.84303006439163,-0.7507106500357706,-0.7611682538804797
Bearing1_2,acc_00445.csv,-0.5748077379024665,-0.17671350291882193,0.3328997682829363,-0.4571832276494372,-0.4099567565948079,0.4323939373807235,-0.6001911151649892,-0.5993914502140358,0.8780265294343537,0.07202869143517854,1.9727901473809635,0.9293819606359075,-0.48279206215422543,0.2787997635821569,-0.6536195090847537,-0.23962643501386224,0.7585610617404636,0.2782866651310234,1.7243091894098215,0.1592720335005624,-0.37662647322395104,0.2940189996192828,-0.19448532280544514,-0.04940048215627522,0.47031859127035563,0.14064778642130962,-0.013886987420493858,-1.1864804646751868,-0.2809002186668558,0.8155951563377553,2.2038260023147123,-0.6448943838956563,1.646231612240132,0.8236059593916745,-1.777782512577428,-0.7357987513043937,-0.37897654693378147,1.1151340538386274,2.2788434584475614,-0.13132967165158743,1.2978203258409267,0.35516620947865735,-1.6758292479120849,-0.7656942376886046,-0.7611682538804797
Bearing1_2,acc_00446.csv,-0.5960123966660583,-0.18197492777461505,0.4388367964102703,-0.41041624182133224,-0.4942098968584124,0.3397582979243521,-0.47277144770633556,-0.6195756375646617,0.8034761613867565,0.4353190651707338,2.0974915452526854,1.5473578060198006,-0.35462631873996076,0.040844883460926046,-0.5623277538007093,-0.10543612749018828,0.5062337049318696,1.1497696316381936,1.6192407770268658,0.5194884658814252,-0.29995331975093076,0.05212492124247277,-0.20116978869829674,-0.09421765499638712,-0.16308683365444085,0.17562071413309718,-0.05565165577579506,-1.2928409580525946,-0.3819085265048382,1.34044062083179,2.3670136758611786,-0.27585126627776924,1.3249809795032936,0.3540447108582225,-1.8446198634537692,-0.7351711233609063,-0.39770598891641334,1.5207456515323106,2.48304964241836,0.36943570860795755,1.1066032223879612,-0.25332797397640505,-1.8907775175416237,-0.7606996771058275,-0.7611682538804797
Bearing1_2,acc_00447.csv,-0.5683309087296754,-0.22125881002394454,0.12551537319923556,-0.4916037292189225,-0.6582638199929688,0.4055030233148977,-0.4678553288541679,-0.7303657835572696,0.6857972899101447,0.3138227825704682,1.968865868106908,1.046908622328251,-0.48034157617275564,0.29965349172961503,-0.5957923206317762,-0.20282627080871155,0.5219361050195223,0.608507918096899,1.641363330075784,0.40730054921904557,-0.27926356517807227,0.230379501028999,-0.2540834851044575,-0.08783604479719301,0.43677837748665477,0.08872762501658546,-0.14722894573604786,-1.1013053202813217,-0.06432144448989432,0.6273344991567489,2.033408112976289,-0.39389659994612636,1.4315307109684676,0.9361827287036553,-1.7667286398132955,-0.7195164818744058,-0.14302935289959087,0.9032763743946746,2.18945390820233,0.3681951319769538,0.9999600861514306,0.4730426691124342,-1.8486906082536843,-0.7396188241820446,-0.7611682538804797
Bearing1_2,acc_00448.csv,-0.5467272445122373,-0.1471410032537687,-0.0543387305346181,-0.2957435925708189,-0.39778421671073005,0.36256010707770253,-0.15802488230827644,-0.5747058712236518,0.5444135202958064,-0.1371845659684319,1.4975715826117137,0.6536598566055751,-0.44264346862514825,0.11347635708581187,-0.38661325683863834,-0.2944361804490792,0.5432775305479536,0.37028727210793133,1.2055165016805314,0.06448938489522556,-0.307881241199927,0.16382547911256332,-0.25953599690492196,-0.20818138356635724,-0.006279111765831932,-0.3495894645870951,-0.3266819868232959,-1.3742973807141683,0.14051040532338938,1.676303807761544,2.841295343737377,-0.7041202451742105,0.7920991469208133,0.1414540733592189,-1.812627994721352,-0.7235865025630903,-0.005092448875926641,2.023976883471191,2.703335220935247,-0.04694160002077711,0.6125743748891131,-0.40097531428645133,-1.8323084526095323,-0.7509880562400566,-0.7611682538804797
Bearing1_2,acc_00449.csv,-0.5904783292250516,-0.02440615658467646,-0.17846725197958174,-0.2912539619313208,-0.024105258982175113,0.5529481919585987,-0.7527874288784439,-0.6597809226457673,0.7585733477562961,0.22948109358278218,3.192301842571028,1.9933786825954285,-0.32002515080305666,0.31763650639260144,-0.7892199149275355,-0.4547249514772873,0.6463856491335469,0.7935012843091968,2.3532900071037366,0.9048897466355326,-0.11524982238511651,0.28565860613631855,-0.03617033911548959,0.38035022932027085,-0.21459442175665258,0.7938866124035964,0.6477112497284414,-0.9178030214415368,-0.5854334036545111,0.41562398480867546,1.6857278486497353,-0.8087529550690488,2.1142110589337886,1.7256231397304749,-1.7916404168205664,-0.7282848540951383,-0.532335818987932,0.6527400557208526,1.9078521000577933,0.1422920845622237,0.9972611117672443,1.1851784184021934,-1.552644672117245,-0.7518855092133246,-0.7611682538804797
Bearing1_2,acc_00450.csv,-0.5899732303100454,-0.2365845298517113,0.09070137432952312,-0.5262112987317201,-0.693689298156222,0.3619847759499879,-0.42837013773923804,-0.5872298969524279,0.7802628398321463,0.13604797624361423,2.095652971319374,0.9269330745703347,-0.36614227962039814,0.05124208309262945,-0.6383600020519306,0.1318731778600205,0.6393472645209913,0.5893211629362908,1.6639847323776804,0.09464269918715675,-0.18795642460120035,0.058895659140461146,-0.29309932282714096,-0.19769037004961001,0.2135335164891717,-0.3363398091544356,-0.2711515577281256,-1.2717414849654112,-0.4019454303945929,1.3111941203915036,2.7228285650074566,-0.36761243979458624,1.1633031004927445,0.017280941748782527,-1.788898373393811,-0.7168743866977205,-0.395543938628342,1.7279547165805866,2.772962962201283,0.2793755910024045,0.695706832960058,-0.44004871593660283,-1.8263408736163704,-0.745390656024043,-0.7611682538804797
Bearing1_2,acc_00451.csv,-0.570013181321173,-0.21115371798862445,-0.005298870058974377,-0.5327586767476548,-0.4880363381055783,0.4020686835600614,-0.3393361091179293,-0.716936386581994,0.6370647655963778,0.170732411994943,1.4906456983505483,0.8461523935840093,-0.3666883576311672,0.23750204116405582,-0.47435157267914657,-0.656744063117943,0.696940674589636,0.4341283470129428,1.3981692247500555,0.28073083236243374,-0.28779243412135175,0.29135693576477384,-0.229905146680986,-0.20090762816803995,0.0984537030764,-0.37300746023551673,-0.27950275594850915,-1.3244854174420249,-0.2589174592536663,1.3478124172887695,2.782396550712007,-0.5122307844095779,1.123440198466736,0.18458315332462655,-1.8466372764051888,-0.7294893941032724,-0.26888567756119197,1.8406523360099265,2.833732342840058,0.3473948355305572,0.6611151868447881,-0.6353923394514417,-1.8897759328544677,-0.7507050606103266,-0.7611682538804797
Bearing1_2,acc_00452.csv,-0.527508590650593,-0.17017522355715337,0.6505243325193213,-0.3960120101862759,-0.22874918950715065,0.4501520387498908,-0.5895647612533399,-0.5752673993446166,0.7212572375781372,0.2828575440817147,1.7313670988062904,1.123515923651302,-0.4517699870977469,0.34848727165584664,-0.5823753742297217,-0.2364596935905548,0.3539749165784653,0.3049580516093222,1.881707931510508,0.23636625098342118,-0.19442397332968353,0.3346567927051925,-0.1584969397656983,-0.1597957554757708,-0.08108121922137569,0.00907562665978313,-0.10674283281662043,-1.270073046116716,-0.3119828890533855,1.0601535796195911,2.7762767756439732,-0.4497595098296325,1.3242383588063007,0.04756177903466468,-1.8413864701278781,-0.7127583893998897,-0.3592803534964198,1.3632277768075414,2.9556104601405324,0.387129336352623,0.7882110461935873,-0.6197217995708738,-1.8520824105314093,-0.7466819030177875,-0.7611682538804797
Bearing1_2,acc_00453.csv,-0.6050183247810602,-0.22687569737259616,0.0987117921091857,-0.5479111801559609,-0.5239362233482288,0.4793011246228901,-0.5641206151821768,-0.4727419151881705,0.571780769774556,0.1909339896672512,1.7939109487145959,1.1737928584701616,-0.4055144703464864,0.3652759648026602,-0.682041710747793,-0.17148598333912016,0.6173078933054783,0.48904403005466024,1.486712559953969,0.24608724135605325,-0.43415430935549626,0.36598709547671077,-0.33978019963250805,-0.19944151634732452,-0.11717763388738253,-0.35374924012990683,-0.2953450374779765,-1.2769840846019884,-0.14744124713719534,1.46017812942088,2.554581002426347,-0.6101040383788958,1.2515728871318466,0.1386906967898903,-1.77286573329897,-0.7182192888896853,-0.13810666118553602,1.6360060103596559,2.6599115483419373,0.05174498462857336,0.7599752946821096,-0.2256259411072236,-1.8124960487094885,-0.750736817501537,-0.7611682538804797
Bearing1_2,acc_00454.csv,-0.5574461436693434,-0.22519519258742945,0.15389111784094137,-0.5093751838336024,-0.527685309510139,0.46813875384888265,-0.36551981489878177,-0.5690215467849207,0.4132586769456079,0.15341150084231656,1.523205636422377,0.7443590791956186,-0.391863371728901,0.3407528285038436,-0.4195343826233395,-0.4225605853853692,0.328217067355271,0.44643744495881416,1.37234189100138,0.08484152482011267,-0.16426741835139022,0.2896724716618098,-0.2592765073210818,-0.20031709455833896,-0.022138283494277627,-0.3155409314403769,-0.2704509893547131,-1.2710018568829953,-0.29838731717996286,1.426655076129533,2.718514223611162,-0.4759859578853803,1.0602194223852002,0.1277975537286472,-1.7929021160047476,-0.7125244255456302,-0.10895758101012237,1.2722603329112356,2.821623185999454,-0.026198917860105357,0.7812401314708911,-0.10480037313327441,-1.8363277319209719,-0.7398188128445388,-0.7611682538804797
Bearing1_2,acc_00455.csv,-0.3448263884908169,3.806135178794174,-2.491813347814557,0.7578230641647297,3.3335057647884927,1.0116971966572619,-0.9680409029059825,-1.0348565956815994,0.3786257719741651,0.005370483102401486,4.063963659108171,4.398159845706678,-0.29600127606734467,0.8583335204968044,-1.0465955633228732,-1.125431302562776,0.5274265572511944,1.0948945839339572,2.5772478011480016,1.5671525892341105,-0.21899360927591657,0.8399456376995339,1.065273892861591,6.379350207168512,-3.586904418891965,4.060851071119254,5.59241932683797,-0.2703135714403466,-0.7964743668903576,-0.8853884381163292,0.6019371126177552,-1.2388337086792185,1.8985841469501015,5.070173430546432,-1.7046546226159371,-0.7367833126091888,-0.8593722757083664,-0.6853959052252696,0.015233055504915001,-0.6389467952900268,0.10887389654453726,7.880516679617806,-1.718636646180267,-0.786115912834694,-0.7611682538804797
Bearing1_2,acc_00456.csv,-0.588736978602595,-0.18565010539873653,0.08556282561490916,-0.48468221531636296,-0.3075131826536761,0.3924251666061772,-0.4477979398479406,-0.5958806714289243,0.6726904810651463,0.20237558281327817,1.888821578922434,0.9247829582646087,-0.4033161510985492,0.23054334378405306,-0.5332429627324901,-0.21628610277365476,0.5625744232625657,0.6234108414573426,1.5112391544668353,0.09863336201231744,-0.36958295940203134,0.21242415244246587,-0.31767644255705385,-0.2013944958689853,-0.16479094998672147,-0.37531844664819,-0.2528141569432342,-1.283373676988342,0.05906613910732936,1.365079499314358,2.3761980633835695,-0.5009067189009535,1.3357702333153674,0.13819420893247877,-1.7840186677972472,-0.7318738143135015,-0.07886185235844667,1.4868239471480755,2.40624242666861,0.5396523121111381,0.8614769709573636,-0.4332633708987647,-1.8377444883591616,-0.7491006504740813,-0.7611682538804797
Bearing1_2,acc_00457.csv,-0.25165730545546205,9.440295564590095,-4.3227036417960285,1.842817135376765,4.5899467559627185,1.0118034361160542,-0.8556217298892089,-1.052223467409862,0.19603103614360892,-0.2980608776814349,4.341551080693794,4.453621128569249,-0.2298940382839924,0.9093943388940285,-0.8813976776429014,-1.1103941990828727,0.15450647048817412,0.4008152948888421,2.7114253751780697,2.233469574102224,-0.002630279786684099,0.8363440402637002,1.4060940385723928,8.305717631936691,2.5654780193895412,5.8629582757218035,6.3712577348540576,-0.15105534280378388,-0.8288602308884618,-0.9449172127124388,0.27153899317894703,-1.3691404189225884,2.840793684182748,4.5542825344687365,-1.6897068421370702,-0.728785775222256,-0.8273794106953107,-0.8459345285995855,0.32848416406394726,-0.6254594445981134,2.3733074168446544,3.036794119103323,-0.9130809177597601,-0.7287240558229863,-0.7611682538804797
Bearing1_2,acc_00458.csv,-0.5782690542038804,-0.19678120173618815,-0.047464313167263024,-0.49253906893548455,-0.41001221175305547,0.3744644805065331,-0.4311577164672616,-0.6397667651195497,0.7624273358367185,0.17291437930559397,1.8230113932512246,1.3914153287528863,-0.4223034843985581,0.1575669967717991,-0.5547751958574102,-0.176672338821095,0.6421327061813149,0.6323084272950426,1.38764751043759,0.33573448438189424,-0.2947643351498798,0.14680430091574267,-0.1056706236217077,0.45695257171977605,-0.4638962608003114,0.7478209499109777,0.37008326046729473,-1.1109225053769878,0.033808416205326305,1.0392418136405355,2.009806469032482,-0.7922234396253168,1.4547697277638003,1.117132836830323,-1.7668628990708235,-0.7326513904147031,-0.1261552023634307,1.5952235013791423,1.676643174412886,-0.09496700137490392,0.7578227207886684,1.5345417465554732,-1.838412010799451,-0.7610988905325293,-0.7611682538804797
Bearing1_2,acc_00459.csv,-0.3056368596665221,3.663668878599149,-3.542141986809954,0.7692342087067876,4.112784832467017,0.9958098808722948,-1.0210276811632288,-0.9510010834109774,0.25953012499811906,-0.09695897278500269,4.952933819245513,4.451265804729187,-0.4098690391063079,0.9576539654206664,-1.0591116625675945,-1.03772920407963,0.12005889093497973,1.134965993515761,2.498228295293445,3.584169524242557,-0.35361215543744706,0.903613109203933,1.273432880046183,4.071310108308454,4.77670521527533,3.64009747825189,5.7842874211437225,-0.3077276794991749,-0.8219984686766177,-0.8443328257290584,0.352558006196706,-1.297262853705455,2.454608145287156,4.907845945603831,-1.7468354930125376,-0.7428614671448406,-0.862431585264952,-0.6034595422642731,1.062505995363895,-0.6102019036288346,0.956334543534887,5.439425711849809,-1.9008141567240704,-0.7546987362073597,-0.7611682538804797
Bearing1_2,acc_00460.csv,-0.2746679598593862,5.194240827925236,-3.8396916645241794,1.3102347007663058,4.298830830354336,0.9757661152425681,-0.9874394426406595,-0.9644736166850447,0.36331375765811236,-0.10000326537947105,3.7457531307291334,4.310395974286939,-0.33131577465005096,0.9737374126969851,-1.0096956156806072,-1.1090027528946007,0.3450513630027298,0.6718429960505283,2.4503462483570297,1.8664212984574784,0.03442648700350771,0.8772133892540614,1.3971700146509967,4.26828226604276,3.991043305571383,4.621034177551234,5.792405384163577,-0.26091324605497396,-0.8409725942292435,-0.9286332468073315,0.26327541456348025,-1.3319575804781927,3.3360563524575815,4.02240151049359,-1.7331467567187346,-0.7420921554225007,-0.8981382304438059,-0.7610619604699449,0.29023016044083794,-0.2247815870394513,3.607538280141793,1.6994951066041668,-1.1678561899472952,-0.7552390731103747,-0.7611682538804797
Bearing1_2,acc_00461.csv,-0.30994371884590677,5.90781192091979,-6.032380138837073,1.0717230730429703,3.6761440881025087,0.928028364427707,-0.8295172907589735,-0.958503977433678,0.3591061638526916,-0.29633505200931154,2.8517034884846924,2.9341043798481903,-0.44408356369527374,1.0392947688331178,-0.8655460814464696,-0.7534543769196919,0.06210632691294671,0.017001607202782727,2.921974544206473,0.17003986185396128,-0.23303885332051555,0.990213864428508,1.153760909829365,7.804585607735159,7.654493186262694,4.744748983509672,6.146332878738248,-0.266674417650014,-0.8072671852618256,-0.941641063644373,0.33746341372418376,-1.3321515017404788,3.269872038968446,3.985902146370074,-1.730494927085974,-0.7455444078473391,-0.872127280914134,-0.6608185999916584,0.8289244430802885,0.43489581705124386,3.796784808185676,-0.4268215699303798,-1.0904265493379568,-0.7422307315107495,-0.7611682538804797
Bearing1_2,acc_00462.csv,-0.4190705054698403,1.4206522053542832,-0.5623039009898129,0.37414671243095665,1.4280122508873836,0.7540892753100302,-0.6605182205018194,-0.7423457122956336,0.3285763814080473,-0.09938083368903838,2.451807991728976,1.7842317444678397,-0.060985124281135956,0.6448634609988549,-0.6998357366391229,-0.7033792044709933,0.15349012055574027,1.0612842731371785,1.0127304924165124,0.47361360792635715,-0.3837322093365984,0.7852255812613962,0.26538080091860333,3.1938396670541382,2.2480111620916126,2.3310007083529536,2.2121219254455418,-0.6272518147876184,-0.6851116558718622,0.11896422174806244,1.15987253431368,-1.0499807937191032,2.4931304281613627,2.371036592516284,-1.7149141737763909,-0.6966124501167116,-0.6999007208855318,0.11437974889046909,0.7990949195493313,-0.11711455516752768,0.7933056355948817,3.998476757729222,-1.575759392281605,-0.7367360938648481,-0.7611682538804797
Bearing1_2,acc_00463.csv,-0.5744217644653284,-0.13896135416703914,0.023758182660558423,-0.34120110279573684,-0.42054923419177687,0.5309007918538063,-0.688935100505863,-0.6441563734605379,0.8262462405555832,0.24299636540700495,2.4632737321166043,1.9757070712537845,-0.37814242611863197,0.29215403409405116,-0.7553742387179009,-0.4644791830446774,0.7889875384366418,0.9142261466126234,1.8806252353010953,0.7381931092894554,-0.3055710371200485,0.28576815358427193,-0.08647755754344087,0.20926294077401641,0.13352592621969014,0.6630847814462941,0.40199576026051037,-1.013697210909076,-0.5559011658493977,0.47006779910351065,2.210428703269658,-0.7433148008388252,1.733807513051133,1.2577031275712354,-1.7762146167442965,-0.7298159634166769,-0.526355217692195,0.806572426727744,2.5734147916125987,0.3489256939318429,1.3353219511559815,0.06139629473655006,-1.8842657155511688,-0.7586707136813298,-0.7611682538804797
Bearing1_2,acc_00464.csv,-0.3525967730220281,7.969530569258822,-8.05643030359279,1.1471114541978755,3.4209190023374214,0.8672679485943032,-0.8393351821961279,-0.9009557906242179,0.3742782610234712,-0.042654967654154746,3.95702176597786,4.230543624886893,-0.3237732823059715,0.6883658548783468,-0.8873101099659874,-0.8313260975482405,0.2902073585058942,-0.043783192120413435,4.038819794874445,1.834344298751049,-0.4318429238481706,0.7385689729298268,1.0896021083993528,8.053855606106287,6.123671087710379,4.998957488903721,5.657250550936226,-0.2497704086090112,-0.8283303526830276,-0.7914511980515574,0.5624849649436333,-1.3009686919274777,2.038313186456611,4.9710795486123525,-1.6893620362281856,-0.742406368972636,-0.8420195553652433,-0.43278926631220854,0.6933350990547742,0.18266561491042932,0.6628102891486073,4.635804447464862,-1.5353059087465821,-0.7880419256206243,-0.7611682538804797
Bearing1_2,acc_00465.csv,-0.5592717707597562,-0.17524883947167455,-0.09159335944650647,-0.4345480065086344,-0.4987124441581618,0.4945641489457852,-0.5545460628847305,-0.5980597204152126,0.6229720757402397,0.40032842574270155,1.5305118263368664,0.6321271558404092,-0.320702997772797,0.30867113819011954,-0.628204166949928,-0.3960426226720181,0.609108041399829,0.7503728726480491,1.2536456367104567,0.20543790888147245,-0.32534783752815216,0.36126293829249373,-0.25607559655369133,-0.2035489190833485,-0.02684972530657993,-0.36576636947580743,-0.2741172470179306,-1.30211876868499,-0.2460755753383872,1.1503280985752182,2.61862787263464,-0.5676625230961978,1.4942241656279394,0.10633675489580902,-1.8403566125693551,-0.713668533195781,-0.13268761573771432,1.5862681711220468,2.5794291598810095,0.5163642863810918,0.6965079223698631,-0.35494903510222786,-1.9259905679725036,-0.7430693452842302,-0.7611682538804797
Bearing1_2,acc_00466.csv,-0.2332164131403216,7.97478627343385,-6.920889025864794,1.3599947736874094,5.440992966413166,1.0310173245066911,-1.0186883347761542,-0.8902471545757159,0.11202214297351609,-0.05275857212991041,5.7298138305980775,4.792465503043197,-0.1365768036205182,0.8018648549388413,-1.0281787495470092,-0.962991353306497,0.0007648326215622084,0.8929173973740463,4.28580596316466,2.0017921026939125,-0.28476724438634227,0.8368814917445665,1.5643780665549025,7.834723160847898,5.286057265073711,6.035511927868068,7.318641087198291,-0.21701827753862024,-0.8118316847944639,-0.9735293941643143,0.15694011994477877,-1.2689971159176516,2.7416244453956655,4.921611314868719,-1.767418833741482,-0.7407908072924917,-0.8649658352927865,-0.7453503252575566,0.2128036058700586,0.7230028247971712,0.8797815795136562,4.9495643774427815,-1.6460896898921085,-0.7889022477163298,-0.7611682538804797
Bearing1_2,acc_00467.csv,-0.5442162408204887,0.12092200211008386,-0.42807786299442807,-0.07369394385897653,-0.0395059565413672,0.41452668800605763,-0.3957017391961865,-0.6888177123249243,0.5636081952173321,0.16546386829298834,2.5101633853582164,1.6640847380672026,-0.3492251223791699,0.16935453986105325,-0.5984324278738932,-0.11931860788263338,0.3752268001955451,0.7122977310384092,1.9437830536085063,0.6612341260613379,-0.26166877568801666,0.1881242031647258,0.040522286089618824,1.4397337317738692,2.1067308043165416,1.4340298487140688,1.1175967898513435,-0.8963821579304393,-0.44785239465673216,0.4181023656150749,1.3316799548483371,-0.8596665812456792,1.6879489189718,2.8116575102021306,-1.8220696017960603,-0.7299398085920245,-0.41306397913622916,0.7420531311920034,1.0366194608538233,0.1893425696258967,1.8531940211260296,1.5819877690155464,-1.7047502812105302,-0.770280902462831,-0.7611682538804797
Bearing1_2,acc_00468.csv,-0.5339543665337683,-0.14905803167540538,-0.1414603600730968,-0.376931079968409,-0.3831794327558809,0.4324466283000684,-0.4920033815085932,-0.6772005206041064,0.7579293569251426,0.18208493679670545,2.357686850104717,1.5582769595705206,-0.398918879654002,0.18334115486397237,-0.6120044378320855,-0.35427663269891196,0.7184094091467144,0.8274427290583752,1.5419476079443768,0.6710752495140723,-0.2655891912522704,0.1612628516148507,0.20302037981377616,1.5713085086768712,-0.6831823101090123,1.6107432764031446,1.6488856369356764,-0.9048388201503221,-0.6743935817277004,0.12493841596736018,1.5796521513676125,-1.0426753755275089,3.112995411097855,1.3343545984420557,-1.8313227306752986,-0.7474035109784705,-0.6972392850719416,0.6770824492053795,1.0945347115578044,0.3986261289801562,1.2623057879995068,2.586310400461837,-1.875810877025393,-0.7712398096793917,-0.7611682538804797
Bearing1_2,acc_00469.csv,-0.5523382676337181,-0.13698808452457623,0.03637205914382807,-0.3814207106079071,-0.2974523211060323,0.5682512199324564,-0.6437487883975873,-0.6043104908510595,0.498372382174366,0.28775652146840996,2.428152778970685,0.5458493648610836,-0.4238706561070306,0.4948832056569715,-0.7234582376739793,-0.2651066321372193,0.32051295223365256,1.2312244017902254,1.5732478856864573,0.011098888140177246,-0.2808116343553245,0.4270014684620552,-0.17870811188749208,-0.10620448410895521,0.12414995133276369,0.11907857990302649,-0.007022903152647728,-1.2734560092531721,-0.44386780177509166,1.027150214396281,2.5561321831117207,-0.2746921804858951,1.7203512605020599,-0.2192210100503281,-1.8232735447697317,-0.727171281236803,-0.5240205502804126,1.3579531411577035,2.269306620010455,0.4622842479990886,1.8733511835724013,-0.9638077320023297,-1.8505826214652406,-0.7106084263914442,-0.7611682538804797
Bearing1_2,acc_00470.csv,-0.5608886056272702,-0.10160288256539769,-0.12020368239692086,-0.2828359044822619,-0.20046339394761375,0.5240778950434395,-0.5511540643417402,-0.61879224272074,0.529627645556053,0.4442102592844659,2.4696546338024254,2.530408220380382,-0.23420051792996677,0.1944872039120236,-0.6716624404615715,-0.44941170729443536,0.5257244514787014,0.9959563652853963,1.8814650944220745,0.8703474035663925,-0.002247535611856829,0.19915480699833293,0.008418656928841934,0.5999281469453666,0.2297623753964642,0.9635130150938079,0.7790170316538665,-0.9121427454597654,-0.5513040320404763,0.43503845052110995,1.5429276187616552,-0.6440707084797311,2.206460135364252,1.5100765713309927,-1.7537927195670429,-0.7327037465285764,-0.5694777140300907,0.6894680594600664,1.5841627898503956,0.7898066176685586,1.350801381176368,0.4820185027169992,-1.5363123671352754,-0.7653210105323803,-0.7611682538804797
Bearing1_2,acc_00471.csv,-0.5133359378627396,0.7708479129112142,-1.8262682124967313,0.12029551335600286,0.33009904693277037,0.5695403913219698,-0.5255081256595439,-0.7048639257351653,0.4161780738319672,0.07489471174802302,2.4744499894253957,1.1852959784335975,-0.31791720551906283,0.4750721588213427,-0.6150742890812944,-0.4905015496791397,0.3633030597333299,0.5678469303229607,1.8248376650871747,0.06481836480631,-0.13543422161781507,0.43604406192428946,0.09742227608035749,1.6730387614507547,-0.8435406525966828,1.707034376931194,1.2431609108489525,-0.9481336818319938,-0.6354457410106709,0.48286084252793676,1.5152718683072899,-0.8461609512636912,3.2871424358676573,0.6100305089007266,-1.8019215241597906,-0.7442089889080862,-0.6529641102446793,0.5057646301576171,1.3158929500035796,0.6297861373059243,2.8495519814053507,-0.3336288908381524,-1.6204695916186187,-0.7654264693152747,-0.7611682538804797
Bearing1_2,acc_00472.csv,-0.5956222225250256,-0.16983578213007547,0.22906220140513944,-0.43997297686469466,-0.44141583079763197,0.40933324322149234,-0.5016877914162896,-0.47534895275076344,0.5668590163194166,0.37971024520735547,1.9324034345657364,1.432424057420406,-0.27066712955592914,0.17715679232651296,-0.5933044056996176,-0.3332780968499469,0.5563380015377699,0.9588785437736893,1.4929682220460625,0.43190398197124436,-0.15054538625744773,0.1781901627491766,-0.19902204885177893,-0.04416344629220904,-0.24595324919804934,0.2186050614088184,0.0663333174900193,-1.1681266111112178,-0.4390711266760768,1.1746128831642444,2.239513894532678,-0.6299484892827044,1.3527581509494655,1.0195559055646342,-1.8015112261687463,-0.7331156883651774,-0.4687484026299073,1.3107801410812912,2.2213878060586665,0.2143115435483123,1.1091345209446586,0.36850773727005987,-1.8322498450063704,-0.736769973516477,-0.7611682538804797
Bearing1_2,acc_00473.csv,-0.5818067253684469,-0.1356921997652456,0.29977149107964773,-0.4008757767123988,-0.09439265497870426,0.5003436636557661,-0.5931826583145404,-0.553692160304171,0.6140610549985879,0.3452302829871543,2.5291168188338267,1.188482754828635,-0.3069750513093374,0.25755722352393723,-0.5987486028150848,-0.48026664699490756,0.5464510928212516,1.1633949994374013,1.5057093844400802,0.36008363308887364,-0.2679000635512781,0.25999200953495405,-0.2245677818104048,-0.1562238271316127,-0.02556940328004279,0.03388021415580857,-0.1833607156951196,-1.289556536999372,-0.38347732888740416,1.3025337017370595,2.4131300158600753,-0.33884946580110126,1.7859651804883907,-0.29245345040040704,-1.8058103378869474,-0.7264823184515582,-0.2993847988090578,1.761023007714218,2.241172512661993,0.6672324510664791,1.4199454508610185,-0.8927856763399248,-1.9221181615575806,-0.7489606848603741,-0.7611682538804797
Bearing1_2,acc_00474.csv,-0.41358826866978676,1.3356602344946673,-2.39502848061713,0.27518777041868653,1.7572481261147022,0.7670985864376614,-0.8500440427462191,-0.8409248433237941,0.39385943211779223,0.0030663472141697727,5.099744439284569,3.4734869893809264,-0.35273601574366875,0.5791852493935438,-0.8844695378063193,-0.5930872196532787,0.24772392111034483,0.763959921524533,4.065931850341351,0.9725179749249591,-0.24193551798979981,0.4984637710662448,0.8792765044722551,2.242823830905287,2.8082543171322976,2.4097283121446873,3.7835702577649353,-0.46627424365459597,-0.7289805148681029,-0.6523106053926631,0.6638927517344752,-1.1807852160808865,2.5885569512435658,3.9091055156951207,-1.7334504491695881,-0.7457257388330468,-0.6941511806865363,-0.39254458550076954,0.4992505837358289,0.3209326753947355,2.8155415656491707,2.342490733292485,-1.72731751153917,-0.7755089768146606,-0.7611682538804797
Bearing1_2,acc_00475.csv,-0.4400948002984844,1.0204172851148319,-1.466905041317222,0.29819712744611426,0.8501922984617092,0.6314246716020642,-0.5214678784279106,-0.9531564699526058,0.6013807041268475,0.04901980511534006,2.989778890714894,3.2019872752582743,-0.3652100672979979,0.3238423422598132,-0.6517769865923181,-0.6930473565657029,0.46956688385517686,0.8430683127994621,2.4448379656535866,0.7628625153398741,-0.06986835331197627,0.3118218258010275,0.4668102624560113,2.2482484447310065,-2.1830704819616242,2.4080335887753934,2.4712329106521587,-0.673010715452113,-0.6481353250171941,-0.3429331645079335,1.4202345298087418,-1.029277900350334,1.2341358455729319,4.073629285728561,-1.769475118601669,-0.7394027511103908,-0.7390139914185341,-0.01676205571954584,0.7735365955502886,-0.04566240616113107,0.554331346057044,3.998780925610926,-1.3230185178784208,-0.7676998732544886,-0.7611682538804797
Bearing1_2,acc_00476.csv,-0.5396031729669737,-0.20088701356581815,0.262341091894409,-0.4955321560284833,-0.41745389032315877,0.3323280168666669,-0.2165044247012569,-0.6093257314891198,0.4060958178168234,0.002608471632981688,2.160086702702047,1.0146379856195127,-0.3470413548645123,0.14319074692484596,-0.31542531325922807,-0.17472977697270534,0.18766359197311414,0.5467521285053211,1.3933093792236573,0.5706598076667962,-0.27466976339256166,0.10480252768530174,-0.2721982982419856,-0.1970653902147872,0.031116898691073955,-0.3062969857896842,-0.2992411709630093,-1.2618421122709422,-0.213100461620926,1.1247221381744392,2.5393778535236367,-0.6501002834735711,1.3615754835735048,0.4546065681799652,-1.8074439657694823,-0.7258679319975809,-0.1718848109411671,1.5651735142268743,2.522022889565504,0.047686116072051275,1.0121987413422364,-0.15001490917505195,-1.8562151153794977,-0.7487833238947232,-0.7611682538804797
Bearing1_2,acc_00477.csv,-0.6010937445710539,-0.19892791751260686,-0.17359432186819124,-0.4800055167335524,-0.5245535094245687,0.49584498547319356,-0.6175451990920929,-0.40715243084730085,0.5063624005631533,0.42050442939101285,2.3438856791387126,1.6368723615624194,-0.27251664515195334,0.2495933354585608,-0.5905927168248405,-0.3115854499771847,0.320553722331143,1.049664674904573,1.9215118314177255,0.1438016502875091,-0.08455747256958415,0.2211521260148068,-0.2998595187053415,-0.19830248918699295,0.05105958617620975,-0.27425130753394933,-0.21536226070902445,-1.2161743232680067,-0.34486856329450943,1.3017354854352028,2.1437998388944095,-0.2686687594385256,1.6832086582951908,0.04040727126712613,-1.7769162355452037,-0.7181994604176718,-0.38016362448678126,1.2688386578729034,2.2008711872651383,0.8109453281732198,1.2913053537028738,-0.46731574480246246,-1.8755428095197764,-0.7441278286999855,-0.7611682538804797
Bearing1_2,acc_00478.csv,-0.5916232786241633,-0.21380640007675467,0.2455659841323162,-0.5290173178814065,-0.3889150352333859,0.389176324750629,-0.46439660699927326,-0.4396759025473846,0.5132468047677093,0.4917020310339365,1.9795784225141555,1.018089649646715,-0.29272144329494293,0.14477897542908114,-0.540529324729558,-0.2557649751250015,0.4627252069097597,1.0270160220660636,1.6936242055429735,0.24086969694169588,-0.1681782291232564,0.11599791583782952,-0.28712430752544704,-0.20828527988195247,-0.0028093917798420695,-0.3673070270842562,-0.36248954545365014,-1.22825758066258,-0.36881589174587637,1.4411787516213954,2.4206111726558794,-0.4790612432848406,1.5695525754944002,-0.03395622866803677,-1.786641542293452,-0.7143435286685051,-0.3333625876056468,1.715729798735835,2.2530871012493425,0.4997708660783627,1.1144634810384961,-0.548338804518117,-1.8069231421341239,-0.7337460949681452,-0.7611682538804797
Bearing1_2,acc_00479.csv,-0.5615312200835476,-0.22038142168493763,0.14326405917035961,-0.5179803092259737,-0.4835756241568501,0.5414680834637581,-0.5786021025598228,-0.7587831826826505,0.8166603527887198,-0.04460652722289455,1.6880797526793558,1.1759803234823685,-0.3560354402072565,0.42711472012930385,-0.6172346121903551,-0.45353632587070175,0.620683933627757,0.629205339815986,1.2042181062463313,0.14315822334952,-0.26297071279266127,0.3842845647334512,-0.2479426385027562,-0.18739565635307104,0.15940851216360288,-0.23280761786667686,-0.24022099190469182,-1.2425512409765118,-0.3074107909411949,1.1066725940043292,2.4644017724251523,-0.4955337610950096,1.5098653497980357,0.19487240993308755,-1.7800717627457212,-0.7200165090928955,-0.31524546859849417,1.2156900465033003,2.602661583701249,0.4492832959724743,1.1039948661972634,-0.47085791431851715,-1.8442576909265078,-0.7470469640238018,-0.7611682538804797
Bearing1_2,acc_00480.csv,-0.2982184269059111,4.759354153071905,-1.5596188983347288,1.087062644394589,3.765757792856763,1.0418328277972537,-0.826121478863193,-1.007040768386032,0.22439587218883494,-0.31277389207904593,2.6402282684424874,2.8632228581128123,-0.1797471202915771,1.0687226225747415,-0.8757690034793116,-0.7428883790840509,-0.2858877076564485,0.10745327591708352,1.9318856125748032,1.4515420047232215,-0.0695742884205997,1.120957867142859,1.1482774624512733,6.32977786152353,-3.0743499668575622,4.247732839024093,6.385016667423512,-0.28354831645897693,-0.8158293606237816,-0.7977838385874236,0.4195358624178809,-1.3446800114105968,2.418525299415093,4.977959304863974,-1.8180752576720252,-0.7276477559937718,-0.859363220514692,-0.6616759987145299,1.7122454992921734,-0.6817499334916416,1.894980509100028,2.622889083843916,-1.4474715462925662,-0.762693834719275,-0.7611682538804797
Bearing1_2,acc_00481.csv,-0.5647913444553581,-0.21844200934244315,0.3810583006780949,-0.48655289474948715,-0.5821376615537861,0.4338320987250134,-0.6318521172344999,-0.7389205716111394,1.1353871442309116,0.03283040372967384,1.539157728775301,0.8971387930723097,-0.4239220706217967,0.3011950661042827,-0.647590685380011,-0.3907105145657044,0.9528519531438611,0.3122440748274433,1.269015591716775,0.2800518263047219,-0.2893094836993778,0.2673389881460086,-0.27582930518787063,-0.20151748934181046,-0.10949816988560654,-0.4018177575135091,-0.25405806766857425,-1.2583986103276665,-0.5219302991453836,0.7661690012953108,3.278174119296442,-0.5588196193673806,0.9617066468038243,0.07566911952926043,-1.739834987447076,-0.7189472640918849,-0.4093788098763638,1.3217838918962057,3.0370650334635343,0.04530169369476749,0.5792311994164427,-0.16734592080381952,-1.7725116906232792,-0.7432690083746807,-0.7611682538804797
Bearing1_2,acc_00482.csv,-0.4151247222874475,2.027883635952854,-1.5730050599021637,0.6098523210046058,1.6107079327117324,0.7138075114176317,-0.8841329435696094,-0.7381864947355711,0.6195404063376875,0.1215519179974932,4.480295861093845,3.5819730914985537,-0.21245155310666952,0.37489207560430565,-0.8809707030666207,-0.9362143924390852,0.5815613840891029,1.3066175663360848,3.8402812832941637,0.8613661392995484,-0.039191808443485576,0.34917331638167265,0.9287558054664747,4.8149528019922245,-6.345171602560085,3.3313496935187525,4.386222947107215,-0.3830547441040769,-0.8064408460056339,-0.6937015403638866,0.8001714913694449,-1.209100947906349,1.9679847578828202,4.457361071597996,-1.6601253460686989,-0.745858844925319,-0.840585814294,-0.3807188558023344,0.4134222231154686,0.9628843397959013,1.7813258781515604,2.5765646066751615,-1.4787882726917394,-0.7749687550864199,-0.7611682538804797
Bearing1_2,acc_00483.csv,-0.6081789991175346,-0.21680601520338974,0.04217670727101746,-0.5359388317839661,-0.48278440477308693,0.3609934352973648,-0.38171131080740284,-0.6452636938544707,0.6631938067505505,0.10619977373823515,1.9741990292107539,0.8521122362636717,-0.3123090122530169,0.1107350756209163,-0.5287919710714802,-0.13671443584191814,0.5664080097092804,0.6170810218750012,1.4490679348195523,-0.0462366059986464,-0.12904358683079967,0.11274647846413148,-0.23052966783535814,-0.20393070876971212,-0.10536899715537033,-0.393036009145351,-0.2382073758370887,-1.3242460755403038,-0.26702065176415474,1.930642964010448,2.348327396962977,-0.5947258446554176,1.5022981272922333,-0.006493555907035265,-1.8176995483032496,-0.7319766661799858,-0.3436931848543253,1.9461474530588854,2.2991031200440286,0.46700618938477867,0.9806913897849179,-0.46398196767979416,-1.832224061984508,-0.7613185769633829,-0.7611682538804797
Bearing1_2,acc_00484.csv,-0.2562774681107423,6.2317068920938885,-5.056916775979908,1.3341793975102956,4.696838322092062,0.9206491246665466,-0.9624146828308515,-1.0124423192087484,0.34706635271444625,-0.05265599733967603,6.2821483719104885,4.090787558639442,-0.3356002317151058,0.6389380726316441,-1.040151967876146,-0.9664270033436283,0.16488701859593216,1.3265877758459113,2.6579948938800624,5.543259809122483,-0.48093542296155517,0.6509223565366198,1.627524068316161,7.770730436076308,2.702297135501575,5.639562922496729,7.633047248196543,-0.20961766065896165,-0.8763896197479754,-1.058944160977501,0.3456176399495376,-1.415735644700904,3.4042042556786893,4.178505557630639,-1.7859360926899548,-0.7526752207340166,-0.9219038789585788,-0.7386276060178757,1.7283961865586046,-0.3464676232838524,1.2193113957324977,4.356381593929006,-2.0625712214176395,-0.7749510019185482,-0.7611682538804797
Bearing1_2,acc_00485.csv,-0.555938713918391,-0.18828643194011369,0.011032913241708917,-0.42500754139970104,-0.4861827166688701,0.3892026761856044,-0.381051409570038,-0.4229342054075999,0.38637493840723325,0.2345402839239805,1.827300167168802,1.0098443679194034,-0.4044752704448117,0.24938534070287757,-0.5012877744753966,-0.07883391038157767,0.3141456186347011,0.6423906380627159,1.5505283921075865,-0.12152755376981886,-0.27861099098382885,0.22222149366473293,-0.28290671177015164,-0.20768767950502937,0.1410199304755734,-0.37593470969156945,-0.3299840092266398,-1.2466260564487404,-0.3900909651057382,1.1102091580763431,2.5165236799521375,-0.3828471921309523,1.6428004454303857,-0.10088156116252936,-1.791274645631624,-0.7237688424847736,-0.4115173861678657,1.5799313444421639,2.4352875937520646,0.4622112326820999,1.199258433798297,-0.4911585671735276,-1.8746107882972471,-0.7556697258382298,-0.7611682538804797
Bearing1_2,acc_00486.csv,-0.5964099085555019,-0.20618875357411726,0.005704226352735995,-0.5076915723437907,-0.5226219396589521,0.43463858851108106,-0.5006553770916837,-0.6156805852633683,0.6645484399242904,0.13161412060745495,1.9119508959678124,0.8759286799061973,-0.3709837571891979,0.3145404509390232,-0.605862118546143,-0.25174211622342363,0.40846330836752354,0.665669565306265,1.3503362234365486,0.4529176724773924,-0.271281599854309,0.3404717390034358,-0.2772990768830008,-0.2030888029028623,0.06396150090845,-0.3690017504535499,-0.23701665636741562,-1.2691406614294962,-0.055220192117405524,1.1500681748660928,2.723853828468888,-0.7449824958759675,1.2430813046950566,0.2983230745880763,-1.8045484534136635,-0.7207662122390835,-0.17605331675354927,1.2852926641133917,2.6175522798076525,0.5120117322053254,0.7307720800377095,-0.23046618290589566,-1.874436416756644,-0.7499917287947077,-0.7611682538804797
Bearing1_2,acc_00487.csv,-0.5675696526746299,-0.2316503639890423,-0.07646985523255602,-0.49328734070873426,-0.7153271153753968,0.4908984008811998,-0.5430007129920496,-0.703597717432764,0.6833950520039531,0.16265815519490176,1.6416623588233832,0.4866299436998056,-0.3587435551837437,0.38528976139816,-0.6582719627882964,-0.32407734262784804,0.5611492727259069,0.7958146193508407,1.148711395017153,-0.05770235190275281,-0.3034321031021317,0.40434173475815244,-0.3215731829905348,-0.20425487702673253,0.07021552147666864,-0.3508219906738541,-0.27677034650668964,-1.3006537656818762,-0.26835375672930883,1.181387726068161,3.0866513242619336,-0.6211694624907752,1.0367371269352506,-0.061045860609124834,-1.7908422536361164,-0.7106036085315489,-0.2960339450363929,1.5141965057861346,3.211025957282325,0.10167834020694438,0.7345465324827511,-0.8000524247661758,-1.8580714342152154,-0.7366699656952395,-0.7611682538804797
Bearing1_2,acc_00488.csv,-0.38283584550673405,3.2187621132439874,0.30388557896491625,0.8610845688731853,2.5767721366652103,0.7469764663888516,-0.6945847472917701,-0.8030871508131401,0.4222730851953649,-0.17230560165045908,3.771624555880826,4.958312656053027,-0.281781040694254,0.4628690990567629,-0.7805907407732902,-0.8262601772798234,0.6314785534458367,0.6362129364832461,2.346615337175764,2.1041305002947746,-0.3280950865826024,0.4571873023122171,1.259983611415092,7.803723653044313,-8.624432400422082,4.551858650931884,6.5468554346129535,-0.25594480840071315,-0.8446503925080978,-0.8332283090776362,0.30879460665005043,-1.3734813131762051,2.7054589298756473,4.784444199205935,-1.7486585730973934,-0.7490378528650262,-0.8586393520991401,-0.6308459394273597,0.37336343137164113,-0.93951655496259,3.9263508089409163,3.561444215541053,-1.9788441393327596,-0.7822515668924952,-0.7611682538804797
Bearing1_2,acc_00489.csv,-0.5733409461151832,-0.14549301552698013,-0.040209967564031876,-0.3668294110295385,-0.23818905827727813,0.5428039900816695,-0.6892390252780269,-0.42732718110193096,0.4432304006943638,0.29280982147917384,2.189474679749579,0.7322421725188822,-0.3916797809232721,0.4712072366831038,-0.6070378982342559,-0.6508704415926022,0.47567719753128807,0.8284105929238796,1.4928798484474373,-0.019353828732629755,-0.30960339526162617,0.49513867352221136,-0.27106321470431727,-0.2037917172050385,0.004704673290709782,-0.3605281336070816,-0.2812087237319612,-1.2964703088676994,-0.25902890197456263,1.7703239088432867,2.4142893893905355,-0.42056655099793283,1.3377548882766401,-0.037663203339548694,-1.8193137046379946,-0.7236870943781014,-0.34477169248316725,1.6516592330313675,2.4738911057889426,0.7239929935235774,0.8652248267144598,-0.6440162497724102,-1.865623339131427,-0.741746728196182,-0.7611682538804797
Bearing1_2,acc_00490.csv,-0.5184498944627416,0.6453390474824229,-0.1728849700711766,0.1752934886898544,0.659994538810822,0.5728310928901774,-0.712896127375996,-0.5064821066835213,0.5619642757317148,0.24109434508619032,2.142953607597351,1.236861797611745,-0.39154186691102894,0.5147668800333889,-0.7906790616823902,-0.5962220564834337,0.7322523619226277,0.7354757312331651,1.4278873231687939,0.3348545609407723,-0.2062231079030076,0.5053461555625799,0.1176750166077619,1.9334510997309338,-2.7948102709247507,1.574383756843753,1.6224314617012494,-0.8975836922407335,-0.4557464917037806,0.158545763572375,1.627066233274813,-0.9038624387252332,2.403426247988024,1.6747460293405279,-1.785395297710268,-0.7380813558159237,-0.5308713029977885,0.4527314810598633,2.2464124998692006,-0.00577758595035343,1.0327095887600481,1.0319189517724678,-1.5603654757841388,-0.7621392072804352,-0.7611682538804797
Bearing1_2,acc_00491.csv,-0.5702124285299386,-0.041184036654299566,-0.5344969486262977,-0.3054711256230647,-0.21431328100501212,0.5093471484314266,-0.635257370190146,-0.49503004598311245,0.5094737225664187,0.24012558459232525,2.7330434466718425,1.861425849766178,-0.3317830729080705,0.3337221777007207,-0.6814543170447676,-0.3462724252121358,0.46873974512251215,0.6326501992557475,2.432447520097353,0.14853734484072298,-0.2142024640936766,0.32159339816389676,-0.01440543831492528,1.1354904023539698,1.882981363729461,1.0918497938775924,0.9525783669512004,-0.899714282925303,-0.4610697621390891,0.3357642950432041,1.498063415399648,-0.9176176969050844,2.3230676377623505,1.8326070419381526,-1.7612859003556118,-0.7455199767047211,-0.2799554052227897,0.4026760824817166,1.2309097489812346,-0.09660094656410555,2.927047564857399,0.36284077900742245,-1.6188000052866232,-0.772995401699857,-0.7611682538804797
Bearing1_2,acc_00492.csv,-0.5777568628931262,-0.17065351262349734,0.041747188111426574,-0.41471880451751786,-0.39790536874952065,0.4836773936135706,-0.49833643600265354,-0.6222606704291799,0.590036487216533,0.15096288554903597,1.6668338554507356,0.8870209871975013,-0.3755052308714349,0.38932760540040934,-0.5507374014877954,-0.3851300637097735,0.4782858092812097,0.6918965000110133,1.070069318273497,0.16733695564098525,-0.3071245504295674,0.36805882964383335,-0.3052237240703214,-0.20040648120152169,0.09785432842160799,-0.4065937960997003,-0.22257822828415194,-1.228789448138201,-0.2194011638755813,1.1540697593982192,2.3408739076286613,-0.44701487163106174,1.4583541894928647,0.3527466078165891,-1.8321565303913447,-0.7086195129737198,-0.2111638831236814,1.6464168892063618,2.314768141206574,0.22034967341925119,1.3080318771623398,-0.4526472918100588,-1.875243624475725,-0.733388515717224,-0.7611682538804797
Bearing1_2,acc_00493.csv,-0.5880348898089588,-0.1908373468258011,0.06938499187973989,-0.49721576751829505,-0.4248906117805789,0.569621279064996,-0.7671038318583604,-0.4605948692776151,0.6084755318832139,0.23298647200879832,2.4739532220129377,1.1531252647886243,-0.33037994610646815,0.46561797453175147,-0.7856421256412086,-0.10379047577740241,0.3771088420303105,0.7539177800198336,1.8462923554461956,0.2646444503981868,-0.24190866430999194,0.4179634864516132,-0.2587559650232322,-0.2057553018153242,-0.02485838130061825,-0.38024855099522603,-0.3025379150892373,-1.2200112980176285,-0.3576675746954929,1.4633922245849365,2.303435272929356,-0.6098426686578857,1.5927845494156572,0.30818936544914927,-1.7981343847430817,-0.7257191024667755,-0.3426952560089127,1.7437029617389102,2.7543922259682434,0.09733194306521517,0.9174008119429007,-0.46849038399867227,-1.8301697395922574,-0.7582352405278503,-0.7611682538804797
Bearing1_2,acc_00494.csv,-0.3872032440449415,2.795272178511505,-1.4901859096994465,0.8184330777979539,2.157576166347703,0.9341022345617767,-0.7490603132977114,-0.9958934650541111,0.24930810608528953,-0.26223782684010377,3.2157843471430123,3.557805639788734,-0.29024919706991537,0.8515669324013502,-0.8442508151643369,-0.9649567808278708,-0.04075876314117639,0.5626882722877478,3.146672182198366,1.056991360467416,0.16433660038804895,0.7884937149374369,0.7944625114646625,5.80574023819997,-7.26590044139398,3.4676978918664707,4.230268993007879,-0.32761281466526276,-0.7643977349027635,-0.7367167715650753,0.7690890109435133,-1.2094849991479528,2.1397334886466717,4.281985250774101,-1.6830352751535227,-0.7266397798656744,-0.8243515879251445,-0.5585411506168547,0.4647930121185962,0.912571696058471,2.2389988096359223,1.701942659191446,-1.2714296759776595,-0.7613317978715396,-0.7611682538804797
Bearing1_2,acc_00495.csv,-0.5846753728893959,-0.1985562628170232,0.13785747919534924,-0.5106846594367893,-0.434717381081206,0.5528402174369058,-0.5176315946030653,-0.7679683323900185,0.5261926288749799,-0.08322306445210764,1.8407445319936797,1.1648342770855555,-0.36351922332136777,0.5075392777390566,-0.5775830190292618,-0.6176442936405053,0.5064738458990364,0.22328382656773463,1.31832994288712,0.2859918604232237,-0.16946671462862628,0.4986208415668308,-0.29972461123527255,-0.2040679573169835,-0.03951396691984566,-0.393036009145351,-0.31304169546410116,-1.301045106297761,-0.24085021667909076,1.442675551490916,2.7794859463574504,-0.5720734273841123,1.0826151188875743,0.13298546964430993,-1.817610722261697,-0.714081746499523,-0.23244559945054238,1.6796199757112984,2.9750630511515963,0.18740281838888248,0.47864326194225104,-0.3848699000763541,-1.8888054460195638,-0.7347336228857759,-0.7611682538804797
Bearing1_2,acc_00496.csv,-0.4514136229594951,1.6137032171016916,-2.7195475668575764,0.3719018971112077,0.8659726907956136,0.7191132445249978,-0.760964193644573,-0.8865697628870962,0.48983966715346033,0.13292741097619357,2.8147815967145773,3.5191528509344066,-0.3716413024841399,0.6703611722860205,-0.817684546758624,-0.6011734919588927,0.15806619343423484,0.5835073709016971,2.0312289257661327,2.685097648375721,-0.16708678347617584,0.5879040450626444,0.417440192948067,4.124326338870336,4.516698167268207,2.7884219523013996,2.744845171850666,-0.575329160375131,-0.5715072986162465,-0.40782344170507917,1.1641872122265138,-1.1514524444446967,1.6460424113519234,3.9928689366723114,-1.7311260138805766,-0.738415725082561,-0.6356899426766133,0.11072156323380751,2.099642103561478,-0.7769309777584961,1.3602858459311695,2.5772954343840535,-1.7604840388015042,-0.7698417472606015,-0.7611682538804797
Bearing1_2,acc_00497.csv,-0.5699438463796468,-0.22313050777101698,0.05792427354489358,-0.49702869957498264,-0.5669845759098121,0.4221328598420387,-0.38884716629633514,-0.493743688189519,0.5203129063064016,-0.05621689071614478,1.5232502886489652,1.4488800046230508,-0.3576093911530774,0.24008062005596076,-0.4546315958899686,-0.14910754280654126,0.3385396497206147,0.31729774476760275,1.2154145411742239,0.4701075895300029,-0.1713712340715613,0.21048117342977432,-0.22168345871922607,-0.14706381734078705,0.1912729951243633,0.020014295679769492,-0.22902403330882357,-1.2208610090804066,-0.3833075536434683,1.5454889927470303,2.1803379934059492,-0.7154250497955875,1.7111486998471421,0.4418669929763389,-1.7982500820680287,-0.7279606095279678,-0.3381833794927688,1.2950990908628706,2.2606587009021855,0.31571729191712905,1.3236911696251783,-0.08083363022290135,-1.845622225245483,-0.7551511884455868,-0.7611682538804797
Bearing1_2,acc_00498.csv,-0.5142721006026726,-0.18478236491495398,0.23524782372432898,-0.39881802933596217,-0.3306119998405601,0.5023318736662586,-0.43153747980864,-0.6716107254658391,0.5120840406252127,0.015377965296600985,1.8858040539319436,1.0402348002222606,-0.4112656969431635,0.35144384015051566,-0.5330416331641243,-0.35390629017467684,0.3173856343753622,0.3838120001087865,1.7522302335512852,0.16802621439959503,-0.3501099639953434,0.4084723872667851,-0.14312450505041968,-0.09358991689457218,0.14899456688531876,0.16375765054804153,-0.056256230764818164,-1.1734082701863713,0.01287612368044555,1.1042128878878716,2.0864782429051494,-0.746718802781355,1.7286195605682404,0.6620349731494981,-1.825788355908906,-0.7230340693676911,-0.1976933506873522,1.287304061985464,2.288469023757844,0.27734382296734306,1.171326003161837,0.03929538848598742,-1.8853786531614012,-0.7460255588662146,-0.7611682538804797
Bearing1_2,acc_00499.csv,-0.6009910601667772,-0.17914290988593318,-0.1998336928263566,-0.4627952659488098,-0.4887961163163698,0.5167315784012337,-0.5629142958990098,-0.5833720316268907,0.44857125052993857,0.060406341603663045,2.1813272680719646,1.8416710798810705,-0.3112455947516154,0.3250133367350637,-0.6253573802297087,-0.4242810012777356,0.3902579571183059,0.5885712986613116,1.7358840757358256,0.7041695006190954,-0.1834947321921042,0.3724406341113799,-0.3204444929662893,-0.20100456631664324,-0.0922844871050955,-0.3686936189318601,-0.23496118817924472,-1.1681015990513712,-0.35141496317652415,1.2002389779694635,2.448414020303103,-0.5840181095508801,1.233316573566473,0.581023094335896,-1.749973196283884,-0.7199879084468945,-0.4373037013689255,1.4096580296091037,2.329914477557403,0.030738788404724424,0.909554480581264,0.31465422230379003,-1.7417953764338103,-0.7172132953125305,-0.7611682538804797
Bearing1_2,acc_00500.csv,-0.5912048620458964,-0.21838196772758628,0.15043920958626952,-0.5303267934845933,-0.5319799161902857,0.40668283289528523,-0.4347080766008176,-0.7572479196356917,0.8110321418557135,0.05604412139905345,2.020288923557524,0.8779574610982541,-0.41342895782434835,0.23089841362869695,-0.5208736561333367,-0.37189502046015777,0.6668415677309708,0.6256971725833804,1.3027767037073645,0.1500759944068175,-0.298736796464899,0.21489571291960866,-0.25505604693923944,-0.206075139179322,0.0352387574061867,-0.3543655031732864,-0.3339326050175661,-1.2991849080862012,-0.26568011606648007,1.2197831359249913,2.6181962071570597,-0.6460666582499673,1.788449699929894,-0.23303478404750164,-1.8113952922541887,-0.722973841085857,-0.33694425797824984,1.8374000392678533,2.3967440133449784,0.4720104882914842,1.143661937735555,-0.6483369886543799,-1.8981982908010888,-0.7461113872959391,-0.7611682538804797
Bearing1_2,acc_00501.csv,-0.5500630496582803,-0.15858822309651405,0.15295491328937624,-0.36046910095691614,-0.4355647794809413,0.513987111823718,-0.5299230595162967,-0.6428697792832065,0.5830171825866042,0.019774719896642045,1.6661081241739097,0.8459787138131543,-0.30515139516897494,0.4336289554264075,-0.6542852683248029,-0.3945783119103592,0.5193039518711675,0.3627691542502436,1.150778085826963,0.2705499172432084,-0.0753397586670979,0.4382143805050046,-0.22594750814787662,-0.16037939073838,0.16069093254561775,-0.014958632032018075,-0.18237966230968275,-1.2080880608858988,-0.37380031891804205,1.2498842507342642,2.551394654944594,-0.6994723474153348,1.3129471631291767,0.5494027536681603,-1.8049515040443729,-0.7134278267064398,-0.36762084906524417,1.8294969178826601,2.3471588501053735,0.024131376886074203,0.893273034463212,0.025733152609210153,-1.769260158389709,-0.7394352835429199,-0.7611682538804797
Bearing1_2,acc_00502.csv,-0.5223373085715952,-0.1461181240697354,-0.0028881892657776427,-0.3647716636531018,-0.291822809051088,0.5350242053261517,-0.5664807865683392,-0.6111544202339763,0.5099003209619127,-0.14040945769540764,2.7072232237084832,1.7477750955944695,-0.40865975270247384,0.44392425084552467,-0.6416163217622043,-0.46472502294014206,0.3928224321890572,0.48455435971092603,1.8748992960677444,0.6327217979846855,-0.24408957338782242,0.43643611615405487,0.03276275964224983,1.2581704093803872,-1.379017988854169,1.2123292188582877,1.0694456061221618,-0.9204022649485344,-0.6008738160586271,0.5261921530829832,1.5042876241493084,-1.0316098742441435,2.726399329677501,1.500733713967083,-1.8021148500045021,-0.7416656827291189,-0.6353891767830036,0.8464822226987667,1.4301291253567658,0.31131524306275676,2.058593163839009,0.720197587259472,-1.714345228383072,-0.7705205224054716,-0.7611682538804797
Bearing1_2,acc_00503.csv,-0.5608903830200324,-0.2028793338861482,0.025636676399228935,-0.5187285809992234,-0.40680505499739045,0.5783894078444812,-0.5538077469596295,-0.7268072604686567,0.6017997738141797,0.010071257016817742,1.9454887296545638,1.2199968736096338,-0.3415071917233605,0.4295919650172372,-0.5827048580989782,-0.5997182293387981,0.5211459503183123,0.2967110718641257,1.4409423217448507,0.3350840091359491,-0.3581163030905014,0.5154237284769908,-0.2962049675608201,-0.20640691364264255,-0.10888696862420062,-0.3874896417549354,-0.31362654386960664,-1.2612046469393114,-0.2434501492512625,1.0154043315042365,3.0523212289832897,-0.60246531736506,0.910370410715767,0.27969094541329664,-1.8011454125433422,-0.7217443842644415,-0.22411888737143046,1.811512329246081,2.5374787730137642,0.1404396445107414,0.6637387645163791,-0.0774570263626703,-1.8364939162612262,-0.7463811983465868,-0.7611682538804797
Bearing1_2,acc_00504.csv,-0.5754708294602474,-0.1989967923816877,0.09677680673623816,-0.458866839139249,-0.41191128586890546,0.5763893476319627,-0.6643647637604034,-0.7074743582827396,0.5856473432148978,0.19724249866059354,1.769863095168131,1.0902233860494976,-0.32984385585185294,0.48768880652095076,-0.7473330619545696,-0.4558801316558794,0.4661297630777387,0.7781845161774253,1.27783699310054,0.2936413367056795,-0.23075639090490685,0.5502500138526127,-0.2990492017331396,-0.20108691252131117,0.01783248850584122,-0.3233982852434657,-0.2990230376076157,-1.2167005913204867,-0.1720199142173008,1.1621832897525246,2.480046894543102,-0.5172210975154266,1.2101411095079457,0.3941038413522368,-1.7611254222245176,-0.71878514069621,-0.13695622534226512,1.4359732515352972,2.540710633355503,0.358011346773923,0.7064896594144535,-0.17405992214927465,-1.8200747450790573,-0.7483306044119852,-0.7611682538804797
Bearing1_2,acc_00505.csv,-0.5290775506396485,0.24991373341554982,0.04473898097426113,0.0952284089521387,0.10102491203738083,0.5288640254496207,-0.4596216373723008,-0.8463359518144804,0.4798204393229248,0.13448291150641556,3.2100544548920795,2.4892306337715944,-0.37371398682401497,0.2968622224380533,-0.5924886869543141,-0.5954653744306417,0.3270948052196756,0.7833687630913135,2.0082360309200484,1.484877460051885,-0.1355797084095217,0.2995159153787557,0.17915413479330428,1.6820060477433079,-1.3033845525407193,1.621373813901441,1.3656471764708435,-0.7767136517027883,-0.5288774723719906,0.10803387327212008,1.5648714316999552,-1.0001778454227066,1.9740179343772748,2.444172636815032,-1.7574867910922287,-0.7328005964334546,-0.6451007746097426,0.6807764195965297,1.9164439212702018,0.19173794496304294,1.3049341554616969,0.5646728117500729,-1.4176700481595856,-0.7547022110098863,-0.7611682538804797
Bearing1_2,acc_00506.csv,-0.5506975337877897,-0.22787381673884777,0.1014348418057782,-0.4908554574456728,-0.6117680123232174,0.43741539783452166,-0.3874759032365208,-0.6674950593752398,0.7246419230341719,-0.1419446943647273,1.3982870862583199,0.6724131529594717,-0.2765633688826104,0.2728122545701891,-0.46467804233700466,-0.3342816453923315,0.6245615902221947,0.12057343129637058,1.0034383040587103,0.20202468716765426,-0.2401244125637393,0.26651808960565115,-0.27051453482938104,-0.21097065859245104,-0.03430452487194702,-0.4025880863177335,-0.4322943354349693,-1.2321018414491332,-0.4026693097459207,1.4434718124547747,3.1025089153357306,-0.6669265916707174,0.7912816296040087,0.06475306786283357,-1.728949002605225,-0.711419662053056,-0.31647178066394044,1.8738823627658567,2.9648253752455442,0.06427538659016477,0.3521806260810175,-0.5276163732149545,-1.7141004619393334,-0.7268251362696883,-0.7611682538804797
Bearing1_2,acc_00507.csv,-0.5825464420303257,-0.08672062683057137,-0.07264177277266184,-0.3484967525849213,0.009518708440121539,0.6141961756115359,-0.6473973359999952,-0.6341973052922689,0.4227503951910744,0.17237114854876978,1.6818723322545568,1.1697296719803798,-0.2604195263122821,0.6212455805353431,-0.7412999674796998,-0.4905659989508616,0.37642747696014794,0.47639806093646975,1.4297396375529403,0.47216414915220534,-0.1353241945520076,0.6011087268213715,-0.27886685433076275,-0.20293554605592362,0.10936394097252337,-0.2993640265516646,-0.3325684244838937,-1.234128083559332,-0.3694152965355632,1.1581113606840086,2.5964066146697555,-0.5201892205927364,1.2894716985626935,0.2724054545549161,-1.7521272982918767,-0.7250575957802023,-0.25024830320046093,1.0429522087118779,2.751830742188657,0.5420538973765788,0.8509956626323489,-0.4844988430309888,-1.8105185817094744,-0.7442043983711436,-0.7611682538804797
Bearing1_2,acc_00508.csv,-0.32773734876193256,7.210842638615537,-5.2105622389448,1.3768308885855272,3.651892765946486,0.9995918626863286,-0.9775829670435159,-0.9185385356471436,0.30455558270800526,-0.10822407649437307,3.820018162720454,3.826771067042161,-0.04759797448865939,0.8806414001215883,-0.9564841024802841,-0.8487141780046861,-0.05196242103454168,0.9352690849144721,2.158379789594692,2.35084805969682,0.6513279770908114,0.6516311350262,1.1295008045776525,7.634854661881146,7.8248236350320886,4.835185585125616,5.725641355957947,-0.24371040170313174,-0.8267035386297843,-0.8171321923335849,0.2680714554089426,-1.355977399975665,2.8867165672766446,4.504222265171903,-1.7330589299717374,-0.7367601296935696,-0.8639632988478652,-0.7057137376149311,-0.058856929760043,-0.5487182503240134,0.7191349675097336,7.120421865947019,-1.762166236170765,-0.7457216798239971,-0.7611682538804797
Bearing1_2,acc_00509.csv,-0.36142086693431863,3.688526280025174,-2.9624130466776286,0.9134635930006632,3.0315928338561102,0.7142987663898761,-0.8601467989756953,-0.8381556498374666,0.6187172567329908,0.2228757277797395,4.323533363923159,3.0419325523037206,-0.007013391010874515,0.3470377402824965,-0.8517560657362568,-0.6647377074204622,0.5333265659596899,1.540861423963048,1.9744649092675788,1.898463649950587,-0.20499918492149677,0.3605230543556972,1.4115291635172542,5.746137586384232,-0.12714196033173777,5.063819174219416,6.88846868366049,-0.22325370081082788,-0.8214229401432164,-1.0685993604038413,0.3107185516937947,-1.3702473865832683,3.494146276467711,3.7882468531379963,-1.673723017071985,-0.7491486358630053,-0.8719126857416554,-0.9164174989463726,-0.023340316864933864,0.15305965329673576,4.481789373968937,2.55907676433646,-2.053162120101801,-0.7772337239371158,-0.7611682538804797
Bearing1_2,acc_00510.csv,-0.09663349989795568,5.553250477814651,-3.5083273619691675,1.445484823781185,6.35063743376231,0.9929333105232159,-1.0641485910184116,-1.067110483672138,0.5019905370568892,-0.16949714687065343,6.343280012859734,3.091921481048927,-0.1287384175820357,0.6963034278443284,-1.1441322013181652,0.10649912887546799,0.34638201812088504,1.065481613567999,4.767461780777962,0.4997884850612983,-0.2607671873621145,0.3140289671179773,2.2098113368781704,4.683593136777858,-4.465291627162005,5.4688580594806036,8.279000108111124,-0.24078460405877544,-0.8719955474513795,-1.1155705251762345,0.38401216470870486,-1.3921387527354012,4.253606017172922,2.917289879563905,-1.71389293325693,-0.7522535746097214,-0.8710667576498433,-1.0161647737765387,-0.393803260647608,1.6059951264176178,3.704267377961211,1.5280494665482134,-1.67888363989222,-0.7359702276908682,-0.7611682538804797
Bearing1_2,acc_00511.csv,-0.5488181944649753,-0.17490299971826026,0.2243872476234925,-0.44016004480800697,-0.31655312472641617,0.5074613803367392,-0.4154255467822319,-0.7184377632541165,0.43272879450192453,0.07764862793993746,1.71233062017891,0.528033837839299,-0.28771758753077736,0.44943495793326793,-0.5149596283533674,-0.5950250616948392,0.39651351049863615,0.4495527089331059,1.3188979003109742,0.15109423013272977,-0.24441774411699957,0.46651844365510514,-0.2656734353603016,-0.20343519239619695,-0.026977036940873063,-0.3693098819752396,-0.23848165043594918,-1.3283212991482307,0.532853574071862,1.3341019509077927,2.619531165679894,-0.6421390194076944,1.1105596206687,-0.0426533247709942,-1.807217165345145,-0.7295922808478829,0.2052398187524109,1.4077824504653387,2.512534299318102,0.5001895741628662,0.5357700069064938,-0.36817986014896287,-1.815878890270147,-0.7501726578343334,-0.7611682538804797
Bearing1_2,acc_00512.csv,-0.5575754615659956,-0.038907217138757284,0.352289696246575,-0.21941987169935157,0.0016680412093241484,0.5297094686192156,-0.6893711189635444,-0.6973327714987733,0.5953700327395837,0.32218186271875265,3.721098146446962,1.3607595194957596,-0.37110009367222424,0.347165338287697,-0.7369435077715929,-0.5122713913200369,0.47960769651558854,0.9635453137026849,2.8639309709983234,0.40080378695637336,-0.31009247016779046,0.34984681871372064,-0.024209917495635336,0.9248187270738213,-0.7202127973999946,1.114805592243479,0.7894728108542396,-0.9243413518367154,-0.6360735374390121,0.3026878123387531,1.8970017945697977,-0.774912005445606,2.1662810941852895,1.441884093222346,-1.7932467898956959,-0.7335946881984327,-0.6265896312337883,0.4323161032928434,1.8413187077176718,-0.07639816325194522,2.831757236490379,0.05579833249754229,-1.766752489862907,-0.7608818601007485,-0.7611682538804797
Bearing1_2,acc_00513.csv,-0.5523125250572272,-0.20163493299968727,0.396812539282689,-0.49440974836860874,-0.3780285289053771,0.4860518585859084,-0.4335021107619516,-0.7569520299135357,0.6943677837963321,-0.05873070155776843,1.7996622322130835,0.9728887827827369,-0.44335584911765236,0.37419227577311664,-0.5160601325147494,-0.2894172139816591,0.38907766211852374,0.3751442518762016,1.3870048988889485,0.03928740436435347,-0.20323916385935203,0.33166009194258916,-0.2803771588818425,-0.206956498507996,-0.030209588338295613,-0.37223713143129233,-0.33409619060267237,-1.271252998894449,0.24777333865701953,1.3767440774991058,2.6611172968043664,-0.8141351666165207,1.3627350863248036,-0.1127268374676579,-1.7916326943650562,-0.7096542647818521,-0.0912354964776375,1.1839025401636083,3.04342445734219,-0.05839017817633712,0.9666030361800013,-0.599804184165539,-1.826416506689286,-0.7338579604831942,-0.7611682538804797
Bearing1_2,acc_00514.csv,-0.5994792660543666,-0.15157880471782167,0.5543894224317764,-0.33278304534667796,-0.48009422589768097,0.6221615669946747,-0.6568422296306609,-0.5591270250156088,0.3833805171178463,0.2947000541936672,2.200655237704062,1.3709762408710056,-0.08687185169065205,0.44333757631689885,-0.6787862082197229,-0.4213447080495156,0.2357654094417126,0.7453608936650985,1.81956565595642,0.2248866037332293,0.2526216742655874,0.37137611284790506,-0.2568359879577365,-0.15070278654269462,-0.017551462591484025,-0.12573191407948595,-0.026017613415527382,-1.131264759893867,-0.21327027353903247,0.9411448267480794,2.0425991392808474,-0.555540891587802,1.821483140873911,0.5189684480566253,-1.7870812742118574,-0.7033260790376458,-0.21245540696592166,1.451076887579972,1.848485399485297,0.198990178085838,1.5762633395432062,-0.12305737392408958,-1.7537889867420253,-0.7318364319335543,-0.7611682538804797
Bearing1_2,acc_00515.csv,-0.5325735361129507,-0.19833715885328485,0.0030722872456052613,-0.45175825729337704,-0.4449478252268765,0.4253847716761628,-0.19318664826991896,-0.6447088084398271,0.3094130828904709,-0.15833941422453982,1.736428432789479,1.0714808476435504,-0.40604526822253306,0.29910394956500663,-0.2663886226125276,-0.5390555652726629,0.26581577154871316,0.11689264482629169,1.3862636669623782,0.17141699437569197,-0.2512320089985391,0.28777056141488433,-0.2923985971205791,-0.2053105316159532,-0.07952701941093417,-0.3904168912109881,-0.3179166996532988,-1.2337111722622165,-0.20512494261966355,1.353154132476713,2.2917218172562173,-0.5725158904543026,1.6862516651681705,0.08092899168009499,-1.7903132014531042,-0.7148923629559256,-0.21486737700897304,1.5881726993799958,2.387057388669901,0.28214384781440505,1.2168005022194057,-0.5921706528785347,-1.7955002639457969,-0.7436884695879895,-0.7611682538804797
Bearing1_2,acc_00516.csv,-0.5889638220030228,-0.20734194050301796,0.19021934712148203,-0.4889847780125486,-0.44210471636200604,0.5785535466077235,-0.6322507590249031,-0.8030159873918539,0.7118768617152373,0.24117268771522327,1.7887622586445941,0.9286964028842409,-0.2949650249585216,0.46057327874045506,-0.648068523453308,-0.7682902249200576,0.678703973504063,0.5231484418907795,1.6967525266052208,0.3868841208761641,-0.12688283989735946,0.4337477760822565,-0.3205506860827653,-0.20034977135584367,-0.0884312061479354,-0.36607450099749717,-0.2795789310701617,-1.2076684568284008,-0.41122413860995405,1.4948708234959551,2.502855435657884,-0.5394201778515115,1.1137660136071426,0.40190057309759475,-1.7453983916842009,-0.7146891716067293,-0.33441419928177685,1.335358218391463,2.658250666061252,0.29896539783565357,0.7453125724127775,-0.2710778929006214,-1.7619789210563848,-0.7220334578204254,-0.7611682538804797
Bearing1_2,acc_00517.csv,-0.5624515663689125,-0.2245383207736806,0.3084180485858831,-0.5009571263845435,-0.6017315190494036,0.4893077876964009,-0.49435586646341834,-0.670969661839787,0.7631337922948178,-0.03071701139778639,1.5465097605238445,0.8257829512114927,-0.3282381178039359,0.27440617630047887,-0.6072509777654702,-0.3580375621208967,0.776300516641526,0.30334047521140567,1.0949928210656548,0.2041989809994672,-0.21037175394569474,0.3021806858836565,-0.23073139527846115,-0.19842057781272632,0.008638021078076397,-0.3121514847017896,-0.24719159244626568,-1.2651787379546329,0.16729338706441663,1.1808282617055363,2.5878994540926725,-0.6617666909024559,1.34558174657918,0.00445713774716659,-1.7805945287384246,-0.7120101328112868,-0.12170373806971219,1.6902907574102024,2.5196836644598446,0.23639002973528028,0.9192506308560253,-0.5019509699490282,-1.8214452977281534,-0.7416622640625142,-0.7611682538804797
Bearing1_2,acc_00518.csv,-0.5592495825647587,-0.18236252119152838,-0.027541084342108686,-0.4323031911888854,-0.4987378338680076,0.4968151561078026,-0.3988478103611566,-0.8034035513694607,0.48792341262546224,0.1280431087529183,1.935473969650585,1.1524579090212168,-0.31142641110809693,0.3816830954714456,-0.4968563437894833,-0.5842467828978861,0.4062088006562815,0.6287629764493852,1.3208876845311601,0.39861492285803485,-0.2294721062032428,0.37680297500064425,-0.1117007117822811,0.812841800422217,0.8510013761607836,1.028682831931192,0.6583514475090535,-0.9662490385190922,-0.46777873206720166,0.31091063578369027,1.7789416291638243,-0.7485377366441122,2.0955656478702,1.513300783716188,-1.7845845483996483,-0.7294591862877895,-0.38303531607083974,0.6984320520185404,1.4758739466299997,0.084609258764556,2.146177963784597,0.4280019930243437,-1.5838694897044863,-0.7559186707248966,-0.7611682538804797
Bearing1_2,acc_00519.csv,-0.5712391330142503,-0.21327217816900693,0.19177528117077625,-0.5183544451125985,-0.5225892701688254,0.5061201212124307,-0.4782340064107396,-0.7337912845179174,0.5843294630359971,-0.018091412645834786,1.5942024038228748,0.7815977332269289,-0.3654933676384006,0.46675193135168,-0.5099106856068709,-0.6006445403828886,0.44799647239492174,0.4210208026887038,0.9643693614527733,0.45303873000932054,-0.24700264792511256,0.4607892291724218,-0.34137694176221883,-0.20512553935075958,-0.03900782905674321,-0.35760088415102886,-0.335239632278919,-1.2588317353792338,-0.24592531347712754,1.4777185360625713,2.634309267632233,-0.5201893728612869,0.9691140661188067,0.27297268764811183,-1.756811469894971,-0.7125221422244473,-0.2924488336722521,1.6084036975912297,2.645034848689097,0.11916288299404912,0.6985181494212537,-0.2549111597417599,-1.7259871971872394,-0.7408431387140563,-0.7611682538804797
Bearing1_2,acc_00520.csv,-0.5369166287589007,-0.16070085389578528,0.27255188044068956,-0.4182730954404538,-0.22444901785865007,0.6729632533888246,-0.6538853503174097,-0.7744076298270111,0.4065036937800846,-0.07602383908453154,1.819600637729573,0.8829243657780805,-0.36460177757928897,0.8060184472067897,-0.7236432491908561,-0.7316769870138343,0.28437729336830886,0.39896185446489485,1.1969726758914516,0.25353294913612456,-0.24580108865073286,0.8366225922532332,-0.3090984285734698,-0.20366494181879533,-0.16251494900883712,-0.3913412857760573,-0.30872778408151075,-1.1751822968808896,-0.20081168111368577,1.3908075845862493,2.4259196318483482,-0.6809393543633874,1.355037794900206,0.32942234711831425,-1.754845748114664,-0.7134682695469947,-0.23778543913038275,1.7311325770911756,2.5155048016024013,-0.004509625770392222,0.9818240232310815,-0.3121845971014703,-1.7877138621872641,-0.7327688300375003,-0.7611682538804797
Bearing1_2,acc_00521.csv,-0.4621657515783412,3.999794544094334,-5.0637925088956015,0.6874855174792599,2.0894939451563364,0.7263891931683993,-0.7889009975858905,-0.8357831623243565,0.4930566225245427,0.1574338217911457,3.6598616237660497,2.9413714862140483,-0.26006587873098863,0.5054830690459259,-0.8389931396996556,-0.8689015722432526,0.5032118954147639,0.3421301939861775,4.313301651626571,0.5347528317478357,-0.1973398501663576,0.5171064616424118,0.73388695052105,6.4599000941996945,4.901323656782284,4.014631342865791,4.344766837843972,-0.46274953672691294,-0.7704439613415026,-0.508370174744681,1.11539614164238,-1.2327764122351814,1.6812256343669023,4.346135563890811,-1.732018278436211,-0.7374221081838914,-0.7723679210165253,-0.093481036868577,1.703835655639977,-0.4133243488187615,2.280825780911954,1.148193302762517,-1.4291739960586602,-0.7306703655943657,-0.7611682538804797
Bearing1_2,acc_00522.csv,-0.32732549448748544,5.547925957490676,-6.259349307673988,0.9205721748465351,3.9833258798186333,0.935303182568246,-0.9018698441330016,-1.0956817460077561,0.3130202671393717,0.036614504999783026,5.1003265805559925,4.813694443165395,-0.33894411279477366,0.7608411917951319,-0.992410112733038,-1.1119624453002916,0.17065548814292034,0.8817991408457437,2.9055098982918195,4.930733673260216,-0.3952513459967979,0.7412076585664014,1.214394587804388,6.049917799595954,5.61253482976202,4.30227211836318,5.812141398163706,-0.30026137136262177,-0.733741617714631,-0.9547665006222581,0.5377262231222522,-1.3186563903820894,2.4607019633438583,4.670769929212498,-1.7352112632791319,-0.7520600295795573,-0.8271460373333541,-0.4622104428818866,1.7365882463659457,-0.6799422788774658,1.043128101528698,4.510285096558819,-1.991569943489268,-0.7775015660544078,-0.7611682538804797
Bearing1_2,acc_00523.csv,-0.4335675459462695,3.2636460404500944,-1.717096887853424,0.846119133408192,1.9715257418017893,0.7912796208068164,-0.7647542059576764,-0.7796240392306051,0.2348545719263309,-0.024601174656782823,4.224448929394488,4.426228926581163,-0.1584976441509806,0.5445675559106764,-0.7647800027282898,-0.8947936153891127,0.2967914281637552,0.741597895658805,2.6878924952160643,2.511630065081383,-0.24613477613042262,0.5245092929225568,0.8189834112481303,7.092878774165529,-7.049668951853189,4.082728409159228,4.871018614121963,-0.39761604710905435,-0.7736248081134554,-0.5105174879111961,0.670846846258828,-1.2458150683051887,2.1327928330230495,4.384079885307199,-1.6865118437825894,-0.7444359394530548,-0.8220776660264815,-0.22274581797261978,0.9078682300241243,-0.8005679143309874,2.38398673158449,3.983065701960946,-1.9438217639629114,-0.7771646939525306,-0.7611682538804797
Bearing1_2,acc_00524.csv,-0.5090092990251418,-0.19331743841633672,0.31843514944500756,-0.381794846494532,-0.502496150757108,0.47837254230210563,0.02850557794978443,-0.9210749600187342,0.3936662056175145,-0.12123301279196705,1.414627538055688,0.5751405886221769,-0.3785970067209637,0.17809573484685384,-0.2819161285667869,-0.4318273655000149,0.25413631594770686,0.3640929302726092,1.309724683285579,-0.21558372450355717,-0.12624192463893585,0.2148694059359242,-0.22874378849627514,-0.19393353698532678,-0.03504536758653148,-0.3061429200288393,-0.22200740456559245,-1.1508082276246507,-0.36405888186112195,0.8954559614803659,2.5754698404615617,-0.6466315740511114,1.7815283891033,0.05794545327499349,-1.7930519513411873,-0.7056575792844315,-0.24645512009853054,1.1641908938588708,2.3538299296801424,0.3099728195889657,1.2361704686523896,-0.20189700611938505,-1.8126239823148134,-0.7362894648351481,-0.7611682538804797
Bearing1_2,acc_00525.csv,-0.4367817466321395,2.242916655321995,-3.1132650835260742,0.5159442134617709,1.4580564243547895,0.794446099663893,-0.5448258244059779,-0.9831665149948127,0.17896372118203902,0.027935163528546685,3.0384011671360676,2.66837320849495,-0.23078777151204785,0.6258025882841828,-0.6818417868057309,-0.9530221580569439,0.18122126018416845,1.0081787434599798,2.0494494144831017,0.5889385135628582,-0.11852602089639779,0.6603383247093442,0.4851485737067694,5.133905320150414,5.5702466548350635,3.198390941909622,3.2250762078738844,-0.5447845246858338,-0.490730108307645,-0.426621335418773,1.0694731141204692,-1.1289563199428698,1.952873881979466,3.724547351111297,-1.7588275929206325,-0.7347237378104873,-0.6109947247575581,-0.3501147636842633,0.3827752933533263,-0.00891927958277477,0.5242805158250693,4.382397022259656,-1.150422175970991,-0.7572291162207498,-0.7611682538804797
Bearing1_2,acc_00526.csv,-0.5003400520140215,2.2536971642332815,-3.3011034904984675,0.3713406932812704,0.9145813107964786,0.6659624096554532,-0.7859402299420715,-0.856252812118499,0.6311201083551568,0.4825177218229756,2.5552314352077024,3.068526608447686,-0.065247388719729,0.4092249903956657,-0.8103207844968484,-0.6795496702547855,0.36607495023986564,1.7161865435739894,1.3100738117911572,2.1321122588329864,0.05638730007023926,0.35147909425574086,0.47825676205578666,4.042082556169023,-0.8432682084273062,2.906128193586887,3.2150445297658687,-0.49413950676536433,-0.7726983868891764,-0.3494656029001119,1.2437879906157394,-1.009821815117683,0.9597692592414254,4.295654924039916,-1.5490352270029548,-0.7377361241206951,-0.8041131184512116,-0.2041416798039854,0.6516332083427109,-0.0026391232062076813,-0.3412977491157809,6.5335218291623764,-1.9104738764999987,-0.7609869333735068,-0.7611682538804797
Bearing1_2,acc_00527.csv,-0.23675496528915468,11.69962229184135,-8.075802934779272,1.7988561686983464,5.849155196632912,0.9541108741916812,-1.0408929602762087,-0.9168322948119374,0.2601218016783338,-0.23566648297572218,6.926666111646032,3.6308769086243533,-0.3660297802700609,0.7752124383928553,-1.02537098067784,-1.1715123991916856,0.40160948309211064,1.1181345377049574,4.11077717716992,1.346841386035778,-0.32845250362197664,0.7683358432138339,1.921625664494174,10.107029858577858,-0.0505233116721469,7.566925590666164,9.220616980054391,-0.12219972493336549,-0.8840800352194473,-1.1527124298017655,0.07519778291186752,-1.4712963983426248,3.8535415283394574,4.201194468765995,-1.8061115795879432,-0.7536377562734269,-0.9210573249763703,-0.854762440995237,0.011788100910155065,0.36619054289662745,1.1391012473884117,5.11362961995598,-1.4340329403147116,-0.7933014751331334,-0.7611682538804797
Bearing1_2,acc_00528.csv,-0.32595142810024574,3.5673433344871044,-3.498490804352369,0.9505030457765223,2.835946989683278,0.8895371627458059,-0.8933745830318035,-1.0242709560442191,0.35384023864603226,-0.06150982528335808,4.559068896578323,3.4768162444716046,-0.21860152167510835,0.7850006878218642,-0.8965586793094757,-1.0147789214941567,0.42136325388111756,0.5567177799823502,3.1139927975600474,0.9417284205933593,-0.20211447368226243,0.7613533580108894,1.07630130590963,5.110229923091633,4.6832720724488865,4.11693100806679,5.211015516794701,-0.32234139252341293,-0.8021700942840789,-0.8941628184166439,0.6002405461610124,-1.304490707240567,2.6304988591512526,4.228725839937423,-1.688495199727358,-0.7414589666580835,-0.8700266148049359,-0.7831876098738745,-0.07778266474235249,-0.07750381535693182,3.264505232257046,3.170032001697226,-1.4658680692386667,-0.789249517029141,-0.7611682538804797
Bearing1_2,acc_00529.csv,-0.5936310482472832,-0.196680993058697,0.006020408972581322,-0.4803796526201772,-0.3483713127932116,0.559733486061553,-0.5248492616392979,-0.7805639918839807,0.46326792563126534,0.1304216177763912,2.433897369449604,1.1501518470233372,-0.388442484568366,0.4538049958200397,-0.5656994610780297,-0.5611790154972933,0.2974533943970837,0.672841849930244,1.7276222901282166,0.37027224156262334,-0.25305444592694337,0.4517969605520179,-0.2823114679912741,-0.1983095979598352,-0.09976340884048898,-0.34250243958823073,-0.258475966145026,-1.2358471824011137,-0.20393182776747562,1.1180194041131284,2.3536162396691154,-0.6615855040193492,1.6246108947660745,0.37532400626488127,-1.7977955149355151,-0.7194273674008531,-0.16018437284982495,1.3808680246064642,2.194331924933486,0.17505774885053257,1.3971944169058168,-0.2766592505489184,-1.7813239332070825,-0.7474131189303942,-0.7611682538804797
Bearing1_2,acc_00530.csv,-0.34893446667258526,4.967461927206956,-0.824209546519342,1.1761069854113007,2.917690802222114,0.8037224700857979,-0.9003771948368332,-0.8847291325924314,0.3321260076542099,0.1012868035916805,6.57844850172982,2.6091827655456314,-0.34407718668588855,0.5189474539356431,-0.9639134852517265,-0.7751528106618412,0.2607089882411132,1.2319843065079998,5.686126911780175,0.07643634791415797,-0.2557503936250839,0.45950834145052755,1.4157628947819565,7.335809732037611,-5.989458976276295,5.3211089948303645,6.58404280806996,-0.3251275028762679,-0.8483275438194825,-0.9691596396627914,0.33217038806656274,-1.3599863211203198,4.341642697621844,2.938277728932977,-1.8219414249077055,-0.7532442292647832,-0.9054536115810491,-0.8539058709798911,0.04367066980046981,0.47534035956428755,2.7653880099361063,4.053844887070251,-2.0353354159231047,-0.7709284139117147,-0.7611682538804797
Bearing1_2,acc_00531.csv,-0.4037784527276148,1.5486414771871566,-0.6357480124944658,0.4521540447922357,1.639391023687679,0.7562387869814268,-0.7074665073762104,-0.9856352388689522,0.48225818251983005,0.06552063571104846,3.567067653391371,3.201718071158274,-0.24838223645611573,0.56539248768603,-0.7308966988550176,-0.9382164460312757,0.5751312708291624,0.7434735382688868,2.5199524009067846,0.7420296270128496,-0.20276565960740503,0.5132718238736639,0.7766482539656043,5.407690885549831,-4.2863561268757095,3.4333412271980626,4.246043238809908,-0.4568908204485923,-0.7691386652634691,-0.7325482436840068,0.967270213382352,-1.2544265454027606,2.5793144711858345,3.6761038691255545,-1.7496713316148338,-0.7425585431938461,-0.7865383629368139,-0.49182588126507076,0.5722081543708698,-0.7697969449953131,4.338130989929703,2.2095583804809453,-1.8899431114117469,-0.781125178595293,-0.7611682538804797
Bearing1_2,acc_00532.csv,-0.5466822871651799,-0.1813047487962542,0.3115787531219861,-0.4186472313270787,-0.3139429188999157,0.5345996031312275,-0.496942816063346,-0.741283302394392,0.4629950271790511,0.10921641183316863,1.7509978548360758,0.8648802652423272,-0.39039757452474383,0.5201814849390621,-0.4935262040789025,-0.8046292088814968,0.40366709731866046,0.589905551119051,1.2752364597965133,0.23386498782959964,-0.3016850958129415,0.5261288937153964,-0.20944671446676424,-0.18987415971817176,0.0301392967970387,-0.19891315048080352,-0.1762260883664857,-1.264564052626673,-0.42505641235444336,1.0401487942237064,2.8282060596960963,-0.652706584770078,1.5190134827655979,0.057805131030247245,-1.8150329643163126,-0.7229215560349391,-0.36495387822811864,1.4431820753444986,2.577699042053497,0.6514970068061087,1.0392883331997644,-0.727335051781033,-1.8534336889939245,-0.7485109929433439,-0.7611682538804797
Bearing1_2,acc_00533.csv,-0.5494462882883471,-0.21230001692025902,0.3587950725367938,-0.48131499233673936,-0.4622272285514288,0.4635649867266528,-0.3911798155775461,-0.44239091111499523,0.3247910926202574,0.07492462592390355,1.5427852263597999,0.9121622759701986,-0.4250699827228991,0.39753617652562906,-0.40699512939096966,-0.5007779881971691,0.3495494926571483,0.3189408943035131,1.4438111539452645,0.10837831336094772,-0.1960612851855141,0.3251751218286356,-0.26518194370343157,-0.19436358945545745,0.03147749807393573,-0.34743254393526685,-0.16035339093838424,-1.3061059124248873,-0.07599234601070161,1.8910772369047673,2.2078960036667388,-0.6923081377604953,1.3773764727355489,0.21118850218509488,-1.781277548641807,-0.7021299395573998,0.09045495622176819,1.8102197801415485,2.2739856250249333,0.26715719446268454,0.884255267682479,-0.465554611328651,-1.8042472663071312,-0.7358395229534311,-0.7611682538804797
Bearing1_2,acc_00534.csv,-0.2959245541152164,4.970476206801903,-3.839683158182729,1.2307308248585274,3.143409372786794,0.987866885022816,-0.7804740921469333,-0.7962488674398556,0.20041252588718503,-0.46361582843386057,1.588659507487431,0.8699972209991538,0.09433638581029036,1.034356773986263,-0.7611254826550827,-0.8708493076330573,-0.001963968494166899,0.11775560066903484,0.3073965001890591,1.241195381941527,-0.33491262910810743,1.1987536717621607,0.6055833167412021,4.537021639183851,-3.3847286259587963,3.049717482694314,3.6980261580520892,-0.5060744294486668,-0.7453097102798821,-0.613578354173981,1.20289931560923,-1.2206317264142121,2.598927454436573,2.9375402016469687,-1.6370129266387987,-0.7454658966192743,-0.7739534967305917,-0.03156776282723421,2.0455453902930714,-0.19687436040809655,2.014819869570203,0.9185483451127149,-1.4998035916213823,-0.7717253969536468,-0.7611682538804797
Bearing1_2,acc_00535.csv,-0.48897130841093506,1.4863966746234407,-1.7592414744217202,0.415301659959689,0.9509669460242829,0.741123212102411,-0.7484395346950553,-0.6747495159449228,0.32576871482839326,-0.05614237985587757,3.235981412680241,3.3369966020933046,-0.2312122937314513,0.6053551648799734,-0.7689947680921659,-0.7106861209484278,0.3970536303749489,0.3213481493340802,1.986717173814341,1.8734712313173034,-0.19085185167565488,0.5903920624896365,0.4033952584533897,3.7497071597538443,1.5026661904460215,2.6888954707956074,2.6068102817690457,-0.5938272312175393,-0.714427332349229,-0.06748388319669718,1.0136032510003667,-1.036438146252862,1.9362566272765223,3.505659004062593,-1.7074536004970036,-0.7312450193024468,-0.7477918809939227,0.1333417314178181,1.6467795177334819,-0.4090591155072176,0.8088432617512152,2.929739682924056,-1.4566063687793873,-0.7589516573658763,-0.7611682538804797
Bearing1_2,acc_00536.csv,-0.5402682096615368,-0.1349523593419946,-0.2550859265991112,-0.3771181479117215,-0.18357674629621348,0.5993467927061694,-0.6634831188243738,-0.6804611641186131,0.6718602765601294,-0.04985888721832168,1.134662923628171,1.0672711442458553,-0.3409607473896614,0.6167754060085461,-0.7285017341228818,-0.30991004171886233,0.4554084121388621,0.2388257461922173,0.8586913254364743,0.28536718282925316,-0.22582887998223783,0.619468913315897,-0.300208774853002,-0.20182610779430657,-0.09388456598113672,-0.3543655031732864,-0.29607007190440315,-1.2286611193662287,-0.2881676307212594,1.065968367709689,2.9497960123627207,-0.7003586034097725,1.0666262387828231,0.25688755843015065,-1.7726819631903292,-0.7072894445011184,-0.10556840298318909,1.6764575513573596,2.5844283187379897,0.052481450718425755,0.8804014315224814,-0.4272733657486014,-1.7886932402393154,-0.7325537085245143,-0.7611682538804797
Bearing1_2,acc_00537.csv,-0.5350329637761424,-0.16474945439565492,0.14964171905917098,-0.41303519302770614,-0.29266012927006396,0.5572731538744942,-0.3673638809724255,-0.6734749059126245,0.3133997374884513,-0.09398447841177701,1.3117257325161222,0.7274522252170328,-0.3669204888107556,0.5427330155461334,-0.5278867645329263,-0.3820247999241483,0.2264480682875197,0.2920370037962062,0.9580430107422456,0.28749773732602246,-0.18931604646728784,0.5143998246830241,-0.31903394229526955,-0.19772575484671945,0.044741374288494055,-0.3511301221955439,-0.23224949418855806,-1.2071401069449061,-0.3254561719603392,1.7029658171143884,2.138794645069021,-0.574445065879531,1.5156907689017083,0.2559418136545447,-1.7399954882083866,-0.7140177469338388,-0.3037126028883868,1.8608810680763508,2.2161752672337793,0.3691665925688651,0.8506069617141082,-0.12051649370050624,-1.8352802767472778,-0.7317528818542187,-0.7611682538804797
Bearing1_2,acc_00538.csv,-0.3447488826382374,3.720287845989968,-4.122187830528716,0.793178905450777,3.578524931697352,0.852318048954047,-0.949670219593691,-0.7690254139851447,0.34957588017195085,-0.0013905539669589694,4.887575611197267,4.633055777455781,-0.24238758311134062,0.6258357962920342,-1.0082423721400346,-0.7315394770986271,0.1466927005550633,0.9995244351414974,3.087036315537407,2.4159257206921882,0.18805508047669256,0.5704109512105785,1.39972417236166,5.4621360080203125,-1.976977891332707,4.709313858515349,6.503526779333413,-0.2875571335159297,-0.8445966525925312,-0.8467371872712148,0.3006586158321744,-1.3212054227916628,3.0477733104623996,4.184843651089367,-1.6757532129599486,-0.7573249762703655,-0.871559585009932,-0.5646178737938059,0.7654637035034636,0.41984903456697115,1.184972552266266,2.6537517271499302,-0.9641253832504638,-0.7890346309794468,-0.7611682538804797
Bearing1_2,acc_00539.csv,-0.365510138642814,3.953993304301872,-3.7222908551378064,0.9271195528624698,2.4409391279811823,0.8702550829667518,-0.8454784803780343,-0.824565744851167,0.4005307047988223,-0.21518600802646887,3.6218441035613576,3.7297569481522146,-0.24475123934901943,0.7356688466321959,-0.8713692220219836,-0.6855785769952988,0.1770502549445081,1.0355544679696254,1.6568852185524028,2.214154902090083,0.2755427329576554,0.5331980091047023,0.8842785917035452,6.296279924694517,6.097580725229985,4.124634296109034,4.950179446733696,-0.35869857843238084,-0.7882119572362069,-0.7789367214060793,0.6799178251446374,-1.2733504990350186,2.33758741056988,4.471981887572617,-1.760681021547277,-0.7339439095168705,-0.8009754847133743,-0.6599405617093002,0.3241315898322586,-0.6778695052326726,0.4580521626316887,6.795344060151326,-1.7471413404822829,-0.7163326089927322,-0.7611682538804797
Bearing1_2,acc_00540.csv,-0.548538698921057,-0.1886225949873074,0.27877897688257824,-0.48599169091954986,-0.3379051626688801,0.5158686935999713,-0.3625824563050127,-0.5891348445068473,0.22337963341782602,0.05674943791797206,1.593683074053794,1.1477628286362411,-0.3059303248133342,0.4610180509893112,-0.5409172014336731,-0.31349099000024194,0.23143613479026595,0.28204043333682816,1.5233287005377696,-0.05561312899004484,-0.1400726750005699,0.4414130804704988,-0.21289227331674895,-0.19966068631106315,-0.02996456926592914,-0.3035238020944764,-0.25417184209501736,-1.2177687563314925,-0.27835134598273825,1.2145943483530293,2.198891178052568,-0.7641650105512894,2.0614377423110786,0.19997557879658404,-1.8029031647489924,-0.7269965569359986,-0.23269625263711025,1.6161763177135273,1.8822263710063334,0.5156331001963033,1.436423936453761,-0.3047236271859537,-1.8245683681976104,-0.7520731733966066,-0.7611682538804797
Bearing1_2,acc_00541.csv,-0.5634953817830833,-0.14444740828841052,0.264860940119068,-0.42874890026594936,-0.1629093420191858,0.595047912134094,-0.592287905205,-0.8154292906586629,0.572494562844499,0.07218203666616688,1.8793757725662292,1.0278262192519643,-0.24005255055890687,0.5600776725575617,-0.6820095822185508,-0.40078804208863256,0.337555534141383,0.4318895334312718,1.4157977427100743,0.24314520178537555,-0.1624951062773285,0.5509448738696805,-0.26607251040925567,-0.18021471538615752,-0.0361563164440321,-0.1745707602673126,-0.20672094726272608,-1.2411332197670144,-0.3789906151081912,1.0392996010226612,2.674853708927084,-0.5801518015344697,1.4169709517308353,0.23895575873028843,-1.7961908320096098,-0.7197381377398608,-0.390822041890092,1.5573697616781321,2.737575554175816,0.19063595056794214,0.9069126829050781,-0.33186209522593213,-1.8580232109260464,-0.7453095830596308,-0.7611682538804797
Bearing1_2,acc_00542.csv,-0.26761246898918756,4.157310722022204,-3.5297219391925556,0.9192626992433482,3.8380170751615936,0.8405326603839853,-0.7060185447188774,-0.9851366764226045,0.20288786282451793,0.030576697773147195,4.995750086943757,4.61515154473784,-0.19390901964338578,0.5038944753012816,-0.761818043044279,-0.8737391695065087,-0.1520617700788272,1.6105878868695827,3.905146069527188,0.8748740268114839,-0.2918025926829541,0.5797270628223676,1.6340835977071606,7.897178308311014,2.796859596321552,5.596578575221008,8.019360766756803,-0.24250437587416235,-0.8086548991764266,-1.1129800990429344,0.24219755799750894,-1.3379612435449346,3.3118620318649623,4.277440349327931,-1.7491136960444513,-0.7579162112917657,-0.8800219468945403,-1.019436599429205,-0.40358601254547966,-0.4659504423543066,2.838298106920798,4.530610243297071,-1.3847815411991564,-0.7417114204958086,-0.7611682538804797
Bearing1_2,acc_00543.csv,-0.5915674031372592,-0.19842535985348597,0.11208151884682663,-0.46316940183543465,-0.5017661643692113,0.5752375551510435,-0.5248823689600007,-0.668399084613947,0.485777440284935,0.07705034470371687,1.751331494471399,1.2930956077555429,-0.19176122944147297,0.41974899896608636,-0.5932737525049281,-0.4891759008572703,0.3983316470918545,0.4387775269367396,1.409601044213146,0.341534871124291,-0.09252961614237312,0.4311300835274332,-0.2610715170030308,-0.2018176059950594,0.031204580853390868,-0.36145252817215084,-0.2582989352527442,-1.2007590385641054,-0.09223744361360202,1.4837163519891579,2.3524550436384555,-0.6094698745980223,1.1524909097053906,0.47393345413733307,-1.7503968894587925,-0.7231230484772464,-0.04378514907376823,1.1127223341254333,2.8801542521652728,-0.010319731190662354,0.6542035553842749,-0.11246636863530798,-1.7387247196934572,-0.7561532769918288,-0.7611682538804797
Bearing1_2,acc_00544.csv,-0.38506960534696366,1.8509903442329576,-2.6455829934194015,0.5477457638248823,1.66863311965069,0.7652596464604245,-0.8170063614476681,-0.9208230990147668,0.40873311612353946,-0.03030274094838234,5.133638415149726,3.6615624735419985,-0.28496887725236375,0.5401577530631541,-0.8975912347648336,-0.6021140662127391,0.224525978266369,0.8287958410334929,3.9840392925960986,0.8804810163852808,-0.1800534914153198,0.514486929451783,0.5589279609508904,5.4421337028665295,1.3269923759278361,3.528707933161043,3.302640756967458,-0.5317576391867413,-0.7522093994101143,-0.44414260347915874,1.0668001733543095,-1.044488070905344,1.796758975809302,3.8431488076625704,-1.6559593724276882,-0.7451709003960792,-0.7272844359194318,-0.1163334714420014,0.3439593684790458,0.4101343583615718,2.4547197405738475,3.051352913302662,-1.8996789294424645,-0.7827843986225312,-0.7611682538804797
Bearing1_2,acc_00545.csv,-0.21846808319344077,6.206333783483283,-2.3089992427008457,1.5835409659457511,3.789749871381859,0.7740766243235622,-0.7673871448810264,-0.8237159436237407,0.17510262922978045,0.07459508617539852,5.6904042233662295,3.4653344403168687,-0.3466877277669668,0.5258453207726438,-0.8391862266747592,-0.5680106179154345,-0.1790297854588766,1.510670223974635,4.889272976776233,-0.5074083404898148,-0.14197571843929965,0.5047738067590519,1.745615076176461,7.930261830378953,-7.783462235643986,5.328504151350919,7.636964379287744,-0.28857642993837124,-0.7124235158250112,-0.9760824170449024,0.2373582612782306,-1.3445924023600528,4.009984468353521,3.280988229429214,-1.7748638507860726,-0.7503637065608505,-0.7882631376474168,-0.9022752986441167,0.028445740095160335,-0.38820183743378633,4.922641371996882,0.6241500607830828,-1.116152627047457,-0.7522063741161608,-0.7611682538804797
Bearing1_2,acc_00546.csv,-0.5400390549802907,-0.2066103878200597,0.4912440232282259,-0.49440974836860874,-0.5390842296057152,0.3682829894237865,-0.38437939047149944,-0.6444313910476971,0.7168226833191376,0.09493732757076634,1.5236564850548313,0.803770456116212,-0.38905235499381685,0.2224274442432428,-0.4482504189583084,-0.38924913014110424,0.6193734057824483,0.406228843848329,1.189804110838239,0.11519575454464531,-0.2267296777298918,0.2023183333896687,-0.21057931089583232,-0.19744012300758354,-0.008602752044371045,-0.27733262275084697,-0.25275511798043265,-1.3231487639225399,-0.28304374212408207,1.31264481104967,2.5191958639009346,-0.5696041299333133,1.5780453647918038,0.060575304558839235,-1.815064151118492,-0.731334891742517,-0.2739766846183221,1.9500121460550162,2.3795465405257117,0.09661407899513694,1.2564353485588455,-0.4093947960073901,-1.9080106278437523,-0.7548737001546718,-0.7611682538804797
Bearing1_2,acc_00547.csv,-0.5077859740491769,-0.18864283000618412,-0.12524280294834347,-0.41359639685764343,-0.41645651288441904,0.5066245178311157,-0.3134368160110988,-0.7548654708868374,0.41637685589269885,-0.05397741177406738,1.470521132796888,1.6907627050603349,-0.29672505623010076,0.3782397989308905,-0.3714822729589452,-0.5128916765741811,0.2795016932542291,0.21829760507151189,1.2926713689944784,-0.003444028374137087,-0.09559884880021402,0.3421425971978041,-0.013852385028281197,0.5836732079405902,1.7639534613351364,0.8267026194635557,0.48091902808339826,-0.9914241123016279,-0.2931565823220808,0.41174943596900404,2.1535748261059187,-0.822305789014319,1.4122674546761038,1.6390123759937665,-1.756832894309886,-0.7241651490236856,-0.3621879547565633,1.1168451770979284,1.768950375528539,0.05581568090065395,1.6665829184555787,0.112101466550851,-1.55761710206271,-0.7373194943673319,-0.7611682538804797
Bearing1_2,acc_00548.csv,-0.33793015710807844,3.213793130053921,-3.010551208485772,0.9944640124549409,2.3944577748937594,0.8566402470829878,-0.8062271634402128,-0.9746565835445495,0.3771707485552507,-0.1764418235940765,3.3437915562228944,1.849713114754528,-0.24106454303723185,0.874880073249035,-0.8554163375015861,-0.8471794949211819,0.19192176812672407,0.8454842192602436,2.5272097317788065,-0.4072669280943153,-0.015005389182778113,0.8214927543132684,0.7953130044759292,6.199945730214781,-5.3649540113653975,3.678151721180575,4.505670329207265,-0.4251989717101702,-0.7932178831281526,-0.6707316928876788,0.9133644412146159,-1.2332797810274505,2.709762989464487,3.3706313380110093,-1.6835428349577193,-0.7307021557342485,-0.850495005743146,-0.2364376908479588,1.093033760364142,-0.5744018008623888,3.8414373720169936,0.20276067789921695,-1.2069754398561623,-0.7491717871639667,-0.7611682538804797
Bearing1_2,acc_00549.csv,-0.42199545860862414,4.441168111680091,-3.760784580364022,0.9213204466197847,2.4931592742884097,0.7346587638367941,-0.8076539253788512,-0.9940515367642145,0.4811821053321974,0.34625379397306155,6.472883513822406,4.891587912598344,-0.24777241663604838,0.1936909541556807,-0.9308388995742473,-0.9832586742504468,0.08218180814937552,2.5976263248099922,6.330120567153232,1.812882121730492,-0.2377874553282675,0.12579711442783542,1.1003937736732092,7.0380524506143,-7.9752308008295145,4.155601514038856,5.608424787166458,-0.3473290651171096,-0.8553739040870294,-0.8805072153726293,0.8188010980289222,-1.2039213649565794,2.369229974156248,4.250754795115823,-1.729703780545584,-0.7522850179045064,-0.851045446788899,-0.736691653922116,0.5129490019807134,0.5260247667558137,3.3905104966041204,1.3667710058468092,-1.4729103503360996,-0.7889827379134087,-0.7611682538804797
Bearing1_2,acc_00550.csv,-0.26986128676390303,7.469552347913411,-1.3210826666568825,1.563898831897947,4.30961994913589,0.7900568987468027,-0.8589696846915897,-0.9655898658348832,0.3630540584195136,0.24368947937813693,7.403856786982385,3.6285312300780075,-0.20339895566469068,0.27876806688594247,-0.9445562825908036,-0.72881728897616,0.0798151568385433,1.9494552662705618,6.322071404522769,-0.20495057370345074,0.06463275560950255,0.21804478574161354,1.8857775041949152,8.19956315984426,-6.115849131429271,6.462582216930072,8.460010924160231,-0.19285687798061937,-0.8852923476652161,-1.1206936246405201,0.04060800449265569,-1.353094407049665,4.483661553463827,3.2200741432103803,-1.7673027257073763,-0.7567229768931805,-0.9179585276800075,-0.9431872509870952,0.085521308618937,0.11082308266847536,5.812458529470738,-0.5029628031108289,-1.3461832170646728,-0.7629211143972504,-0.7611682538804797
Bearing1_2,acc_00551.csv,-0.41209551522964577,5.295487593272884,-5.6800493457413115,0.9478840945701482,2.2951342811710456,0.7166437346381804,-0.6344734455061518,-0.9127771424947501,0.37560719152041244,0.1498554733809014,3.8120409248933185,3.282680528671512,-0.2713877512704585,0.46362528157923766,-0.7115867472700332,-0.9304532052080571,0.24366154782944435,1.2699046082905139,3.405157017984606,0.27499805847924963,-0.10002436384283424,0.45869105816492645,0.7923328405571808,6.906391961534846,-5.643318485381001,3.9711847983075352,4.734705920340985,-0.4164150011798483,-0.7448897827448104,-0.6923474813467444,0.9177430000879703,-1.229526527519229,2.089292271782539,4.171402724134274,-1.690629419774713,-0.7447399916696691,-0.7526758413497069,-0.5293418725672313,0.348927599379689,0.6763244390138935,1.6617570652677454,1.9984785393967108,-0.8602821927011945,-0.7692804925367961,-0.7611682538804797
Bearing1_2,acc_00552.csv,-0.5723786320279236,-0.1933995723017373,0.4186762982537471,-0.4583056353093118,-0.4227627604683904,0.5584414130442923,-0.5628204959682249,-0.758901626812538,0.5194078816394513,0.17023114501923234,1.9000562883589185,1.4473933648135255,-0.2713307861743176,0.4906015242454292,-0.6687626248853475,-0.4124111894368164,0.34558027339085534,0.6771274918938368,1.2774933645535327,0.5426214577970302,-0.16597875371042767,0.4835571050452312,-0.27584547298761347,-0.18248711295668849,-0.024459704314529627,-0.1671756037467584,-0.1988020604386252,-1.1457263366502473,-0.4351731968573074,0.8249240235820415,2.3388575169435772,-0.4180282555425742,1.3670781805590122,0.7185617279796069,-1.7573553885894286,-0.7233594245613251,-0.45127307308571896,1.1278650691719212,2.328727038096063,0.3304169029641456,1.0834004480583588,0.1796768360904278,-1.7873797815730457,-0.7444984691421863,-0.7611682538804797
Bearing1_2,acc_00553.csv,-0.4356687427284978,1.6468408419252074,-2.5703291761554765,0.4514057730189861,1.1602678077493607,0.6547371223729107,-0.7779597158848266,-0.706952273754391,0.5841104428429659,0.16217759527100012,3.7252060976894885,3.294891017497906,-0.3777700771583853,0.42503998138887555,-0.7502334574789066,-0.503000673645902,0.42916429629989167,0.689209500552686,2.7449430422645924,1.320813200719728,-0.22062634216767624,0.3498800429964887,0.43877506397421906,4.157675994422791,3.2893259311680496,2.92107257238884,2.7511924791515816,-0.6840997688761739,-0.6927137997654447,-0.3943082701391971,1.3763020836441162,-1.1230423190709207,2.7173827042602916,2.519605113790005,-1.8020233717096812,-0.7344674445215597,-0.7779559403756872,-0.26289868740459604,0.697780230217927,0.23108985861190762,3.091782556368678,1.7602135467638163,-1.7115792280793312,-0.7780037902222982,-0.7611682538804797
Bearing1_2,acc_00554.csv,-0.553042355070247,-0.21750635988817574,0.28202663080720036,-0.5013312622711682,-0.6020146153036301,0.44240191986576766,-0.07445160554017682,-0.7137867283858654,0.31070547566959444,-0.1839163214530093,1.8523160624753787,1.0417136432767673,-0.4528431367994856,0.16687320050794055,-0.35816436539854396,-0.544666301861826,0.404128310738063,0.33245662131960096,1.5448369880309238,0.33882421775064364,-0.2542523982728197,0.24803422232929656,-0.2208158884514923,-0.19851076325993824,-0.047506738865072076,-0.2910444754660411,-0.2918546607386954,-1.2262263501898392,-0.01445534393573951,1.2170708572299882,2.4545220761871382,-0.6793678131104174,1.3684954303419272,0.313668515711876,-1.7697724948585563,-0.7231665354980018,-0.13154642056738244,1.5248389146507637,2.429527303784483,0.4768346327670742,0.792956099793233,-0.3243508958192237,-1.8220829985401412,-0.750202993319704,-0.7611682538804797
Bearing1_2,acc_00555.csv,-0.5942190097208346,-0.19931114179198595,0.34419408358212517,-0.4420307242411312,-0.5178896258535841,0.46363279396541485,-0.6539347565451675,-0.5585843168815443,0.7472260341312197,0.2193422742447351,1.8930746245937424,1.1075736554533648,-0.2939782787417565,0.34814501331014885,-0.6393594317762432,-0.5915324458769715,0.8069259188595687,0.43719454657668244,1.6532538854807954,0.21516959977200517,-0.2214542263546685,0.34113469254355727,-0.22021157305423866,-0.14916396272121926,0.23068029996059417,0.0024507989434531755,-0.21315521094175852,-1.163220782595606,-0.4248755523902018,0.5694629395359663,2.8597314994871623,-0.6038017866034349,1.413340633716067,0.3456770698745289,-1.7767612513290982,-0.7263057267187444,-0.4117891907786792,1.3112441927087717,2.483342273085995,0.3599959464283435,1.1707127480615984,-0.23842229927041925,-1.863729455953296,-0.7434803034441453,-0.7611682538804797
Bearing1_2,acc_00556.csv,-0.5178156401272572,-0.16106971869014639,0.003301884403571064,-0.40573954323852174,-0.26379026939259964,0.46116635797712263,-0.24775883738463794,-0.8096182955261232,0.3758158635556716,-0.13335801384363266,1.1337789959393778,0.9180563231732977,-0.4180447190045217,0.4628276267918568,-0.3808091798300408,-0.3814371925491934,0.2536413651993667,0.09848642685551469,0.8166080060220442,-0.034304521371988944,-0.23807806203871665,0.43206061507311366,-0.2942548960429496,-0.20407972149709472,0.014906140122970127,-0.39365227218873056,-0.27519411615073597,-1.1822315973785222,-0.40470017867733726,1.173600267333267,2.5842491169805517,-0.6089656248365618,1.2938578284676796,0.37035261969622907,-1.7569542224755255,-0.7070053792677501,-0.38624527291140787,1.5274880225498388,2.344365113684835,0.3146713261419302,0.8815263060419926,-0.24390964868690335,-1.6722121612186358,-0.731796822596357,-0.7611682538804797
Bearing1_2,acc_00557.csv,-0.5954311335313686,-0.21152462346839457,0.27254513154324733,-0.48299860382655113,-0.5785788232659458,0.4991105498531228,-0.5920827610718904,-0.6033118208643631,0.6809353621106811,0.20642525740721113,2.46855421944843,0.9121058357649159,-0.30098928351931037,0.2790771496588708,-0.6371035312395306,-0.47791215150142363,0.7048672043023934,0.49990881626570005,2.04728248606243,0.13252807289007565,-0.14553725913381138,0.26228195083858175,-0.22257403931888356,-0.20805920998048966,-0.017067402887956794,-0.3750103151265001,-0.31735070086315353,-1.188004958439153,-0.4104109273338939,0.9656467904291406,2.760251052683777,-0.7637307052100674,1.508892298633904,0.23755124538519176,-1.7680566018181072,-0.7155015581234276,-0.39084291273477395,1.075131080870293,2.9485895812951703,-0.006508824586797783,1.128305662787347,-0.3864139003344607,-1.8008790235002474,-0.7422207987683151,-0.7611682538804797
Bearing1_2,acc_00558.csv,-0.6285139151814049,-0.24084318355728265,0.16787693746711668,-0.5875695841381938,-0.697536091411421,0.4546760758525018,-0.5533658003887024,-0.5940704364476486,0.6952571615370601,0.3230161189677906,1.914008364310546,1.2011016344241623,-0.2694678035340632,0.23439339533301118,-0.6067562163645895,-0.34188083634430283,0.6462069341418256,0.7462347941372082,1.547411102815388,0.3903704122038542,0.03347308817568166,0.13013174701470287,-0.31376972847720697,-0.19949895555867486,-0.042538776313307616,-0.37593470969156945,-0.2161159239217567,-1.2011609920264215,-0.4358838408176228,1.3427920118505432,2.466148850118283,-0.5693510553190808,1.5136435417933911,0.1778323578465347,-1.7696572867640434,-0.7176077293236675,-0.4640776670151237,1.58750690807635,2.487155481666596,0.45597955816661956,0.9707589111164772,-0.42226586071636807,-1.8041363123328038,-0.7443538771878825,-0.7611682538804797
Bearing1_2,acc_00559.csv,-0.5644218913197008,-0.2224256878700099,0.23186920381690296,-0.5037631455342297,-0.4938057081676684,0.44216346228603615,-0.43860816715034534,-0.6026124551770146,0.4742571232527288,0.17428936626544891,1.7108335839243254,1.0500804184071755,-0.34485784559152294,0.35049998551165934,-0.3478657994714761,-0.5677985752008551,0.28255273639237494,0.5466663880019246,1.189464373677593,0.28644979226166994,-0.19465779686200466,0.2968326316236509,-0.26117276980560256,-0.20071369193722172,0.040984392587318556,-0.33726420371950483,-0.2818303469505954,-1.2578821252772323,-0.3756127760666363,1.4232117219777245,2.69672398131299,-0.5394786570533036,1.2570861636984085,0.1130157320078075,-1.8094632096000904,-0.7223611246034,-0.37139683376943966,1.6595922016316107,2.854663925706327,0.09827257981776069,0.8212565572768719,-0.5034612155431816,-1.8005214062212334,-0.7467831155916902,-0.7611682538804797
Bearing1_2,acc_00560.csv,-0.49543589537358496,1.01594352238309,-0.8305504909792194,0.281173944604684,0.9931399634404958,0.6874771998901632,-0.7418564144358479,-0.7225787704062844,0.6041284317308092,0.13683135912838032,3.1065946601778154,3.249887082713865,-0.32100158380779104,0.4379888292116294,-0.7633769870285522,-0.6425742156789181,0.499964492530182,1.0127432072960751,2.0320597503383517,0.8192892608081741,-0.08914519859589529,0.41491763521894276,0.2572488301531138,3.0622577875055,2.9646471333680364,2.0576880486141382,2.31188100356585,-0.7023368935089941,-0.544994722073712,-0.022268331831376605,1.3411883784624488,-1.0280173748095593,1.8337879639599248,3.0870543897692087,-1.7571957594063385,-0.7320959444384453,-0.6059422029970907,0.09581826594339213,0.8206617890708557,-0.19738359613932072,0.399896517859797,4.509761293174241,-1.5424500385469768,-0.7677293711880725,-0.7611682538804797
Bearing1_2,acc_00561.csv,-0.5525339120440163,-0.1721453116756644,-0.2650709742245675,-0.4616728582889353,-0.3191419630936431,0.5468261068604269,-0.34237805516717307,-0.7428364086999724,0.314877704118221,-0.05333577568405404,1.5165528029409594,0.9737016231015313,-0.3991204579159772,0.5371021065575485,-0.497433939807999,-0.46264388471386464,0.2875297558955647,0.2712534962865526,1.091505072606875,0.07843728114345548,-0.23545415573906217,0.5061757852833386,-0.23068037704956368,-0.12997911742918072,-0.459395376755784,-0.024664774965245405,-0.08922921484085951,-1.209559636193025,-0.18875749322363017,1.3755352947034274,2.2034705810173287,-0.6271636578270815,1.3899125955107892,0.6112628145681785,-1.7629721384826706,-0.7299094121934919,-0.20711028838888285,1.6183107632809517,2.157049877467177,0.32464030281530754,1.0139774461344164,-0.17258497866649333,-1.7275140319486322,-0.7575119157293776,-0.7611682538804797
Bearing1_2,acc_00562.csv,-0.45465216722209,1.5981805247812215,-3.028606508308104,0.3088600002149221,1.4967724269955605,0.611926825834104,-0.5626487015512532,-0.889385513145802,0.3963097067734996,0.07714029808192462,5.383018404691853,3.157613416242901,-0.3436671360610926,0.18507089362214177,-0.5884912441590443,-0.8101401669488177,0.6199778993866671,0.589634023423076,4.017890864036415,0.26347426850667793,-0.20071587842616062,0.16150440715954115,0.4728985629297353,3.949911376591969,3.580412269598406,2.7107728088355802,3.177288535754568,-0.5790762203356806,-0.7450128340661168,-0.4679507465834601,1.0243282621344425,-1.0275155573508583,2.339124577339281,3.4734600497934105,-1.7749831910324299,-0.750413235522858,-0.7824212037327214,-0.3871224768899609,0.44668117827765086,-0.2899715374933038,3.0985351540926236,2.7177514019668454,-1.6239152344122918,-0.7851764081594944,-0.7611682538804797
Bearing1_2,acc_00563.csv,-0.5515767370588524,-0.2273251336417978,0.18042703049975645,-0.5033890096476049,-0.5191206957205731,0.5194222972703485,-0.3356513698382024,-0.7165505517126446,0.3211535595776969,-0.015019458650246332,1.916800214372118,1.3169965512328232,-0.2947667803173887,0.3937368907787949,-0.41626973216127405,-0.3443901596843033,0.1598892491992105,0.3848985708054063,1.197935606070335,0.2339113118037163,-0.24147716072971578,0.3815953250246043,-0.1991401088477109,-0.20049833812168835,-0.020672676793383953,-0.31030269557165097,-0.3103356045917204,-1.215326142709862,-0.23416028679460957,0.9773029674329391,2.4288132024987155,-0.6619881698927036,1.8074070050601052,0.15565561632502786,-1.7870200330620662,-0.7266246627267237,-0.2888323029449112,0.9731455257706791,2.3512726763552743,0.5545194681401278,1.298405054278378,-0.314381240881666,-1.835573640500866,-0.7387563592006885,-0.7611682538804797
Bearing1_2,acc_00564.csv,-0.32848588705669657,3.891660151070257,-3.8971219537376136,0.8831585861840513,2.782394578483323,0.7967463292125098,-0.6396696926342512,-0.9290003129228509,0.363394272391247,-0.1918120039373395,3.8350891272784513,3.3416262420837497,-0.15304562681979245,0.5311047499361367,-0.780670968827784,-0.9791558494241465,0.6020196158932197,0.5236309302767851,2.5890462068129985,0.430119606676632,0.2589032161134819,0.4870245542036627,1.06188014180682,6.755287205840004,-5.438369751052358,4.270996768911669,5.8009120141996835,-0.2788572621226521,-0.774916657628817,-0.8136983604631175,0.37487325904935387,-1.333515922275846,2.950640853479622,4.2053472267616065,-1.7342501082286093,-0.7388819715958642,-0.8243508748160899,-0.5335035508365582,0.010250829625119801,-0.6727233839240326,4.636762324437024,2.6940055620514136,-1.9370585966285003,-0.7689452154630206,-0.7611682538804797
Bearing1_2,acc_00565.csv,-0.5465671387091738,-0.14679161620141606,0.49192349734464336,-0.3541087908842938,-0.34867114988733355,0.5172004134064024,-0.3684571008714173,-0.7758372826615597,0.4468967544183411,0.0011692538478869261,1.4912771913377836,1.2309395319615326,-0.2909605965083743,0.4291755660435027,-0.46913297822527134,-0.453970195462015,0.3469216433016398,0.20848471067795893,1.2538984834328208,0.31068749838473436,-0.2692566480300146,0.42439918798414966,-0.28329934297279025,-0.1950679457924341,0.011376954017427627,-0.3078376433981329,-0.3084932908276356,-1.2672319104829037,0.02323455941335083,1.1937702161115031,2.58278086260594,-0.6212700446404665,1.346677925982821,0.03165516653607254,-1.7763664974698725,-0.7058283296889243,0.09594393814254154,1.9259560819030808,2.3540591955100254,0.09640455859730675,0.8698869833630669,-0.4105588381073091,-1.8566107220179322,-0.7223955660390667,-0.7611682538804797
Bearing1_2,acc_00566.csv,-0.5580494768171399,-0.19239139690065693,-0.0492919086492769,-0.4304325117557612,-0.5546311318176537,0.4289166621742398,-0.45698285512857273,-0.48989392423657396,0.608279601890493,0.13226052955112463,1.6917992476373722,1.181240445842782,-0.2525966764866982,0.19437904209430745,-0.39140081310405284,-0.48025362670437205,0.5343160602510824,0.3001330553561499,1.5297059475138517,0.1261363501726144,-0.06167544795363377,0.15210445527584956,-0.24866187050327468,-0.19778324248641926,-0.017574549662276482,-0.2700915319911376,-0.3026667912681978,-1.304831295345773,-0.18604114478543457,1.3980527892398555,2.8169589140539233,-0.7900447588933124,1.0834258636825382,0.29198887016785224,-1.7751488491033398,-0.7262317970581648,-0.10119086391576973,1.580852623988516,2.7547287513769976,0.04456864021050378,0.7815949136388732,-0.3678142338404468,-1.8204703133803501,-0.7466313044741386,-0.7611682538804797
Bearing1_2,acc_00567.csv,-0.11773390740130889,18.24126058312022,-15.770503882966084,2.3935451604885287,8.235909390547128,1.0240254068610937,-0.935051930772831,-1.0071432999283043,0.07663102736823216,-0.374716591304623,5.648404497527477,4.558410435331111,-0.3605096533194319,0.9472533644078843,-0.9478958451494662,-0.8843573190948135,0.014257850543083981,0.34294511179546716,3.923208348273899,1.8381281877906661,-0.44394907164384323,0.9164506621966934,2.075322593243893,10.936135118191292,9.28200697104663,7.755502081940297,10.115918945546936,-0.13168662687243968,-0.8737852128825578,-1.0704054655710207,0.11953666411124284,-1.4356945820225429,3.3785125498313517,4.4860962034513285,-1.7445121707913978,-0.7508261137578096,-0.93780529857242,-1.0849747747510399,-0.4993796559127117,0.07464115102977092,4.82833378119491,2.6172773917822187,-1.75079885510341,-0.7926210298188234,-0.7611682538804797
Bearing1_2,acc_00568.csv,-0.5155711398501085,0.16608799778833908,-0.8762719526370156,-0.16554430402537462,0.4069004287387422,0.41241061533002504,-0.411700087772619,-0.6536129428206889,0.39796706398297815,0.09442504152841094,4.516347855390736,3.279032253980058,-0.34864945947225157,-0.036221705495356804,-0.49196085884862495,-0.42468868211571964,0.3211047052735306,0.8916454018766685,4.048376474698493,0.3963867452972585,-0.20660689942682425,-0.04123132768862153,0.25790454541139135,3.5550916775389703,2.5832596713844627,2.53929761701523,2.2378346962480755,-0.7742916568083272,-0.5237821918761018,0.1275471037635021,0.9579721275433584,-1.0365615360985547,2.794178300435941,2.544574618685778,-1.8333065585988755,-0.7509034729010058,-0.6399069262529554,0.7356227970827843,0.9965793536939932,0.6123226932665087,2.9405073882965906,-0.0621931894728666,-1.6681770262467135,-0.7644682961928803,-0.7611682538804797
Bearing1_2,acc_00569.csv,-0.35283262776993396,3.2940142790546725,-3.465908662326481,0.9349764064815914,2.5426990905584717,0.6985127814335328,-0.7353923215216818,-0.8802709120475104,0.44980898173286543,0.20650887686724825,4.70286554440958,6.146381984075169,-0.16457306108993588,0.23829724004812292,-0.8726657271449116,-0.697429741592572,0.46629386257327116,2.0165061240233717,2.7847322376915797,1.358305834819364,0.17302401062424383,0.1702443352123165,1.1824725817480652,6.031829832966046,-2.7071850912962,4.302426184124026,5.802094136559356,-0.4266476016353396,-0.8200427025791636,-0.8402346911672897,0.7708738104095296,-1.2751520284481077,2.7160025542035213,4.183685475096023,-1.8610656734723827,-0.7502353720353026,-0.8790863471022985,-0.6370666580116598,-0.016123143577449865,-0.46658733130954694,0.38038040194335954,7.649492869369258,-1.867555128979645,-0.783637207022225,-0.7611682538804797
Bearing1_2,acc_00570.csv,-0.5763036726476131,-0.19950770362726314,-0.06192407713065896,-0.4648530133252464,-0.45089875823827236,0.589380024679006,-0.5779538989738773,-0.7259872595006668,0.3665795896896206,0.2082307035015228,1.920932351841743,0.9033516356468396,-0.44186561471670166,0.6755906194567461,-0.6732606758664588,-0.5530470565907973,0.3551456365242543,0.6839883508276815,1.2485920832197333,0.1614631923320185,-0.28206420958026807,0.6190022962492264,-0.2702968558560668,-0.1698619332196627,0.0008870525186745624,-0.15808572385691066,-0.1245008717875751,-1.2738908759646097,-0.24008726600514105,1.4835137774755678,2.384254547200221,-0.13038969465572084,1.1685470932866464,-0.0629786280472197,-1.777366990899309,-0.7139751794307118,-0.1788345527768745,1.5461863783859462,2.3679061593446074,0.9548434475111044,0.8302594744345566,-0.8258453776139711,-1.8350366340333457,-0.7434148577332527,-0.7611682538804797
Bearing1_2,acc_00571.csv,-0.4393217234926269,3.5271352208496305,-2.9201293036977662,0.8367657362425709,2.0546426203920625,0.6070043882655933,-0.8102808525745053,-0.9256757670857518,0.666606939088577,0.3362485168102807,6.388336560883939,4.010344034780114,-0.325436041289566,0.10497216945637473,-0.8902589915101062,-0.5581084796742021,0.33940547259496145,2.7311900001866847,4.336898384740372,-0.013730418186228768,-0.07775317546450805,0.05988587857315101,0.7187259595193232,5.340932406845475,-6.6456595753244745,3.1757432750654253,4.27256013854247,-0.5695466741480194,-0.7571890295468302,-0.6880109382276224,1.3104352811054332,-1.0052281355759718,1.8947636497592357,3.7332745014855133,-1.7704599013095519,-0.7496943679306742,-0.7978672010166333,-0.40888246823205066,0.7516010612246751,-0.4130594005741612,2.927010080736636,1.4759666412562764,-1.0669994340502051,-0.7567445764687114,-0.7611682538804797
Bearing1_2,acc_00572.csv,-0.5479067570560384,-0.17146923885422022,0.09903689055495582,-0.40199818437227336,-0.3218159153628666,0.521500359947621,-0.4372338378502277,-0.6555910084970525,0.3432156001641263,0.09094164846997481,1.680356610297912,1.0302625223673578,-0.2932630597689452,0.48403830447355545,-0.5120377240691918,-0.4685691224239557,0.23116988791888274,0.47432866985141925,1.353315246873217,0.10758403553907085,-0.1621563623316747,0.4585939340104856,-0.3122974977462767,-0.20744608596191427,0.06504750289761241,-0.42092191185827404,-0.3112874617654744,-1.2328988182379517,-0.3056207386809738,1.408227080816137,2.239997581904822,-0.48170912564829704,1.5705840950690333,0.16527004462015948,-1.7541914016965294,-0.7207043859034999,-0.3112787558762851,1.6832414110330958,2.195168859111492,0.26908587196766576,1.2029640357432105,-0.1910627580149411,-1.832478169579098,-0.7462823936824444,-0.7611682538804797
Bearing1_2,acc_00573.csv,-0.29180222650962123,6.657027042819945,-6.813268840758654,1.2189455444298445,4.643607286266385,0.6847302362069276,-0.7886928720102013,-0.8887592721603851,0.3775520538317847,0.021323196815428446,7.419876175247857,7.402296904568909,-0.2926242372552922,0.07770122210908245,-0.8642085009652837,-0.7751959567653186,-0.07872992105609863,1.1427521212860727,6.168246198086172,4.342925106703819,-0.05813648354996422,0.07334824441013679,1.4516670426021472,7.425570391511537,-2.3369350191229055,5.325576901894865,7.646627651008277,-0.302693490686694,-0.8475161165712329,-0.9663068921368588,0.8159183065959803,-1.318497944265166,2.4499314910833987,4.323183783293298,-1.712524834480636,-0.7536326746455592,-0.8833184924970813,-0.5364021511222764,1.145401615973062,0.7891692575841154,0.8094317782961292,2.4494876702903468,-1.1492995200243106,-0.7929111782587859,-0.7611682538804797
Bearing1_2,acc_00574.csv,-0.3815909456952245,4.0276997340957035,-2.9856028777911905,0.9248747375427206,2.615254130663136,0.6857255580084929,-0.7693123030112937,-0.951761024716335,0.4631458983692129,0.03424452553278909,6.641945551295916,3.7228610749088853,-0.3486244520559189,0.2604236997246869,-0.8565652904940103,-0.9696581000043594,0.4351699284795085,1.0305254846394227,3.762995984858559,3.546931956688933,-0.04196987435796899,0.25735677472028234,0.7827473751819534,5.994642975014679,-6.688954800037442,3.605894879344327,4.316890722029121,-0.4753004207812862,-0.7408570968143573,-0.6894596083443577,1.128876088307146,-1.217451287837035,2.2073401744890973,3.7732489969433307,-1.7325572093555917,-0.7432937973287814,-0.8099002677083771,-0.3604971436187494,1.909903532675361,-0.30782170584771773,0.10673420727568694,3.3597480635237362,-1.2615202253230942,-0.7602279271971639,-0.7611682538804797
Bearing1_2,acc_00575.csv,-0.5612620343611915,-0.15595336063195683,0.3770214794458832,-0.3976956216760877,-0.10882586118338367,0.6956531234351778,-0.6732695646401787,-0.7574142832557725,0.3483602170527443,-0.027996969831734598,2.3136568507561734,1.1274421991847638,-0.30170722320184085,0.7642848365930122,-0.7278704139705761,-0.7458387542908407,0.2562385738772011,0.7183721400539483,1.3786759286110795,0.26115109599248376,-0.20065348101651287,0.7646162074514182,-0.3013180591089102,-0.20368093733914805,0.06473966131717665,-0.330639376003175,-0.2734632087088451,-1.1735102648311315,-0.2777056873944007,1.0561643897150808,2.614991331998974,-0.655240882649345,1.4656792937123313,0.1620408556980039,-1.7418721589295925,-0.7183620781806213,-0.3106262921268636,1.072700026918049,2.821802353891753,0.2867642047314339,1.0250394855667664,-0.5404173618115462,-1.766343027727899,-0.7473918993269463,-0.7611682538804797
Bearing1_2,acc_00576.csv,-0.5862797204621635,-0.2084384546540544,0.12892592037805725,-0.45867977119593656,-0.6302778549992386,0.47448319333903516,-0.4767546879667246,-0.7153592090888049,0.6512559845060518,0.06913036253653448,1.801216630758256,1.1708080187853203,-0.3799849901538183,0.370025604317144,-0.6186588096600544,-0.3316339815384749,0.5414600233996522,0.5366402378108964,1.351748752851583,0.29330973637172253,-0.22474510904004286,0.3459730408784456,-0.27113603761726884,-0.20431172955262705,0.05076961385249161,-0.41922718848898044,-0.28132627856196585,-1.2382099232460189,-0.009815157878947003,1.5283873950215965,2.7597197848153705,-0.7760664741547375,0.9790795805942993,0.10560449115187422,-1.7213346345213898,-0.707550802042843,-0.22457896942207808,1.938009055178493,2.659450349252958,0.06112167594482893,0.5599626303634597,-0.2800446130397329,-1.7778920557412656,-0.7406814115195471,-0.7611682538804797
Bearing1_2,acc_00577.csv,-0.5992660431388545,-0.21502938408678873,0.16071004911292505,-0.5076915723437906,-0.5051112601838513,0.5811010900254066,-0.6950749157195881,-0.5318251569554975,0.5303353550593168,0.18458377970958753,2.375516839375802,1.1426995056795086,-0.28662348311429764,0.47385604542983106,-0.7199479898034441,-0.36846860282808114,0.36702088267508687,0.6612544853071819,1.848652497212203,0.49714624542720204,-0.06023154216640721,0.41422994153244985,-0.2778128042900844,-0.20900642235655503,-0.07753730984443159,-0.41722433359799693,-0.31234054716921417,-1.2227023500169962,-0.3501876919511752,1.375656529112909,2.415556911725347,-0.6519608592912792,1.5710266908041364,0.23219354632715603,-1.7875133305277326,-0.716355143693296,-0.09749077747716699,1.3451856668634719,2.495701112175826,0.11743853695935673,1.1786546672088014,-0.27397743139680336,-1.8675048187273775,-0.7411339508628696,-0.7611682538804797
Bearing1_2,acc_00578.csv,-0.5700721486289971,-0.20549898156231203,0.09785401647045874,-0.507878640287103,-0.45468429694041246,0.48586789805416103,-0.502378475971785,-0.5793712423788847,0.5039374440020689,0.0938410040536123,2.0181276249993445,0.9300443431508745,-0.4017245353517451,0.32414046892890647,-0.5062247363829377,-0.4267868415324242,0.5037591733513356,0.46608585568674443,1.4809763967470286,0.3561459613662446,-0.285695340543155,0.2969396880665563,-0.28055998084037487,-0.20193818512136713,0.010778470121757292,-0.3343369542634521,-0.23903576299566584,-1.2345779933683154,0.11858511798511287,1.0763874219901632,2.4955934763570724,-0.5717308203161978,1.3792683403218475,0.11044968308373702,-1.778876149531265,-0.7188775883425567,0.059232218842641814,1.426030230229442,2.428852917222918,0.14487010265923714,0.7750958857593048,-0.09142578478462703,-1.787039800126177,-0.737882314093976,-0.7611682538804797
Bearing1_2,acc_00579.csv,-0.5970655038057208,-0.21541333670286925,0.3735349253212219,-0.5359388317839661,-0.46749105023155885,0.4419651108896663,-0.4795643271133342,-0.6998582280607986,0.765120381917714,-0.08242158080898633,2.270994797062483,1.5360560517338475,-0.27503741617805916,0.214495272683598,-0.6307061373493786,-0.3756404061108135,0.8150537798271142,0.342801892661359,1.5254626355956187,0.49285646722824905,-0.17148514783189206,0.22173537064496746,-0.2908617521903608,-0.19960761636205251,-0.020447293852821225,-0.3388048613279537,-0.26450625746754636,-1.2008132954424802,-0.29903231134717567,0.9374500982550049,2.6531361803746702,-0.7225190874412015,1.3035245589986209,0.518424997073471,-1.7415652697821142,-0.7283329041136454,-0.06329206760309075,1.3190537037329422,2.3176936972263036,0.07071535829738423,1.008541017244468,-0.008723551897868904,-1.7332363012313627,-0.7425160466927573,-0.7611682538804797
Bearing1_2,acc_00580.csv,-0.2749606095511078,5.068568063083547,-7.1911015442104125,0.8045900499928346,4.27582478153951,0.756834601183952,-0.9998547411379892,-1.0635765843667426,0.6670043993628438,0.048688539167454324,8.524061809736383,5.096594164401781,-0.2990296090519492,0.18452411013164266,-1.0682467866814145,-1.1631889856753708,1.093442885532196,1.3615800699841438,6.336281232354921,0.6544628008120794,-0.3423676503940946,0.20346933980207277,1.5574019236524381,6.408452607463332,2.79655226697619,5.164578181811968,6.803379900382452,-0.3402392818658108,-0.8601748119866197,-1.04020611445751,0.8320381391696248,-1.3340571889971164,2.6818028979652104,4.304647380729756,-1.8104949344816192,-0.7589286675013414,-0.8925231953463998,-0.8063892406827181,0.19114956457085605,-0.6626126263782177,4.462960132571691,2.1494075681510223,-1.5020248002011256,-0.7924917213278617,-0.7611682538804797
Bearing1_2,acc_00581.csv,-0.6013153021351608,-0.23799165162619015,0.20704668009137073,-0.5832670214420081,-0.6523879355495555,0.48115945060733717,-0.42197667957115886,-0.6123577015570283,0.522253443047587,-0.09988004672773171,1.875616394555799,1.019401586926987,-0.13351839271519939,0.28882633588663387,-0.6013505567064604,-0.2229078727687891,0.35087736213420845,0.32442577994705196,1.2205611665801461,0.3614501018979096,-0.02711459642434837,0.36291077822223866,-0.32586440195962624,-0.19977323914344,0.12644192788098227,-0.3958091928405588,-0.25610409021084624,-1.1918363530859881,-0.10124404929093722,1.3659028856157072,2.210338185347957,-0.6641535311037398,1.6351314614134238,0.18470049171802097,-1.729896750037422,-0.7207402167788479,-0.23832110687692215,1.3722643567747075,2.2920570527688615,0.1625682207469772,1.4213439784607373,-0.5621862603955774,-1.7116874996425238,-0.7279973761314598,-0.7611682538804797
Bearing1_2,acc_00582.csv,-0.6002164524070284,-0.23375834052306602,0.0700007609879966,-0.5308879973145306,-0.7268630277014698,0.4790464543218718,-0.34999797584626957,-0.6978369515766266,0.5126976704050052,0.13552235974342114,1.8348881467957157,1.2732588525757778,-0.17730920731607924,0.19333168745167614,-0.5670447140729937,-0.3785499979633386,0.5173068202507068,0.47594798921346665,1.4500474249558528,0.4647616410145188,-0.053313844915168156,0.25453467929624,-0.28392933360739,-0.16477459934050534,-0.21592603911632233,-0.03544937822438711,-0.2173276413275437,-1.2097498327060985,-0.29810426640820054,0.7912287347403985,2.7356578082083134,-0.4752202288538852,1.307718919830053,0.29061441717861586,-1.7970862987659264,-0.7259779771247337,-0.45524496661404323,1.1792086483175164,2.7118626182049885,0.3469071908243809,1.1968078228170758,-0.5155468644000497,-1.818529443262098,-0.7489056478561514,-0.7611682538804797
Bearing1_2,acc_00583.csv,-0.5685524020842058,-0.17280292420681886,0.4628710756474756,-0.48524341914630015,-0.3193891462854511,0.6614799520700034,-0.6089964112195921,-0.8527474777981443,0.43507776051856284,0.30211966038216415,1.3905337721777387,1.2934100552223498,-0.304080234088703,0.6787799428675467,-0.6714963223222284,-0.7045220823146234,0.29531381449990607,0.7126599583781134,1.110203307089423,0.20191729696438543,-0.04459378865152667,0.6509473761795292,-0.2888163624919933,-0.1394386912374186,0.19973135624658478,-0.06949791137110524,-0.10740349606226907,-1.2302127940674805,-0.20329221988983878,1.3115153181923465,2.242951908916782,-0.2128556026761405,1.204562657707293,0.2295290830660446,-1.742342704193727,-0.7143328020189589,-0.26613494915327174,1.3075464444985239,2.5455598701290505,0.6009919045406392,0.7140375495411095,-0.3731318286710964,-1.7869105100937084,-0.7341764702221197,-0.7611682538804797
Bearing1_2,acc_00584.csv,-0.5838887331150253,-0.23042763442189454,0.3576584865613597,-0.5480982480992732,-0.5649779747269978,0.5378095006916381,-0.4677248790582284,-0.5742199489636429,0.3430691664140381,0.01911097659487233,1.583722590467142,1.1869111449985412,-0.21420508725504728,0.4604008130337518,-0.4775405046056027,-0.3760743576030554,0.17604774216483274,0.1929335135375472,1.4177097814987452,0.28161249640585195,0.003384102359523928,0.3854072642061763,-0.33295784525566074,-0.20720185683124476,-0.019482822962625834,-0.41044544012082235,-0.2860159756624341,-1.200618452143741,-0.2663814418676812,1.50192582128065,2.3329214551058746,-0.6165034033092422,1.5560192331981095,-0.013862317758930424,-1.7010555806042604,-0.7112823787040182,-0.27972171475753244,1.6801141719943062,2.40548834596953,0.15941019513383597,1.1218940479017334,-0.40362685623533545,-1.8002949198182008,-0.7342773774169301,-0.7611682538804797
Bearing1_2,acc_00585.csv,-0.5959002712700451,-0.21780713171054508,0.0858975770712013,-0.5417379380266509,-0.5407971847329158,0.5350681445111852,-0.6161008218595467,-0.5713457379554128,0.5929117134388888,0.22369568711947246,1.738796043607366,1.3413490983368477,-0.3428441955421475,0.43445260603740576,-0.5741321689615233,-0.6970782060575312,0.674258705196342,0.41262448377708427,1.5227392314624386,0.3920438871857728,-0.07634550424755601,0.34615448568121654,-0.33161802385589545,-0.2042745165587008,0.000968961980495678,-0.362530988498065,-0.3210637966748352,-1.1811300750750364,-0.22509220564332547,1.2945319267176705,2.3810038073799533,-0.48518184757451355,1.1515922652442778,0.3946009558355262,-1.7183087480195527,-0.7062872752382592,-0.06910984896428085,1.6090264055124204,2.2206308698373127,0.4637566919465943,0.675818810533892,-0.32028297819248647,-1.6777215841323536,-0.7319505706176201,-0.7611682538804797
Bearing1_2,acc_00586.csv,-0.5520061922998104,-0.17621635551600454,0.17109472454498842,-0.3778664196849712,-0.38198431408461625,0.4520028797941644,-0.5938896437993785,-0.4568949665476324,0.5835649862814223,0.24731903894839485,2.1011230324609427,1.2488694832140206,-0.3327915686576328,0.29723841959090824,-0.5584381521986973,-0.5266062312720846,0.5768356318226888,0.5335507139349329,2.131471866718337,0.3443989656449995,-0.23018165483452876,0.25664633549717086,-0.20662594212876595,-0.0010178055065490795,-0.25617611193580725,0.4264397727885601,-0.08913657493623842,-1.3196348177300707,-0.1748226785656752,1.510315698086111,2.6573606728771306,-0.16244708793901314,0.7530486668302274,0.09437320765900524,-1.8109081482876581,-0.7129641769396176,0.029412539827774833,1.4086948692259469,2.621011237641519,0.3507711224436209,0.6340125703820195,-0.3296105242938628,-1.8164041582868342,-0.7468799531358633,-0.7611682538804797
Bearing1_2,acc_00587.csv,-0.5122181067398552,0.6606935738986546,-1.536656892655221,0.10832316498400797,0.19330115522976665,0.5261510042843308,-0.6837323597400795,-0.5774416783332551,0.6342218397265806,-0.03662730839578844,3.4151320322481107,1.8284636533817058,-0.3407379123406415,0.34746664570605323,-0.7624581337573891,-0.24252338048723657,0.4006397050409549,0.8917949316562659,1.841479210811816,1.7847662878868005,-0.34682736989956037,0.327915183916639,0.23814891809812488,2.9940497336050598,2.5980448083691,2.232860818694766,2.038899989337091,-0.8370358204459888,-0.5479190700719925,-0.09542901784839732,1.510511816177665,-1.0140491693097522,2.873187747638275,1.688091174499816,-1.7926542070760347,-0.7476773503532192,-0.5757108146176225,0.37378065015264816,2.3030092755202842,-0.20431900994372923,2.6091893680137463,0.302950321520236,-2.002642771315346,-0.7775055151572067,-0.7611682538804797
Bearing1_2,acc_00588.csv,-0.6270788914836877,-0.24924780591452164,0.4611516200267035,-0.5784032549158853,-0.7351785504077543,0.4569573297637042,-0.46408364934178903,-0.645663969104598,0.5181510759920476,0.277435735626618,2.2785670100794357,1.4890335465772082,-0.2833237241857513,0.24575120317121696,-0.4283206598617402,-0.5569426251800369,0.3698339674252549,0.4659302680801706,2.022319075468585,0.4218466994105348,-0.20789684420877144,0.2456200717090945,-0.28491967346825164,-0.202031929918924,0.081033216285142,-0.3736237232788963,-0.2601958513921847,-1.298481561264697,0.14145550836238896,1.5944494311034185,2.2741802963703854,-0.5368732033776207,1.212199187673278,0.30674126725889594,-1.810228102114752,-0.7277992010909259,-0.1555385867863158,1.9048624283668938,2.3595503000113394,0.2540296128319519,0.854436163468162,-0.2428322072236545,-1.8644929464612052,-0.7517263200702683,-0.7611682538804797
Bearing1_2,acc_00589.csv,-0.5637732302710186,-0.1835110972339012,0.02766587616950794,-0.45980217885581115,-0.17675442088660784,0.5479861264088141,-0.5107780443019163,-0.659548387135556,0.349525195925587,-0.11334214992496285,2.479775501173797,1.0079303462554579,-0.364126797292782,0.5543352723795644,-0.5689960123895149,-0.46156271564441426,0.2199060339615754,0.11199794517971955,2.1678093704943127,0.11391790487877855,-0.3213172912387344,0.546934870900233,-0.23141378377519073,-0.09752112636444188,0.003389957303528661,0.07054786523688969,-0.03418011231391373,-1.1133567702257299,-0.36520045448452737,0.9513539400050293,2.108475225141108,-0.6095551964017708,1.576812864928406,0.9154605504100125,-1.760090351072848,-0.7283832337926268,-0.36384224590149805,1.1746454242180309,2.0955434091017877,0.10253566413543581,1.3944378997859204,0.22246689612425663,-1.7307936641087085,-0.7498606041711927,-0.7611682538804797
Bearing1_2,acc_00590.csv,-0.4560379472575636,2.292075364212018,-1.6910872810874806,0.6012471956122343,1.7943698690493084,0.6510870269891752,-0.7467718038410812,-0.9238442251320219,0.6236303651038865,0.14216138749744672,5.263427935125081,4.105083315968506,-0.25685218390893455,0.20920955067680977,-0.7719345822398076,-0.6223824085776599,0.8280104590205724,0.5159671584054086,3.3945819718905272,0.71470629195238,-0.08865951851522424,0.18681443647572757,0.6931805037859451,4.856359427459874,-5.950346483989644,3.0313836571537736,3.969122553172999,-0.5590353636308757,-0.7829732925278755,-0.6067104693519935,1.4126302699585496,-1.132624970408798,2.1546933190814204,3.344098219451584,-1.753647457735222,-0.749048152563045,-0.7596789982973544,-0.3535158103815769,0.7609620816387951,-0.33001272483703614,0.8505406674559338,3.909587434951107,-1.087998084109545,-0.784320279311786,-0.7611682538804797
Bearing1_2,acc_00591.csv,-0.5448356160920818,0.3617688963568117,-0.8992640991456787,-0.007658959869692359,0.1955428697581739,0.4660233351060986,-0.5455716893594638,-0.6654718185387763,0.6185471532916406,0.10769120334411307,3.177640409182075,1.80087890182558,-0.31272192089371065,0.1981423962194697,-0.6336230632431258,-0.453254909756742,0.5559519269570792,0.7779983218566268,1.9274354090518235,1.2867396062538317,-0.10930945712455918,0.17927255331645328,0.05008755289388681,1.7927669088253595,-3.0296361069352034,1.4255562318676005,1.2774322962240763,-0.8995406266274164,-0.5620399167259297,0.28729670207930347,1.6581936424302826,-1.0029709241646798,2.391125644293241,1.798980777758325,-1.8071736760789063,-0.7379990213225543,-0.5376316538154966,0.5693629329775444,1.8741347710794742,-0.04197222548109778,1.0698556595074862,1.5632583495374694,-1.600707503245943,-0.7594233677798439,-0.7611682538804797
Bearing1_2,acc_00592.csv,-0.3946863609225522,5.208768150325803,-5.090825463003585,0.9557409481892698,2.8599235321771013,0.7312858033983138,-0.7487941595508925,-0.78351124164382,0.32493536413679674,-0.03988594994953872,5.383779354876357,2.7084335909872292,-0.30283357289531365,0.46453059311968115,-0.7333860793971605,-0.7275994961223843,0.05307945849429127,1.5515917678652127,3.7568683257518294,0.1254495898172502,-0.06227458342838305,0.39143423914202463,1.0665081119472921,7.42941282653499,-7.02338234271451,4.5694221476682,5.984495720848833,-0.35458645032553476,-0.8225518360754672,-0.7849864282342528,0.7164721667500424,-1.256535722384988,2.6580777728109712,3.9960942626747595,-1.7283103683881018,-0.746877205254502,-0.8680434785567043,-0.6165328745197242,0.8917688219342419,-0.8216171255905778,4.157238481176164,0.3760307550952021,-0.987276607897332,-0.7610380719683365,-0.7611682538804797
Bearing1_2,acc_00593.csv,-0.590966915614109,-0.17713947826509638,0.10602542161008284,-0.4794443129036152,-0.32496186539054367,0.5470094952252329,-0.6277666675399306,-0.6858176622497046,0.7538694434443552,-0.22331241584338854,2.167339799406312,1.0140806893713061,-0.23887447092440112,0.4496705433484451,-0.6740220366643452,-0.5098249822398362,0.6813203928009767,0.37534046999095183,1.290151656411251,0.37933774792727515,-0.11185686954255687,0.4136840093885688,-0.305173908875737,-0.19595197437746883,-0.08435264283333048,-0.33341255969838285,-0.2282277273315176,-1.2691511206348283,-0.21880917822489843,0.9843709653828976,2.616584830152355,-0.5867475313769481,1.5012976931917483,0.16656372161894506,-1.8017636845699938,-0.7218096928110856,-0.3515616348465957,1.4211445735063373,2.661811960744548,0.26725734197877177,0.9325957628876361,-0.34644168395888725,-1.811099296529209,-0.7461364081017191,-0.7611682538804797
Bearing1_2,acc_00594.csv,-0.5538004531878963,-0.040596100314584396,-0.24774243667113302,-0.20108721325473447,-0.07286662152057441,0.5684533169422835,-0.53486659594969,-0.700456717014389,0.4701965803455933,0.3611587813995465,1.702504347748191,0.8858688610839635,-0.10064334595698415,0.39927676158330405,-0.5529882471084628,-0.5419541086363076,0.29172763016434944,0.7679979814980675,1.3027955391514223,0.1368171186764122,-0.14472913866989412,0.4487492648061747,-0.2546049731446333,-0.19799380711567904,0.02590912206491082,-0.32216575915670664,-0.28439718763593347,-1.2061422485344995,-0.3545881346186612,1.7635213893905521,2.4828249478403053,-0.5582532912376342,0.9564990154609145,0.399142137885703,-1.7429536650394604,-0.7090558186700783,-0.4395874592127441,1.8299129263530762,2.6743654909454517,0.12420838305936092,0.5871478043293258,-0.15568110792387527,-1.7740546667339445,-0.7365459495453749,-0.7611682538804797
Bearing1_2,acc_00595.csv,-0.5618702876936092,-0.19120159736551473,0.20201925000287127,-0.5146130862463502,-0.2998262072259058,0.5799258112242193,-0.585812786677823,-0.7065560274843529,0.3059305013501852,0.4986152977426061,1.9365728926008499,0.9832381742378186,-0.3467176871946624,0.6007955982286021,-0.6331843496570805,-0.48502672379352924,0.05822762595069149,0.864516651404674,1.7720902742790916,0.1609264336668402,-0.24533490431336016,0.587731041999052,-0.2321136879634406,-0.16762184106279138,-0.056367195755893384,-0.07827965973926326,-0.1464303166808073,-1.122277200989431,-0.05390192707258433,0.7730043818538181,2.070263196715947,-0.3637245067566904,1.78083018693634,0.27100088816532836,-1.7629241357744467,-0.7139690399664838,-0.2038338748520461,0.9119056874331423,2.0704647036909645,0.5958092480220408,1.5417688761924937,-0.2811450002840928,-1.8098714828347766,-0.7461810366464908,-0.7611682538804797
Bearing1_2,acc_00596.csv,-0.5751700898538256,-0.22390014992374185,0.07680325299736503,-0.443714335730943,-0.6641666052008461,0.4907982681487979,-0.6356859788726444,-0.6264090033297218,0.7252648699939263,-0.05409346030485054,2.2326467173256033,0.9240029066940111,-0.23825432299828242,0.32703816429970783,-0.5893676052461126,-0.514389363427431,0.610735463620288,0.5120575798886573,1.492002742501522,0.21017456976408527,-0.16331031976754629,0.33791337577581587,-0.12492257558513525,0.15250241892388203,-0.18124347527927534,0.5724941140695055,0.21973344886857857,-1.0338548947199824,-0.46611728271324404,0.20442943631301064,2.3236306798834776,-0.8204334790634286,1.9059888872251958,1.131308602026576,-1.7843138878331288,-0.7366348172204592,-0.4236511043893476,0.6062985900518137,2.0839538636784165,0.37166390544112493,0.8385911926818992,1.34108209139644,-1.812259287783941,-0.7686786677309275,-0.7611682538804797
Bearing1_2,acc_00597.csv,-0.532091354098596,-0.19317706442618124,0.6151091265391594,-0.471774527227806,-0.3868418620419659,0.5418247987981394,-0.4834727152956311,-0.7103463246424758,0.4799168443757838,0.036808816965795604,1.711077260830549,0.9632826637400452,-0.28664971064589606,0.48078593592524055,-0.5151968910188908,-0.45353622975996555,0.328232975050675,0.3748564602900473,1.3152032058047203,0.11766464163033317,-0.2092642580470883,0.44264027171716047,-0.28302281641673865,-0.20102140024541873,0.018654736509495586,-0.35066792491300935,-0.28756867710362205,-1.1889334280421873,-0.29055773596249584,1.0880479475791298,2.685653188010438,-0.6909054330200388,1.4515839469824041,0.09592181747782252,-1.7555000838497594,-0.7049694788088917,-0.19543527429880386,1.4630935021571019,2.58194578084041,0.38615992972476065,0.9126981128570135,-0.553901511028112,-1.8222411647773866,-0.728073711937179,-0.7611682538804797
Bearing1_2,acc_00598.csv,-0.5797870558225647,-0.21276328050297452,0.1659218670658394,-0.47383227460424254,-0.5902329459062197,0.31976318233873696,-0.343463151899528,-0.5083865205229265,0.46498309023068884,0.25724037169718145,1.9882471196610318,1.1242623430884273,-0.40938519321465494,0.15090660864601058,-0.3424540687379071,-0.5744116970672201,0.4460049453412811,0.8043136888253926,1.547293565751964,0.21385461269997294,-0.40444099206710954,0.18963527568269253,-0.3063951238174713,-0.20458411182056238,-0.038257494233976834,-0.34635408360935266,-0.3289641440336381,-1.2794012180090324,-0.06453140742689448,1.7035383611402237,2.3053638096884574,-0.4751437308402876,1.043729814001098,0.3370192179356801,-1.7638519937638104,-0.7172203886788293,-0.0746212465819278,1.6689141637115217,2.4126941598138645,0.28276152324083287,0.7851371015964426,-0.2684615607838875,-1.8291827887008303,-0.7341614707039252,-0.7611682538804797
Bearing1_2,acc_00599.csv,-0.5684375375394858,-0.2146727439292377,0.06327131955734344,-0.5267725025616574,-0.4167524065136934,0.5794180382129287,-0.5766666214254684,-0.7504682695946501,0.6541165403869715,-0.10346895457608905,1.7631243043271858,0.8808918022136978,-0.3957152826707465,0.5365118428334411,-0.6795283823492484,-0.4280321196850269,0.522965285281593,0.32465241859673216,1.4342407539484765,0.24848524010244483,-0.24518912681702493,0.5091016174129688,-0.29625024191168214,-0.20194527364326048,0.0828620999943574,-0.39164941729774716,-0.27802922212957754,-1.1916690089682722,0.20518143321167037,0.7019173367718984,2.59666331472175,-0.6872015222347657,1.493072570840552,0.12545730880259456,-1.7632966773160375,-0.7140533723928321,-0.1437174344171881,1.3958775340903584,2.3393150183957228,0.044313926151366465,1.1925580216737415,-0.005042420626470181,-1.8505721559966948,-0.7411727148989328,-0.7611682538804797
Bearing1_2,acc_00600.csv,-0.5324346592696,-0.1756714479150355,0.04492227682376722,-0.4532548008398764,-0.3269117585800944,0.44759630104159104,-0.26261245731003846,-0.6574286773355027,0.42626601514480833,-0.14726486295206906,1.5379127690669674,1.0323571497898436,-0.2814177489588442,0.2926094737369324,-0.4126261360013574,-0.2934833081724189,0.3285247464164708,0.22582277549251875,1.1280897857946666,0.3189674876102016,-0.23036880681197455,0.2950406638092802,-0.2631825561935935,-0.19771224934334022,0.08112948910228997,-0.2668561510133951,-0.2676270632206947,-1.3553854083849721,0.2698267235063937,1.4651182735423804,2.5810942425729637,-0.6277858600271015,1.0138898817472328,0.1389552619011567,-1.7784809768235876,-0.7232742439069231,0.046594126941640376,1.9496382660831024,2.4206787092175452,0.15780553619439544,0.4390212777345346,-0.07725374532806316,-1.8150721920928288,-0.7365558552188266,-0.7611682538804797
Bearing1_2,acc_00601.csv,-0.5741815503017178,-0.22917230370730038,0.41740593381291896,-0.5200380566024103,-0.5784274967895815,0.5010327404355689,-0.522413152539543,-0.45222218664516517,0.4495110450534487,0.04501126105690547,1.5309544426564747,0.9606813852989027,-0.2680682016567155,0.4257295289961489,-0.5840493483865908,-0.45733139644763277,0.5620689660664776,0.5195904207464813,1.018378354321368,0.11661380046264234,-0.14566821592545706,0.38762893337831517,-0.28727991893973354,-0.20273991006648295,0.024240597861725985,-0.35190045099976835,-0.2832305702258715,-1.2164274085170743,-0.16955431147809338,1.0811278264589583,2.762876892094566,-0.5649888760780287,1.0907982464267916,0.19870242492234189,-1.7498325334231386,-0.7119228489614334,-0.28351583593442514,1.774556131540974,2.295290474742374,0.5390411988558197,0.8040303484958458,-0.4043217393438806,-1.79987285667409,-0.7301211366973384,-0.7611682538804797
Bearing1_2,acc_00602.csv,-0.5902831372662111,-0.22415212085012842,0.3453265796863652,-0.521721668092222,-0.575422491333984,0.46696909870176745,-0.43068958993383594,-0.6602813101590882,0.5845326499543605,0.11569405455402658,1.7348392889304949,1.141069821249791,-0.43399409952627943,0.32158608346825407,-0.4829269277066111,-0.45655435710072756,0.6423290105989764,0.5249716389729239,1.1790994883718717,0.18871726878119652,-0.25172079670572484,0.24075303704093684,-0.3114207299197363,-0.20480690306750332,0.07377859973193068,-0.3887221678416944,-0.35467578269355127,-1.1868483137235362,-0.15544636158576472,1.2549091253849962,2.3598696440546285,-0.6430531176326133,1.5147847214965355,0.2285433642062771,-1.7582677525161783,-0.7065702112900732,-0.1597372952983221,1.7684513299272822,2.208406799444583,0.25760817595085905,1.039959744055994,-0.3696479818286327,-1.7649791097782606,-0.7356463760295916,-0.7611682538804797
Bearing1_2,acc_00603.csv,-0.5217854384169496,0.2592905035544359,-1.1990176229872462,-0.04900097534173716,-0.1917425237572909,0.518809684457459,-0.4868600416402585,-0.6318552715143377,0.6356510305043067,0.1017570112602733,1.8759674059864029,2.1915345251444776,-0.1650521462931249,0.18522441913723342,-0.5828503216397217,-0.37075055648939237,0.48182826686479696,1.0126191131214717,0.9798372207172442,1.392893023672073,-0.22357794634046205,0.2180887398124669,0.18365290405095347,3.0300059569688167,2.884102147405563,2.034578184487407,1.997756105908284,-0.7005312620985343,-0.6076908600121931,0.0834277702883775,1.0943582393927873,-1.0387640133491085,2.6690477065511056,2.3317123016068315,-1.7291888188562443,-0.7324283759531216,-0.5770346805468508,0.26874655256662827,0.8803708615223178,0.11303238102362186,1.5014698437030538,2.3739278597068907,-1.5148049774540526,-0.7303495594021213,-0.7611682538804797
Bearing1_2,acc_00604.csv,-0.5629133761414377,-0.18525116788944684,0.09445996565363501,-0.39844389344933734,-0.47071171922731503,0.4357250907408492,-0.4024717471551511,-0.6444707338988235,0.5250083271945162,-0.06497201845652745,2.1191306811303585,1.581684948948946,-0.3744115237939053,0.21420354778274536,-0.43903368183127117,-0.4651613630723543,0.4411116444431179,0.3997289515130677,1.5912515377232033,0.3602124637643458,-0.2569929143258007,0.2625993583025557,-0.18283469995229137,0.032309735196411074,0.07132592649869318,0.34509305106246396,0.13739277318185938,-1.1052170811098698,-0.472340653770324,0.857618846321282,2.058609908833195,-0.7646279267751025,2.2695874789641075,0.4637527757494621,-1.7616037133879527,-0.7273018579361966,-0.4547663813954537,1.0654650330268718,2.0180085267521473,0.5576430622837714,1.1952261892537448,0.43590206379511276,-1.8484145231519513,-0.7516257763968519,-0.7611682538804797
Bearing1_2,acc_00605.csv,-0.5790318008511485,-0.23808343790655523,-0.0076456766405905135,-0.5123682709266011,-0.7731600836213248,0.538340808844977,-0.5233071996974353,-0.6578046130281574,0.5119143570276935,-0.10937768226617862,2.5290410307787137,1.6021722563452219,-0.26892937589492216,0.3910456690823108,-0.6258134078080673,-0.40891408482753394,0.39914532902155564,0.4009947952773273,1.8182164367313007,0.6730855412946937,-0.09910515678780811,0.36320776749508793,-0.28497985663905046,-0.14496210281263874,0.10496430197764585,-0.07827965973926326,-0.1052709628781361,-1.1890451090158631,-0.39744252752090087,1.3911988718977453,2.172662305611314,-0.729071072021719,1.6796112567372774,0.5496425026325276,-1.770818825710114,-0.7191176653557418,-0.40690959794336967,1.8748380388462917,2.045309867743194,0.10434126636993564,1.4905040901249818,-0.17439892556376413,-1.8423899104055692,-0.7470368202368362,-0.7611682538804797
Bearing1_2,acc_00606.csv,-0.5543579137815589,-0.2243688919785524,0.2752456660039369,-0.5295785217113437,-0.6258789165294608,0.4772692119913983,-0.3209990133871711,-0.6690666112231544,0.4008766204606274,0.1508775854483553,1.9656199699959458,1.2692915113251044,-0.2696793306452057,0.21418868108940517,-0.48158748914134325,-0.31678707473188095,0.3030851086024793,0.7794412607692712,1.3606387611626751,0.14502122734311165,-0.24761121402942388,0.2814872758707748,-0.18657837088625287,-0.07929837353572028,-0.3331716354304983,0.1374124054435673,0.010518698755580992,-1.129926890654684,-0.352484382438927,0.731310208910461,2.285001804971874,-0.5369732298286638,1.840708727813588,0.4121245988180577,-1.7842940435386698,-0.7218756450901784,-0.3912735839443739,1.107314481503087,2.3625789532228034,0.39424612000400394,1.3576186997251014,-0.3018863115360116,-1.7920010861284188,-0.744507001107326,-0.7611682538804797
Bearing1_2,acc_00607.csv,-0.5591377105315775,-0.03212348101948256,0.33558009953704454,-0.18350282658336695,-0.10462084546320974,0.6305682288008446,-0.5364719205054225,-0.7988756732302623,0.2367970123861679,0.6689330747604694,1.9973588374176507,1.180125214449761,-0.06426340890959106,0.4716514307162977,-0.5889857158804455,-0.7245556873450439,0.06856438907208823,0.9061847354799533,2.3619560915570275,0.4998876333401633,0.29930473826704984,0.3663037407969334,-0.23552340477067626,-0.13195598416249643,0.06415184760729961,-0.0514722173522544,-0.08163628882991253,-1.1733742825366487,-0.3036282740241263,0.8302054938856767,2.491760917783962,-0.36281880449440074,1.4246557254827632,0.22052954459395824,-1.783475421383778,-0.6937684738105362,-0.21443037063371814,1.0449904172842641,2.2077732612505443,0.44796413379187894,1.3853877415574802,-0.24293256156269127,-1.8294466097661142,-0.7297955510052047,-0.7611682538804797
Bearing1_2,acc_00608.csv,-0.2655913330314502,10.364278101356996,-7.578648327037198,1.65069835759491,4.997392784444474,1.0075006083144753,-0.9335395288723379,-1.0760994631475922,0.17409589907487227,-0.058239735813503106,5.028653107714154,5.43166136687724,-0.17274051685737654,0.804751169672662,-0.9950147169836596,-1.2344049497656289,0.1090643379492073,1.4400181007767843,3.4135237561484844,1.4113194857517752,0.23595648809159178,0.7524297124244138,1.6191526983677587,9.204815833437422,1.0945324728163814,6.624813463099731,7.59820593404151,-0.13524132462521768,-0.8639942454268951,-1.091598231748345,0.32071830313153726,-1.2994533190452415,2.2054070356097704,5.293659139929961,-1.6510813591027949,-0.7469605925820425,-0.9099924342648089,-0.9599487964988469,-0.14352151759004103,-0.18218267129165513,1.5756901369685108,3.838758071488689,-0.5714500206850532,-0.7768285997534835,-0.7611682538804797
Bearing1_2,acc_00609.csv,-0.5910873666657188,-0.18959252621858289,0.2195083889794159,-0.45213239318000187,-0.43771110049204986,0.47851830188335737,-0.4877101422988064,-0.6115991217247869,0.6065567820296689,0.09260451869059959,2.1051002390907176,1.0045810505441148,-0.20559304187622057,0.23361007542188603,-0.5586710967378679,-0.5734104000256183,0.6354368705264367,0.6503485933653916,1.5901330852609963,0.4375512066655316,-0.13323092123433414,0.2521478414150532,-0.23351028212677283,-0.1835123659465538,0.09029362698054576,-0.1408303586422842,-0.2800868267272015,-1.1755085335695659,-0.40225134961350967,1.0289965928893674,2.4391342755626897,-0.7443209800659766,1.8083796828825314,0.3872830811471691,-1.8190918241606429,-0.7237242006065735,-0.4029294074340689,1.1881643608866823,2.339779777053087,0.32678283389299917,1.0644815141227701,0.28215420259722934,-1.8763889418619568,-0.7483424025313796,-0.7611682538804797
Bearing1_2,acc_00610.csv,-0.5900699209296894,-0.21300546835543427,0.029958122161755113,-0.5093751838336024,-0.5182092461599952,0.41719746070853864,-0.4138146964682552,-0.6202142582495564,0.5755385560990595,0.07289960698292726,1.7404010585874203,1.0473157009255862,-0.2638815045622942,0.24649418955598262,-0.4598150741945588,-0.3361571764674726,0.42168419552810865,0.3571860923490667,1.3791222199009285,0.29718898527403276,-0.09129302511247754,0.22186400268966378,-0.30233981520228365,-0.20481099745766806,0.11052548736908092,-0.33218003361162385,-0.2950882886281467,-1.2734779516414274,-0.17869494539069478,1.5679833325313202,2.4066467492922383,-0.54085429069044,1.189710021199821,0.3219873817231913,-1.7852543841468094,-0.7192424814570004,-0.09703107704020096,1.7568349813136461,2.4221968051571383,0.3046803313226315,0.8531866863929417,-0.38052515390775854,-1.8489597300093956,-0.7424962010707167,-0.7611682538804797
Bearing1_2,acc_00611.csv,-0.33571157695388243,6.3079583034582,-0.8011866542603088,1.3027519830338088,3.5615199179427623,0.8640499106846858,-0.8774828294148457,-1.0599652237188009,0.3981728876239866,0.03806937898430751,6.556150563475534,6.165296741097101,-0.19274910595977066,0.37467883487899334,-0.9651068865293098,-0.8982583068846394,0.4222653056570434,1.1716741152687777,4.149054587178608,3.6564093182028343,-0.3790063302219629,0.37631291727430094,1.701715161177089,9.025962473167779,-8.61598293340504,6.03936357188919,8.25796400071707,-0.19509755997621084,-0.8161583366471877,-1.0770617193542558,0.22192731248837733,-1.4023556762309688,3.330642736609775,4.327779058217881,-1.746813602252071,-0.7534893419336822,-0.8915473298968544,-0.9139865591048404,0.40096787936608635,-0.9569888159524691,4.595258217572104,3.171365989731306,-2.052269259000148,-0.7889096537836461,-0.7611682538804797
Bearing1_2,acc_00612.csv,-0.5723217139807414,-0.2117085260931078,0.14236562697502372,-0.545292228949587,-0.4741133626909222,0.6362661227529758,-0.551979621301734,-0.8269020370603545,0.37816435118466035,-0.04636932973073357,1.6503482436224155,1.0567523798530403,-0.23190534789138484,0.6695689524705204,-0.6573858544207007,-0.5803963583457411,0.2814986375130168,0.5345219293979648,0.9655459987179547,0.15925222555067303,-0.11300934394301157,0.6611974247233626,-0.32229420492593147,-0.1957685822350007,-0.06342356103501318,-0.40335841512195786,-0.18071941185945783,-1.1747672255352202,-0.17310341774834642,0.853241664627001,2.42750966054142,-0.49561770965843294,1.4432511239238666,0.40934206860195305,-1.772632935394144,-0.7231763993117175,-0.1771728803050487,1.1655752923089242,2.2075840171819405,0.20151358988700507,1.3606298786493267,-0.14823536596971762,-1.7483879775072235,-0.7478457230638104,-0.7611682538804797
Bearing1_2,acc_00613.csv,-0.6094306684563734,-0.21808478882311408,0.05791161577260866,-0.498525243121482,-0.6688385156649731,0.5514838316891761,-0.5038950458089798,-0.8200378583507671,0.5418197644253362,0.08348716487254408,2.156489990638811,1.3202111938248533,-0.3721025998369099,0.44420729597801034,-0.6194741061812504,-0.49206162573462614,0.4449277320180229,0.5146432786605435,1.7238583599232191,0.32635764486587104,-0.26308607977575793,0.44077986214658826,-0.324973724984866,-0.20582866308671574,0.07415782088493213,-0.34820287273949124,-0.3221421339032822,-1.2002539218163237,-0.14637146344917928,1.2225482399272882,2.272677984413602,-0.5722202290353571,1.3478674789486091,0.550639049885964,-1.7697720392656848,-0.7201688399762929,-0.17197563983734382,1.1134538400474863,2.5500320978896096,0.10796590223292941,0.8568844800971188,0.012632325726587217,-1.688583004089651,-0.7573359374159951,-0.7611682538804797
Bearing1_2,acc_00614.csv,-0.5623080266589277,-0.20000683072069272,-0.04904099178132866,-0.45512548027300054,-0.6677818745358384,0.5507760692765812,-0.5415782160307132,-0.7053939647398338,0.4236162416521738,0.08350702692374314,1.7423808807928074,0.9561686435049672,-0.35375264938073114,0.5447559901957244,-0.6111720339958574,-0.4300425551828155,0.2873013310581304,0.4440633010425002,1.2580555070131467,0.2384585759122709,-0.1827830126854332,0.5349725605273115,-0.3195519457816384,-0.18641078087962623,-0.052002404453365236,-0.28750096296660893,-0.19537815652892274,-1.2489674682307486,-0.34772825007091135,1.482546866925471,2.3264671641660093,-0.5588402486769893,1.5768657106375426,0.1384028230875749,-1.7654220746782145,-0.7244093063820947,-0.14811310046315815,1.7033763193519589,2.290455891751213,0.5003678445062518,1.0502465705752784,-0.6135852185028837,-1.809650690768072,-0.7508122665228294,-0.7611682538804797
Bearing1_2,acc_00615.csv,-0.5707107207408193,-0.14362864597546524,0.002048111636521107,-0.39170944749009035,-0.2938919766411437,0.5583169751157525,-0.4023209897345087,-0.833132391513581,0.2964006695716312,0.09307221418169423,1.3705241732543931,1.2148647486735555,-0.4187787307056026,0.6185079904949995,-0.4804567501742689,-0.6991332463342312,0.2146284448135058,0.3357446174887162,1.2974195687327956,0.14742109949958015,-0.22292278009149874,0.588509278632859,-0.3468986132748981,-0.20152970140808474,0.1330097553361385,-0.38456239229888267,-0.25700447624751466,-1.1814543803943516,-0.3858138715621948,1.1467923000891276,2.3980180667791613,-0.5043328944675236,1.4106672636858961,0.4553300632665484,-1.78783975441801,-0.7138516602539547,-0.35696804924981734,1.386820139186793,2.3222493789914265,0.19771980867251143,1.1181405304543988,0.012810356001528364,-1.8032439732048067,-0.7376177132666101,-0.7611682538804797
Bearing1_2,acc_00616.csv,-0.36493494191121884,2.9518637100728253,-3.339678606882407,0.6998320017378797,2.489751611520441,0.7931115347664555,-0.7679400985902165,-0.8645107673203747,0.264556722790772,-0.2981005204031105,5.116531440226944,2.906270069007318,-0.38862982033025356,0.6971985285848996,-0.8557879274685165,-0.8968434944319558,0.10124221213364289,0.6844040502729757,2.4122112251837096,4.322858230498496,-0.4027535075983993,0.6735706021655071,0.7873878694787757,5.778310905328281,0.9340554928447413,3.554899112504672,4.6292587530455975,-0.40702588362151365,-0.714176569346412,-0.741193513222581,0.8527718982271414,-1.2984834897003865,2.5871172314713395,3.7276411305792885,-1.6829264244522422,-0.7446115859888046,-0.7685697881039069,-0.4515904196866181,2.0857100903603394,-0.5872882567128531,0.8490247725091603,4.076070429944823,-2.028063515167244,-0.7641102217773655,-0.7611682538804797
Bearing1_2,acc_00617.csv,-0.5459976987803075,-0.018797260378105425,0.1263040521583268,-0.2295215406382223,0.04378949694566687,0.5615685110538065,-0.49609741159017645,-0.6491219525868982,0.3312739386838179,-0.15153652603276882,2.8581824155514557,1.772821833058225,-0.099275622878232,0.3745931561354054,-0.5570799094437539,-0.45747629479445634,0.18537824133717087,0.5769388358009438,1.6947823531168515,0.3141113443026221,0.08206504675160572,0.3727128419445481,0.1362179786086378,2.1816398230292244,-0.4015510751836285,1.6959416421503628,1.6671194981516173,-0.7133886836252538,-0.5975476121261457,0.02341043994683223,1.1308013845542162,-1.102298891294765,2.8717154912054923,1.9704954226056348,-1.640702974445959,-0.7361036709614618,-0.6051319385392411,0.1511311220915618,1.27066637677668,0.5684537067339906,1.6380199673867104,0.8226904981479001,-1.2573520347000493,-0.7652147646831594,-0.7611682538804797
Bearing1_2,acc_00618.csv,-0.597563814261056,-0.20640162731250292,-0.07614957297332554,-0.5061950287972912,-0.494246149120967,0.46373420659319625,-0.36913141286226786,-0.5931327076272191,0.4328153440614683,-0.012642075570386208,1.4996944834515973,1.2630449958790169,-0.2719489955760802,0.2572103298340519,-0.44255873527244005,-0.5042705334235826,0.4404226751206819,0.3994149069779425,1.065077742388237,0.28947748903516946,-0.17138378773247076,0.32646776893650714,-0.3117656109589167,-0.17665578604045556,0.07421699128397595,-0.07643087060912478,-0.215755789350376,-1.205196513821522,-0.17040407776791872,1.1176848259132774,2.4359787565372617,-0.7634272657572837,1.585533079166336,0.33485134041354137,-1.7639336674098343,-0.7181985804007431,-0.22164120988539138,1.2799024222702622,2.413361436786616,0.3292697324724514,1.1815309743901594,-0.34886258126548997,-1.803093523290634,-0.7476822753446588,-0.7611682538804797
Bearing1_2,acc_00619.csv,-0.5911776869592359,-0.2044441272301947,-0.12287374807577615,-0.4850563512029878,-0.5900595785635546,0.4114613600100516,-0.4579439735042011,-0.6150991901279418,0.7275380380995466,0.07729137642872864,1.9194638964475303,1.160093556334842,-0.3863727770677419,0.2239026440825792,-0.5529998056946605,-0.2647239666096988,0.6540215732779839,0.4592025371357752,1.5503182922264356,0.4400675491731851,-0.3504701663382387,0.20261558572806304,-0.25805982452641857,-0.19774168782010632,0.06759294094548284,-0.3696180134969294,-0.22662683001650025,-1.2139639792522385,-0.3464328617849087,0.9749396364329499,2.523693724983019,-0.6562842499090573,1.755564596591233,0.2153491693897218,-1.8186658822558537,-0.7253803277280577,-0.41106524537764105,1.4007463553668194,2.416204866995415,0.31769682903685403,1.340062434618013,-0.30171681688402474,-1.8747763708960308,-0.7568021348671636,-0.7611682538804797
Bearing1_2,acc_00620.csv,-0.2202910194629755,9.889622451578397,-9.240820632130859,1.4999215952850993,5.008574406884687,0.8785654777846285,-0.7529174947978999,-1.0480619271372287,0.1440005342768155,-0.2630947000432686,7.510509228355992,4.712706102866751,-0.2495006296292325,0.4263890491205655,-0.8310985410413968,-1.1616538937669598,0.1874722937344154,0.8699499206770334,5.752155224077838,1.9394330078559805,-0.3311087681907476,0.46294579512510703,1.749533183257477,9.682137143236378,4.875259255154505,7.163581428774271,8.375240367628065,-0.22130553149839285,-0.8806322462017261,-1.0257677660422373,0.20737044625078974,-1.420380331774756,3.4057922660606317,4.415321374288441,-1.8033400199363898,-0.7577973225786145,-0.9058207737377779,-0.7908680073305455,0.09828480472860719,0.8389353689367939,1.3700672553317594,4.6541176833714175,-1.7302092329240508,-0.7963448471191219,-0.7611682538804797
Bearing1_2,acc_00621.csv,-0.5746035835439517,-0.1761958085059444,0.2588781299318636,-0.4382893653748828,-0.2743587382980387,0.6236480499017034,-0.34798363626041745,-0.9049787973921588,0.35497741346227546,0.06265462005655595,1.4072145699914227,0.9370712090536525,-0.08363618826188783,0.4736039526201322,-0.4584879458148149,-0.7243759395129664,0.1920172876503437,0.2739506458354599,1.2730359015516888,0.4498934614414076,0.3433582043515335,0.3983077736604727,-0.2885163292903727,-0.20780393630901187,-0.12217921965919432,-0.35359517436906196,-0.3890212534183733,-1.201076363164282,0.15101965396877318,0.7337066630455065,2.436706149121159,-0.5829783224897119,1.6589914319956427,0.00441680303666533,-1.7480258936299031,-0.7126033275645575,-0.10195470363350982,1.192399401625051,2.477341438839781,0.47705845743202835,1.1035950735227227,-0.6859181334104283,-1.7283489132732652,-0.7520505693484313,-0.7611682538804797
Bearing1_2,acc_00622.csv,-0.5021974972735208,-0.03771319966072482,0.4384618322175801,-0.21324662957004165,0.10017147728103595,0.6812289643799059,-0.4722795379301972,-0.8449591995012415,0.24280592677263585,0.08435399983580334,1.2260488920868222,0.35199725236018065,-0.08023653241053721,0.6873400965985269,-0.534112293808985,-0.6428474478588526,0.039030135786386075,0.4445141151518687,0.8714857554174591,0.04264060044025107,-0.21371815723801493,0.7483323007220972,-0.2921361063520546,-0.14499229944155106,-0.15315718421763508,-0.12342092766681295,-0.08404024718819526,-1.2025305777889517,-0.3729266261337378,1.3008397197905786,2.5034718301651693,-0.36906503860392065,1.1847206150208098,0.19419711958902316,-1.754442764697491,-0.7034373916898062,-0.3408198221079331,1.6713645235058872,2.590821609590147,0.2734869850422482,0.83162719311,-0.45558255587605373,-1.787758606651002,-0.7277473708947922,-0.7611682538804797
Bearing1_2,acc_00623.csv,-0.5479949809418031,-0.10306973396671297,-0.02564225693093941,-0.3165081342784975,-0.19295171071418032,0.7549672035134243,-0.6562228996309831,-0.8559733912403034,0.3316358173479553,-0.02083686516262472,2.182841685065825,1.578056845853153,-0.1521922920324337,0.6833179468476054,-0.7325535262372028,-0.7486135149049393,0.29789966207701674,0.5141534692644785,1.5403159340488324,0.30470666955746256,-0.013754819566802388,0.7067841796258183,-0.18869650810659408,0.09511839859999091,-0.762407820151993,0.34108734128049717,0.2064071524283694,-0.9672244805001585,-0.30856195748629883,0.3203499090937882,2.050073710658557,-0.6990410122637658,1.7460639225743457,1.1782860434744415,-1.7132327881782616,-0.7151436769100282,-0.4005717415622377,0.6088369329102608,2.229093485828059,0.14833251441021275,0.9631182412747907,0.8519125530077262,-1.6887213019492961,-0.7298797216495116,-0.7611682538804797
Bearing1_2,acc_00624.csv,-0.5651088249970848,-0.22399292116778366,-0.03803192641818207,-0.48150206028005177,-0.6194774867310019,0.4923746015049144,-0.3814123779789801,-0.7120522350637716,0.4730635007374228,-0.11534044904539462,1.7958274303420398,1.282614268066552,-0.3313220625758738,0.38229389157182947,-0.5089528167543318,-0.538466519468377,0.5000496370301843,0.25013127429254156,1.3833835502827294,0.04587150636871645,-0.13214339102526743,0.38359876310297303,-0.27974269374880517,-0.1968662700153033,0.024254267535233645,-0.362530988498065,-0.21583315863112645,-1.263535782206469,-0.44736455965151634,0.9986644284745452,3.089248724617311,-0.57874393065605,1.0546855148716545,0.1718485073512887,-1.7903897264503081,-0.7283846272020053,-0.34910805878354456,1.4254166553601615,3.043744662159461,-0.15940233571810586,0.8045172420725513,-0.19825432382809738,-1.8333701569866903,-0.7512238896475903,-0.7611682538804797
Bearing1_2,acc_00625.csv,-0.2772518685894806,6.3659893702007535,-6.779171493361152,1.2890960231720021,3.720288301726985,0.8991385043728067,-0.7748214670562912,-0.9826073306186964,0.38412015812002964,-0.10372469716253223,3.0506582159993996,6.758952711959061,0.05435848025336017,0.5437950328439839,-0.8237969395429964,-1.070416253898555,0.23407794910485896,1.531054098531615,1.292779947643672,2.4572352224253224,0.45546704308079194,0.501298475191157,1.704066366144907,5.847037061713348,7.360067203477813,5.511226143712944,7.204653704520499,-0.16460365638504051,-0.8034890537326398,-1.0600620104833278,0.2573540666414974,-1.342394697660317,1.9039028298842486,5.763447514072376,-1.6482044302304715,-0.7527728585385156,-0.883062913043766,-0.9468135459533948,-0.38446490608759504,-0.4925031704315541,0.44528978904603855,6.423010448891918,-0.8264881361198869,-0.7872422205986158,-0.7611682538804797
Bearing1_2,acc_00626.csv,-0.5656612874492399,-0.2175189084599944,-0.07060114635231897,-0.5321974729177176,-0.46029524385572174,0.5398429813610129,-0.44891093191677317,-0.8365087509174329,0.4086001798317173,0.11004841538196364,1.7243235989370305,1.37436113683528,-0.3657670593286962,0.4725505834921514,-0.5691390328916726,-0.3703088223487305,0.20568373514943297,0.513952936429614,1.1963706623462647,0.41843171005992263,-0.28066596681050704,0.5128677237022845,-0.2541623041823715,-0.16778398336235778,0.009432149326669978,-0.14529826570678567,-0.13609531186666754,-1.153206139661557,-0.3706717936250264,1.0894612229157212,2.3126394547371727,-0.6480789450769113,1.8286608925736385,0.20614086742502777,-1.7457099899260236,-0.7219489944475466,-0.3991709374389693,1.5836209028559471,2.1363421412152626,0.688315582458415,1.401931230691703,-0.8827469478980874,-1.7295646935250495,-0.7465261831185361,-0.7611682538804797
Bearing1_2,acc_00627.csv,-0.5602050316293297,-0.22195052840550478,0.15304080351654847,-0.5241535513552835,-0.5182303703306862,0.4511789277118754,-0.42610680660615646,-0.7650192654826478,0.6165061463562362,-0.09362317575552051,1.4711341335995007,1.1001438192242845,-0.31988500664264524,0.42178459625795744,-0.541500349608518,-0.42839433013923706,0.4391482989387386,0.1608012687610005,1.2124468528901027,0.7005881110045257,-0.2019937548303574,0.4063349860371737,-0.2553709836059887,-0.1716536670795231,0.06782188347734962,-0.20677050428389238,-0.13832816976363854,-1.1408438597648658,-0.390392402547527,0.989376789746479,2.4933198850232268,-0.7260744172610162,1.6550124853304966,0.35710369247929225,-1.7598887649704262,-0.7170936216687522,-0.30783893538848084,1.3195294307067433,2.668574876804113,-0.1716566418038211,1.1536337279837443,-0.029382159974415397,-1.8231449283098082,-0.7442016115078891,-0.7611682538804797
Bearing1_2,acc_00628.csv,-0.36307586562356275,3.8735042409418745,-3.0257545035605617,0.9826787320262587,2.432478922173867,0.7053619212881185,-0.8210568712406994,-0.9675711543085393,0.5071534504838338,-0.015514058297470447,6.972882488960493,4.570239127065196,-0.3498674141916655,0.23792594330804664,-0.8841641628257103,-0.938761731477985,0.6942762363927534,0.8078202318353611,4.3265264157428165,2.8585104021084597,-0.19535466648036204,0.22001272084280188,0.9682947638425811,6.768614381965587,-7.015063621833965,4.373296434112669,5.0469744450789875,-0.4474006228590156,-0.786434564449436,-0.7404243937409432,1.0593143666602707,-1.2609981096732135,2.174726782352522,4.095041598633171,-1.7505722525813958,-0.7492775889430561,-0.7851632015988665,-0.499940924232128,1.0931589763226495,-0.8752845122193583,2.7294607598682603,3.548278729946866,-1.9158567483190514,-0.7822828622081893,-0.7611682538804797
Bearing1_2,acc_00629.csv,-0.454412021623312,0.005050290364496916,-0.40931085632782965,-0.1053084262787754,-0.05365458742168874,0.6697575815363699,-0.5158152251138562,-0.9142058702289091,0.18703197226400278,-0.24664999375131338,2.8553966281146437,3.0171225451773367,-0.33836621400745504,0.6885397566499051,-0.5582033310765034,-0.6823371284433429,-0.07651826567178173,0.5129433224635961,2.0613223532150995,0.5466967892105744,-0.19170775074480945,0.6503471941095398,0.5091372946389221,2.539430459990841,-1.7304506530742312,2.142116085557132,3.1157811700887845,-0.5699395594705596,-0.7072009634594603,-0.3612094823853653,0.6104957182670127,-1.2384407133860353,2.8522062405413897,3.5497763221353886,-1.7469127868498016,-0.7512270799586243,-0.763912743347181,-0.23555383789205256,0.42904631825352985,-0.18136973510848908,3.078674567557108,2.0955858850419466,-1.4620392929400559,-0.7599633197333998,-0.7611682538804797
Bearing1_2,acc_00630.csv,-0.576280646923403,-0.1562548551802321,0.1902319765391311,-0.3636492559932273,-0.5027378160608984,0.5127693847731889,-0.4934414943571773,-0.7200246605245189,0.6049896040674815,0.0638508801044662,1.7573580335366923,1.354052951560635,-0.23974772946616088,0.3662738523175033,-0.5383412068026991,-0.5313770715681965,0.45549396682785187,0.6792950253290327,1.2048853440172627,0.43237248333378875,-0.19681578803694386,0.3639120470618209,-0.31297397511884956,-0.19035129911047532,-0.13448264482190594,-0.2690130716652235,-0.17729638547181842,-1.1920997292345819,-0.363881433342352,0.9263550750399521,2.595939239164538,-0.5911722929255285,1.645675364480165,0.05415279184141805,-1.7509489897375128,-0.7174952016815742,-0.3796146626597613,1.3822495705991433,2.3911293631292256,0.4474839668085192,1.1541732085741236,-0.36126812251719737,-1.8232039039069843,-0.7406660005559953,-0.7611682538804797
Bearing1_2,acc_00631.csv,-0.3536761136300817,4.7388228383860245,-2.785881656145914,1.2327885722349639,2.877386235996335,0.7900041909594367,-0.8724814191890432,-0.9185685671676446,0.3242906519671645,-0.05993168573401781,5.208542017115932,3.977887322251835,-0.41916862141490746,0.5438179784370915,-0.8989086222004377,-1.0323707608536232,0.23557316025947758,0.9072060156876304,3.099600043910797,3.8014659102712773,-0.34931816798160725,0.6161063603377271,1.0840984715897637,6.00000653616304,-5.799486519303155,4.089199171114712,5.607267989318551,-0.443078361903579,-0.7562235822468283,-0.8410709804877649,0.6287127361372117,-1.3215268674621357,3.088718748239706,3.9151715160257856,-1.8442786590768192,-0.7538463152313196,-0.8162754709851143,-0.7062996122445419,1.286890718853887,-0.09860781688290907,0.6707410423370973,4.095439138881606,-1.4746886820394973,-0.7659473070403712,-0.7611682538804797
Bearing1_2,acc_00632.csv,-0.4768718250329999,0.6968118642545144,-1.2842703617693483,0.23478109466320382,0.3886521026840262,0.5197539984088518,-0.49593028753178586,-0.6091589584322356,0.3487053560632338,-0.16925988375744142,3.6470693571396344,1.623458596959744,-0.3222078557884183,0.3417161093480924,-0.5726938473158163,-0.6170175594634401,0.31074719297446085,0.9164627657170745,2.30093234986878,0.49728653936933886,-0.18080654120879408,0.3304161294279455,0.3682599312765079,2.8590214817019173,-3.721619047433529,1.8960730654878604,2.4148533411066286,-0.7130075838864508,-0.367450669348072,-0.14516718710732524,0.9832571518837406,-1.250371500152848,3.362262685421859,1.9046065063957665,-1.724756740523846,-0.7429733105054933,-0.4918691103293006,-0.031092451127773233,0.7653958034666083,0.7108149648615335,3.4632047003748596,-0.19331375764158887,-1.5243421099888652,-0.7701847585411499,-0.7611682538804797
Bearing1_2,acc_00633.csv,-0.3284881300360052,6.555529773352168,-3.369189187187508,1.4675588410920506,3.3250920326735325,0.8624235681346565,-0.8096752355773363,-1.07710227346161,0.4129668417786782,-0.1730356714360579,4.896593501635019,4.7723180237415574,-0.15730721824878102,0.5889723993972471,-0.7872670086235578,-0.969862927215467,0.0733964489938516,0.7432800086044724,3.893994006987881,1.0698861505668682,0.10043042538534104,0.5638442651501463,1.377524228910943,6.733676324306194,-3.513366868357631,5.347916437217372,6.35975999571632,-0.2774620919929944,-0.8376385659258492,-0.9475570675496227,0.3452756078094749,-1.337932093531183,3.2165160935596027,4.160479325865572,-1.7717764789207553,-0.7460882417381275,-0.8690042489144729,-0.7651320612032186,-0.037773012966006915,0.7786994643707114,4.140458422910386,1.697079324764915,-1.83216982314633,-0.7818644088085589,-0.7611682538804797
Bearing1_2,acc_00634.csv,-0.586277008544578,-0.17856518247107847,0.11683335992848919,-0.42182738636338984,-0.4428294471372198,0.3705564553220045,-0.3120586738922851,-0.38490059959015194,0.4362192713031212,-0.18785940390123032,1.3538754709002592,1.191768871097817,-0.38982865814830225,0.267064030987951,-0.3861057446648333,-0.030567206221633534,0.24980782306304378,0.1820101378082546,0.8033860335727118,0.2177210954536662,-0.3166794226205267,0.26658799508675096,-0.3170445122394514,-0.199541825415524,-0.08433911438163098,-0.35606022654258007,-0.28427487483247743,-1.2679498825025024,-0.13047764492852235,1.7614463749384008,2.2572123570292666,-0.6019242770367534,1.301942939719357,0.23185196759670493,-1.7526814276012066,-0.7159496382277087,-0.22466379076102208,1.8817623170169335,2.3090168440247507,0.05849418530496121,1.019944350330414,-0.20582949465268316,-1.7989770994284797,-0.7437125014993103,-0.7611682538804797
Bearing1_2,acc_00635.csv,-0.5653560934637144,-0.18951949006019783,-0.07495249866665613,-0.48131499233673936,-0.44082819006858964,0.6896705430833262,-0.6284754517801101,-0.7427805919851763,0.2924127239241122,-0.03318368121856193,2.197408005615728,1.4867533499391663,-0.24272766072133461,0.6840437170655898,-0.6361281409155791,-0.7467078112692682,0.15655505676294915,0.3564425015992045,1.8049531185867158,0.5772231125034736,-0.09510677049549486,0.6739691003564063,-0.2884947685251322,-0.17905777875594547,0.02706888430491516,-0.2554552847108741,-0.16629687873013457,-1.163078393168717,-0.06316350228704938,1.025148672259699,2.187687296256805,-0.8276605470591997,1.7760445719817826,0.523774747521797,-1.7641561414209375,-0.7153940304538429,-0.14875778605853968,1.2245181276960166,1.9017317457568321,0.3770213882433029,1.3905923764126744,0.11055806855780229,-1.8139838044813552,-0.7464468713778432,-0.7611682538804797
Bearing1_2,acc_00636.csv,-0.3419422223307717,4.492288755608416,-5.104386579293491,0.9108446417942894,2.6461015097474085,0.71021654713914,-0.7513295075581025,-0.7778033249561285,0.33489792973186,0.08477012161366942,4.672628065505304,4.068056719968623,-0.36955011329593557,0.4418037695024931,-0.8204318454601791,-0.8968495122282173,0.6495690965578353,1.1827969663517504,2.4720746353148457,0.8150718819541704,0.036462904715822,0.39486853560778756,1.08048314164213,8.664147471183764,1.2100718558425767,5.297845064942787,6.035355866150148,-0.4659516047881313,-0.7878020661747581,-0.6752087507863821,1.0030460802419985,-1.2604629438868975,2.0679194453177647,4.278432707128163,-1.7516171075161988,-0.7529544595463494,-0.8312112730203951,-0.4549792168583669,0.8250785910930795,-0.40967939806027115,1.774266116721592,2.572986208911962,-0.9146354056670074,-0.7725168366160564,-0.7611682538804797
Bearing1_2,acc_00637.csv,-0.5235592550647571,-0.08307263469095025,-0.20183629540766837,-0.34213644251229897,-0.07091033742192951,0.6803840485009942,-0.6463066498810838,-0.858409194469914,0.33225702624182285,-0.1409739310865571,1.7741319669604587,0.8310303293978208,-0.3460290895158695,0.8990664645913433,-0.6515679673073305,-0.7783403260103274,0.16980600801119872,0.20658333591418498,1.2759715765891908,-0.046811895695764626,-0.22533521756473301,0.8828937479942779,-0.2820088634322617,-0.1943012491362698,0.06571896510648692,-0.28441964774971135,-0.249063757182326,-1.1995450754184096,-0.25348778634745395,1.3703188409000633,2.4241688505611,-0.5625718089433595,1.4939229246628771,0.09250658247220547,-1.7759160570372494,-0.7092931094444422,-0.33140435123668,1.4743552214705935,2.424568371632123,0.3800036824822237,0.9418971990681,-0.21617056167001653,-1.8248917613666817,-0.7334230084513177,-0.7611682538804797
Bearing1_2,acc_00638.csv,-0.5722087788609183,-0.21873649539359216,0.040978506217961654,-0.49366147659535914,-0.46941524143878566,0.5273483283940541,-0.5141214588698136,-0.7418490874872433,0.40916509397290746,0.07267213380521245,2.210978793415116,1.1467017279573224,-0.3050768577229014,0.5134772231482783,-0.5875034935581148,-0.6927718582932338,0.36458655340934826,0.6397500179496735,1.4899621767124174,0.44978324453521273,-0.22336858627383316,0.5213373773587862,-0.2525486878137643,-0.19341532471860234,0.060330406762888054,-0.32201169339586183,-0.2525409370060011,-1.1525527723536761,-0.3804262576338582,1.3313207646525478,2.4306832426744216,-0.7633435816054026,1.4975172383003017,0.4625787274665678,-1.7655975308828082,-0.7201931076748223,-0.39863436521448614,1.3544681728518615,2.5546846509590955,0.16175061881928834,1.013206910068116,-0.2157979013531796,-1.7320218865264656,-0.7449509480583205,-0.7611682538804797
Bearing1_2,acc_00639.csv,-0.494275812999228,1.0391514627110758,-2.337649222705492,0.10663955349419629,0.791762528754653,0.5650527614787992,-0.5748053505993711,-0.7843433094653137,0.5959673486942093,-0.06151700657586112,3.5648052457855197,2.9273959675528034,-0.2935143716659596,0.2800897303383505,-0.6861628881089044,-0.5730315969667511,0.8343545382050936,0.47990743851242224,2.1872784015320357,0.08272951152772345,0.03489153588142835,0.22826198577955037,0.2906235937112902,3.450902558082973,2.525887064870136,2.427754006163538,2.3324204002752746,-0.7324216314189755,-0.7013606680540805,-0.08398059015343194,1.3609514429126324,-1.026167089937177,2.08541812364072,3.0733260484952947,-1.8285533713513529,-0.7424884839590239,-0.7380340497618845,0.046793868850081764,0.9726803055415115,-0.2997268159301914,3.307241447229177,1.1825453991123125,-1.5915472110047728,-0.7738660516232286,-0.7611682538804797
Bearing1_2,acc_00640.csv,-0.5584298812022068,-0.0329638289088104,0.452574335354651,-0.2852677877453234,-0.015432684305157074,0.6055016713176777,-0.41991496349872603,-0.8632636327159517,0.2909263460654354,0.012406170365045826,1.3591477100267644,1.520586440524708,-0.35160878288277087,0.6708182934340303,-0.5685173851483385,-0.4287908354034031,0.08054536449068074,0.3089951666187564,1.0541087930567326,0.2989837635085592,-0.13040562142656315,0.6225391512974906,-0.293081800184874,-0.20144750401309106,-0.17472089277982208,-0.3958091928405589,-0.2594401675874003,-1.2558003811488787,-0.23162515094136624,1.6136112454982243,2.5569836327023157,-0.645183104767299,1.0959574890571664,0.26852049698380165,-1.7465300649430762,-0.7157837753784498,-0.17312401202715508,1.6680604978759666,2.4168520913186224,0.18053062683905374,0.7970318995233037,-0.2705866214274305,-1.7159236798725428,-0.7429736768099336,-0.7611682538804797
Bearing1_2,acc_00641.csv,-0.5066717716867859,0.40155278809311357,-0.4819798839392685,0.03892095801510029,0.6472323533576901,0.712221553989034,-0.7254021284556049,-0.9814644234926971,0.4474711666313627,-0.005325698175329155,3.9231068278612597,2.092506688269119,-0.29919815117420806,0.650321352520858,-0.761198129788487,-0.9112114511500552,0.2397815131566089,0.7519037743928403,2.3230796824388236,2.1865658011227316,-0.25107619441198914,0.6271892806043332,0.2607830320431067,3.2359942883867765,-4.263614269673065,2.108221618171259,2.6210617497706936,-0.6636739740051288,-0.6456722266865662,-0.41893686509185635,1.2466297411208884,-1.110249252636549,2.6101099081501875,2.7986599677449564,-1.7812912484661798,-0.744311029725307,-0.6117361216861195,-0.01961307002546286,1.9625621582065655,-0.02610616824076849,1.6404751248021998,1.3347643194389134,-1.602518788500422,-0.7710692391090894,-0.7611682538804797
Bearing1_2,acc_00642.csv,-0.4162202786121583,3.1679537707443406,-2.24028033254036,0.7972944002036503,1.715381775219345,0.5774789414488711,-0.5733052705525242,-0.8409463227138865,0.42768743148006944,-0.13893334807127702,4.126062614646559,2.2068857913311897,-0.3309389866689319,0.41521403859779216,-0.289236279330127,-0.9105097258894999,-0.05578298288852799,0.6165387120577122,2.2233079770816313,1.492939934415183,-0.4213863059456672,0.40285106524927955,0.7394091918429911,5.178019608988024,-9.208968997663323,2.919994112062926,4.374767983921175,-0.3729384635653588,-0.639818700802188,-0.4132644629586464,1.0818333612462887,-0.8780754875900135,1.7163250795688354,3.09602284762999,-1.5794314962241618,-0.6195656740865908,1.652085949958236,-0.876250975085026,4.768516425616253,-0.637668623338274,-0.5097604434342063,-0.059495896119406116,-1.9433601981310653,-0.782656442682991,-0.7611682538804797
Bearing1_2,acc_00643.csv,-0.6032734976463904,-0.20897987604947635,-0.02902309480525954,-0.47738656552717856,-0.5168547264882831,0.5549318583515503,-0.5245928024636691,-0.7879790801894964,0.5486202049523703,-0.09322967826095103,2.1345562223001084,1.4176964002217152,-0.22675355456304502,0.4690690299679649,-0.5840626200743027,-0.4591539075105003,0.3095999300344572,0.37842313134663524,1.560120809109785,0.42230334636216704,-0.017761119912270966,0.41619570039269027,-0.26917160255763817,-0.18302078023908333,0.11984718310001011,-0.13112421570905672,-0.23106973975751122,-1.1151996109304105,-0.23217874568077335,0.8237661657505067,2.4693187200320494,-0.7880880562317436,1.3768979327530626,0.7230129715002552,-1.7343866337451186,-0.703324952074393,-0.30966451823515145,1.2959492671028063,2.287035725914613,0.23555518146825152,0.8262256687679733,0.32589051276349185,-1.7636955150479565,-0.7359444855249846,-0.7611682538804797
Bearing1_2,acc_00644.csv,-0.2527491055236961,5.71315711581457,-3.1524769451926242,1.4028333327059535,4.2942746218817724,0.8591605804380316,-0.8439017125092583,-0.884719124826826,0.2746895900446285,0.0430573569662961,5.276618918776408,4.210987188239201,-0.24247800505947464,0.5753606230293138,-0.8814673660559464,-0.5207101576717058,-0.27072597370389,1.6705957468637196,2.6006347262846443,2.853407068259141,0.17138909537089494,0.44588265065375576,1.6063177379060634,6.963299023938373,5.342514788745972,5.969417716465615,7.120039748375716,-0.22423154292879027,-0.8326335003901721,-0.9813633113668305,0.2177779202180201,-1.3214793859235578,3.3913923773279198,4.082456724458924,-1.756336513393746,-0.7412502208432254,-0.8872376334678392,-0.9531896559953041,0.37947179418035737,-0.25854795353055315,0.9964108268352428,6.293183913715475,-1.8682714565412712,-0.7679521500740588,-0.7611682538804797
Bearing1_2,acc_00645.csv,-0.49758537139054065,0.9621719135337791,-2.5434361384915625,0.06174324709921549,0.7698268325623985,0.6041363179221024,-0.6902347487439066,-0.8948278576800089,0.6388321502381563,0.17848657530116194,3.8226662190308756,3.0255714078672646,-0.2722879784891444,0.3363480394340538,-0.684302801464234,-0.8028137289615389,0.7643464387339198,0.7045261758386787,2.5804487195850467,0.6309939991920468,-0.28668299820874066,0.33646887503441253,0.3596257321315147,3.2574503924104223,1.004814038149949,2.3900078947565424,2.715514781118597,-0.6665545097673095,-0.6785481707883531,-0.4955267528469761,1.5178524647840301,-1.0843072650966694,1.7587293854340236,3.5259242738666106,-1.7808098007918973,-0.7501556679786826,-0.7233577079935145,-0.2853416845860619,0.6942219594910015,-0.28985601295262065,1.721577694008341,3.568298512468628,-1.4817758097786167,-0.7789354674040669,-0.7611682538804797
Bearing1_2,acc_00646.csv,-0.5784346658851901,-0.18173548338403564,-0.11904309913291679,-0.3774922837983463,-0.37466197233795234,0.5143450946138667,-0.3837552835406612,-0.6944449651677943,0.3782963374836548,0.08532716588707709,2.0507368613429353,1.7847196513803116,-0.2421674019815351,0.32546377240298896,-0.5097231323886272,-0.5211095672558116,0.4353555031616103,0.5735013328101497,1.4752084276974256,0.27048823444589276,-0.1005806449887635,0.3085388240528568,-0.12581374209239246,0.38597444924813257,1.0603155679004455,0.7096126412214475,0.45701502793641097,-0.9907119485727885,-0.3001015281599551,0.630302704437804,1.8307343758828611,-0.7559570005896448,1.6180045727847627,1.5955152497011609,-1.734359754323673,-0.7305750110712597,-0.3137350562879685,0.8680488037684848,1.8510580776699976,0.25362069275417565,1.563256367889496,-0.006551776847569511,-1.5234672463593315,-0.7410994773571535,-0.7611682538804797
Bearing1_2,acc_00647.csv,-0.6027130513650428,-0.20722393567967207,-0.009796924216854932,-0.48131499233673936,-0.5182932212469233,0.4279634061993378,-0.3431209485221603,-0.6057130717298372,0.4051936393416535,-0.119886911830996,1.7951325647744265,1.4351058192675792,-0.4001580443908959,0.3010234472967241,-0.4489183050322338,-0.1902782719702154,0.20520842803470765,0.36973132766188616,1.228216350449185,0.5652032886702746,-0.22336407630496252,0.2893491830553046,-0.33160024762073015,-0.2006199660562109,-0.13932285393174412,-0.3423483738273858,-0.3023082312806478,-1.204293939402658,-0.266310118335968,1.0320149381475918,2.3477314873956114,-0.6951715139882141,1.360397147339858,0.8580222920230556,-1.788953858472827,-0.7235216400403932,-0.18615268903577842,1.2893492518559164,2.5743680673232463,-0.10730442842994789,0.8710822760281584,0.3077220035980304,-1.8135848189467036,-0.7533866880684958,-0.7611682538804797
Bearing1_2,acc_00648.csv,-0.3725787412697661,5.91214322621156,-4.596536930394787,1.1847121108036718,3.0508122433928815,0.565591641183073,-0.5606661456929077,-1.0405863134986533,0.5579793034864909,0.03638347214512075,6.260253167198726,3.8011116520635997,-0.33603313573951266,0.06608836986602656,-0.6797190947417714,-0.9432826697791793,0.5770144246673778,1.2369739238231987,3.050204481166226,3.7847462088817534,0.008367921912524128,-0.015110657648803637,0.943540794213845,6.894595257909219,-6.586321950563535,4.029267590146054,5.754587856929213,-0.5194430119059262,-0.7789275522140259,-0.9358166971903222,1.1909904257450157,-1.2106951791446037,2.717172277193375,3.440152999769237,-1.817252640742558,-0.7538575141245851,-0.8231755857903221,-0.6658582883502246,1.9395906143367394,-0.09938960361385146,0.46039433440528027,2.967361877575878,-1.281767583622805,-0.7650051236406749,-0.7611682538804797
Bearing1_2,acc_00649.csv,-0.5409588750491064,-0.17796863556937947,0.05237969434884718,-0.4242592696264513,-0.3394615178456187,0.4998655640154745,-0.3851455353137486,-0.7821705670408208,0.4544382361678639,-0.05017710139192482,1.857609507669149,1.16344584862764,-0.38231441771587904,0.4493680088168066,-0.4322879635320767,-0.510953387297577,0.24617452458013903,0.27708895583431065,1.2775828894563428,0.16030074910829978,-0.3017636826315623,0.468577663303223,-0.259863682580098,-0.20491203802207836,-0.08210720285648046,-0.3565224238251147,-0.3056570374116939,-1.2016677917114194,-0.28351489808599234,1.0210382570286878,2.4725501744242417,-0.673898299953934,1.5124674635288717,0.44009348715485735,-1.769950687627783,-0.724173461287264,-0.30516711530540735,1.316981698503839,2.259586573797805,0.6837295833710673,0.7640949672208887,-0.016785689860091667,-1.8004263395336344,-0.7449747049132459,-0.7611682538804797
Bearing1_2,acc_00650.csv,-0.5418672496573644,-0.1906726406297945,-0.029813752292203708,-0.5003959225546062,-0.3862640588661939,0.5473039317089864,-0.3610443082578637,-0.8198348231575049,0.41890949368127783,-0.27813471610753,1.1520271878173731,0.7465974821993551,-0.38905579017545966,0.6384680245967066,-0.5224218627902829,-0.6866560687786823,0.4072790364025586,0.04978691618579698,0.8178952960785245,-0.012950662829946454,-0.23928186853580077,0.660020301544022,-0.2999688117218365,-0.19787335357162802,-0.026165360972195933,-0.37516438088734505,-0.2366151903083368,-1.262984190343992,0.21039567030335124,0.8439221091155289,2.728157248111709,-0.6989340486133346,1.0201969355884835,0.4921756899317254,-1.7887088801203495,-0.7162008181347144,0.14955897331737844,1.3500289548433118,2.735231326663709,-0.043592360329313184,0.8426423466411213,-0.48788297063069325,-1.741001253276317,-0.7434779710581801,-0.7611682538804797
Bearing1_2,acc_00651.csv,-0.1224820227579698,4.990351869311694,-6.215199949665383,1.2135205740737844,5.22924334381985,0.8028010736842768,-0.8157759014471483,-1.0730721923894744,0.5039456307293032,-0.1051262343046717,6.029360365844564,4.189493680353628,-0.3402516961941687,0.47301971088398387,-0.9061243656115296,-0.9650428012650081,0.5567486197869583,0.7228037541330781,3.8959266504787697,2.122695154951206,0.2157177164662801,0.325252336777863,1.9128461246084967,5.436349952722692,1.8004267875307194,6.08481297133843,7.930784495853771,-0.41651081017596064,-0.8441489249993602,-1.0605618267519967,1.0092388618486619,-1.3424792918809958,3.08575917835633,3.5594708984296064,-1.8299729157703883,-0.7480669440157327,-0.8779860986451516,-0.688707155774595,0.7942358382146107,-0.03612087375465619,2.3973276971331825,2.875767029613772,-1.5110888018309507,-0.7909866951539477,-0.7611682538804797
Bearing1_2,acc_00652.csv,-0.5805331610778616,-0.21206376368705443,0.14943284251254407,-0.5348164241240915,-0.377868837592522,0.5840667350351698,-0.5315545817195422,-0.7046343755567507,0.4496950769474153,0.02769574717887252,2.1390852192476144,1.1728782097962245,-0.2638331945654613,0.48420780778291284,-0.5653862542900256,-0.5033885800013547,0.3174255995839025,0.5852181196573355,1.2950124400427498,0.2316339005744254,-0.0953059129319332,0.4439368977250053,-0.30147793603500667,-0.19344029540217186,0.09329540964264411,-0.2964367770956119,-0.26180567414108363,-1.1484741114131827,-0.2544616314443459,1.0772845992625288,2.3088595141918256,-0.7995629266402648,1.8043347922803226,0.2925273701506029,-1.7317015363970223,-0.7093705714567348,-0.19390096491176345,1.6751927371737823,2.295447626889737,0.08656099796868083,1.2122509414261429,-0.2857356283132069,-1.839085614895469,-0.724880621268998,-0.7611682538804797
Bearing1_2,acc_00653.csv,-0.5279887754888273,0.04385177400098567,-0.21957818640463694,-0.20538977595092006,0.04956713508159553,0.7882368976129875,-0.7328506163471626,-0.8793912639630665,0.31862893778546947,-0.1893482132152718,1.470665864544259,0.8939468111670298,-0.32835335293737655,1.0622535190625806,-0.7409172406413782,-0.759548528867808,0.09739972605784328,0.298834351169722,0.7526057607496417,-0.0019428427907813943,-0.08779793170889397,1.0084552425600228,-0.27772981242323835,-0.15874456759381206,-0.21695390674581067,-0.05763484778604956,-0.15602120658379576,-1.2399744336341432,-0.1358060081685338,1.7611312035574387,2.55907887165553,-0.7725061241449553,1.1021101513073233,0.20990942731041526,-1.7463910074273823,-0.7045619610157132,-0.3231760405074956,2.0102899874549665,2.5549555397012838,-0.0233286321699946,0.6355607978160753,-0.09000277956769978,-1.7976584085377014,-0.7293619668255862,-0.7611682538804797
Bearing1_2,acc_00654.csv,-0.350617412174083,3.795130425880438,-3.287828699441362,1.0064363608269358,2.98099532032693,0.6880252737161807,-0.73779330875911,-0.9273612542820526,0.4868919939200259,-0.17408226144850245,5.822116034606233,5.388181807967677,-0.3654997383870793,0.305850323052932,-0.8582860515888772,-0.8176497956407317,0.32439024080542345,0.7042159810041606,2.9289978816232094,5.9809957916066265,-0.11531400426688809,0.23253812177819788,1.2843435422198777,5.778346631587001,-5.860310168632408,4.3497243727034025,6.3309944728447,-0.3377845285877041,-0.8505070650113173,-0.9868640986519367,0.9493542509268847,-1.3316247261687817,2.085499894146665,4.652268227814958,-1.738465093106226,-0.7476945106477285,-0.8999027348654658,-0.5936394503252294,1.9996591914378183,-0.6532013743979848,0.290380647355291,4.537424355634656,-1.7004508905048918,-0.7585717905507625,-0.7611682538804797
Bearing1_2,acc_00655.csv,-0.24066736588267265,4.130776821186305,-4.608274246302233,0.9881037023823188,4.15156872772917,0.8470850451696663,-0.6606854273080096,-1.052572570584256,0.10019411206935522,-0.13586745529244584,4.35802027810735,3.0386128707368036,-0.35258221638400045,0.7916821411763086,-0.763737086581056,-0.7598131536836803,-0.3291693771966463,1.5639797546164602,1.993085883179567,1.6825051912266498,-0.35260456243356336,0.8105320870309739,1.1657585029304733,7.615337672191453,6.026958453068751,4.615025612878284,6.553654142136287,-0.3013701055122312,-0.8231536782426584,-0.8775936822806566,0.5160037264171804,-1.2479431548041569,3.147165699617767,3.6733462613420054,-1.708789265660739,-0.7396090986086391,-0.8922694118974986,-0.8983785459132982,0.028491118497331148,0.03456411633366677,0.6951099121744447,5.815379963255733,-1.4579481099623783,-0.7145230431116721,-0.7611682538804797
Bearing1_2,acc_00656.csv,-0.5828496389679702,-0.19787188559503352,0.17537227836988553,-0.48168912822336424,-0.5238027887024947,0.5554758025960541,-0.5037373401879103,-0.7129092347054409,0.37231341386205224,0.09211575082187487,1.632814701807672,1.5379200022833832,-0.30690542679409,0.5647725745583765,-0.4807012554762181,-0.648817144423788,0.21077924217524663,0.6738178403108126,1.0335918771655266,0.41645130272319175,-0.12468487487520061,0.48087327526076973,-0.3302022410830902,-0.20629990654347055,0.06280148057039392,-0.37439405208312065,-0.28762691137531526,-1.186474970290591,-0.1915293034244141,1.3760628441384675,2.376272118907358,-0.766308379284658,1.5040043695041787,0.2865442096503419,-1.7295547901790935,-0.7170927868688046,-0.28707984908480083,1.6334836636254364,2.2643048999109836,0.29903303828681016,0.9494448394810915,-0.20895188639928974,-1.7308110940659498,-0.7437807008684748,-0.7611682538804797
Bearing1_2,acc_00657.csv,-0.33372497174559046,3.4869791279840876,-3.5687476892060497,0.8522923755375018,2.8482483253544744,0.7067581848132267,-0.777424521404858,-1.0971984116262048,0.5738078514764974,-0.06746715694989326,6.688021646073598,3.9869850778462226,-0.38211851801572316,0.30483336596093974,-0.90970235980247,-0.9592840521157581,0.3527268988871885,1.1729740597472387,2.894679601033988,6.370027483009274,-0.3181545931685321,0.28762507755843436,1.0011350563537538,6.657361322824533,0.5840657847225829,4.459265128664112,5.62657929899581,-0.5716137958509192,-0.7972182746518038,-0.8000231725100567,1.4992364677732142,-1.1682913305458131,2.684230834909686,2.905535062985312,-1.8282136039990855,-0.7517550274100747,-0.8531111750465855,-0.3633494025681732,3.183839948132015,-0.6277301544673425,1.3495450572908265,1.8524962678750496,-1.9889471488874353,-0.7796530293092179,-0.7611682538804797
Bearing1_2,acc_00658.csv,-0.5077001771240279,0.43406229654447503,-0.6769811535320147,0.12347566839231405,0.4352099531611104,0.5916844168081352,-0.5758397071110777,-0.8015696394240864,0.32566134481086934,-0.06775046439458692,3.915004533278049,1.0365558971626052,-0.36598816456392147,0.4431853239087958,-0.6219794291117762,-0.644257834159563,0.14908002848916854,0.8295442281984658,2.4190606702887805,0.8124562970020149,-0.28225700420641003,0.49056944836420396,0.07991179430450386,1.8280729294061653,-0.711979952218819,1.6142867889025767,1.6360888637832354,-0.8915504674501674,-0.6131926663796727,0.10361193995817741,1.6402927882268856,-0.8866702639893694,2.810755667818207,1.3304649417364334,-1.822332216087569,-0.7310345852533701,-0.5720255239248844,0.4391277768932151,2.0422030296892104,0.840315765926426,1.890531754773518,-0.2708898780774889,-1.7719132358542364,-0.7566555313296923,-0.7611682538804797
Bearing1_2,acc_00659.csv,-0.5733349926151403,-0.17152438892263303,0.02167150347947518,-0.47850897318705304,-0.28501307451417035,0.6641289571889043,-0.6010794100492913,-0.7315729101636815,0.27394862686622434,-0.007832473510827144,1.7641273022521113,0.9353500666501309,-0.21668956566627415,0.718625655774804,-0.6376439122137195,-0.5891914547077787,0.14570977544100192,0.34218303555908197,1.3145203989883916,0.5132003145044222,-0.17966979901421315,0.7011295038559041,-0.31851035447718273,-0.1954390681774142,0.11911842891019428,-0.3126136819843242,-0.22055921476887438,-1.1738943927350742,-0.22262260746461432,1.233044911861454,2.4863988459482322,-0.519883746060312,1.1442445873489366,0.24488930457735647,-1.703409975352301,-0.6852812198286815,-0.33346466287227555,1.4244059276920975,2.774872258395668,0.12405822547490378,0.7334594446585708,-0.2027564945999534,-1.8194744247193009,-0.7174204277712789,-0.7611682538804797
Bearing1_2,acc_00660.csv,-0.5438307907180083,0.005575109490017002,-0.7444762107736295,-0.3064064653396268,0.03537288039099479,0.6823090476592297,-0.50312454280962,-0.8953955014025409,0.15885974335070344,-0.09302899351425091,2.2047435363300005,1.2966083180831522,-0.2691678360379649,0.7873922001499085,-0.6004852686613054,-0.7848143239550155,0.03796397052743434,0.41071409356511424,1.674947356216137,0.21041885729742754,-0.02160330462378603,0.725071071765599,-0.3240421654680381,-0.20344568570361318,-0.05332547286762036,-0.3756265781698797,-0.3141275152696178,-1.1127735781662216,-0.3663518437602719,1.233216758500056,2.09331766184284,-0.5580687871450751,1.7273327555907778,0.40565522322950975,-1.7452993719575558,-0.7111640633725923,-0.34979200009306904,1.5445814356412546,2.0760694370104624,0.41775956921642654,1.5112252984903505,-0.4841904951554489,-1.8178525456281462,-0.7325811195280898,-0.7611682538804797
Bearing1_2,acc_00661.csv,-0.46242928923085164,1.5323157449830416,-2.996144577121568,0.2781808575116854,1.220523649089101,0.6108593518804346,-0.6576205369138158,-0.9245661243504482,0.5225375647196238,0.08083619016599145,5.787489214467719,1.6221269559425573,-0.31880311017189217,0.2584136564562575,-0.7458445539731537,-0.6098946084810556,0.3303662563326745,1.4003429178917743,3.219699248102894,1.4164607845102388,-0.26081490531931484,0.2577332410885298,0.44478711364566953,4.829139986468453,-0.8144599385340826,3.196079955496949,3.054123515575053,-0.7829784438179908,-0.6421284585214079,-0.32173606328793897,1.1504624079007666,-1.1154226854454314,3.7336234542926245,1.667683428063716,-1.8773763965008936,-0.7464171562042915,-0.6624996207317445,-0.02648867563462023,1.7032183278218,0.2911564765391386,2.4484213617286263,0.831824448023068,-1.8072863664127494,-0.7756049809925658,-0.7611682538804797
Bearing1_2,acc_00662.csv,-0.5135287187675526,-0.0329151818775252,0.2187570914937941,-0.2963047964007561,0.25938801327690986,0.8669065259926723,-0.7124455764569918,-0.9073836605631498,0.25397900256378636,-0.3736058878027629,1.243056342728868,0.6477838102157545,-0.3441052737132256,1.2170748256178086,-0.786399955382752,-0.760664019377901,0.11825484005617908,-0.08373115094538267,0.5852529432634913,0.12713895990479054,-0.23097891139944685,1.1769543098957307,-0.3315262783920663,-0.2019028809487617,0.04011730922221966,-0.39334414066704076,-0.3068268324798301,-1.161581287394621,-0.17917320008041906,1.1099835518027095,2.607514130571145,-0.6622260403536201,1.3863700130014651,0.13268413747546773,-1.744551934807995,-0.7029644239088222,-0.33165171883173455,1.3954484196459456,2.5189219150524824,0.06674237537379861,1.18122158684438,-0.3602868239314419,-1.7650817032298447,-0.7204910858242988,-0.7611682538804797
Bearing1_2,acc_00663.csv,-0.44251718348217467,1.7129011071616767,-3.3372185621639496,0.2794903331148723,1.856320263899435,0.5385433180838547,-0.6203759472878028,-0.9065810416698172,0.626677704631651,0.2522174218660157,5.055446422915852,3.1090948853680684,-0.2873685760296112,0.11272814110382577,-0.6899007800210357,-0.7391645385896075,0.43930372387249683,0.9972486779812155,5.145416613401538,1.1464280125316397,-0.30478879290543387,0.08320570139539568,0.7591993673459952,3.5089690431745044,0.8541676986587937,3.1122681815973348,3.9806932612318677,-0.6775809364380877,-0.7801804007311031,-0.6123783466294052,1.1918656882214063,-1.0977075368571225,2.99672098449482,2.7400635555357176,-1.827316318088278,-0.7553924580344116,-0.7662048902152391,-0.2081346237343747,0.92671031682027,1.2952512172782604,2.6558393146230457,0.942982278148006,-1.8867696117597375,-0.7771337141921859,-0.7611682538804797
Bearing1_2,acc_00664.csv,-0.5445707098937178,-0.009236077318411957,-0.5355664742755109,-0.323429648181057,0.19539790140694163,0.6719953395155364,-0.6401793735163309,-0.8189154662743836,0.4517423846083009,-0.13039359064369993,1.5935837472282164,1.5285205605371046,-0.3205976206400374,0.7397395470756485,-0.651865799168519,-0.7749472930961087,0.36320146540039333,0.35007154862579276,1.0643825302247196,0.4599208211056867,-0.23917236914290077,0.7423606399394972,-0.2750000616489137,-0.15129308667865546,0.03191012494361306,0.013543533724284606,-0.2052214998398988,-1.1390300843395882,-0.2356881262280442,0.6629868930438667,2.530068524353607,-0.5345901965385971,1.2889450894600871,0.517499791781589,-1.700356463270328,-0.7174962082940384,-0.31835482049974834,1.0277162778893776,2.232206568667523,0.3710024232162246,1.4334597835676612,-0.39745386764355217,-1.68986891626246,-0.7337983334573309,-0.7611682538804797
Bearing1_2,acc_00665.csv,-0.18087224848743913,6.964504244001447,-7.425374016111162,1.505159497697847,5.337985331602799,1.070832125339679,-0.9578590855377815,-1.1386697283675038,0.13022261253195472,-0.19606150185577562,5.619154374492998,3.992263171146863,-0.07906700496944548,0.9089981902157909,-0.9703325011985731,-1.3490618585152256,-0.06987443985923206,0.6090894019627934,5.268735197815106,1.564334176890253,0.050966354230550306,0.8554138741623003,1.565616093494477,7.977849943320088,3.626293415179566,5.524167667623915,8.281123219558358,-0.15299224243040452,-0.8648322873998008,-1.1473314330515356,0.6054295095838729,-1.3109039564031768,2.3250753018533876,4.6855495794085265,-1.617217871614805,-0.738480898474573,-0.9095704574491931,-0.738753147620341,0.5873428657833399,1.1539202873162333,2.0232611213260863,3.1127018999728615,-1.9458640974137635,-0.7898242094561886,-0.7611682538804797
Bearing1_2,acc_00666.csv,-0.5450123649300893,-0.12949299704156603,0.03746314488211898,-0.2755402546930775,-0.34365595384295244,0.6196722543350754,-0.5642383544917057,-0.7826814164025495,0.37267962466172744,-0.05485958295785202,3.1164183671636927,1.143124581297267,-0.23429023464627402,0.46447663059847927,-0.6291290087385556,-0.6989005650734487,0.24506485878454526,0.7655634215009193,2.123690791837346,0.6118154259128128,-0.12549674319813786,0.488495736233087,-0.04825339171300197,0.5124886114025594,-0.7524572643679573,0.8857098058671442,0.59473085090815,-1.0106233756263237,-0.34264714843362915,0.6078981861651344,1.577235546811669,-0.802988970154784,2.726534857445115,0.8845374112814853,-1.8395112729882788,-0.7246619027487419,-0.42980920334745887,0.7662548066061262,1.5589520317647,0.49535056381078874,2.7307032148070265,-0.4036900203628094,-1.858634805909535,-0.7483913549867731,-0.7611682538804797
Bearing1_2,acc_00667.csv,-0.5386300710319196,-0.11074489546533027,-0.21230794998880684,-0.3653328674830391,-0.2209324819287089,0.7643396463518372,-0.6627718986648804,-0.8353932887111167,0.21629952942349376,-0.043704792213976176,1.474000480148046,0.9698343125122083,-0.32994096448635396,1.0047675281084028,-0.7107267931512727,-0.7548964830589086,0.03745095004063188,0.2813652737807021,1.1282457550214953,0.2683784580504896,-0.17625625726938066,0.9682716502325681,-0.3229576134478907,-0.20267326649869669,0.00988326368575499,-0.35066792491300924,-0.2836646704249673,-1.148940495523205,-0.2859098941060362,1.3417734070750027,2.324650364373379,-0.5019806101507251,1.3831844838761036,0.30827331066417724,-1.770764179234903,-0.7006444515838197,-0.3061350421449195,1.488942930055131,2.459995536701075,0.2943878742930408,0.844504156822636,-0.08754013264046205,-1.8379491231476428,-0.7246881756632099,-0.7611682538804797
Bearing1_2,acc_00668.csv,-0.5551105055725016,-0.10864539305876028,-0.017284525975394725,-0.3615915086167906,-0.16845294275230668,0.6679353736154602,-0.4527003300111791,-0.8880534766375949,0.26063168803572967,-0.18741585399762373,1.220303183582833,1.087865769129217,-0.3118485796548108,0.8144275228072887,-0.5282324122228151,-0.8778698809374732,0.15199178670839342,0.20875178763136282,0.8426920897571617,0.2593065024657999,-0.15135009261941595,0.8039653949831033,-0.34157808176887994,-0.19586809713600026,0.04678367867816535,-0.33110157328570966,-0.2276280767004095,-1.177123279574168,-0.16303081230161523,1.1201348032099774,2.374811667343368,-0.5110765787443309,1.5436274544397894,0.13433344559170235,-1.7780224651462289,-0.703008359096533,-0.014008688492583915,1.3184664258546632,2.0994313669888767,0.3330418191717736,1.185445085670189,-0.17858890636120822,-1.7899780424555052,-0.7313489008077337,-0.7611682538804797
Bearing1_2,acc_00669.csv,-0.5462376150089359,-0.16536386119145194,-0.02395233819622593,-0.4222015222500147,-0.41894515177711283,0.6322536449560743,-0.47442353025319095,-0.7753976406119325,0.27991435368331735,-0.14902016286581396,1.7038834753948977,1.0458734295959904,-0.2646667262779522,0.6812383610442411,-0.5660952611151433,-0.6229078657536967,0.16172582195156518,0.39160173031002066,0.9957134504080729,0.31666165485659126,0.010475938123175366,0.6132262910523333,-0.2741917611640304,-0.1626444141035437,0.01930887115259569,-0.12835103201384895,-0.15993768479036838,-1.070369622503625,-0.3260159776925844,1.0034724006195166,2.0647847742225593,-0.7715927154502814,2.2787625411000554,0.2036850106494398,-1.7845291948203625,-0.6990442107132271,-0.3590551384220177,1.2010078474296064,1.9958587516209136,0.4439107484076485,1.784649672337737,-0.4931042156986002,-1.7945392791882468,-0.7250265435559445,-0.7611682538804797
Bearing1_2,acc_00670.csv,-0.5695420726588931,-0.17941495971764093,-0.08222617023958637,-0.4723357310577432,-0.30128952583402424,0.5036302714638825,-0.21594084871559732,-0.8470488392627799,0.3455838699515453,-0.15899231905065625,1.8536301518091542,0.977031953538448,-0.33016172421484424,0.37633561459249765,-0.33636936099926423,-0.5405412527124721,0.18107317284660693,0.26726620243864885,1.2941474168723057,0.249481849099303,-0.10046970429335428,0.33817914295519863,-0.25962211385824163,-0.14323432595752422,0.11787438257589702,-0.055940124416755874,-0.12923636761549015,-1.084693656378161,-0.2753247344524879,0.7495907508621882,1.8416261374243479,-0.609976635166863,2.4409783761037063,0.29692177868836983,-1.7831669450430083,-0.7097448380780979,-0.3223874473368393,0.8898572693823358,1.7507787545406335,0.5593520931951426,2.1483320790731595,-0.4004415852971005,-1.8158937380786349,-0.7327253050390002,-0.7611682538804797
Bearing1_2,acc_00671.csv,-0.49912037271126225,-0.0950520415400679,0.19786339787117876,-0.28676433129182277,-0.023339671635612135,0.5737414529410194,-0.5610771280466983,-0.69010836933231,0.45603990587528714,-0.011107132173205112,1.9775321847721703,0.37042895294339084,-0.36808994406200496,0.6183875769762838,-0.6068038273449772,-0.470024048146247,0.27783805840903236,0.34528673420796213,1.4794801734305831,0.08860525440866535,-0.25745876741862483,0.5820492353303294,-0.2441505643616934,-0.19312077023209173,0.06499312571071025,-0.259460994492841,-0.2283401205729151,-1.2014933679256676,-0.3178848269323884,1.0160360290783392,2.447984178436782,-0.5511281444528523,1.5838285273960622,0.33713099560379944,-1.822241926777099,-0.7139314405572824,-0.2953813873471055,1.3629720657396058,2.1958406038544656,0.4788918656849654,1.0799518449791985,-0.023898826107089294,-1.8414810271002284,-0.7448026841248915,-0.7611682538804797
Bearing1_2,acc_00672.csv,-0.25599402943507027,9.006249338681998,-8.406370661920015,1.6665991327764653,3.7035768275963195,0.5508395183014372,-0.46163391616684685,-0.9353849237113279,0.36210900550033503,-0.30386517332013274,5.091773154011827,1.4700879279103,-0.40094762539654843,0.3620128439546992,-0.45597452588212495,-0.7847123037846844,0.38864205773206323,0.11602215543239511,3.5457487235134066,0.1938789785637357,-0.3762507782309952,0.33021391607305417,0.6816738920226801,4.716647823061591,-3.3025369964014963,3.2677205342898175,4.035811872343846,-0.8619382807065497,-0.6913841143715442,-0.3813874437025824,2.2174274805773653,-1.0638913067305298,2.782271611122777,1.1287662607432103,-1.8006505802880242,-0.7412879797835135,-0.7680754854942099,-0.2690049317753905,1.794830920406526,-0.03781011164589475,1.4787577615457062,2.6084771107467355,-1.849353668493319,-0.7683252288040756,-0.7611682538804797
Bearing1_2,acc_00673.csv,-0.5311237898434347,-0.13967126324090245,-0.11184558785785315,-0.4079843585582708,-0.2250897003650028,0.6162057838090389,-0.5450358091083115,-0.8330059175870721,0.39919611758459067,-0.20383701287463477,1.2995092514912587,0.7786288001354381,-0.38382372340318793,0.7416595579523263,-0.5043388239464145,-0.8235132005845379,0.3057531681745232,0.11954314905553495,0.752921431933117,0.0543521598203689,-0.2911329931223372,0.7613511939370815,-0.3128152186641148,-0.20255302060555913,0.05295389668643718,-0.3494353988262503,-0.28815950237006904,-1.2046988432988266,-0.37594214933325754,0.8315416868743105,2.6929554432546556,-0.7224400989437519,1.5816836616160739,0.32430194888019975,-1.7923747942934345,-0.7201894641752712,-0.3193030607603346,1.2328331645924446,2.485172282093621,0.2534384987647064,0.8522057115827445,0.20081026516360037,-1.8450717358069726,-0.7374320130455321,-0.7611682538804797
Bearing1_2,acc_00674.csv,-0.5549800307417733,-0.174523676507767,0.15321042265351595,-0.4424048601277561,-0.31800483458491796,0.5529178765586197,-0.4987416098956214,-0.6575852601543957,0.3256174211060442,-0.2227737484940596,1.3219743640206911,1.1995535448828492,-0.3241399893657893,0.6870225784875741,-0.5604107901856985,-0.7437125085653508,0.3868950704527937,0.2603234054909949,0.6294272032772645,0.43196234387089505,-0.1877598223322736,0.6688355694345733,-0.32366693262344287,-0.201127510971032,0.015503183375031041,-0.3290987183947262,-0.28554701408838545,-1.1768875599852628,-0.29671267335392565,0.9088373843069913,2.5993734424971184,-0.5911822113389851,1.5478611641795978,0.10204706797291668,-1.73873941579108,-0.7152442952956857,-0.29268990576477694,1.7684373185433924,2.181963388937097,0.40221633263211515,1.1886167832048573,-0.5001849336304863,-1.7983335015476078,-0.7367591965745243,-0.7611682538804797
Bearing1_2,acc_00675.csv,-0.5585167019470845,-0.12232818187591991,0.1248385671429327,-0.3507415679046703,-0.18969913609452166,0.6784202014329194,-0.5673283524818167,-0.8155553153628787,0.2375773894569431,0.046303361386433046,1.8449427778105054,1.4488435573860508,-0.19867462275070777,0.7337355416250382,-0.6324053904865832,-0.7354893804565951,0.1549332266839712,0.5263625053269728,1.3897135348222787,0.3595960628616329,-0.23887716676386495,0.7455623774481512,-0.310920423630584,-0.20009818377693553,0.06389589307543499,-0.39935270533999107,-0.2507961252948356,-1.1497139145815813,0.1784402545642636,1.0375264578824932,2.0722346724086353,-0.6459779737905141,1.8455234904928908,0.06559663351038945,-1.7031125828101734,-0.7149639728814732,-0.11781208856177404,1.1693146623847788,2.165155526495254,0.46567507573596834,1.1749316926327433,-0.35360378429917017,-1.7037281586311244,-0.7374461533743991,-0.7611682538804797
Bearing1_2,acc_00676.csv,-0.5288957425530917,-0.10222933271035761,-0.040387265069108315,-0.3857232733040928,-0.0540132397314213,0.7478286991890167,-0.5727125959016233,-0.9649943013456511,0.2453405186411387,-0.23422520742761307,1.435728199566548,0.7937579803693879,-0.32322573207115646,0.9800006135004579,-0.670907241198912,-0.8352081791897852,0.07513429614435647,0.1915191680617788,0.919576156798894,0.2200987619483859,-0.31449800251328397,1.031635159239293,-0.32227661271979285,-0.20565866606933392,-0.17624021126226,-0.4048990727304067,-0.3205030925268301,-1.1914392360061667,0.1549979728893363,1.422884685784909,2.3836555492693012,-0.583955873941421,1.2105124232350049,0.150784985131653,-1.767958205258073,-0.6993206990586276,-0.12826190098659213,1.8439171139874728,2.288441138376338,0.2807105568483715,0.9277154220456447,-0.5635364517631153,-1.7528514151182244,-0.7157771069271376,-0.7611682538804797
Bearing1_2,acc_00677.csv,-0.535329567036023,-0.08901074798845911,0.05793797052603296,-0.3823560503244693,0.08936180929840606,0.7128289005205306,-0.48502465886540336,-0.868618758994507,0.14554362829081605,-0.144468062991952,1.2555403201243158,0.7131812466535128,-0.2945622446790008,0.8958972051902824,-0.5580568280670861,-0.758297314346115,0.015055172590029224,0.15070572221981754,0.9819893923007071,-0.007119398037404272,-0.1902132516673023,0.8809200719232717,-0.342931312181988,-0.2031630798833527,0.07595872745370046,-0.386719312950711,-0.3221063415757434,-1.1515838453541611,-0.1999608788073721,1.4539118742307384,2.1525241189748026,-0.5939804356726525,1.5253668336871455,0.17968715944607486,-1.6760895424827102,-0.7052779304232802,-0.2220131976523289,1.60721092391534,2.15410284666887,0.47629281108863614,0.9998192902694697,-0.5927865428872102,-1.6299669269393948,-0.7295451619994616,-0.7611682538804797
Bearing1_2,acc_00678.csv,-0.2689910479465097,5.485511386236347,-4.334867237135248,1.3027519830338088,3.4642192494377264,0.8970144534191532,-0.8459265507775925,-0.9984978089482504,0.3413698518295352,-0.12363853447328763,4.158100765142417,6.581085962907097,-0.23104660180238085,0.6563994506055393,-0.8697237072632675,-1.1726554815545047,0.024977483557760013,1.5335470391292143,2.8263399184203237,3.2949023596611693,-0.45399382267374294,0.7446050066107215,1.7923599966751766,6.605700855149082,-3.5821501727095293,5.540960835556007,8.440398499032666,-0.20302140404147584,-0.8652370204890969,-1.1548612122936723,0.2519713398931543,-1.4152467897920649,2.3956007979763014,5.798625370522053,-1.8619923028473313,-0.7541132549066913,-0.875298766466775,-0.853484667659227,0.4985230999877113,0.796376109079328,2.972932890076574,1.9533671616003052,-1.6126512458681788,-0.7882030541698951,-0.7611682538804797
Bearing1_2,acc_00679.csv,-0.5556714583595298,-0.09027843619770695,-0.04342652001627227,-0.3204365610880583,0.05171494009482813,0.7267597122744398,-0.6998169888237298,-0.7236508301409432,0.3510480185765895,-0.14061415088970047,1.5725781870846414,0.9260810083122992,-0.1811657069246211,0.8575255141883993,-0.7405335773139645,-0.7086097941741637,0.25426799784784615,0.2026130520031992,1.0644029713190906,0.5912757687067861,-0.14882191032953268,0.8554814981035971,-0.36336133332440096,-0.20372977209396273,0.12193187029097295,-0.42200037218418823,-0.2881108816233231,-1.1651178283352597,-0.2936595929618942,1.8565342504614013,2.5310461633598043,-0.6927099437577062,0.8462470135656992,0.3242080591228891,-1.6520914475166388,-0.7032887203214364,-0.25703843442004287,1.6432145394396318,2.561970220689757,0.08757765821442505,0.5955276735801097,-0.18853145986759065,-1.673419784503228,-0.723469743427981,-0.7611682538804797
Bearing1_2,acc_00680.csv,-0.019507396367882512,12.197430349707096,-6.1590077902711196,2.590527704796507,7.101016471529348,1.1247810335197914,-0.8999780230384934,-1.0769949551121694,-0.10637116429198226,-0.5025517758359146,4.817242056581337,7.67242519740102,-0.2884511884389487,1.0016787734199561,-0.9319264101327867,-0.8111815394963071,-0.23377218491624271,0.06761231389079955,2.808896323574982,2.2509509934796106,0.18897064016469275,0.9444133551572987,2.7003676061234554,11.334976119283414,2.119448669038363,9.443446557756792,11.481217834482838,0.062475149206249275,-0.886898788569469,-1.1493955045174489,-0.25901811434398303,-1.5099000460314764,2.952920183511473,5.635196527921795,-1.700488343423939,-0.7460666029643054,-0.945699343854855,-1.115015547329135,-0.29945145405531254,-0.3687993601825406,0.49309579092443695,6.812147540943078,-1.0887614767434566,-0.7927896581449134,-0.7611682538804797
Bearing1_2,acc_00681.csv,-0.5497329231978982,-0.20169302614034385,-0.17622300780671368,-0.44464967544750506,-0.4815036270436849,0.6277946186739412,-0.6404532642972881,-0.6892612268886611,0.5343401754535252,-0.1489432482729298,1.5009052194177812,0.833623230423876,-0.2903761101690523,0.6658929125212916,-0.6587878135120252,-0.6483664464191544,0.4607291905741053,0.32261405198469234,0.8985005038077788,0.14969282523098432,-0.07675422636978463,0.639640244677101,-0.3135867709534001,-0.1986733780323096,-0.10351679018456199,-0.3408077162189371,-0.23981747283988572,-1.2080746711640005,-0.18782090951767402,0.9088090440179957,2.7856954456526526,-0.6455006368336831,1.2130053553942974,0.26127616010226273,-1.758971113940928,-0.7091692053764459,-0.21910815667309144,1.4323117487319517,2.5520433067316617,0.3772022488812636,0.8483202452914539,-0.3775902166955723,-1.8034305401508903,-0.738023863058314,-0.7611682538804797
Bearing1_2,acc_00682.csv,-0.5066087064617432,0.05125865599992796,-0.4266594669798902,-0.11634543493420821,0.1543554405904958,0.7478542047225584,-0.7194743347345801,-0.8037634671164453,0.3400975561636746,0.4860355546472646,1.6058571210765702,0.9014867194202577,0.09850056688237913,0.6637202957420824,-0.7108164407529532,-0.9137023249358553,0.3639431437552605,0.5497957643359522,1.7924449926594552,0.26771891276491505,0.6908649933810292,0.4683010309004185,-0.2560764118560921,-0.17835196329853326,0.1451993621931749,-0.1670215379859136,-0.20067849529646484,-1.108933959834063,-0.45234106897905346,1.4665220542696147,2.319541715489078,-0.2290101068158501,1.1089283388026216,0.21315576577897755,-1.7414424016904633,-0.6746323656431806,-0.27233382095461867,1.850765958365361,2.321625177282903,0.35939994987616436,0.7992829956454957,-0.4122444446484443,-1.7837556151648835,-0.7049867229831518,-0.7611682538804797
Bearing1_2,acc_00683.csv,-0.1516301837703149,4.699417801334869,-3.0757233177142007,1.2894701590586273,6.026994408670968,0.6145171525447153,-0.6330511531432048,-0.8645439802574211,0.4291344887001836,-0.12574806884125891,6.371079701813575,3.3965419764086913,-0.11525430576443524,0.10951035266306511,-0.6701169252714001,-1.3257297703688011,0.5081889301680668,2.551605504777896,4.011975722707401,1.0928355004093473,-0.011883848695634101,0.04681079520850185,1.6484150101517971,7.044040746192418,-3.5975366230319086,5.872664418655031,7.581206551487001,-0.4486565957391669,-0.8304527699622672,-0.8665147166314898,1.5243890961429838,-1.3657668570829806,2.782377014228889,2.7927729745726952,-1.7042680968287132,-0.743855685427038,-0.9043674245651732,-0.4791493958982785,0.28877675382471596,-0.2784030523111727,0.7255874899575364,6.772601176013723,-2.0706000155096214,-0.7660026583182574,-0.7611682538804797
Bearing1_2,acc_00684.csv,-0.5148833883857268,-0.12122185175249589,-0.29520387785539987,-0.3574760138639174,-0.1910525710385793,0.6612156674541896,-0.6441182198959142,-0.6790214261211127,0.36011511123478135,-0.15654936103733,1.6202495480620884,0.5822740798156283,-0.30772750263475285,0.8225707792897414,-0.6935623546049724,-0.5999177694371062,0.25150819950053815,0.20999061391460996,1.1665398267254046,0.2120136047050082,-0.26557579808880866,0.8083833704044321,-0.08632290487332701,0.2313061094979178,0.6194134890406736,0.5315126216847676,0.4668692524891645,-1.0044518650558805,-0.4843811418920186,0.5258787518603869,1.7757541680418738,-0.7440510888513394,2.662794161519734,0.6610163727580244,-1.786820362973862,-0.7284824384279597,-0.5368007785675961,0.8953219387947772,2.035020457645296,0.36102041328497086,1.661149873100136,0.095317670938445,-1.7409125158692167,-0.7519042039970347,-0.7611682538804797
Bearing1_2,acc_00685.csv,-0.5268026689774006,-0.110821183388029,-0.11367742278574501,-0.3400786951358624,-0.09144099692824745,0.5744697319217622,-0.49421579193334647,-0.8250032385207856,0.41909387350741517,-0.1452085523037003,1.2901747049197876,1.4548191774838386,-0.3214344579556832,0.6804195106325075,-0.5420468564487042,-0.6216566019102439,0.2701301577934098,0.11346055058526056,0.9233213790602336,0.3492072505827969,-0.221060306967643,0.6624703578747162,-0.15996743696979487,0.04963662184700084,0.09543191839324866,0.518262966252108,0.0680969787583357,-1.1278029813823345,-0.36330053070743906,0.7981877305656712,2.3689129427110314,-0.6800856402141502,1.3551758037721384,0.9898274811415084,-1.747991575058862,-0.7312160884160745,-0.06120014915582459,1.2844865518590156,2.1535785421249716,-0.10097306810496004,1.0130859788417321,0.287017889793985,-1.6509541660664606,-0.7367385881166681,-0.7611682538804797
Bearing1_2,acc_00686.csv,-0.5613880530025537,-0.16865242584443563,-0.04976126955804404,-0.4455850151640672,-0.21473502907207198,0.6371635466711959,-0.4342321254911099,-0.8519892114509352,0.22432154910700383,-0.05456251209508406,1.6524156117500717,1.1275660900653874,-0.2936802287971724,0.6784672381902955,-0.5243063797442846,-0.5334316383466401,0.03677587804139228,0.25715066057826835,1.2224237057792346,0.19060381538088617,-0.1978651662921374,0.6647537523925581,-0.3446186357749433,-0.20531314698710376,0.11544343632851044,-0.41398895262025454,-0.3121850063191367,-1.111963734909434,-0.15748802801643452,1.095787792341218,1.8657458402070246,-0.5513481630901363,1.7732660888613652,0.5582680781666135,-1.7516562209033364,-0.6860989382782067,-0.12329796597901185,1.1989140732800032,1.9460016655650192,0.4048689707611527,1.2358739737454751,-0.08745904503065229,-1.7278336013815392,-0.7111905304268956,-0.7611682538804797
Bearing1_2,acc_00687.csv,-0.35363558286295155,3.821845841183036,-5.027542757702656,0.8201166892877658,2.835738251830694,0.41235431779598375,-0.33596434702961797,-0.9232810508879281,0.5715481439826579,-0.24371812932254167,4.894776276834529,1.6083111293920889,-0.3308539479645017,0.05178521405666129,-0.5217007678341417,-0.5740564176924906,0.37123776780263873,0.8310655460528209,2.637374173812116,2.4043290962372725,-0.028454263234320838,-0.00502500165763302,0.6488288110209999,4.700445642547879,-2.7269865459085674,3.4207078348087827,3.802411975771481,-0.8512657030925616,-0.6746157413169104,-0.2901499250254884,2.2671653971585313,-1.1295875877566033,2.3905645949322447,1.5967502227960564,-1.81247850911346,-0.748753872306167,-0.7482320174145695,-0.04608580343581362,3.67070472433748,-0.1955066682068536,0.7485362272583298,0.3835822108376211,-1.7042369755597477,-0.7698207844907287,-0.7611682538804797
Bearing1_2,acc_00688.csv,-0.12885307143024152,7.847275078068445,-5.965808832244398,1.753211590530116,6.018177297013285,0.8059145087720416,-0.7587464405337722,-1.067432844896712,0.23026803804549317,-0.03576617819310385,7.803423867306532,2.200087604691629,-0.1556639936598814,0.35674478803165693,-0.8589469321736473,-1.1229133869680141,0.05369998121380797,2.183703263747156,4.153957400135919,1.8252221947474452,0.10129922628462842,0.355758289240953,1.701082964890745,7.681937168013229,7.5918457340656635,5.634324686628003,7.929659576859828,-0.2472158538002386,-0.8399571414891874,-1.0212378095916539,0.8674391794066771,-1.3054472223137117,2.308940397690025,3.964180720009738,-1.4797513016434656,-0.7527564761030259,-0.7787398340783727,-0.4771664654007134,1.2486576078557297,-0.12432181062713975,0.7866202989329203,1.7435213158124552,-0.3656105568631259,-0.7866269982191583,-0.7611682538804797
Bearing1_2,acc_00689.csv,-0.4722495576579534,-0.06325184134571649,-0.438730881097748,-0.3361502683263015,0.010855452918738247,0.7297138845793617,-0.40695998856756627,-1.0315404013957599,0.0823096140520735,-0.24175058802347188,1.0251464700740007,0.4473297009806494,-0.46380652600932165,0.9293116698375256,-0.48875579607749925,-0.945268064541717,-0.03217037723517408,0.23917715470201759,0.48165514420480987,-0.27108337057065846,-0.33262324296490986,1.0244351277160895,-0.2982115994665939,-0.199621337849144,-0.11278244371627527,-0.35190045099976835,-0.2674628190584054,-1.1961949946111428,-0.3198782662346436,0.9285624276313779,2.426312701482353,-0.490784635274432,1.533053939530654,0.31291959552174403,-1.777861634865752,-0.707767990765746,-0.2254162061723334,1.1202017006986507,2.5084904714104717,0.6372995994120287,0.9877285749023043,-0.5137514277068195,-1.8021355350939208,-0.740701446304838,-0.7611682538804797
Bearing1_2,acc_00690.csv,-0.4038546856744925,2.989717181011009,-3.177572573621607,0.8348950568094468,1.760586828014078,0.48768896146709334,-0.47107176503186254,-0.9678744107584545,0.6167135952812839,-0.038602259992912474,4.2951121501696266,1.6646672791529304,-0.41809937796810337,0.18893032854657515,-0.6143529017542386,-0.6483254841391929,0.7652812687597816,0.620222008276906,2.7736260348274007,0.44471227154642534,-0.27341471614406276,0.1904313812888096,0.3058587224661424,2.5118131534099537,-1.3252486948999385,2.1746239610954015,2.137043988512011,-0.9390138570846709,-0.6343764248535401,-0.20808946898614572,2.513993557769586,-1.0550693945649714,2.2690905136026602,1.2001102634979097,-1.8247410433360651,-0.7405425542405701,-0.6433660647426048,0.6326805787492614,2.0624629387889994,-0.4391930973688755,2.7128973176242406,0.16231634508918286,-1.7620149626751553,-0.7684583255732009,-0.7611682538804797
Bearing1_2,acc_00691.csv,-0.5420578455538694,-0.09159717053893343,0.06856306614314363,-0.32679687116068057,-0.11556357661685786,0.6909171926771941,-0.5902402625598904,-0.824068304607243,0.40606793256133217,-0.128082536404617,1.7978542539105467,0.7859916281839104,-0.21368577533924898,0.7393739415627357,-0.6563460048526056,-0.5443429382026633,0.21033616040392403,0.26228167186648804,1.1037591578162596,0.5422905759955899,-0.007827751508937601,0.6513129197501728,-0.3188446185029277,-0.19500856924280754,0.05908876868108886,-0.31661939176629106,-0.2263132305973637,-1.1519558943933237,-0.3239313876468793,0.7953283618085353,2.486861001963807,-0.6149037577284312,1.5990129628286158,0.3288739688810733,-1.750003890372726,-0.7041490828321453,-0.3550111201674063,1.1066227850488413,2.25803108171799,0.5661417591715684,1.1887881577360395,-0.25473101671299203,-1.7648061822730037,-0.7376319436409917,-0.7611682538804797
Bearing1_2,acc_00692.csv,-0.5187824951783082,-0.08330545122882371,0.43301570113944815,-0.2716118278835167,0.02707737607117467,0.6823448279317793,-0.5817787882491955,-0.8390260476922172,0.280542496844548,-0.2761913402523526,1.8975399728447067,0.7455445591630732,-0.3808305214163357,0.7541853118038626,-0.6207500793298967,-0.7264159305339944,0.11399283520829884,0.2043755639791208,1.1535362593105376,0.35584664619366296,-0.18252425933558006,0.8219253565548076,-0.27577376551369626,-0.1901665274793804,-0.07011434280631275,-0.2816464640545035,-0.2152107127362586,-1.195498006851993,-0.4108609542629455,0.9676635780923285,2.6146044342555794,-0.6752134876789064,1.6462643566976385,0.14751358345358678,-1.7514233739966298,-0.7213621544026233,-0.3523536203453238,1.1748462686351298,2.749663155678639,0.361120054060143,1.0719670913258377,-0.5315862962043941,-1.8048835931956975,-0.7543958644685875,-0.7611682538804797
Bearing1_2,acc_00693.csv,-0.4714453692547162,-0.014873926468665533,-0.2884273887159997,-0.2676834010739559,0.21597516889286442,0.7232788475281398,-0.6541415993563471,-0.828887636739377,0.2396960599250745,-0.22873708832068004,1.5017823514531539,0.5815592486811847,-0.40508469827665106,1.0669517739800451,-0.7170045261321213,-0.9469573870685685,0.3454776032485923,0.09248211284664429,0.8968152694454448,0.009572271801528361,-0.27463619075489626,1.0213749840365773,-0.06872566590923879,0.34807479556081183,-0.6956350313590637,0.6752559765530397,0.5347050804668392,-1.113416909537084,-0.4934542376511849,0.4814325763469155,2.182488963887022,-0.8723778470185674,2.712183921016079,0.3277234438327021,-1.841622481454306,-0.7343748558693441,-0.428139482458136,0.8685403398262874,2.450482476308298,0.1327883759618035,1.6239453674403188,0.005853518845229389,-1.8741644368054082,-0.7599391058868605,-0.7611682538804797
Bearing1_2,acc_00694.csv,-0.5209945307907577,-0.05872499153931376,-0.018201547641898144,-0.3183788137116217,0.034760860957423825,0.7104163901473913,-0.5506913392150239,-0.9779206005297659,0.2423379324263471,-0.13723032946076266,1.3294715351384048,0.8352797735477456,-0.30171087426872617,0.8553707479041545,-0.5943186956526574,-0.9419870864694747,0.13080313035189808,0.18577462410224097,1.0704478371634556,0.14797400863115867,-0.24406426665669204,0.9340070244365472,-0.3151124581668791,-0.196566339164549,-0.015098911040013513,-0.33418288850260724,-0.24138157622408662,-1.1378508134519518,-0.307477592130827,0.8996527604225822,2.4732702139272655,-0.6489458106496663,1.5476881141114844,0.3885580675837825,-1.7548286894903629,-0.7077940079462826,-0.2934607397605464,1.219485308385393,2.4175087604641496,0.25569779651447816,1.0665874965933901,-0.09321656245513082,-1.7885873292857237,-0.7328670048203242,-0.7611682538804797
Bearing1_2,acc_00695.csv,-0.5780673118245834,-0.2310453379937102,0.07136508416926357,-0.5262112987317201,-0.7683735997696399,0.659775484734306,-0.5439383287698564,-0.7437876342520979,0.2878831931689637,0.14144825996354943,1.7937117538017144,1.1254392247985083,-0.22634676495603148,0.6356806722755305,-0.6104565137888225,-0.6105273631152509,0.13539088870300825,0.282610478310652,1.7749278986048278,0.4465118548061485,-0.18839447215547467,0.6509311349078347,-0.3511769517671129,-0.20051292702132725,-0.07931057914398804,-0.41321862381603014,-0.24613546368676048,-1.118182077563976,-0.2621701263192722,1.3815036978728126,2.043357504897671,-0.4651369170811922,1.689309200971955,0.15062593523983794,-1.7192347931415626,-0.703323946303668,-0.27837407976516704,1.4565334446275071,1.9497578689820534,0.7579343339391428,1.179417343455937,-0.3468460686253529,-1.810204566021126,-0.7201761201876653,-0.7611682538804797
Bearing1_2,acc_00696.csv,-0.519705507196038,-0.1139190964260698,-0.07684789862372679,-0.2972401361173182,-0.03993898076869996,0.7199416086407258,-0.6791173438758469,-0.8907385679208046,0.45897683427382296,-0.11578686823511229,1.270638102067597,0.7425641001124389,-0.2957200568285684,0.9348124312693408,-0.7228269927859503,-0.7046885554859286,0.28397434521119785,0.1780253720160242,0.8863067192701983,0.003989673829622614,-0.16476761676443605,0.897458914956729,-0.287121544863336,-0.1827282500215571,-0.00393180027991838,-0.22525839558527785,-0.20633038599988923,-1.1904446663859838,-0.25467875577511495,0.8368601066053514,2.7843654226019052,-0.708183171561727,1.3201337513101081,0.2962969210896909,-1.7768794413568678,-0.6926337105223649,-0.3195373208759998,1.25674684694797,2.7524841838084804,-0.00972479358537069,0.9487249536806849,-0.06978705128646331,-1.839733013363009,-0.7255737417543521,-0.7611682538804797
Bearing1_2,acc_00697.csv,-0.5477273629614715,-0.16238873661092051,0.04003200008274104,-0.36308805216329,-0.30299328150810073,0.5657928003974094,-0.5375176196574002,-0.7210736576503147,0.3882649278878391,-0.05197511120846306,1.9013321849759546,1.030757582675184,-0.27880247655600143,0.5590585758248918,-0.5314987237534472,-0.815134464599262,0.3557456360866643,0.2841419468684809,1.5534416229109684,0.26558691656398736,-0.19744335873056135,0.5880022302765758,-0.27674701850572336,-0.19972299559652196,0.0038821667061231307,-0.2896578836184372,-0.3119871219900435,-1.1702976154608575,-0.24417546118861116,1.1173356709009643,2.378288027392581,-0.6445445006478259,1.4902421751912436,0.3414140160766689,-1.7303172809561913,-0.7074046913514134,-0.11912358681012662,1.800486886910133,2.3056777389123897,0.09095826962805297,1.0099259873031838,-0.33768449780642434,-1.7722797524812024,-0.7325267654651622,-0.7611682538804797
Bearing1_2,acc_00698.csv,-0.5185579672241543,-0.12468035874132323,0.011919296036934717,-0.30453578590650265,-0.3172905124196143,0.6207698265232856,-0.5178241523401391,-0.7504882112720683,0.43032443507625695,0.05086526186773694,1.2788611091298017,1.1004854667286017,-0.19249150462198006,0.5871923031636446,-0.574141245234246,-0.6408819149040559,0.27980620126050076,0.40493156289504684,1.0340263046213003,0.3321261697775745,-0.1278213621219674,0.604880493396281,-0.271133243954205,-0.1866031932052045,0.3040009529620975,-0.2261827901503471,-0.21329818250151109,-1.146809322455225,-0.4723557127413135,1.3279887274697895,2.551432334192866,-0.5996551768387286,1.1319246133801686,0.46022737110023787,-1.7229403473308473,-0.7036243534352016,-0.3796221866575894,1.5486353706906206,2.257115793148204,0.23601636580140437,1.1347512984767798,-0.23254420703786347,-1.7253964088088147,-0.7352487143493759,-0.7611682538804797
Bearing1_2,acc_00699.csv,-0.5231138662695913,0.053994685481541356,-0.39895287469124163,-0.20969233864710582,0.1728749972679698,0.7771259251832889,-0.545687021856585,-0.9212613801874979,0.1488601209780768,-0.04919474510676562,1.4611529515756214,0.9997258701896454,-0.3750391639054885,0.9115482412599786,-0.5913819035367978,-0.7546579356918139,0.008954609077284202,0.29132282447602575,1.0834020971406957,0.06341152841346244,-0.2446687893104931,0.8918933777849936,-0.30606538050175724,-0.1956253482877881,0.09735313438748273,-0.275946030903243,-0.29530312876498405,-1.1694010235601136,-0.3253154873686164,0.8397513075060371,2.667819082969701,-0.5220800189002096,1.0145244698576146,0.6874499184913083,-1.7558529738984214,-0.7145034124476882,-0.3120738225860775,1.4889126893827866,2.393233877318656,0.20616861989139748,0.7060102406621761,0.1657875955481602,-1.7486660763664204,-0.7391953276409702,-0.7611682538804797
Bearing1_2,acc_00700.csv,-0.5374188602869593,-0.19915139328696888,-0.07849167213868323,-0.4742064104908674,-0.4330380968533968,0.5379473607531876,-0.4652794183769653,-0.876395268979399,0.5137574851384304,-0.1477231391354955,1.9032407621960674,1.0747572310689117,-0.2912652092587719,0.549990880466554,-0.5306790587760989,-0.6870378185128647,0.39705869624836637,0.40149036175432995,1.2333631441701365,0.21528095583354467,-0.12776101502508058,0.5037776536221179,-0.2766186364523107,-0.1935106769236379,0.004686240287518313,-0.29982622383419927,-0.2766109151957393,-1.1437258618712314,-0.05147409132702165,0.6159049607026977,2.6858787031169,-0.7674495881880019,1.2845974997353082,0.4930707880774586,-1.7139101001248145,-0.7098562019747922,-0.13149325333278072,1.0832711906815706,2.8394824096569202,0.16684110362637306,0.5491771109051226,-0.09222909195943214,-1.745927897930179,-0.7356920365544958,-0.7611682538804797
Bearing1_2,acc_00701.csv,-0.492906832085695,-0.09420265688909822,-0.5421424027833404,-0.2940599810810071,0.09175308677417464,0.6350885753669151,-0.4348964938653263,-0.885963241225064,0.21201902496232775,-0.2212744817699343,1.5038050632591824,0.32025494471852073,-0.35491075752708817,0.8313017465504484,-0.5872656944970323,-0.6540982504198396,0.08834219659188275,0.03390645625218542,1.2167842805950455,-0.11811735217296128,-0.2607240480534192,0.8528709163708433,-0.2995944306964471,-0.19343001206836924,-0.031081905446051376,-0.2879631602491436,-0.25488222448188536,-1.2069048482712876,-0.21849155835244474,1.1267279964748742,2.6811005016123213,-0.6475575801276975,1.2564733058179625,0.1728094409569817,-1.7062571496074421,-0.7264534458896407,-0.2631251423507812,1.6339167330468034,2.703376916142594,0.055370255676207895,0.882965606603533,-0.42655177793122995,-1.7633447665424236,-0.7514550650511144,-0.7611682538804797
Bearing1_2,acc_00702.csv,-0.36772824258842934,3.2273011882663982,-3.3724196938964313,0.7999133514100244,2.1946613602761436,0.5980473270844605,-0.70553225171308,-0.8602454508099566,0.573287689130223,-0.030006093826267243,4.401978529579642,2.500521147719708,-0.3713838981793487,0.43215119626317644,-0.7139660153317572,-0.9498747956525894,1.0205496496069875,0.35014510042905117,2.767818517576153,0.4788915072087314,-0.25991199886073835,0.3550124599635585,0.8856868835097708,5.268505838584457,-4.8611730076624315,3.672143156507625,4.67786993865003,-0.6200985931936647,-0.7984484838224264,-0.6685165106192382,1.6236240350022197,-1.2224206779664732,2.190746332214222,3.330840637502897,-1.8311121361145608,-0.755469299529217,-0.7945765186889244,-0.2914284042764667,1.049475378447482,-0.788285189662722,3.7471186078537038,1.9889974114005242,-1.8418581247014598,-0.786779993899599,-0.7611682538804797
Bearing1_2,acc_00703.csv,-0.5231654741151376,-0.17146998140655073,0.08468945451868155,-0.4152800083474551,-0.36683381113498503,0.683195713642982,-0.5189911633227213,-0.8416103193602958,0.329322119449949,-0.15157485138227578,1.2264960400193636,1.028879012834905,-0.41378075628431815,0.7272386422024878,-0.6408567144390589,-0.633524282841893,0.2604924412941463,0.2569138656341811,0.7937083750615505,0.20889266617826824,-0.21612929775326134,0.7807224629813039,-0.233852860393438,-0.16272269006855963,-0.08951258406962971,-0.07858779126095312,-0.1774421771850121,-1.1145032323836277,-0.196464944267557,0.9800998804640187,2.3116560455299187,-0.7702181420134938,1.4454217567804082,0.7664695399181846,-1.7544495684360522,-0.7063175341708774,-0.34124008611690293,1.2945420867915551,2.290279446450314,-0.0498487753924022,1.0382475051531788,0.3517297785215466,-1.7299299742663534,-0.729944807835753,-0.7611682538804797
Bearing1_2,acc_00704.csv,-0.5785513443237154,-0.16641413798338356,-0.08272278976260121,-0.46242113006218494,-0.2091500297034559,0.6279819795286293,-0.5935756740900773,-0.7435100249164499,0.3851219437551456,0.10142041948883862,2.074232121071554,1.4231389646942558,-0.2518314241346545,0.567618355138279,-0.6111098502857697,-0.6602665965213365,0.19696434483277192,0.6453540048455427,1.5691739778561233,0.5743956005409123,-0.053903032892011635,0.544844682131881,-0.30108014794283083,-0.20244491988434574,0.09296433108157527,-0.35467363469497615,-0.2936304223264051,-1.1394289310029728,-0.42347606805932614,1.4960317606759437,2.3731302761058752,-0.568517118803892,1.3825267637087204,0.2273805836971689,-1.736460188049513,-0.6950611697232119,-0.39361619261186037,1.66157256527795,2.4408277264268636,0.26450542543124717,1.0677622606140227,-0.42617008592302963,-1.8103456778236153,-0.721924712472265,-0.7611682538804797
Bearing1_2,acc_00705.csv,-0.47605705031115686,-0.015206619556551412,-0.17861722632047483,-0.18125801126361799,0.11994737704492449,0.7773354817923873,-0.5500008614580726,-0.936990314569284,0.2068821393622507,-0.24533772799458092,0.9811631708680497,0.6395003841709084,-0.18783464964866864,1.0011870908850158,-0.7065172452763762,-1.0455945913115847,0.2903666444274898,-0.1307517307490657,0.20433951931411992,0.6496559642201549,-0.1803052709064599,1.12734964913277,-0.28440745705887227,-0.19925859234521492,0.08211800058722855,-0.3404995846972473,-0.29857616376839297,-1.1039267510102633,-0.37462135730685514,1.0580922843118574,2.5807447839995694,-0.668463225062559,1.162779874432878,0.6046829616125193,-1.7267485795147681,-0.7033619216302341,-0.3285297161737366,1.0925819492618634,2.7943903351239703,0.2751950185509786,0.7754673752348624,-0.3788413125540414,-1.7013830286391698,-0.7276295329821475,-0.7611682538804797
Bearing1_2,acc_00706.csv,-0.5616891762874197,-0.11423830720609543,-0.30568222139971823,-0.39732148578946286,-0.3681979592731028,0.7147846433111883,-0.5867519477480907,-0.8797578920617154,0.2776094468926229,-0.03456919363312332,1.5731814969403324,1.024476837486206,-0.27796568800846266,0.8495654842403674,-0.6411205448343616,-0.807083735170226,0.11323659354577846,0.2853525049890944,1.1691149113765358,0.24472862488370928,-0.1647810417051581,0.8685616967932763,-0.3317836422973475,-0.20067379883963413,0.12378000131565908,-0.3619147254546854,-0.25094052421801244,-1.092017143496215,-0.36526027399641997,0.7098474332295961,2.493954377110949,-0.6185064472546852,1.6429246037881338,0.26636200530392595,-1.7204292645969044,-0.6926954204549328,-0.4388219481463149,1.1687559090699249,2.204693727826155,0.45926704333624097,1.199942150214384,-0.002111921208948806,-1.8183356439337042,-0.7184237548694206,-0.7611682538804797
Bearing1_2,acc_00707.csv,-0.48367650377553284,0.19068658342530917,-0.856079560356103,-0.08772403960740804,0.3857042358923088,0.8546552495600345,-0.7727690292999424,-0.9625442372089892,0.17874356098702968,-0.23222563016072112,1.1969418342642093,0.6829690868705909,-0.35292057633637475,1.230945713661965,-0.787267587856232,-1.0061199983979099,0.010585435260978287,0.10621239780074314,0.659070789233495,0.03191079872465428,-0.31479606890401196,1.336852441974236,-0.33862553363729014,-0.1938225495265916,0.009999818430045932,-0.3423483738273858,-0.25933910175459124,-1.1036699201361353,-0.48541541538790195,0.8637635798840243,2.7520389007597736,-0.6350988065655948,1.1562936478756995,0.504586411207635,-1.6980781840961188,-0.7124181205892306,-0.26984038819949213,1.2580320347254408,2.5118109712616423,0.10120860558476637,0.9025429438772271,0.12065782711900976,-1.7967452798172188,-0.7358578441608197,-0.7611682538804797
Bearing1_2,acc_00708.csv,-0.5724480763904715,-0.20994255364002556,0.19569220227384093,-0.5260242307884078,-0.4608554649553759,0.6777805887082468,-0.5887616950957906,-0.7885254197882173,0.383328093207083,-0.09103726190879444,1.8773174096940233,1.2523426410159795,-0.2994577282251784,0.727105959071358,-0.6770421817491294,-0.6727445242149916,0.32187422692890355,0.38804753192489994,1.2574116978662973,0.604462450060438,-0.17161888422923224,0.6807498653816054,-0.3051492204213973,-0.1986783081732657,-0.021038301801049278,-0.36376351458482403,-0.23666412694912328,-1.1228067337338699,-0.11455347015426807,1.4373515942585076,2.3066596245533915,-0.649266486049829,1.4502687242391095,0.23160258372967096,-1.769500895906553,-0.6965266456436587,-0.1726784399322037,1.4311307374207982,2.5555604735669237,-0.18407841599240413,1.085074717017087,-0.1610440321947224,-1.757319182584384,-0.7262269571781926,-0.7611682538804797
Bearing1_2,acc_00709.csv,-0.5150779821510085,-0.08159219034163828,-0.4441335669890118,-0.31538572661862296,-0.07507687017958208,0.6889191614822748,-0.5534650011205893,-0.8179753602065603,0.2579851272524153,-0.09626833541318335,1.0640783335619013,0.8894296230826153,-0.43744183842003537,0.9061770647919761,-0.5507714327327252,-0.7276449381274369,0.0888631315351402,0.08001787966810914,0.8772870116973314,0.0220813187494631,-0.35335226743641795,0.8956885898080605,-0.3068332919478427,-0.20652119782503567,0.04754402418018205,-0.35159231947807856,-0.32668445322546963,-1.1341645930441269,-0.14429904520583536,1.238747574631285,2.1245793710215306,-0.4696198179552759,1.4511704412835942,0.35112218475430856,-1.7377751452304773,-0.6894533175325521,-0.19900551676122283,1.6513744685726972,2.2470071418803172,0.07827482226013419,1.2501919234237433,-0.28342079642638807,-1.821854817269193,-0.7171036707037628,-0.7611682538804797
Bearing1_2,acc_00710.csv,-0.5329881381813785,-0.156023121948323,-0.09405526325401668,-0.4094809021047702,-0.30104429145284445,0.593929279302229,-0.4881944728516152,-0.8707622342785749,0.4698545651170889,-0.021348728241772297,1.3313955137388094,0.7367536147560472,-0.3260854187759684,0.6693908283442378,-0.56958021764572,-0.7043089072243685,0.384344231353562,0.18713972677110363,1.1557475656723633,0.14767337440470543,-0.21137911703708298,0.6440416256682051,-0.29732304782574404,-0.20204258071969475,-0.061531854036450166,-0.3827136031687441,-0.2482326079791725,-1.1201907308166967,-0.3180108511400367,0.8732436424197446,2.477860814609233,-0.5864588887591898,1.541547292003903,0.2514536227052134,-1.732011129892884,-0.6933695406354715,-0.2781168698311761,1.458334693270614,2.250096163165375,0.15614536336598958,1.2512417009611294,-0.25400708569454095,-1.7662294879032436,-0.7182212128982537,-0.7611682538804797
Bearing1_2,acc_00711.csv,-0.5654188711499387,-0.21217099409969198,-0.05543015589465694,-0.530139725541281,-0.4604831058436591,0.6586087614256259,-0.5296383980493656,-0.8779574890772747,0.40433781654533124,-0.11310338440096156,2.3535728571234107,1.6561098416425286,-0.3047742880176505,0.625237478202592,-0.6466556595752047,-0.5664175414207211,0.25704238979468347,0.5343922639670712,1.3780549793209707,0.7432179799051596,-0.15512109111354144,0.5720077140324388,-0.30569898289280417,-0.19319517843318587,-0.05917334936808408,-0.2895038178575923,-0.2577864186491671,-1.1269240574369777,0.05800788854077914,0.8038447379076779,2.3756693660148547,-0.6192737950588532,1.515928497491007,0.31847441452350755,-1.772070479165213,-0.6886646788759191,-0.08648008965572271,1.1867063156563018,2.0832302299297574,0.4196934109161362,1.063452869095602,0.023979360774581144,-1.7933424865614305,-0.7178131646654179,-0.7611682538804797
Bearing1_2,acc_00712.csv,-0.5689609247905364,-0.19854272539000292,0.22802508934213359,-0.47476761432080467,-0.4731091465841174,0.5270714105256752,-0.4650164793220682,-0.7364354800181964,0.4816325286542873,0.1448340858419508,1.7183858242866124,1.5109010313171138,-0.3014892973776914,0.4281349619302199,-0.5889568997599469,-0.3799298714622226,0.3554578977681731,0.37526625382833634,1.5707552266690301,0.2398583901748779,-0.11625846711006563,0.4064714512551486,-0.2904613720423598,-0.20350176401393327,0.09726813532049815,-0.3374182694803497,-0.2767176467189674,-1.1503936284412162,-0.4433254492400288,1.157730533207843,2.1781813879998917,-0.5172262707217832,1.8346149318992664,0.22183786296939179,-1.7481526747504712,-0.7168162558273675,-0.3954653652870233,1.125432909236601,2.3581190404956556,0.2445578182920571,1.3212057815364084,-0.10436962642074786,-1.7943669256745733,-0.7369649318907534,-0.7611682538804797
Bearing1_2,acc_00713.csv,-0.5772086220114112,-0.24602504399463734,0.2688078858876664,-0.5563292376050197,-0.676746736633754,0.47988520292563536,-0.43458926232822226,-0.64828325702045,0.5709872284710361,-0.07284607915237466,1.4184552440198752,0.7872244001684947,-0.25764161422229864,0.3908742972684965,-0.4804227065636116,-0.4896202260264026,0.5033430101631682,0.285873259287338,0.9507249335864675,-0.003606651837396238,-0.1803381028255928,0.3913905810974554,-0.3450107268735575,-0.20244009510264188,0.053737799591119274,-0.32108729883079257,-0.34318945510514176,-1.170749478557102,-0.31135670298218093,0.9303999169285998,2.8124570269528375,-0.6076554784805166,1.104689188710061,0.39411671705131734,-1.7626041209447272,-0.7096457431098369,-0.33877085786084277,1.7011258641255798,2.472611494920006,-0.21867072861151401,1.1761041027243833,-0.15827378475362172,-1.756618332200421,-0.7369965782526502,-0.7611682538804797
Bearing1_2,acc_00714.csv,-0.30975772826958814,9.98710479511256,-1.658576557191752,1.8065259543741556,4.833477379805444,0.979850481586857,-0.9547729014139071,-0.8452795388161122,0.13944609535448893,-0.09453258650430071,4.815325991197106,5.930763297290712,-0.07081189247605711,0.7328530631282751,-0.9950159896551539,-0.5511286488050483,-0.22563832150394494,0.40362316959319583,4.155395491780458,1.5105678447381408,0.5012761401091013,0.6260693425442102,1.2702465131794356,9.671415888568722,0.7370299727987588,5.862804209960959,7.505631177755761,-0.17344982426148312,-0.8300519435526043,-0.9125464468626551,0.02629859712551352,-1.3095612816752487,2.3452885404592863,5.661244975122983,-1.7811127670478526,-0.7417818692062045,-0.8582153495944965,-0.8075715219301812,0.6924886650427055,-1.0414358208469068,4.1173549482620535,1.7910631252791511,-1.3106208185642791,-0.7687597678604128,-0.7611682538804797
Bearing1_2,acc_00715.csv,-0.49346999209015757,-0.06246849584865468,-0.17941902031343765,-0.366642343086226,0.292889198328503,0.7166246015240629,-0.5248400950985687,-0.9851942101579054,0.1059451545109881,-0.017464926463511367,1.7859469291197536,1.1358395177299023,-0.2921450625971918,0.940268160839275,-0.5890365012814675,-0.91686046501138,-0.007245059308291987,0.5383703932903087,1.0633864633628862,0.2803396253172435,-0.28451653979254127,0.9230248698741258,-0.2998208264841565,-0.13234967108113085,0.04694472340851988,0.03033670165637641,-0.11425792105020585,-1.018654716270933,-0.30991033512348387,0.4989446516904261,1.846132566544412,-0.08352204850749778,1.818255593632418,0.48016970927659913,-1.7419957796947427,-0.6950731807918934,-0.4279999355979075,1.0179234071271572,1.6321805293416543,0.8349941808215526,1.4378237361915704,0.047788592241144595,-1.713879968808114,-0.7218834534450052,-0.7611682538804797
Bearing1_2,acc_00716.csv,-0.5520764359252786,-0.09759471363772754,-0.2990899568750737,-0.26469031398095716,-0.35047155833614674,0.7369004707989516,-0.5500206571247245,-0.9987708807025948,0.3880068172428581,-0.13829574459740518,1.7828200698552024,1.18111627136344,-0.1882612459343452,0.7767495237585286,-0.6458480809643827,-0.8193971877485167,0.23903319300969503,0.47415720068715184,1.0822949208808477,0.10542137360316252,-0.05314018738801822,0.7646190631921588,-0.31484868479559414,-0.20283750557152685,0.12848517051431443,-0.38625711566817633,-0.3031152746400636,-1.0725280705635323,-0.2954529026876832,0.8009791600330495,2.449456906213607,-0.555678010374846,1.3477435279067824,0.4876836679214501,-1.720277998081767,-0.6869519017815053,-0.22332262201059042,1.0877134411605451,2.3509350368285045,0.4388498607764599,0.7591730084909604,-0.10579089046849265,-1.6739492861832848,-0.7051070098214327,-0.7611682538804797
Bearing1_2,acc_00717.csv,-0.45497286766377687,0.18146069756699001,-0.775536852447008,-0.089968854927157,0.5739152003824994,0.8512444604746566,-0.7326726496625109,-0.9447291469967852,0.04250498539772831,-0.27621389080050385,1.1271288251489164,0.4607750166442882,-0.46285345346206663,1.447074902023924,-0.8100614098031219,-0.8065330085065703,-0.15195033139881428,-0.00518291188668516,0.5448327058190282,0.20497694732955132,-0.37376112048113797,1.3929603156370787,-0.3093973246466166,-0.20158817413391156,-0.015994484450248394,-0.3545195689341312,-0.3174058716767149,-1.0965032002084782,-0.3457901320802039,1.3428988367814945,2.1548146744978087,-0.6266727294997607,1.3943517714695166,0.732878485411332,-1.7800126722160663,-0.6892843997314423,-0.32868428276448336,1.8485570458108895,2.011149204248048,0.1724857378457035,1.0652528757304376,-0.0937083088321876,-1.722607601650152,-0.710038327762514,-0.7611682538804797
Bearing1_2,acc_00718.csv,-0.4732292132784981,-0.06697671801217421,-0.1227246572544117,-0.29424704902431953,0.036631822722800605,0.7063651772682057,-0.5876188270532169,-0.9250181123053619,0.3212077242323769,-0.25689504388245793,1.1222836895813584,0.5659899052530866,-0.36545787481706044,1.020364030544983,-0.6757628894641035,-0.7374452503172324,0.18703716030346293,0.057415740283704574,0.6664517961814953,0.17392480969855592,-0.26677742417629946,0.9782263419753238,-0.24909805506696242,-0.18373247049664315,0.12844148876663325,-0.23003443417146907,-0.20178672899035377,-1.1288308867114885,-0.045648627376594635,0.7269721461143742,2.7392464093873445,-0.7749338287620645,1.462365941130994,0.15277450730839032,-1.7836536838534505,-0.6768909992164811,-0.22440586913477864,1.4793288745775102,2.6104256839756945,0.41433818898453184,0.637209710609856,-0.48891697727237393,-1.7730882925532347,-0.6965039442951403,-0.7611682538804797
Bearing1_2,acc_00719.csv,-0.4103801736258773,0.13133257211178231,-0.5545260520895235,-0.15562970302981638,0.8349818415093725,0.9888999136517469,-0.8160428235106036,-1.0919300173055635,0.047769428753339276,-0.4053035183534399,1.0734424450515243,0.7812821086476678,-0.3761128663584262,1.5935530892243697,-0.8687205053469165,-1.0194360134601856,-0.1171193708890487,-0.371171416415918,0.9190569698940806,-0.17022594864478358,-0.24006850715004568,1.553195364661846,-0.2025978808127075,-0.09834359691144837,-0.03654093839405343,0.04281602828481153,0.1376556371303938,-1.0156308385710724,-0.4439058994175604,0.5691737972602959,1.8051516832610077,-0.519535432808717,2.53666967312581,0.2764053770188041,-1.7335568565580748,-0.7114868730793871,-0.4550910462653255,0.7225824122735062,1.6632068720551827,0.5258034132614963,2.3464974560481804,-0.31415714082341084,-1.7445090596718082,-0.743053546570941,-0.7611682538804797
Bearing1_2,acc_00720.csv,-0.4914012647666931,0.008638788861059924,-0.3285828688272871,-0.21605264871972807,0.14656712365092495,0.8455824201401548,-0.7119507668462306,-0.9708217254564223,0.13496996557822924,-0.20463033734688557,1.5186858542780823,0.7310250570499551,-0.2792700835635825,1.1678279629421338,-0.7236507812944356,-1.0448818260714547,0.01214521947704098,-0.12828929417064078,1.4325332648130862,0.3734209933888754,-0.16241585007188508,1.160066941127425,-0.31246775574377217,-0.20122386740956774,-0.02794958822866572,-0.3807107482777607,-0.23885714454746293,-1.1061846109146174,-0.29971711814007007,1.1360962573613287,2.569825359476187,-0.6843914643005864,1.30718756521859,0.2419770692829936,-1.7061439033849624,-0.6834510940947364,-0.29795641482973806,1.3599503854687582,2.487557848627009,0.27607727789124614,0.9138671878405186,-0.41644633583202706,-1.7050370727725601,-0.702959163853515,-0.7611682538804797
Bearing1_2,acc_00721.csv,-0.4880400921809129,0.11237188424346645,-0.6117242626479912,-0.1662925757986244,0.11613568595393083,0.7943893109068194,-0.6099653389666856,-0.9687409508843011,0.22558883284285558,-0.3674108774915253,1.4429277256338555,0.6170516672492313,-0.3853158537449733,1.1353773557058464,-0.6455568469930258,-0.8099395241020495,0.03820967840332503,-0.01833940319805905,0.8345202016579413,-0.0017121619826297335,-0.3494989375473619,1.0903351679142546,-0.28336973247244096,-0.20190620105051807,0.01925070323193519,-0.3441971629575244,-0.24677633539268526,-1.140024550210465,-0.12519545974902474,0.7801816990065736,2.6837389730297567,-0.6321801963282283,1.1850882007496093,0.44507678474277995,-1.7594559807517391,-0.6987612687917629,-0.1460544586125856,1.4000139468239046,2.597622758744446,0.08232873998578444,0.7423119126691325,-0.27703172529431824,-1.685388152372214,-0.7232517631150802,-0.7611682538804797
Bearing1_2,acc_00722.csv,-0.46576403489055107,0.10468606203867686,-0.5905934554481052,-0.1763942447374951,0.5932239573850243,0.8778792725715853,-0.8077978585426749,-0.9814362134873934,0.11052934029118233,-0.42167221915191183,1.0209049167628197,0.756457135419639,-0.379815242689365,1.3465423935283802,-0.8149608628778979,-1.0560138791673979,0.009755425210924724,-0.13176122520198202,0.5729240572994702,-0.09565909774143877,-0.29525127843210563,1.4514514585665412,-0.2814876526266153,-0.2027177779944038,-0.0730823288155622,-0.34204024230569613,-0.24847155988210065,-1.109374264600776,-0.35563969367036863,1.1253945396209695,2.325367545977762,-0.8432114894409393,1.6787190584474672,0.5282079017454979,-1.7196594122491333,-0.7203708831046276,-0.38681929046070923,1.4557882558307083,2.131124726541588,0.24052145059155983,1.3272338143779498,-0.1518928523290799,-1.7257662686959712,-0.7479750750845128,-0.7611682538804797
Bearing1_2,acc_00723.csv,-0.45552557015266326,0.6602374193468971,-1.4761208553789398,0.09186118597251518,1.006241768009157,0.7602369142911849,-0.6247073446391889,-1.0113031949556623,0.2677553795110649,-0.15099190893061362,2.7170119250787934,1.5873769100737127,-0.3101212088799526,0.874618911714522,-0.7269682140398347,-0.9865718560569855,0.21532875631453752,0.9635289198574296,1.355183472971201,-0.05826855197859332,-0.19378994749496664,0.8763893741925112,0.2619803924744012,3.225658004775201,2.114677625243518,2.1416538882745977,2.4517445609830513,-0.6665582058751597,-0.4750301138253844,-0.33011543852343816,1.4395160424354798,-1.1106797387041192,2.3007788755437266,2.554705953076969,-1.7131733727601504,-0.7370100243196589,-0.6263185789956557,-0.02610723610996606,0.6483035100598346,0.05116086279002817,0.48119025583320674,4.550778607991893,-1.5707266750706368,-0.7685414064977698,-0.7611682538804797
Bearing1_2,acc_00724.csv,-0.48794055855625357,-0.051837950785129094,-0.17915592344765063,-0.25253089766564984,0.018720205144645147,0.776244798494416,-0.5630922527640091,-0.9415514914434874,0.14273857598375253,-0.2740563374232744,1.249094873673134,0.9137550952240354,-0.3491845962742673,1.0291066641722375,-0.6463718982324728,-0.829051830467677,0.05080283205395246,-0.07809706686793234,0.9740705773212861,-0.019272552449358566,-0.149435054813604,1.0265568119728203,-0.3229745717779557,-0.20422234512653478,0.08958728746086117,-0.40412874392618225,-0.3184774766027497,-1.1822015677868603,-0.2936034875366384,1.3856804302330614,2.623146405148002,-0.6773324227695586,1.1642725239702176,0.2500970395696239,-1.7361279235032063,-0.6960199639905384,-0.37564306107276624,1.8799567187100938,2.526826621295772,0.044663873971359035,0.6648460300593377,-0.1564129065044774,-1.725483290862558,-0.7268240894032452,-0.7611682538804797
Bearing1_2,acc_00725.csv,-0.4705420564172486,-0.12175739534194362,-0.1864261412197939,-0.370196634009162,-0.1417047685424507,0.8542251810900924,-0.6819112369102203,-0.9964176399079498,0.017669594779414422,-0.20533039294875471,0.9869228220825668,0.9171182515528397,-0.43228397375265976,1.284338030114238,-0.7358355340740657,-0.9277334975192721,-0.14318340447009303,0.12825804643518662,0.6011638255058306,0.20273329983493935,-0.32137146270234923,1.3134919970314414,-0.3340391542168175,-0.19812006646355113,0.031478138192186596,-0.3864111814290212,-0.205315984755002,-1.1324125583931042,-0.12244185063010538,1.3285709363148477,2.169851218585092,-0.5715422785421339,1.238880719446059,0.5305678346993384,-1.6987356882519848,-0.6933247773838033,-0.16399010298974948,1.6173737595856716,2.352615256235562,0.14701872608555938,0.9881316318625638,-0.3558164529859359,-1.7531339660625123,-0.7132438984246734,-0.7611682538804797
Bearing1_2,acc_00726.csv,-0.4588985005570936,0.03769606079407593,-0.2970507152111709,-0.1462763058641954,0.24973687341042924,0.8494329934035999,-0.6957143998312031,-0.9591751195918481,0.19827147126704409,-0.44451542801112953,1.4056696168257603,0.6345413817604824,-0.32690642350936483,1.1904341681664365,-0.6664480686764085,-0.8544688115719552,-0.06747323129872508,-0.10569390791663462,0.8039057672236812,-0.09839989661177159,-0.34345314919880837,1.2153319121017983,-0.3102359317445744,-0.19927347617184538,0.039171801945015704,-0.2933554618787143,-0.2798184679959448,-1.1852444182636057,-0.2853629680818396,1.3991261607258245,2.793847150526556,-0.7901927162388747,1.0285923112935829,0.3476271526639017,-1.7521354302453451,-0.7013907168475667,-0.25910049602678376,1.7750003896722,2.7630114724194836,0.18513077734738762,0.4374954654727489,-0.3532097205902133,-1.7594996881318483,-0.7258556393469244,-0.7611682538804797
Bearing1_2,acc_00727.csv,-0.4705444060213017,-0.12896188526461602,-0.08687010148126806,-0.2910668939880084,-0.18365119090602725,0.7649094283294051,-0.5966565002634754,-0.9551157071246681,0.18850227764365773,-0.2237514965757196,1.5094414191280654,1.045967235640603,-0.4066152984446669,1.063424661658473,-0.5886291869053307,-0.9238363537700296,0.014339233017626083,0.06321628580372092,0.9244318001106426,0.11505560359860331,-0.15849770732358884,0.9959637955657511,-0.28543947417495047,-0.19980547829829287,0.015315044775374678,-0.3592956075203226,-0.2890070606663366,-1.058551209762364,-0.3375407862462963,0.8544520676344755,2.37389553175728,-0.5772804863326255,1.540526158040082,0.41125477136960825,-1.7629853886002258,-0.6671884340988007,-0.3512036137912552,1.1931090823463044,2.229805766616138,0.4204436632856349,0.8866396325360575,0.08870607331388534,-1.7494086286134563,-0.6987896859414803,-0.7611682538804797
Bearing1_2,acc_00728.csv,-0.4744459661073267,-0.13781842583728804,-0.04657553047628929,-0.3829172541544066,0.06238100815147745,0.7261095761150941,-0.6322898382033378,-0.8418029210575756,0.09186879058362386,-0.22670847602864347,1.3172580970766539,0.6914961910065138,-0.39201786740109085,1.0851468880629394,-0.6387750168128272,-0.8182783805921329,-0.08558356431725692,0.07404105317116585,0.8643323125111054,-0.17373255426571838,-0.3482431157145196,1.1430383120193555,-0.28821316254436063,-0.20979837985574412,0.020949465447949938,-0.35174638523892343,-0.3815306007620672,-1.15063682959842,-0.23000797497881523,1.0749019252420546,2.282146070717094,-0.5889716194761114,1.6948123328757725,0.17031033723798045,-1.7466970780219855,-0.6929567179053178,-0.25518627581814246,1.4388491590889687,2.1206949612116146,0.3104979452793758,1.1906157202653578,-0.1240279936105976,-1.8054826800341037,-0.7109720488986765,-0.7611682538804797
Bearing1_2,acc_00729.csv,-0.5050864842891124,-0.1797103845081829,-0.08038172558655862,-0.4268782208328252,-0.3999976398142487,0.7876102903708204,-0.5964467854217805,-0.9423681010162196,0.326681659291241,-0.2127550831133214,1.3266913437407803,1.5726423871559103,-0.3013122944129919,0.9422783338678502,-0.6930715940488807,-0.8800418012146078,0.17150300754927011,0.0930181395330575,1.0164965061577267,0.5188533830338592,-0.1995546229995621,0.9739250557498862,-0.2690722415611441,-0.20048654591891552,0.02086563366276228,-0.3508219906738541,-0.31036438297348,-1.1048340888986274,-0.006616484365998065,0.9261587884138139,2.403560212223734,-0.6729366771897107,1.3561590779920931,0.5334848775745297,-1.7820875336374469,-0.6913204025168866,-0.16737721341040682,1.226674200824938,2.2203118390655323,0.46529860036346515,0.9983488838544028,-0.0946923696055353,-1.809763118813048,-0.7166874268772526,-0.7611682538804797
Bearing1_2,acc_00730.csv,-0.484560702160983,-0.11397391958372041,-0.15573245242997844,-0.3062193973963144,-0.1094244839193005,0.7318563342373847,-0.6109011597690903,-0.8535039893813973,0.13887780454708618,-0.1256233432616581,1.302972166575611,0.8820209761175792,-0.3631931918952157,1.049187844441516,-0.6622674651801063,-0.8033269230184937,0.003482842749150773,0.2568335309555771,0.8505521216723338,0.048435370118083576,-0.19822120362123352,1.0171149598656852,-0.30384934471155794,-0.20549721216135877,0.08006701416941257,-0.38194327436451975,-0.335559672345663,-1.102886795953641,-0.1531776660702862,1.0947873072806222,2.095130517167061,-0.4145492328671869,1.6461680811383428,0.14215720213863808,-1.7145269953971316,-0.6897577499694341,-0.28882429352562927,1.364024028098343,2.060162611257335,0.5295562037711455,1.3664748959710096,-0.5184329716634193,-1.7439366000129608,-0.7155489124455997,-0.7611682538804797
Bearing1_2,acc_00731.csv,-0.36947052355819254,0.6312001132752348,-1.1519837041200491,-0.0297329771805578,1.8978789466235746,1.1378759471776128,-0.9313613091387724,-1.1076073861286162,-0.15993487218229438,-0.5590473482824055,0.6747747587866891,0.43526623630940475,-0.49977704893255676,1.9354003245538676,-0.9368428702043083,-1.297703750400719,-0.29502857643012675,-0.31492118832815674,0.18761157833410824,-0.1732072141698678,-0.39398987504711963,1.9757657720781736,-0.3260162455130966,-0.19769923532381461,0.06207899215156282,-0.3529789113256825,-0.22551781790473022,-1.0778221130167238,-0.26715930704527,1.223640298581553,2.048251483579308,-0.7020186218487692,1.6191538146508515,0.5782480256737753,-1.7154253741948848,-0.681405943259857,-0.24834744882442453,1.4629583385049343,1.889536507552794,0.28927128392814877,1.1881031276324936,0.04015881107244748,-1.711095664596958,-0.7104692071176679,-0.7611682538804797
Bearing1_2,acc_00732.csv,-0.48929288649661296,-0.14946338214821583,-0.06296462021247938,-0.4100421059347074,-0.11243571396965246,0.8646393928047319,-0.6615301585409084,-0.9140098249576011,0.11633523137125969,-0.3466656765675815,1.0477941153253292,0.9557244398153817,-0.24587596093493289,1.2180279474298652,-0.7454289223546984,-0.8997474085473558,0.057447670753081,-0.19117150102399869,0.6596376354266169,0.233967502617863,-0.14285207285132773,1.2026565598317345,-0.33104828544145753,-0.20586738455258294,0.0003495398557846453,-0.3922656803411266,-0.30556854518843757,-1.0869603007893984,-0.20160031061350525,1.1434492082626284,2.411969900339463,-0.7264068628486268,1.2863539343218209,0.5503353972511771,-1.7416995716213015,-0.6809373126581262,-0.2904482939324557,0.9469838838081148,2.686407279865764,-0.01611127499764485,0.9026657715417101,0.1450079360913746,-1.765377588789606,-0.7127240122659102,-0.7611682538804797
Bearing1_2,acc_00733.csv,-0.4275943891304188,-0.041381797998137834,-0.7143090441559807,-0.3049099217931274,0.2614206691218078,0.8640114454172007,-0.600236431389265,-1.0709126467120955,0.15565992188856975,-0.3588483701688347,0.8463454183233408,0.9816094351991347,-0.3826682560682304,1.283443397006541,-0.6873548413580025,-0.9009891195694537,-0.06517324392392643,-0.09284824136590963,0.46165168614361857,0.15547177251779887,-0.18917439424614757,1.2278027626303598,-0.25958159038023015,-0.1839278281917164,0.06578624015187926,-0.21324126623937725,-0.2560463369167789,-1.0755616334782443,-0.35678768334974587,1.261078855451825,2.4917524510882583,-0.6132687741035412,1.2073993702216965,0.4104932590845331,-1.7583108645479635,-0.666072049616307,-0.436839069076644,1.5262663639799467,2.37413825651237,0.21332673420160442,0.9105147940727807,-0.11509493641323919,-1.7667919235861744,-0.6897827243302973,-0.7611682538804797
Bearing1_2,acc_00734.csv,-0.47297565450840146,-0.03185820388603197,-0.2686592915015681,-0.15375902359669222,0.05595495298334957,0.7894702399443894,-0.5351730576281319,-0.9604846314589318,0.08789195779193716,-0.33254503098038407,1.338607594191444,0.6290056915282134,-0.30797485977867006,1.1118479416698548,-0.5546775462462824,-0.9909003591974638,-0.014959615744032354,0.08317128761245629,0.664831480587662,-0.06659510815445797,-0.18921834133339788,1.0561632178918512,-0.27595716773894763,-0.20238407357907667,0.16823800072482,-0.3468162808918873,-0.32102133928981036,-1.141990052465117,-0.16185016399829885,0.8325940566568196,2.34866150845722,-0.6199505956566813,1.6935376327778813,0.21201493693053414,-1.7199938771181706,-0.7041237311940519,-0.12805223877821667,1.4509161531993233,2.101354385618418,0.2502181693375304,1.2864753290448174,-0.3251391389831854,-1.7385703015818075,-0.729261677352908,-0.7611682538804797
Bearing1_2,acc_00735.csv,-0.4565432464232418,-0.07690846136869353,-0.2565017570545388,-0.2916280978179457,-0.11148664600195532,0.8036939065110449,-0.36097555790876146,-0.9507084779483839,0.10805747594249475,-0.48111190179019125,1.1078259122490193,0.935161537176076,-0.3800961549704953,0.9570725928450219,-0.5743945136488862,-0.8894408607381312,-0.023057247953180104,0.018956397288919916,0.3877805977963675,0.37716424871112814,-0.11716777202293556,1.021415596872189,-0.2357250804173785,-0.16736249673566372,-0.16182827816704473,-0.15253935646649494,-0.18992542633327789,-1.1027109695764643,0.3965297772313993,1.0690957090859092,2.20824236164685,-0.712369331678709,1.240258210476091,0.5377661708878947,-1.776660390166605,-0.666196677279611,0.010037016052287158,1.0077953689862211,2.4878542359712674,0.19194777210421962,0.7897158298217836,-0.11167105989605729,-1.7365269101149339,-0.6902237211655459,-0.7611682538804797
Bearing1_2,acc_00736.csv,-0.4094600980530867,0.44586076459650686,-0.4127112952063048,0.1706167901070438,1.0148595516868435,0.985699578165235,-0.7777685786758598,-1.0192050717573715,0.19833697931166447,-0.42127803163819366,2.2104240683875416,1.6120510008008548,-0.22082789360235736,1.1898458479526979,-0.7988628793223208,-1.1054204529889522,0.0691512175716881,-0.05870408530067507,1.8451069082052975,0.427506047370934,-0.27240456714764427,1.2103660683213446,0.256682810852188,2.807159650125608,1.1537419224502532,2.054144536114707,2.1672593099212265,-0.6283409048561451,-0.6514948473023318,0.06034886607900373,1.1451996224322207,-1.1936000875082928,2.775099916557588,2.325401163974613,-1.727649436103992,-0.7181701827610975,-0.6202950340380573,0.3837067467833172,1.1187526228692977,0.7467639683601209,2.5387195033902152,0.8544805760004724,-1.9332989089015458,-0.7592709209324962,-0.7611682538804797
Bearing1_2,acc_00737.csv,-0.44999465304643194,-0.04008286568045845,-0.5396972986481212,-0.3041616500198778,0.25480234283025754,0.8716082861411658,-0.5871808806136302,-1.0570822480603521,0.07500535638346839,-0.2386731107292363,1.0680559116182817,0.7241023608307998,-0.2743272073064092,1.1706938302596648,-0.6256827360552704,-1.004864604678467,-0.07901654561964691,-0.11112130757758917,0.7911596822234845,-0.12147152733520601,-0.16649631679704746,1.1943194999024735,-0.28425666309154946,-0.20008176749752093,-0.09038294313194964,-0.3197007069831886,-0.2746517298925043,-1.0533410963723226,-0.048198850701051635,0.9327827170007715,2.108258130983057,-0.7036089221617325,1.6416857140600132,0.5065018280028035,-1.735742189093918,-0.6654710283535806,-0.1723917743284453,1.0911630196237434,2.573171336720415,0.0629068589074572,1.042842964495533,-0.3524717584361232,-1.710623286174574,-0.690589516811199,-0.7611682538804797
Bearing1_2,acc_00738.csv,-0.46747036128427555,-0.10852200749995769,0.25293147213119205,-0.3069676691695641,-0.043574830255939265,0.7734410108601787,-0.599667068835133,-0.9618516021926431,0.14623924289820375,-0.21581635454341405,1.1775563680155006,0.8846549497649302,-0.3095949779310508,1.11854697297962,-0.6420369950141251,-0.8522452457979351,-0.07584066547587923,0.05836926228809039,0.8382251671403617,-0.09513596536703296,-0.07759789830706014,1.071451330470998,-0.2692315452092821,-0.19922873266686192,-0.12244479229812492,-0.3332584939375379,-0.27191078843658856,-1.061634133462108,-0.2671409223015154,1.0741088891242159,2.4653717602313385,-0.7071408276055703,1.3110784615073268,0.3839273996515787,-1.6763368642779906,-0.6839385414219756,-0.2898429682559881,1.4541792384037104,2.212614272567273,0.24117126508203723,0.8626585770222164,0.14941795780476827,-1.760999721787099,-0.7119465395464153,-0.7611682538804797
Bearing1_2,acc_00739.csv,-0.30267800373737985,0.5374740558494452,-0.9303321872889628,0.2965135159563024,1.4638026373470563,0.9837782108282339,-0.8747332315718268,-1.065873507303578,0.11925645346739887,-0.2557045477616584,2.202904791890775,2.7161290558382922,-0.3587804415359369,1.3432415129280204,-0.9077484633724651,-1.0887984563437954,-0.11003798322704259,0.08781001923198745,1.5044551841896705,1.8138784858355086,0.014592786351078598,1.2250143769656523,0.49598661159007174,3.1953771490564318,1.874849103175638,2.5057112811510467,2.8125581010800014,-0.45842147560575686,-0.7419477295658495,-0.5482299174472637,1.034525716022929,-1.1929039278651925,2.21604529638576,3.5267286283609125,-1.6405548127275655,-0.7240353381179316,-0.737235849855787,-0.1027472504880979,1.4068438827676162,0.1622788885304268,0.6624748045611888,2.1448631942238805,-1.0300489710711411,-0.7580699547652487,-0.7611682538804797
Bearing1_2,acc_00740.csv,-0.4346319103914393,-0.09683599258424452,0.21073160923202106,-0.3325959774033656,0.2502254769657399,0.9161919491568122,-0.6838067056545637,-1.068135720843626,0.024250187767242092,-0.4383768835693327,0.6433372056218002,0.8291820633234026,-0.36919682100421897,1.3064336669150773,-0.7477204394775435,-1.0152434245731377,-0.10610481104122402,-0.24535890092999052,0.2591448337199768,0.3666721656841903,-0.1630189578817505,1.3971822720517089,-0.32082777920957894,-0.19395567707961753,0.06541895211443806,-0.3286365211121916,-0.21895844393931854,-1.088008882889878,-0.2629960883711759,1.1606495350474224,2.4464922418539823,-0.4942468873815958,1.2575469924829572,0.234125194839455,-1.7360697459605188,-0.6704565748759004,-0.34386352413808746,1.4668572505533881,2.555431920132151,0.19984735298132744,0.7459027904565209,-0.11796015042131283,-1.7936741511339163,-0.6992475461889065,-0.7611682538804797
Bearing1_2,acc_00741.csv,-0.2697215031475377,1.3771805752321253,-2.212835902655944,0.5002305062235277,2.091982304337836,0.9538725442548869,-0.8177410483321041,-1.0881531277700882,0.18374186653547095,-0.31817100904926265,3.2171729575782377,2.3779149497700116,-0.38263767230167056,1.0808129059258305,-0.8646258551757937,-1.1859248597269123,0.2446953801211722,0.6544935436836746,1.8227771596930507,0.14069846038783324,-0.13664138777288265,1.07642195992727,0.8333923499005687,6.419735582471302,6.132430106262392,3.947458671137423,4.313860964191268,-0.3913975532788936,-0.7034977970013753,-0.6550539396178426,0.9291785094041187,-1.1949134204614165,2.23264963537404,3.799817312474472,-1.6735278190528202,-0.732421293610536,-0.8267147614423626,-0.4596622573110788,0.4151744395232834,-0.651269100366435,3.858719151933322,1.454030397829825,-1.1983460711086056,-0.7525691819961486,-0.7611682538804797
Bearing1_2,acc_00742.csv,-0.43038776185703154,-0.12976915065412595,-0.32756300350086026,-0.33839508364605064,-0.06776861195428763,0.7872694649575137,-0.6804500875825924,-0.9949281250388965,0.05758251985048912,-0.10578475292451255,0.8692879635422804,0.5593395360369396,-0.41876467210365803,1.3586199355142305,-0.7459930820869467,-0.8886963074590556,-0.15220203523703865,0.14264730869305473,0.6113752150504732,-0.17459717819258366,-0.36490185094623,1.3518716238705464,-0.26857980007460325,-0.12775598329021168,0.10491411339582445,0.08025400817011716,-0.15188152097100244,-1.2072640705675002,-0.2577319279880268,1.6728647875366338,2.1759381765785757,-0.4755037038542476,1.3451639037546195,0.321921749413019,-1.7667365340811512,-0.7157412536755409,-0.2110622111491328,1.227424100858338,2.5980214020350387,0.24612047064410975,0.7740705832374687,-0.015900308818202126,-1.8369007143051022,-0.7234997084372976,-0.7611682538804797
Bearing1_2,acc_00743.csv,-0.38116787003378044,0.04226063784033451,-0.4423739904398283,-0.20538977595092006,0.6019039809219819,0.8563085428215135,-0.6266253530101907,-1.108201287334589,0.12359517116509827,-0.32804095794893057,0.9829783838285392,0.7516528716475741,-0.4768323813529094,1.3719088570440017,-0.7336889626375659,-0.9859837033117489,-0.051920051680460766,-0.17572825780859527,0.6351303251728868,-0.038094869057941114,-0.40650131666448597,1.39188383366697,-0.25553776788943755,-0.12145979540860988,-0.11800139451256592,0.05159777665296969,-0.010411199884461103,-1.0824990356409223,0.23517077427592728,0.745869922459778,2.1590614440267992,-0.660277522026331,1.666645973297794,0.3449033783696286,-1.7369371033023688,-0.6933114371714467,-0.14654432022360475,1.3034367083202754,1.8837267767291854,0.31191207061365905,1.5786922441287377,-0.26979280196485,-1.789819098775582,-0.7034951485155794,-0.7611682538804797
Bearing1_2,acc_00744.csv,-0.45806806087671154,-0.043741201092790886,-0.5982944039513419,-0.2603877512847715,0.23088210508441664,0.8183337214551878,-0.6103140650412767,-0.8940888716088137,0.05605188740303795,-0.12931120273454147,0.9796668481820052,0.8244415446405805,-0.34405720584666594,1.0120958916211418,-0.6340078779293747,-0.9247857846797823,-0.033490008274630875,0.046245904526161105,0.8632772168496535,0.124668718466316,-0.2059720624767914,1.0964254471861667,-0.27029593261610435,-0.19295667168379285,0.06405729825182989,-0.2019944656977012,-0.3003641725382007,-1.0342316254542772,-0.3226747698985381,1.1016018216836994,2.3323622088440468,-0.5670123204380941,1.2887881367133485,0.4290071659479515,-1.7101393376575238,-0.6630669934959936,-0.33085307892117694,1.404082225139558,2.1504734071907152,0.07437100018667525,0.8880962909027933,0.3054642915748856,-1.7214701154778524,-0.6796091924911066,-0.7611682538804797
Bearing1_2,acc_00745.csv,-0.4657498200537729,-0.08776667294998977,-0.03599564117775302,-0.2532791694388996,0.052762237283388594,0.7553681858336095,-0.47793690847777415,-0.882266319396036,0.06814386994166849,-0.2532819617170851,1.216047237929546,0.8249157422208895,-0.2930040098650785,0.9773222403711096,-0.48384142154870796,-1.037354176609452,-0.06385846416090618,0.09551538782435066,0.7251024586106233,0.2756112169164899,-0.156249601235495,0.9763452258746954,-0.3097175733947586,-0.2019317531159069,0.2559955617301426,-0.38286766892958896,-0.2998877492842812,-1.1404594269392119,-0.005487685694277817,1.2548814427985169,2.1363864339005105,-0.6083503705085586,1.5208020947442367,0.36500773880192844,-1.7749300216258739,-0.6830060750320434,-0.038280810365272415,1.857884491369719,2.0289912103642354,0.1618961625670695,1.092702634597825,-0.22209070684597804,-1.8203961432896638,-0.7059254593778774,-0.7611682538804797
Bearing1_2,acc_00746.csv,-0.4621336561958264,-0.09821728080626328,-0.5886025325527054,-0.4083584944448956,0.07948663871474555,0.7712409502732938,-0.5724864301286107,-0.8648034332489041,0.076896222297263,-0.13421873748469684,1.1092171284469756,1.1339890640427215,-0.2915043815915184,1.0551698872829427,-0.5742407723976043,-0.919598079678116,-0.09252960532395914,0.14215755732201021,0.8359971192617234,0.12481628578030753,-0.049969471334968166,0.9934755825692236,-0.21347446022513883,-0.06139014189317485,-0.13205343368263858,0.23139251955894338,0.05536838935187687,-0.9742666343205171,-0.5068736355864891,1.070860216515129,2.078438109965982,-0.3947532205062475,1.3686847078067752,0.6655771581348019,-1.7546867424675654,-0.6255222850501505,-0.3972255402858174,1.2837975917581803,2.211802449713366,0.5277324487238141,0.912239411417648,-0.12661024894716966,-1.8009513680488225,-0.6555978655141905,-0.7611682538804797
Bearing1_2,acc_00747.csv,-0.42648827193378236,-0.052728072427181465,-0.017595601628258045,-0.2456093837630903,0.3201864230814984,0.9013787175042509,-0.5984453662713496,-1.0137374608463419,0.04705697028108172,-0.4324967404543665,1.0975339247672058,0.21923013293027277,-0.37345434506914615,1.3119074654889973,-0.6864861924858678,-0.9227428762091682,-0.06817535522650885,-0.217745681952224,0.768707648098814,-0.317572801125447,-0.2703042769433179,1.2901628864393686,-0.2870518512184864,-0.20211084984528868,0.029427157625392678,-0.3309475075248648,-0.2622056364307076,-1.1458604372594936,0.02198438183581789,1.0317697299305164,2.0245216594167252,-0.5043441986302752,1.903637678093404,0.005242605189844882,-1.763747677228284,-0.6733899890165805,0.022770642696622028,1.4135565811607333,1.8859088275011866,0.3060722681229619,1.5832956245886565,-0.502587875265623,-1.798547508259173,-0.7008122985442443,-0.7611682538804797
Bearing1_2,acc_00748.csv,-0.4003513747413528,0.017537138662811372,-0.6629918493944738,-0.19154674814580103,0.4327010976873512,0.9362923972863069,-0.7026499345866176,-1.02164711778957,0.09119075468759255,-0.5085239810033878,1.0536825129819567,0.535658414446629,-0.08151647609225747,1.3180460216519014,-0.7207723477311122,-1.0144731903839765,-0.03939761731061587,-0.27195348240047185,0.42554106622230486,-0.176628015124254,-0.08336716556167724,1.3367063925916218,-0.25969559092141287,-0.19554280600745555,-0.1282012070478265,-0.34635408360935266,-0.23759343185767065,-1.0048837115963551,-0.36203004183424337,1.2079982047330862,2.1311550313637992,-0.6899101976722564,1.4950496020192672,0.566911065373293,-1.6978938205641805,-0.6553024129095024,-0.43270990067081927,1.7482302892932189,1.9413126680374928,-0.11779219091348729,1.268619430413848,0.0773087651373599,-1.6854468708932953,-0.6680252967539378,-0.7611682538804797
Bearing1_2,acc_00749.csv,-0.36569734113035457,0.4491309193075915,-0.35717029007595774,0.06660701362533837,1.4961368848777599,0.9998288294113523,-0.6669577115948017,-1.057393686212731,-0.06655991774309922,-0.2008077260867858,0.9364499051293261,0.2683252124550954,-0.3880212878617689,1.4844476416328023,-0.7300007228298353,-1.0814580853225346,-0.21342893497544616,0.15002631162011057,0.42956770938728045,-0.2559746778356215,-0.16974768056683426,1.420502045315659,-0.24328232891251958,-0.14633612177192246,-0.0826329761117527,-0.025743235291159645,-0.11204145672432507,-1.1115828497546973,-0.1993898524105318,1.1768690044707792,2.5781725873548345,-0.5342861631239737,1.2804838631051303,0.006902793513154189,-1.756083637906165,-0.6578620253200218,-0.29183508686799875,1.833973625959696,2.338702562320317,0.26225454177046864,0.8944313303254352,-0.3371072945556807,-1.8439699847353848,-0.6903611782358494,-0.7611682538804797
Bearing1_2,acc_00750.csv,-0.4067548618559907,0.08679971144082559,-0.9565402235503808,-0.2038932324044207,0.595713863867285,0.8577628432167961,-0.6281817526407556,-1.0340953055249105,0.05319870506988596,-0.15543690063678833,0.8369956272731127,0.6090029670171502,-0.4248462366488461,1.3335673501371594,-0.6653900577105708,-1.0207859241977246,-0.11908551295372061,-0.02811321068155409,0.7383883744777884,-0.023735024818394214,-0.28015129731285304,1.285005663851146,-0.2496301630331577,-0.17040668338584025,0.004446481691866753,-0.1533096852707193,-0.12699159910363272,-1.0872250493736768,-0.31589534684821513,0.8174201376635571,2.4522485485502634,-0.4972667709834918,1.7070193935582738,-0.08412635287880171,-1.7435227691140125,-0.6563643620980998,-0.34348778887665776,1.2002228498962595,2.0353601688578995,0.23249151876921242,1.6417494120683678,-0.3165319343636874,-1.7945584762221207,-0.6720654168554917,-0.7611682538804797
Bearing1_2,acc_00751.csv,-0.3135748764176643,0.31096810070798686,-0.3338073183079744,0.06062083943934093,1.279676343720339,0.9856261157450003,-0.7284108861072045,-1.1611309839123805,-0.07079544933679115,-0.5447780640201787,0.5693958422953086,0.6306714699810124,-0.3901822948412661,1.7360028605982896,-0.7448174229789342,-1.1872102924525212,-0.2669973582830726,-0.35260749327955926,0.05811326944410494,-0.019470934235475534,-0.31222474585170296,1.680410832651465,-0.24801883266123567,-0.19658418902647634,0.02556312757376658,-0.319238509700654,-0.1878295740160336,-1.0483618304051274,-0.4119127557202113,0.7164273614992424,2.4320379692363234,-0.6551568317535164,1.7262399830819626,0.3521602286590896,-1.7380942186267245,-0.6898628556689063,-0.33890259290775343,1.237845720726477,2.349347164409269,0.036404438668027554,1.199455838206358,-0.060171115959706485,-1.739243390180109,-0.702814996295091,-0.7611682538804797
Bearing1_2,acc_00752.csv,-0.44670439810768264,-0.06884683882167827,-0.353393211273946,-0.35092863584798273,0.3008169288262552,0.961001293446085,-0.8315118277027325,-1.0431224676816193,0.16545667050752708,-0.15065661893304114,1.3531014002284532,1.0462471093215586,-0.20159687398447532,1.345243395336038,-0.8217506031500946,-1.1405771740742885,-0.0029896053575597793,0.0819134436063319,1.1967449729157724,0.17756812853986575,-0.057873610561062716,1.2921984461607041,-0.237127764695563,-0.19203427415989066,0.002981163605486067,-0.3480488069786463,-0.15354624628525232,-1.068409133812064,-0.43399576881791335,0.9733224719315205,2.6027041020292985,-0.6369430996817635,1.5259527972209352,0.12148873956494814,-1.7537754579559455,-0.6626665078622411,-0.40360879092506546,1.2739776369197104,2.5656047386539274,0.15101091416221318,1.0019432876810532,-0.17125519252094712,-1.8122521322359426,-0.6870729091242003,-0.7611682538804797
Bearing1_2,acc_00753.csv,-0.3448192783539324,0.8499541550111817,-1.500309368906189,0.3919181670456365,1.1997008867719765,0.9822007403445535,-0.7740022136355584,-1.1210265440491625,0.059950499350191394,-0.3146888178139555,1.9411087883770042,2.1766635693245213,-0.3764016663749615,1.3653837426178748,-0.8536087400510185,-1.0145413895933235,-0.23357740492332052,0.22575103202076796,0.8400264582768656,1.8202325560233044,-0.27129932180564803,1.3367756632859984,0.394981963329956,4.534641213920094,-4.463798359026852,2.938636069125156,2.747092475591988,-0.4864116810825991,-0.693479436916227,-0.5180944265891997,1.0770786000680892,-1.16771849720004,2.230000195179195,3.3880359369925426,-1.6563095000506538,-0.7226168871627333,-0.745363451854754,-0.2082628620167721,1.2762364154052648,-0.2265739385931683,0.40332078751478817,4.296609136042915,-1.6056969275643218,-0.7489087650416183,-0.7611682538804797
Bearing1_2,acc_00754.csv,-0.4327810798737704,-0.05630275200203244,-0.32001363157242935,-0.18013560360374342,0.1055020603071542,0.9467372075237397,-0.7441903846525054,-0.8808026329248976,0.13540143155778633,-0.45639087869561445,1.415555567817092,0.7850468682532235,-0.34250792759207993,1.3144706732681228,-0.7800017090306399,-0.8986513160899458,-0.003040234066726517,-0.005370648106054676,0.5954062600963532,0.13116313953594266,-0.2731937027165796,1.293547133216619,-0.2528607759242274,-0.1422604203042369,-0.08824866513690222,0.005994311442885343,-0.11908717640460308,-1.1163341644969675,-0.04678276116765604,1.136638124300401,2.3568826205278506,-0.8145326346693771,1.518487837642381,0.35535386265831365,-1.7466381315981252,-0.6808015930721749,-0.18466341020069033,1.5167209709983822,2.468339937707132,0.06273772089313481,1.0349872814012624,-0.36848058152112767,-1.7615918632864365,-0.7120037122747521,-0.7611682538804797
Bearing1_2,acc_00755.csv,-0.4558167103545419,-0.1342875097873767,-0.40290815719005346,-0.3241779199543066,-0.17864410336875294,0.8096390153212354,-0.6482078860371705,-0.9531549624629218,0.2640634029838918,-0.2893183912567196,0.9807706551837968,0.9296264844193779,-0.3260291667349388,1.1492407751177893,-0.640924827335078,-0.8985289066362655,0.053119321686753464,-0.11590927091403747,0.6407992344501546,0.12527584936404493,-0.1731931590669626,1.0943056562820264,-0.27219199611904216,-0.20124051339652127,0.16728735967584363,-0.2610016521012897,-0.3068785847276281,-1.163907102835324,-0.11805051835011482,1.2325057220334465,2.346008202401491,-0.7016569150995909,1.4407364826995988,0.4267111133945405,-1.7839731999803126,-0.6954353356241098,-0.11738071732621252,1.5782642603455501,2.311288106947263,-0.009804629877851304,0.9451635517252105,-0.05868670906940986,-1.739639213767754,-0.7216378609079868,-0.7611682538804797
Bearing1_2,acc_00756.csv,-0.21167105845254236,1.2196606906164347,-1.7235639433485825,0.7230284267086196,2.6550916462067766,0.8934137699496196,-0.7842750738607778,-0.9815309528149666,-0.05118030164540699,-0.42036026087367484,5.057596206029396,1.2845008462198317,-0.36965121315005073,1.0849446843422046,-0.8816738682368725,-1.1530277998939171,0.07211690483142853,0.22810429317706218,3.9425342837182473,-0.21617258355222874,-0.2692894089292758,1.069776975885862,1.0590946357952649,7.633796522825451,6.5889922446001865,4.957975996518985,5.272197444478695,-0.451363989331577,-0.8024760058292176,-0.7886811805719819,0.48416364998852257,-1.2326232597655518,3.9557854244518245,2.7401873081363566,-1.7551618317819775,-0.7525852106735947,-0.8278450163789199,-0.6387300749117565,0.244609975383845,0.14938598707905998,4.4475057866485255,0.5980124268898287,-1.3664924588151681,-0.7759143206549971,-0.7611682538804797
Bearing1_2,acc_00757.csv,-0.3820125938201261,0.03797082014739486,-0.26779280347682677,-0.08005425393159876,0.463816419611261,0.8956654309554718,-0.5705254755810845,-1.022251983922495,0.10043513098667645,-0.5235483228213206,1.269837276142213,0.8751466823596088,-0.3364330658925783,1.2372271187563522,-0.7016410304261159,-0.9452021863417,0.04070716015590139,-0.21184551962614914,0.554164362343818,0.0007669264539095607,-0.14342960933857915,1.2194612994553071,0.1545622476490959,0.6362021169910498,-0.6137314266167333,1.0026457183484074,1.2407318979753261,-0.9046227642295623,-0.5600656649341892,0.19010106917652625,1.5253066965343882,-1.0598511088983913,3.506536601780348,0.6180844534157056,-1.765732925530224,-0.7254468373174285,-0.5722698522582986,0.5055851249828932,1.7964843244653803,0.3873947073002606,2.2309123463622123,-0.03142891385364333,-1.6639876184165407,-0.7572437736977381,-0.7611682538804797
Bearing1_2,acc_00758.csv,-0.3376128722791818,0.7113503735126544,-1.7699243851363418,0.11393520328338062,1.5943701987795837,1.040985398251878,-0.7882260526290114,-1.0921446851910552,-0.059339587211798196,-0.6573999349816689,0.8927718508810274,0.521791529700875,-0.48516125998984144,1.7580467887793836,-0.8401172498803485,-1.1443198982981075,-0.25187588873651146,-0.40277639645636504,0.28423526078333716,-0.17440175560010437,-0.318878486360066,1.7561221674015939,-0.2688931804608141,-0.20301178729415764,0.10627852527635047,-0.3286365211121916,-0.27322091866729764,-1.1191793639159149,-0.2725875411368703,1.2754247497623046,2.4294478178820755,-0.8558009086651857,1.478408554021971,0.3096317386621218,-1.693494152787078,-0.6811178481505098,-0.3237377122651375,1.6322728276389862,2.296530522104641,-0.03282600329905171,0.9531870831067261,-0.12284975082072563,-1.6571438850488578,-0.6990634958862382,-0.7611682538804797
Bearing1_2,acc_00759.csv,-0.4410332239807195,-0.004247513258414279,-0.03666480130992969,-0.14833405324063206,0.22772128203292052,0.9018178332198244,-0.7395700009741747,-1.0528970854221367,0.23727791838941645,-0.07189623506626386,1.1345435434433655,1.0931012222516723,-0.2760210361094458,1.2048018845685937,-0.8024077303749694,-0.9172095140226202,0.05589374732007754,0.31500563543126875,0.6340485400746035,0.3594060516573231,-0.10927936370284876,1.1600477231944655,-0.18255182525045147,-0.10192159490134797,-0.027728377334748255,0.17901016087168456,0.0031179133403105874,-1.0898243388583702,-0.2882242343047885,0.5761459291062427,2.5409758243010336,-0.23606831436829892,1.2306236288823462,0.31521793790700187,-1.7469222971092726,-0.6916162663558001,-0.2934228214679863,0.8313327532671158,2.598469673159471,0.4171630788276333,1.0202200744472787,-0.26663663756749323,-1.7675796891379683,-0.7163993915573907,-0.7611682538804797
Bearing1_2,acc_00760.csv,-0.34881176166146033,0.10368815844037642,-0.45272240734144154,-0.023372667107935556,0.6648946535461062,0.8712654626596046,-0.5213447890874454,-1.0656775842783777,-0.08008907809937006,-0.46364737588591604,0.8217200426829938,0.29047521953063443,-0.4428576128877876,1.395989696422909,-0.6173058394782792,-0.9140248944885031,-0.24509728959761376,-0.19303229573877595,0.3150199376176163,-0.3446340893107396,-0.3626624385388885,1.3813607550104825,-0.24610095185252365,-0.1460631445808733,-0.13513977713422226,-0.06595439887167293,-0.008502437263992435,-1.08129990453633,-0.260646225112607,1.3987301167470108,1.963851423773673,-0.303886939368148,1.5465911944937707,0.16470050628117727,-1.7289009797332553,-0.6735258863789646,-0.2573245656276868,1.448916248962244,2.135143777831418,0.7601090321078497,0.879473556172254,-0.504633160842394,-1.722878517394117,-0.7029046232561222,-0.7611682538804797
Bearing1_2,acc_00761.csv,-0.4194853205939521,0.007809764263775111,-0.1971721966170902,-0.15488143125656678,0.2975006657463455,0.9380706106779587,-0.7046571983934983,-0.9259284716615825,-0.04735670343201881,-0.39728523992198594,1.1539136792704814,0.8698015307190629,-0.35971244404801933,1.4322381051022908,-0.7129221170131306,-1.0096594772515062,-0.22310606386905546,-0.011584857442920832,0.40288002331885714,0.10975147045126592,-0.17752636112328218,1.3799307969255068,-0.28287140373522335,-0.19966621190861944,-0.11298119813363483,-0.3119974189409447,-0.2532049458365089,-1.1153905023187245,-0.24533704810653267,1.1592194664355473,2.2720921662957,-0.6024606500817702,1.6109998320915422,0.23195792538370838,-1.7565613486905383,-0.6775185246210708,-0.2061645260268062,1.0878346055750587,2.374065573203472,0.3008618868410481,1.104492445501405,-0.19953635035643869,-1.7798803620625252,-0.7052075051670007,-0.7611682538804797
Bearing1_2,acc_00762.csv,-0.34657111616286596,0.43527291232194726,-1.836224122336769,0.011421970348174526,1.3700264622494687,1.0581882748020766,-0.8059109827545037,-1.1594092291797151,-0.07197104770714798,-0.4155838912838052,0.5895618845377913,0.46616700199883176,-0.42751902531541186,1.7655935633668638,-0.8505516381971354,-1.1640510714405081,-0.3073158145205044,-0.236800101269941,0.11752023152232065,-0.048347141279875855,-0.30190189658315947,1.7779369935140168,-0.25274708500820453,-0.1985758834493686,-0.02540632960156931,-0.32139543035248225,-0.23428911691597218,-1.08258989188509,-0.4312915540970257,0.974876576461972,2.522607822892246,-0.5252958444568518,1.4934237135097415,0.20033440549527134,-1.755815106338647,-0.683943498934413,-0.45313547556114475,1.0754327448249161,2.518451031147844,0.2922622385425893,1.2608647963401876,-0.40692875270518925,-1.775937148750043,-0.6968202605570394,-0.7611682538804797
Bearing1_2,acc_00763.csv,-0.353683134409258,-0.06196280478389068,-0.3545083513710577,-0.1883665931094899,0.2951178464546462,0.9290790656110249,-0.743754540900551,-0.9970655236509881,0.1827368407304821,-0.40196060378143916,0.842595549431881,0.6730342787852239,-0.301854202797282,1.346167445392133,-0.7835108541333456,-0.9782251353177608,0.06978938359205089,-0.30432276163487665,0.5326833098423273,0.2568283242251661,-0.10822923422087954,1.2991696333399583,-0.2010312133024931,-0.13828259502776225,-0.0035454672266978624,0.014467928289353778,-0.01972964281429356,-1.013982251304613,-0.4535099291548842,0.9322267482544427,2.345243453229389,-0.3390736846612814,1.253585198503972,0.42013423840520603,-1.7317233978550102,-0.6510354763800342,-0.3025299853387047,1.0243084083845655,2.195110012811216,0.6518304773438708,0.9458264791359132,-0.25360387916878174,-1.7667725516965858,-0.6444995582885779,-0.7611682538804797
Bearing1_2,acc_00764.csv,-0.40648764347781385,0.34546434441955903,-0.9951107933726115,-0.010652046962690913,1.0864111320488095,0.9795364083567001,-0.6963576964557804,-1.0429621583079596,-0.10977497432923114,-0.21941150198678977,1.0726067724209052,0.8313323863981791,-0.3209425769908298,1.4624276929287574,-0.7259235606706799,-1.106950400201919,-0.2954527056411407,0.07701186004561275,0.7283953745878041,0.040832166845085685,-0.22127614880295748,1.4407731107204245,-0.20480872875955053,-0.09841339655959767,-0.11121672669546796,0.15512996794072828,-0.03719616596904226,-1.0096763604002663,-0.4067015682539444,1.4169886101290932,1.7658867527573507,-0.4291146402063121,1.6499249824747684,0.5614509290869489,-1.759303216246923,-0.648792966385291,-0.4826218597728466,1.4006200145566556,1.9950949536157538,0.3378734833195217,1.315989856647087,-0.04482532872919335,-1.7931172878926716,-0.6724283486978939,-0.7611682538804797
Bearing1_2,acc_00765.csv,-0.42205544747047796,-0.012570777477062159,-0.4522386956437017,-0.21923280375603918,0.4174151169257282,0.9045944378531517,-0.7451154523543265,-1.0459445157198228,0.21882372211131157,-0.32083176277097514,1.5172468879924779,1.2534984320825608,-0.24745375593494545,1.2214469941092014,-0.7881803457313472,-0.9058971497165025,-0.03827488977557519,0.18135765001985588,1.0502079939113507,0.020273379596709093,-0.21506656606887395,1.224876988211664,-0.038296325937476235,0.3649054751927467,-1.238835278465402,0.7465884238242187,0.4948421252666188,-0.8622825441194688,-0.5283473450032347,0.3425485508346764,1.8284373739590285,-0.8464971149001254,1.980088023382592,1.4390157798782515,-1.663802993839289,-0.7135802333137692,-0.6446869721456366,0.5993094552817478,1.6017953640156943,-0.08551746266201622,2.048965654335616,0.4014919181151382,-1.385184177236977,-0.7308901643834295,-0.7611682538804797
Bearing1_2,acc_00766.csv,-0.4301344575085596,-0.04706302213956835,-0.32788588021409476,-0.24598351964971527,0.12543156150250717,0.8973376154775712,-0.649165117279316,-0.9749049921966175,0.13675175255792563,-0.38575621755605405,0.6882149175152211,1.0297017847479788,-0.3470357316631407,1.2451796003140814,-0.706861921584659,-0.8058003548488333,-0.11026684214843017,-0.11293416884558001,0.19420838720733596,0.20374736509498434,-0.06973485357616432,1.2225038366539538,-0.32376795151464116,-0.20217266540776657,-0.047280544381621534,-0.36545823795411764,-0.26608037254581496,-1.1237076802602823,-0.34137859490586775,1.2916293605767553,2.5772133815709983,-0.5214582843244129,1.2456139106073711,0.007861272446872968,-1.7339385580488416,-0.6561385119672636,-0.30819596644094105,1.393909745717638,2.838066270544459,0.4295123468421661,0.7064425945262605,-0.7701415682079996,-1.7915726569076045,-0.6907266146152374,-0.7611682538804797
Bearing1_2,acc_00767.csv,-0.387437145456623,0.37100963357024475,-1.0704035294122207,-0.025243346541059718,1.0281465936256124,1.0039809925227008,-0.7768006904070204,-1.0631216417043536,0.031435686505378875,-0.5605944052693878,0.97532228558753,0.9420197177230538,-0.2959490922934699,1.5771960982671838,-0.80959960496193,-1.1621396344669292,-0.08525426076142367,-0.18765954252705674,0.2747003961662708,-0.2449951918255617,-0.0487712466505057,1.5243782473715162,-0.1251054570997501,0.4131235960686524,0.26802022221654337,0.7912674944692335,0.4535093147182322,-0.8766651382824084,-0.46689033871302205,0.7224922846035301,1.6742516944680481,-0.8448334112827168,2.4147576924958196,0.7454304548591784,-1.672580222053633,-0.688817302383631,-0.5081525256966971,0.7233824140260435,1.8489028163422514,0.2991514635778452,1.3278498880609777,0.7790988740182885,-1.7084267556797201,-0.7133116309840227,-0.7611682538804797
Bearing1_2,acc_00768.csv,-0.42581883527777475,-0.12120523916068285,0.015676933545004358,-0.2985496117205052,-0.030628517195521326,0.8815525627259084,-0.6814836489160562,-1.0304706435489455,0.1980402097511713,-0.33642317022571255,1.0780647877306657,0.9188033768778162,-0.36734774598635106,1.2709266873579859,-0.7570118953596009,-0.9235678366335692,0.03036839632299824,-0.1838112734317956,0.8489831626043948,0.1331826672204695,-0.21499303699216282,1.2477256063183435,-0.23606741376272677,-0.1991494563614665,0.04509422777190464,-0.3400373874147127,-0.2140015680302867,-1.1318214346496922,-0.31133190137329886,1.1922048330885961,2.7041811665920372,-0.7387797369548206,1.3783111434111042,0.07844885896155869,-1.7666256167873322,-0.6682195229087805,-0.3994011511718817,1.7135876401030683,2.528829526578461,0.2731881768742411,0.9844875006705276,-0.4978483299023072,-1.8688868327535102,-0.6910543821750368,-0.7611682538804797
Bearing1_2,acc_00769.csv,-0.3442545069275601,0.5320935712538692,-1.0146419545700625,0.04453299631447293,1.6277846659083157,1.1071750798574023,-0.8699674660749936,-1.0998710815605024,-0.09147677356789423,-0.5004026933590522,0.844110813448876,0.5846086250642629,-0.422042867993091,1.8354048753227317,-0.9181607016109232,-1.1017267256072898,-0.30063430105538114,-0.22662942495244717,0.24394197371343165,-0.3286338295971346,-0.29408887130817124,1.8240952821558523,-0.248998283698693,-0.10531429300943856,0.13395023808561285,0.1355636163134287,-0.09712268898025936,-0.9645368106806502,-0.4436774126999262,1.1108089040006253,1.9256408871664044,-0.6771504401438053,1.970887114133857,0.46101602447501233,-1.7113417209927233,-0.6738539435901642,-0.474102989864192,1.1960653428537917,1.8655410976904412,0.34557972153761185,1.5021239468880672,-0.004416680344220851,-1.7016863441492844,-0.6989442394929761,-0.7611682538804797
Bearing1_2,acc_00770.csv,-0.3932707539365853,0.046913544465727805,-0.19075105291766098,-0.10418601861890084,0.42956101375734806,0.9492471238311939,-0.6939032557928967,-1.0691211975947879,-0.008736095372547797,-0.3590198723361881,0.8651665694815127,0.5609664899806007,-0.30645067159957123,1.4944998901495583,-0.7598003170904629,-1.0224735848920432,-0.2340412363246379,-0.130683909135528,0.39347655332966636,0.0003163688055770459,-0.35409407265366016,1.5325145099303505,-0.30870696763216254,-0.19951406994339188,0.07969521903653952,-0.35852527871609813,-0.2616044732969913,-1.0716182344727756,-0.27404131267900705,1.4228748419270913,2.419414662684785,-0.7094676400358332,1.1311450627264021,0.41181117276535173,-1.6970166571364191,-0.6581543365486772,-0.3038749523728244,1.6764762252160874,2.491709113398077,0.06016457359876215,0.837550768675623,-0.3393000048246448,-1.721262825416603,-0.6928788195455025,-0.7611682538804797
Bearing1_2,acc_00771.csv,-0.3283247722935939,0.3089101995985432,-0.7783490111821028,-0.030668316897120042,1.3822471980828677,1.1120797349054972,-0.8675220759465393,-1.15196886170025,-0.007163258395716364,-0.32083917395969164,0.788928222396791,0.3746539835691967,-0.3987640711712167,1.696491763158854,-0.9026639639088974,-1.2622355796968348,-0.1529784969290284,-0.07893440441845727,0.422941851258453,-0.30078142135575336,-0.29374162488815975,1.7531190087526296,-0.30482996779436944,-0.17244517363660172,0.022760528762851666,-0.056710453220980256,-0.19869479921865515,-1.0784523110265505,-0.2506178255656721,1.1079917002789468,2.1985311418309976,-0.639187743987989,1.6998483475174067,0.2019991355486663,-1.7101989977021868,-0.6689775575613,-0.22232782388739245,1.8386213926865829,1.8877817074555072,0.3861352792088932,1.2181050145697065,-0.4734874821424413,-1.7298826505508842,-0.6932763340312228,-0.7611682538804797
Bearing1_2,acc_00772.csv,-0.43169060315958535,-0.05431978033063566,-0.3062614571895367,-0.28582899157526065,0.3002326185218848,0.859532227607981,-0.6816006680984744,-0.9648761351218541,0.13069258267006456,-0.456189682773027,0.9760053512909831,0.680743130579725,-0.3678564623481943,1.3331239136810735,-0.6882404477618411,-1.0525233578149606,0.08750982321751402,-0.1891639640226011,0.23918759048664578,0.2663349936145136,-0.2285120878492432,1.2687193401898245,-0.31279272654550055,-0.19145708838673772,-0.0215024823772785,-0.27440537329479425,-0.2442721214351706,-1.1952294896883144,-0.13635445934361007,1.422282377062016,2.784503330942575,-0.771662004915266,1.1033963191926153,0.030461525650942338,-1.7459949137462478,-0.6753044027278339,-0.2269761193075596,1.8661814882906513,2.576653867308082,-0.037826680890712235,0.6484155073353409,-0.18070791683625667,-1.7996496789713483,-0.6980522464752169,-0.7611682538804797
Bearing1_2,acc_00773.csv,-0.29344709498794463,0.48073904360931946,-0.7804298280247101,0.13582215265093375,1.5917597003459487,1.0971820437372761,-0.87060993618623,-1.1858948178502644,-0.005229624927005794,-0.5869790897003359,1.2170022028806993,1.1979221214052174,-0.426717341318699,1.5450527819727484,-0.9010831179926526,-1.1691135872923724,-0.16604285135780592,-0.27528004233831727,0.44371005630937477,0.3827537086814558,-0.10212886466077907,1.633594602684746,0.15988859880983067,2.0915661523944373,2.849331974514164,1.6441755465064838,1.5572150595979943,-0.6222933204806588,-0.615642363490105,-0.13741754901834205,1.3422305904570877,-1.0766873297347876,2.140774230197916,2.748339225609647,-1.7323856120134016,-0.6976188452944267,-0.6862496672866781,0.5608336833863374,1.9337462254380227,-0.3335910634628786,1.2904705784692387,2.2381377365732154,-1.9341482350632684,-0.7297136420594695,-0.7611682538804797
Bearing1_2,acc_00774.csv,-0.367681422516705,0.24537815677151484,-0.8626053901015016,-0.09857398031952837,1.1083668858516118,0.986386738867263,-0.7389226768456241,-1.0308578439421063,-0.040846725883407764,-0.5236779637895862,0.7978545007129342,0.355368680536743,-0.4442753999121774,1.6568996539832157,-0.8134151390658226,-1.0930811609628708,-0.2223569924975355,-0.33594542635754787,0.48016470950510803,-0.23284879195803118,-0.2980772587228963,1.649323856017764,-0.23267082692377455,-0.18887309432357385,-0.1307307722072947,-0.17611141787576148,-0.20328149874812063,-1.1493922686504316,0.14400845582740915,1.053518230965828,2.1561762419310413,-0.7537762692058587,1.8320075334699313,0.22045490561269215,-1.78676442620707,-0.69391352622971,-0.14148995907815437,1.5481123832373367,2.2437152682527772,0.12979833740506946,1.3091651219818712,-0.4843459432497983,-1.7499345816552507,-0.7251365677535796,-0.7611682538804797
Bearing1_2,acc_00775.csv,-0.3903842660227507,-0.057670588828860524,-0.28441107670201876,-0.26936701256376777,0.2807367079262266,0.9591111071406506,-0.6589317388459122,-1.0716080216390236,-0.06514005282942226,-0.29638863376851016,1.102672802237554,0.560893976505642,-0.36427279398720197,1.4007355633191476,-0.6999078998781766,-1.1917964946228676,-0.14861693646866553,0.06463664591936803,0.6191241449721681,-0.016122537668483213,-0.15633973342948876,1.3748335247486552,-0.2846545310367234,-0.1870200077152896,0.02980246128514665,-0.22895597384555497,-0.22290638261210757,-1.132028417958087,0.15577710506746723,1.1274993984197736,2.3042289299184526,-0.5202219839933419,1.3102646501719248,0.18349580450676944,-1.7695237924067044,-0.6655753212048757,-0.06922354601541628,1.5575594582649124,2.0607938494688436,0.4524552282953459,1.0905774570205105,-0.4935362410154777,-1.773493912143684,-0.6850061940707823,-0.7611682538804797
Bearing1_2,acc_00776.csv,-0.26648190840910463,0.11255197134081135,-1.067916493161058,-0.06995258499272804,0.9883131491498901,1.0197609780800254,-0.8956099588907629,-1.1251699752605824,-0.10313041911662418,-0.6659916878406765,0.5840047746851751,0.1693404864934101,-0.5270561637139688,2.0321510207644797,-0.8605210233249787,-1.3576500038949608,-0.27079436931016126,-0.424991150681945,0.043238225748412316,-0.41244479732309663,-0.40387307445096954,1.9671445728601535,-0.29060323810917393,-0.195919460743255,0.08878774154298807,-0.33680200643697017,-0.23148608799998488,-1.1434105307638378,-0.2903044433883211,1.087096796515589,2.9117084497376458,-0.7555530075217949,1.2396075196289835,-0.09793392682280073,-1.7390054386761296,-0.6440362840436107,-0.30456463357595354,1.2857621904424952,2.9942779264177646,-0.018118592616924542,0.7413435245273142,-0.5798351904919029,-1.7366296347435097,-0.6745663827149929,-0.7611682538804797
Bearing1_2,acc_00777.csv,-0.38992316994229337,-0.08171304630768536,-0.132152088157041,-0.2794686815026383,0.24797776980615016,0.9545995127527125,-0.7397866721433078,-1.0325421704086875,0.04198993154298623,-0.42865686337003983,0.7994535789779643,0.7768711181250063,-0.34456794733223883,1.5145115081201084,-0.8344540208662138,-1.082523668271027,-0.04604241920870464,-0.30602561642159437,0.5110686981289759,-0.019818875414586695,-0.14226877562165624,1.5005203530987266,-0.2699917990701059,-0.20583439565329326,-0.009783845168937086,-0.3525167140431478,-0.3091964890367508,-1.0355264870083793,-0.28027064466715157,0.7493861053296619,2.5539200147877783,-0.7293893534272752,1.5489930507186793,0.20670723732000448,-1.6976952928994626,-0.6601920079182536,-0.36325255883757035,1.0348927566022983,2.432108259721578,0.1283086505464444,1.237824879718065,-0.31821622699932195,-1.6865152441783824,-0.6818889701624469,-0.7611682538804797
Bearing1_2,acc_00778.csv,-0.3727730777839833,-0.006964759484649025,-0.5639115092967072,-0.2267155214885359,0.44207266418585195,1.0102801032766033,-0.74518650293476,-1.0895352089517794,-0.028332353226091372,-0.42473551526864345,0.9815954140686887,0.3834179711707846,-0.3605789285154751,1.6027360973333014,-0.8020129668726224,-1.1457666192019744,-0.15812625045539583,-0.28308173058263036,0.6822766154636015,-0.048875135502781664,-0.3031214347898767,1.5803068800906843,-0.3011238788738254,-0.20440853443756465,0.012167440403424027,-0.3451215575225936,-0.30507943542802046,-1.0681485511652633,-0.24440220476033503,1.1721688279779938,2.3435956930000055,-0.6574878764026746,1.5093237434350424,0.17476574705554504,-1.728462072118749,-0.6471839734053766,-0.23735207950382192,1.7184975706367884,1.9222480031730087,0.30165692456796256,1.1797847699306725,-0.37012287497952046,-1.6947491900932243,-0.6813298376920051,-0.7611682538804797
Bearing1_2,acc_00779.csv,-0.3506383685853119,-0.051470342529084306,-0.6181605483312732,-0.20183548502798404,0.29502518380087833,0.8759222606403744,-0.5807032457440471,-1.0337729802602262,-0.03288168929086489,-0.4480798227451243,1.1434839512796113,0.3885779042864214,-0.23713235066369,1.1690800325102761,-0.6436030648347991,-0.9580324001966697,-0.1721952608439309,-0.1925813481760809,0.7949133120124628,-0.2386197191473132,-0.1282104203169887,1.2532769309436904,-0.18117925688826084,0.05192950338254528,0.10784423739920458,0.440459757025444,0.09221756996555437,-1.0082280559146308,-0.36542999878026877,0.8242828749128934,1.913324289212547,-0.8457592258124802,2.392893308860886,0.3475458710914024,-1.7145610836590741,-0.6821148742333204,-0.3509399023098252,0.8298399429318171,1.7155013168749154,0.35437342188725335,1.6824506388979843,0.2876250236971321,-1.7247728637805015,-0.7117749143414522,-0.7611682538804797
Bearing1_2,acc_00780.csv,-0.3644722337739112,0.04193976277021246,-0.6838373595600059,-0.11728077465077029,0.479317518494371,1.0939588692163844,-0.8551494509126942,-1.043400986045524,-0.009213239621085135,-0.4519979244939507,0.5146943448978751,0.3522741382242864,-0.3906701034617559,1.6809322068976744,-0.8594781045863676,-1.1353937341247602,-0.16375787611452544,-0.27691473555559437,0.22048997502541148,-0.3699209719743299,-0.07549418599173696,1.650270657346017,-0.30049456378352024,-0.189448740894578,0.04186271941820805,-0.2768704254683123,-0.18954870462435,-1.032999589130069,-0.32815591798021826,0.9174263456177157,2.1832179301905166,-0.5249963800754318,1.418449268394797,0.5482550851460497,-1.7126819234799586,-0.6402697112835213,-0.3391028719727999,1.4076884050928817,2.2502353462849936,0.04431428739416848,1.1827869644446094,-0.21703405906732254,-1.717592810234862,-0.6641510379677223,-0.7611682538804797
Bearing1_2,acc_00781.csv,-0.4274553476702826,-0.06263068387749955,-0.3026034351381977,-0.23251462773122095,0.08795621023787918,0.9385038722268766,-0.745424486644084,-0.9612063745085598,0.054384768223004754,-0.36806990050042004,0.9450451509155325,0.5806724384779944,-0.39229141625043845,1.3513527628424455,-0.7577498208701239,-0.9040718747598561,-0.13481984429131272,-0.19775910975760405,0.6513933434519397,-0.09411426847006467,-0.306458058107651,1.3986075291683615,-0.29442796937233084,-0.20336545048402077,0.19396941405187798,-0.38964656240676365,-0.3000271495880323,-1.066976566490961,-0.19728558778358718,1.2455696734898534,2.3212071320799894,-0.8160023935130288,1.7043497158037917,0.06004224537293741,-1.7348945997787808,-0.6366997964128339,-0.02895233769701944,1.3672136255187122,2.2899949189926954,-0.004271855698618937,1.3487488241606052,-0.4670041864451616,-1.8090397763707569,-0.6656306442757594,-0.7611682538804797
Bearing1_2,acc_00782.csv,-0.3418537300634341,0.2915888340679594,-1.1921663751050562,-0.07837064244178708,1.0413411414294098,0.9932702317492014,-0.7030462302334847,-1.1376114040407397,0.006949429793625003,-0.5254205481978198,0.6501851079450705,0.3673321935055291,-0.3780133290747278,1.5577681315010545,-0.7384735293350234,-1.1540700281221354,-0.12901466886776153,-0.35339386472896483,0.24790846381598788,-0.2595236674148508,-0.2373083467659749,1.5599766089747091,-0.2834206953153662,-0.20715331377915433,0.10158356931591736,-0.2924310673136451,-0.32962704302970725,-1.1346518400511847,-0.1183688604396827,1.2927450492572123,2.6219185549956276,-0.8563660409803863,1.2659944465945732,0.14467842021380908,-1.705319631498569,-0.6648288549729222,-0.27092444889565864,1.6098806261981742,2.585762217655219,-0.06451571243054609,0.8763272257434032,-0.36749577301677483,-1.7022243069370506,-0.6981953439419818,-0.7611682538804797
Bearing1_2,acc_00783.csv,-0.3595524453441625,0.16414091451772828,-0.5199199435829158,-0.010464979019378597,0.8481079101450791,1.061638358338674,-0.7979907541571358,-1.0654319560220487,-0.1630867385888233,-0.4692060285893435,0.6233713680634541,0.6823714819331262,-0.3845327498987404,1.7217087733007221,-0.8187888135385695,-1.2130370959494745,-0.2784460808471997,-0.22995816837610272,0.2069938529468402,-0.1409994916516677,-0.3025764802323979,1.7462491012826737,-0.2787715370308819,-0.2022944872426524,-0.08197037913940812,-0.38502458958141733,-0.23215810813269436,-1.026992903968667,-0.4268634502818595,1.2755692040669615,2.354388806247395,-0.704107827188775,1.3363634625317247,0.5507256958571927,-1.7204171621986089,-0.6730081463182411,-0.22485498820853825,1.0529257142144297,2.5317915755186404,0.2591582553046909,0.8102838105245056,-0.12020211034148146,-1.7164558536984922,-0.7018414090613517,-0.7611682538804797
Bearing1_2,acc_00784.csv,-0.4090563146417356,-0.08112136472786229,-0.5124177053784165,-0.3052840576797523,0.15893752597018979,0.8461998789573338,-0.6306507291710762,-1.0008285322524644,0.0869068093010204,-0.35351796188213075,1.2435216934602182,0.7643400077690939,-0.39123225370714965,1.2867794731322615,-0.7927791269029901,-0.9483610189598137,-0.09702048118573428,-0.042895199291798844,0.6891352319130165,0.03740963083915441,-0.2980473418423256,1.3910441596375518,-0.30641948055189033,-0.20852720206235517,0.14120618031376245,-0.3794782221910016,-0.32295791596546797,-1.0924921964371526,-0.322190664887338,1.4783472040104282,2.34526304199228,-0.7497333465105341,1.3369189240142505,0.2888709229426715,-1.703594572757256,-0.6466795809912672,-0.3065752247338517,1.6207378099221734,2.242899260140348,0.3240504946343938,0.7402841421943938,-0.12966038979768552,-1.760638959857388,-0.666229176847258,-0.7611682538804797
Bearing1_2,acc_00785.csv,-0.42596455479020917,-0.06886966881113091,-0.2198324940965785,-0.19846826204836054,-0.010414157249911604,0.8742651974576874,-0.5667467980906663,-0.9300133423869134,0.02528113082830921,-0.3617776917052933,0.955274822223649,0.8625828858667105,-0.32885585308564547,1.2241571935882583,-0.5822395971562935,-0.9126260822956693,-0.12044237221014964,-0.10517841811341622,0.5320675040637376,-0.047226654385204445,-0.10051829636358672,1.1272640189315288,-0.2788721285952252,-0.2060056706333235,-0.07349690791706182,-0.3774753673000182,-0.331138667546685,-1.1007232505534335,-0.2809024052722406,1.5243929072754014,2.4185184433938236,-0.7887476081859814,1.1764537563414177,0.45053161921792984,-1.723666144745999,-0.6604442565392337,-0.17480122077100368,1.3375188169088945,2.7871568777836626,-0.03969349365935646,0.605744533491092,0.008623408880062671,-1.8389754691820637,-0.6886575190293281,-0.7611682538804797
Bearing1_2,acc_00786.csv,-0.40114798837678173,0.007335837365952974,0.20969164779889354,-0.09501968939659236,0.4214139668370217,1.0139751694033754,-0.7601580338256307,-1.0989857807038106,0.010326341948716502,-0.5780885029594915,0.8313107042323024,0.7471573405692611,-0.27419852309061454,1.5809612777731876,-0.78452564705393,-1.0395701040158059,-0.24506913939429756,-0.37647133852421516,0.46056628242754855,-0.11495545968276927,-0.08601297371345613,1.5373830749266564,-0.2864999540979036,-0.19833819091351024,0.04436236110046206,-0.30937830100658176,-0.23162637604541092,-1.0614791164842416,-0.006657415359477354,1.3747017046272305,2.2516844467056565,-0.7950488662590585,1.3712310579424252,0.2611502522141903,-1.6895625251567667,-0.6500563213718549,0.02179251687978992,1.1688491971345587,2.4304393386973593,0.05052756599609856,1.0134276559959805,-0.3085539677906498,-1.7331468345737122,-0.6813175716616638,-0.7611682538804797
Bearing1_2,acc_00787.csv,-0.38587627411118136,0.040884320772776435,-0.2980562409923837,-0.14814698529731957,0.35965307923494116,1.0486147368350238,-0.6951709817031836,-1.0798025972509058,-0.07546773867760855,-0.4680741874880399,1.0032987399782067,0.32321784188700287,-0.24315619498515192,1.5377917748642649,-0.7346474687720678,-1.1689592183585606,-0.18660173015512355,-0.23825539055849315,0.5031745506639789,-0.18761083048786314,0.012521565689650715,1.4549660276310603,-0.28296837403966396,-0.20407414883051586,0.03668949588302591,-0.3440430971966795,-0.285373054425823,-1.043807663225574,-0.1171417307910462,1.084975335863469,2.001417731670391,-0.7097735316455295,1.8981794192489596,0.24147814879167068,-1.7214787400690503,-0.6587628107801857,-0.17272058458688017,1.4136654945238487,2.025920142922267,0.23770602290591408,1.5730140463325455,-0.5942454205726903,-1.742739247326939,-0.6900889502698441,-0.7611682538804797
Bearing1_2,acc_00788.csv,-0.38042163159268666,0.2697598219678952,-0.635642515150779,0.016098668930985088,1.0798388024271177,1.0176051385570568,-0.7057357941316473,-1.062744000673636,-0.11788454520760136,-0.4897766624640489,0.5465403447821983,0.32254157143196277,-0.4010197601537839,1.6890684906198523,-0.7863332987090195,-1.066522355941724,-0.3022467713474799,-0.24153522361274546,-0.007339831159769327,-0.28458977171480265,-0.2569032976947864,1.6792780357093613,-0.30357153644691626,-0.20213469894404734,0.08025538646780579,-0.36545823795411764,-0.300393703999522,-1.0023106593723698,-0.42953215848964216,1.3402468612170204,2.3322223172041485,-0.5945479316078671,1.045886726915308,0.542826976595837,-1.6660059673348506,-0.6342526853198557,0.0021424972209579322,1.7140799736537524,2.028658396316193,0.11437684246164397,0.6517823296963233,0.02138874398720896,-1.6760482539216355,-0.6601431816942708,-0.7611682538804797
Bearing1_2,acc_00789.csv,-0.19985788067469637,1.029801078803357,-2.3780139221774914,0.44672907443617554,2.137515830783767,1.126744873697397,-0.8710760041738858,-1.1436272399132583,-0.10562700821240596,-0.5805874699656592,1.5256567678155522,1.9326476529256087,-0.40874563320126384,1.7623554605634622,-0.9170872528802052,-1.2867694239294731,-0.21614118873870974,-0.04622568394356326,0.4348248512200303,0.04107743271915707,-0.31151845310845133,1.7833076593473338,0.5475550798140122,4.688278372455809,4.764362527063646,3.1270584946384434,3.456822362188749,-0.46383349410535396,-0.7054692191466454,-0.4084847309242316,0.7221857749083289,-1.2845053877401544,2.5908751932461045,3.6675303915810056,-1.7147852796180938,-0.7265324246715291,-0.7585203057917677,-0.33167444206203983,0.32316932716408514,-0.4423871270849153,1.0839338485604946,4.623911808897789,-1.2559978318495384,-0.754240869798068,-0.7611682538804797
Bearing1_2,acc_00790.csv,-0.3829686006194705,0.20518733068514006,-1.1278004234715187,-0.060786255770419566,1.11981373737044,1.0118258451558224,-0.7737130555611976,-1.0998705703417961,0.004219718088309139,-0.5640930983004222,0.7576111089644143,0.47779283978083864,-0.40773847946468145,1.6988668654962522,-0.7213338171446648,-1.2949494188975605,-0.1636151971053203,-0.35792939806883667,0.23443891864722813,-0.45503814767959777,-0.2948784526989817,1.66098126916638,-0.2943532886356771,-0.20212418057802015,0.0862302822573002,-0.338342664045419,-0.27552871459953854,-1.0476437968115808,-0.4299268626814989,0.896998188986002,2.571004933878907,-0.6793880731619156,1.5997101503814384,0.16036051749707803,-1.7387488030442606,-0.6667818896727975,-0.3946981410637869,1.0269844874252667,2.527734250638273,0.2914069941381566,0.9183652522960384,-0.09671910452267068,-1.7224571123129557,-0.7038855694715226,-0.7611682538804797
Bearing1_2,acc_00791.csv,-0.35465571241645677,0.21349763595516363,-0.9579268802066765,-0.0027951933435693133,1.1189687838685913,1.1027790413553769,-0.8310937459720773,-1.1710657197082073,-0.16767099627774923,-0.560259971280117,0.9120308455162597,0.7113877183521169,-0.42277169278207816,1.9045576633999561,-0.8811234944497273,-1.2465772197214084,-0.36630361290511154,-0.3780427852090899,0.5509618811770528,-0.007428600192741806,-0.355917728418254,1.8700983370120883,-0.2677117171298242,0.003113527810725804,-0.061871207780864385,0.34709590595344736,0.031409278000559974,-0.9115513686268532,-0.3314730066218392,0.7734859882617673,1.9538177771756933,-0.7104854452747441,1.6049580453320318,0.8802913870303308,-1.5985435566123751,-0.6823322893375069,-0.34828592597958585,0.8696833777755111,2.0058636555126554,0.33855155768271833,1.3281147069314725,0.10481474302129876,-1.6387402051092228,-0.7146945325975413,-0.7611682538804797
Bearing1_2,acc_00792.csv,-0.28028463643983054,0.15751605293278778,-0.8922345714377015,-0.0009245139104451545,0.7402022739782502,0.9779813039925271,-0.6582139258272995,-1.169762223461559,-0.14561912490067944,-0.5307271365665691,0.38856094246537226,0.14496152754840028,-0.47460572563418224,1.622712395895103,-0.7260104094651033,-1.0858332854556754,-0.38209793412175386,-0.42584147419949503,0.16219116474701425,-0.44230165386117903,-0.3337813604828066,1.7148041466129793,-0.24814604314828692,-0.198416507186128,0.07227177869217857,-0.29320139611786944,-0.2092087588511082,-1.123876933805906,-0.24108625666458688,1.2082308696272273,2.604904529310852,-0.711926388141303,1.3185893108443931,0.13293781891513382,-1.7632894562777928,-0.6467912332937495,-0.22532846863419814,1.4339327005583085,2.6198656670007137,0.11813441705553392,0.8394589447612647,-0.4864220828025865,-1.7285065694421367,-0.6817759750844612,-0.7611682538804797
Bearing1_2,acc_00793.csv,-0.3876915973038765,0.21531927326505745,-0.4991082667342068,-0.05779316867742084,0.9743257299184758,1.0044621697030616,-0.7728506513281191,-1.0849837717435757,0.04778050040155059,-0.41368174418325104,0.9450572575397613,0.2591589595342022,-0.34236324809546836,1.5846798075241153,-0.8252743669705004,-1.0856417187276413,-0.13660926017649755,-0.08767490696059395,0.33839324348082517,-0.13620524456470648,-0.161269084701528,1.532764980762104,-0.26972257614058937,-0.20585912282995708,-0.06365938659802353,-0.39057095697183297,-0.28677766073088395,-1.060858490382982,-0.05687375774143108,0.9404641889448089,2.369696883972226,-0.6452151973198096,1.4777491230375128,0.25582965848525285,-1.7315152448044107,-0.6695067274411055,-0.29923847875571785,1.457097263806625,2.2654339157503784,0.2773934890671991,1.0341290697079417,-0.251097544555512,-1.7580925464788102,-0.690429953263979,-0.7611682538804797
Bearing1_2,acc_00794.csv,-0.3847638326373295,0.28258824563706103,-0.4369495361970635,0.055382937026593256,0.8523819785785481,0.9386234562594902,-0.7061490150808802,-0.9674818795398085,-0.027753963669307186,-0.5021775753637742,1.271633978435085,1.0045899419249475,-0.37367585441908446,1.4448939280794895,-0.7415763970432833,-1.014714044482239,-0.161266421158121,-0.13945814398211148,0.5234398873833959,-0.038227988942247354,-0.3046122953599868,1.4446703328916906,-0.0828241647583068,0.4867415492041786,1.3108272825241034,0.7632275259954655,0.4487649442921543,-0.8685367706998187,-0.199503299931715,0.4048383314561731,1.7236500784883542,-0.908611817819143,1.7213293883847594,1.7281045195402942,-1.6923372969509458,-0.6984061516804285,-0.34682476804471873,0.6887437053135196,1.45081892112725,0.14121447062556086,1.6205240083049928,1.1406260830650963,-1.701119167511416,-0.7283322317600351,-0.7611682538804797
Bearing1_2,acc_00795.csv,-0.35835115113352156,0.12022384785064888,-0.6516492572901874,-0.07406807974560133,0.7564067422454847,1.0726142012909508,-0.8249509663161153,-1.051412777833229,-0.049969511611118386,-0.42649608507572634,0.6430056686738785,0.42030314289767867,-0.3496938402868645,1.5391144105151935,-0.8442199397591271,-1.0835760655847286,-0.20434305422840135,-0.21132457497328538,0.2709107494630725,-0.2568370069085781,-0.156753594496918,1.628087529306789,-0.2947332216137037,-0.20318007691966694,-0.027171281235239632,-0.40335841512195786,-0.24175263257257334,-1.0842778143355343,-0.2894063304905057,1.2333976647075309,2.7116562751065874,-0.7528809070791449,1.1738581031998818,0.1396497836638413,-1.6983071609567022,-0.661635730605129,-0.26309344531099454,1.3897568362171726,2.9686880125600177,-0.002570911344702982,0.7185721992109149,-0.5665857248352971,-1.7676722480595872,-0.6836954783926075,-0.7611682538804797
Bearing1_2,acc_00796.csv,-0.36831447008664875,0.18489222896803695,-0.27110661521162543,-0.027862297747433637,0.799864955948827,1.0833149885590863,-0.8023634945564718,-1.067410793745738,-0.06836212644830172,-0.33973582200978886,0.8553746296910305,0.9682566823101492,-0.22285399351157467,1.5980302412640128,-0.8331638115285881,-1.173329905013076,-0.19883417388964836,-0.15954583363318645,0.4723759675976458,0.43978067011202165,-0.1720191495182248,1.5687874825872443,-0.2618195410058878,-0.19476140669731767,-0.12596484161840352,-0.27348097872972493,-0.30750827591600394,-0.9579154665292419,-0.24124549017235036,0.8396035435723794,2.123662829885333,-0.6552632223847001,1.649000177428295,0.4958324668495752,-1.6921705742057742,-0.6532567486890372,-0.31074650740971804,1.1855429816042375,2.131346628119804,0.26173138292335046,1.0235690463780278,-0.10505737212141529,-1.7133753647050132,-0.6181971653853653,-0.7611682538804797
Bearing1_2,acc_00797.csv,-0.3311881948977277,0.20043713966999407,-0.3941439440795227,-0.05442594569779716,1.1298130630246193,1.0644824714877617,-0.868008335811202,-1.1152171955950416,-0.17519365266914394,-0.3185003488379941,0.6779808893835801,0.3965337048428617,-0.43159284455702673,1.8754838421050957,-0.8694977720799039,-1.215304389043681,-0.361746150513457,-0.30462479687305516,0.5907633626205625,-0.3852368292415981,-0.2481447239453447,1.818112075413732,-0.25045995966725493,-0.19557077370768225,0.17545606106242922,-0.2915066727485758,-0.2793147306280429,-1.0300804642688257,-0.06192694023490916,1.2038145706795051,1.9885505873578966,-0.4312248860492638,1.2466782713464166,0.6050907041334955,-1.7498885315151638,-0.6392114452584956,-0.16492795500281615,1.274861797458157,1.9552038072141211,0.21997316985600918,1.2318567758515315,0.013909797480680003,-1.7495990032734035,-0.6739705028612122,-0.7611682538804797
Bearing1_2,acc_00798.csv,-0.32397191039295165,0.16069675043393997,-0.5805436083074863,-0.0929619420201559,0.8656662059273285,1.0745930948888873,-0.843697744478516,-1.1027389139918122,-0.05339281211767391,-0.3470000553230206,0.5793564238827177,0.1870555030581041,-0.45550428638470897,1.7779144315381261,-0.8507319253989121,-1.299195000569652,-0.2506349135861199,-0.05927700575181721,0.11698068513940066,-0.32876479861593705,-0.34750937186485764,1.815000943954541,-0.24846511591815415,-0.14948900763178122,-0.21229538009548352,0.011848810354990783,-0.0831060847883432,-1.0746162841686029,-0.3083657479461455,0.9796673983117278,2.380234091633323,-0.48024281077115805,1.441937830587793,0.289197282813162,-1.7774801710132144,-0.6564925355986718,-0.31286535983397223,1.0234324746719237,2.347184946400344,0.34779954666933477,1.4501044374574585,-0.5008072045189866,-1.8180571785729334,-0.6782656797911784,-0.7611682538804797
Bearing1_2,acc_00799.csv,-0.37096213511728865,0.0604071767257581,-0.21036494792803143,-0.2261543176585986,0.726448885947172,0.9277806273042437,-0.5908853634488437,-0.9729322058373536,-0.17162502491053738,-0.4308678974130139,0.652226864169568,0.1769807825329239,-0.47021877625887604,1.4735264524746579,-0.6608740713846265,-1.0139633536287194,-0.25845033673584444,-0.39082800459262373,0.46844154821853934,-0.33800424034817816,-0.23644040662655685,1.4624212781480463,-0.31204657962014337,-0.20323276592008538,0.0819474101928038,-0.34620001784850785,-0.30159362475578494,-1.11199895101432,-0.20151109389814353,1.9551174489441463,1.9843692325463997,-0.6115627204654285,1.3972955364464537,0.1268193820378438,-1.7119423808510257,-0.637124750309507,-0.16909771507465798,1.9629950649342511,2.077948652476652,0.27760243334230117,0.9338078741962982,-0.45626235930505354,-1.759079232872709,-0.6709897174609524,-0.7611682538804797
Bearing1_2,acc_00800.csv,-0.3133345639963392,0.29373480808440094,-0.304672788908251,0.03854682212847549,1.5025734702354625,1.1843683792587307,-0.8985983310309372,-1.1963454513321004,-0.0874848171770859,-0.455554861603127,0.617735147434626,0.6493172922183957,-0.4600941663699993,1.9670291100372055,-0.9024177500813537,-1.3231094413731082,-0.24831382815730868,-0.3189149683918161,0.2744023020222478,-0.13948278200179234,-0.19502723872325028,1.849803824827942,-0.24962516568058338,-0.15703162787390387,0.2248720287456506,0.03927251578537936,-0.2013853008512592,-1.013436313559482,-0.32867044704067166,0.8625602893103655,2.3282960517855726,-0.5425844878125659,1.3384020614376897,0.5413474196215367,-1.7386982345408062,-0.6373484135892217,-0.35074228155851805,0.9896829045244633,2.7330413126652844,0.21590559108088947,0.8736727672585405,-0.36046532496271494,-1.7420961931625756,-0.6641649124035416,-0.7611682538804797
Bearing1_2,acc_00801.csv,-0.3877603122605394,-0.026878934127678562,-0.1723751079499219,-0.22390950233884965,0.2830780542168569,0.9795854116578147,-0.6702378871002497,-1.07814758051792,-0.04520886710522776,-0.4288877201748543,0.6634471168776176,0.8329940348508538,-0.4726825265458443,1.5608153987727105,-0.7351481980581739,-1.0900913353613435,-0.13821105064624986,-0.24616624037651144,0.1931473010038184,0.017447966986765377,-0.23601729425586632,1.494220319084341,-0.293480014201592,-0.1751828622966345,0.1906838265649782,-0.1762654836366063,-0.19282478350221285,-0.9848752661032435,-0.25377381230103857,0.6517119439740873,2.316614588909671,-0.536902876233393,1.3211631842202283,0.5385535843797926,-1.6964872118097636,-0.6246715473309573,-0.037561566197175746,0.9891044966333531,2.336038982649884,-0.01786050812134577,1.0341950066683376,-0.04607477780786675,-1.7151310535561184,-0.6497911305112549,-0.7611682538804797
Bearing1_2,acc_00802.csv,-0.3005676013742569,0.21517537160799524,-0.919789166666567,-0.014393405828939396,0.9767397104214448,1.1113372274084499,-0.8506170994882486,-1.2016815154444247,-0.1273399377774211,-0.3063334579396858,0.5827974975596389,0.43695082674695346,-0.4441032783578745,1.8776089842719126,-0.9940496969250062,-1.4327505838643109,-0.20966660419131503,-0.3967915727473681,0.14059258493784804,0.02625534108077952,-0.34332920345967327,2.047114125960566,-0.23160610758574857,-0.13715295350264317,0.020227161363641513,0.0884194934948956,-0.10043641603604146,-1.0454954393378357,-0.3920778823600973,0.9721177268720721,2.4934203281151808,-0.28866813343022046,1.0825088087749077,0.2829619406119587,-1.73389826263066,-0.6469351503586553,-0.3939458826995762,1.2338103382829015,2.478516475340166,0.12853290911665216,0.9722838970998287,-0.3275765398239708,-1.7486793516031458,-0.6115133497687288,-0.7611682538804797
Bearing1_2,acc_00803.csv,-0.3839932929032339,-0.01358627807095338,-0.44657094632540034,-0.1730270217578714,0.3716461033242509,0.9090787294359807,-0.670126225753252,-0.9860187842995581,0.03183594377078455,-0.37812885914170036,0.509347490126003,0.3805707193491393,-0.24973031309889607,1.4189094477663216,-0.7412336855951602,-0.9247553256598648,-0.11586656074024024,-0.19783219125913148,0.21076137563525438,-0.1108999167240807,-0.21324357133914731,1.4044019735007258,-0.28065959111777533,-0.20131019381899154,-0.07332743735298144,-0.371312736866223,-0.23333461588230378,-0.9894720255500146,-0.3784458488032713,1.0893398038269961,2.4378524558268038,-0.6390947935406686,1.1507927991118145,0.5664547925222916,-1.7321088254925414,-0.6269394290229292,-0.308195587832817,1.5273461263331074,2.055257833436407,0.056396599956704194,0.838037974798572,0.1522620347564182,-1.6782534431955296,-0.6289174308348302,-0.7611682538804797
Bearing1_2,acc_00804.csv,-0.3818259517899652,0.12135403665134914,-0.46891509349832416,-0.1730270217578714,0.7607082611179657,1.0346763511422574,-0.7706905927655833,-1.0924867074367763,-0.14356668327774916,-0.4040242510222293,0.6584766591738512,0.22714544969452968,-0.4108130743703889,1.6721389265474824,-0.8306980967297496,-1.2796043143220746,-0.2278267585047357,-0.21493123403406816,0.3230899581768221,-0.43075855160875814,-0.21223997290042437,1.7426074303931047,-0.3281597169202439,-0.20502921421378642,-0.023043042667376182,-0.35128418795638877,-0.37687112193092875,-1.1244312055026808,0.7648314046147985,1.2241004454159474,1.979702536093872,-0.5826250211860395,1.148695171245353,0.3711155629864927,-1.7375694241114237,-0.6683377871263745,0.3644842639622636,1.3032438179338839,2.010845561378698,0.3559877135837296,0.6345270376080354,0.09773432382584558,-1.7726578655548302,-0.6876142241710046,-0.7611682538804797
Bearing1_2,acc_00805.csv,-0.33910740042485943,0.17356146132062572,-0.0920047285728747,-0.0604121198837946,1.0272249703153014,1.075094770591376,-0.8342846120507327,-1.1190490183374595,-0.196226015720315,-0.3548061848859241,0.4533242873056636,0.490217762219142,-0.4299369609727508,1.8846630047459532,-0.8534943120110899,-1.3421969497052961,-0.25325155263529225,-0.17048164678116703,0.1163521473292841,-0.3349322312550391,-0.29578922558316817,1.8449757707840435,-0.29917411674126826,-0.20311820634034278,0.1487793699966033,-0.3825595374078993,-0.263225500552022,-1.104564344664561,-0.2675653830743369,1.1975124069246248,2.457705933261633,-0.6020001700826595,1.2532475943687413,0.35433774863528533,-1.7436454496769291,-0.6710258261497587,-0.23367797494998951,1.3617032949639132,2.745931111388843,0.07666756387734719,0.7377352673386715,-0.26676141489523564,-1.792451790794663,-0.6949917903101914,-0.7611682538804797
Bearing1_2,acc_00806.csv,-0.4062144190743147,-0.073697149475475,-0.18689670038388873,-0.2570205283051479,0.09416051630008997,0.9520619234376704,-0.729051232317967,-1.0870605185121796,-0.026839966970030323,-0.387958668285445,0.8904831587984747,0.5049160490206673,-0.4623833622358645,1.529711094269121,-0.7679607369841167,-1.0611079044400464,-0.23416383137992858,-0.10824341152507225,0.5284202616705023,-0.25530897791136864,-0.3526825427517826,1.5596506964580994,-0.32383680059983544,-0.20292037270608348,0.06572983553779461,-0.3029075390510968,-0.3326038420824099,-1.0167456896551688,-0.3469493652177997,0.9311370196417469,2.253136047445033,-0.43097740792882216,1.3566318067142655,0.45457705394379105,-1.7126849485296982,-0.6566799615957739,-0.38846699437943566,1.3073624834625244,2.162857888532049,0.48694770892359,0.9717805910566524,-0.11682680639178279,-1.7401586935908693,-0.6867514120498823,-0.7611682538804797
Bearing1_2,acc_00807.csv,-0.34765800166467314,0.1465976061663638,-0.7353766868090268,-0.10418601861890084,0.7283745372684448,1.0077173159742325,-0.6951366435608347,-1.091736718016001,-0.1454487945941142,-0.5351980535826707,0.5840746738621462,0.20811275266633558,-0.4045746822664221,1.5505076222572864,-0.7641294222117435,-1.1401857320690745,-0.21482581876625956,-0.43722490047610746,0.2568945517109578,-0.40357970088317496,-0.3534383774800019,1.6899752697022594,-0.28651317643325375,-0.19114821290945216,0.018035538366719842,-0.2557634162325638,-0.1925340458307729,-1.0364731090339876,-0.2937147881867908,0.9127045016931138,2.2772050067197163,-0.605186647720734,1.430922587748411,0.6226324213592072,-1.7291979240379383,-0.6807986428944266,-0.3402973126641417,1.4325713169820078,1.913829624740418,0.21555187475763174,1.0367174364657366,0.35551667328597586,-1.7052671309892782,-0.7068904965762001,-0.7611682538804797
Bearing1_2,acc_00808.csv,-0.3286865679699368,0.23902305924058792,-0.447542578294914,0.06829062511515005,0.9580984531096768,1.168054171967283,-0.8605708938796689,-1.1597649278345137,-0.16202160803699409,-0.5218405462715469,0.5053742547915359,0.29730416350087413,-0.47186724368778105,1.9338701177729338,-0.8928302195430399,-1.3290266039184047,-0.2614931714695226,-0.2776753194120239,0.05226764660381329,-0.28379955985401956,-0.3468297842325948,1.9270773228049833,-0.3205895634534796,-0.194839802114237,0.030767898237746633,-0.3588334102377879,-0.2286193126344933,-0.9798169603881207,-0.286462600093964,0.8300291656713197,2.313089199747805,-0.5797869100274274,1.4263116032643848,0.2514161947470808,-1.6674756228708945,-0.6032042272407375,-0.3362226093570474,1.400195896164978,2.041795524744104,0.3515156466047686,1.220177057684528,-0.43562650581906975,-1.7031266254001232,-0.6362747089695165,-0.7611682538804797
Bearing1_2,acc_00809.csv,-0.3314019743645016,0.05468298089433931,-0.6737219099572707,-0.18368989452667941,0.8547372535224484,1.1801977891166135,-0.8796316368650712,-1.184806021687596,-0.1849875202372546,-0.43761266148175326,0.7156137560517253,0.4410176434033699,-0.34325193862585496,1.9361618769665716,-0.8798142763392717,-1.3338040039084311,-0.37247646699780024,-0.2044703210354382,0.2743738191463538,-0.2386555917512679,-0.12175851327050316,1.8567676912762492,-0.2871955663349617,-0.18966519904621218,-0.026748932710653754,-0.28719283144491914,-0.16759681399322282,-0.8648362048228194,-0.29602613574493647,0.7412190982862261,1.9313428318167094,-0.6109633794649731,1.757368194141687,0.5314786248589952,-1.6734428391171283,-0.6069126655045048,-0.418596915770585,1.1648863837922743,1.8743549464344231,0.19089786758666472,1.0668608878404615,0.47915750934953244,-1.7088972034343246,-0.6376856805684229,-0.7611682538804797
Bearing1_2,acc_00810.csv,-0.3911245764069109,0.0005417963516239169,-0.3114160843104841,-0.18705711750630294,0.7103091039125218,0.9886010754625612,-0.7004058397866222,-1.0810013782970644,-0.026042919101156966,-0.38136369675242265,0.8316311701306723,0.4750691535817086,-0.3972255495807364,1.5652804528763395,-0.701193146465336,-1.1666785402859332,-0.2183013798073887,-0.21960256367320766,0.4095665417914684,-0.0725170043838971,-0.09729722001155797,1.466024659355293,-0.3007363322190482,-0.1981885419090333,0.046502574802050924,-0.25607154775425367,-0.25952007753397643,-1.048208988400495,-0.23783635108089907,1.0264002382756894,2.213374776314621,-0.5800271162342162,1.317521783760116,0.5620017673480412,-1.7045300835591302,-0.6486307091305578,-0.2333081330885762,1.404122842693289,2.304132516744063,0.23344566773769615,0.9162949244802387,-0.17960164460925085,-1.763415869497103,-0.6713109690253306,-0.7611682538804797
Bearing1_2,acc_00811.csv,-0.3672595530962717,-0.08292123434629968,-0.19974840509184133,-0.2409326851802799,0.1692550167924951,1.1318593123605716,-0.8592511492559967,-1.1789371859490883,-0.013263014360803087,-0.36665464551875854,0.8396892957491556,0.4837584388993334,-0.31414458924061633,1.7628899822957327,-0.913573374168106,-1.2308849461457623,-0.14143644565449998,-0.25175504385134273,0.5406588148969933,-0.3117548413281591,-0.180683830500732,1.7289473750521787,-0.2882207899763452,-0.199879372880624,0.14105244357359964,-0.34296463687076534,-0.2744403165863702,-0.9482245533466284,-0.36180618531342107,0.7636394363018881,2.567669727545107,-0.7437058524891742,1.2226717854970048,0.5861586256995636,-1.7263647900339325,-0.6145140488134254,-0.11387638057102097,1.349634918113693,2.2623159040796437,-0.08227903032050926,0.647301438923051,0.3096733585960518,-1.721079010354818,-0.6300804216009578,-0.7611682538804797
Bearing1_2,acc_00812.csv,-0.3672432618912141,0.2826844968697036,-0.9978551833671094,-0.0289847054073082,0.9749313307267045,1.0157151959261586,-0.5959108976292189,-1.1481758628870433,-0.11412649851478036,-0.35947863595108753,0.5441069359371228,0.5720939707637219,-0.35882092569784313,1.488630507764393,-0.6763819414652994,-1.2063925305763383,-0.24634837491042902,-0.1841408940642316,0.23016658716396832,0.17150915641005465,-0.1940041400836969,1.496677344578228,-0.27417510807581197,-0.2083971500737766,0.0758223145523668,-0.35005166186962977,-0.3229983480842263,-0.9469233793051925,-0.3784597463094159,0.8122324478727032,2.0135788194214483,-0.4827498811361485,1.3432016768481534,0.9598762363827197,-1.7022743598500065,-0.6505226453256875,-0.3901250115179343,0.7854615103449488,2.1525865556436,0.33092039331079964,1.1151334861284647,0.21581584395822592,-1.6781949791843636,-0.6793248981391137,-0.7611682538804797
Bearing1_2,acc_00813.csv,-0.3636466930511868,0.11181096665677849,-0.40600848398277617,-0.08753697166409556,0.7109747573846805,1.0753328530570672,-0.768004332146183,-1.161089798653908,-0.021689571129493455,-0.388322652350406,0.6722453566881258,0.6535979824826129,-0.3382532455510819,1.6489990387255524,-0.7895707713888019,-1.1298084350335713,-0.26604829868305224,-0.23367286086590996,0.37885088606872397,-0.11633892799213448,-0.14900568196329184,1.5982147231227328,-0.28282172654091636,-0.20330814888899015,0.014618450578758522,-0.33079344176401987,-0.30837572638448874,-0.901031879531478,-0.23319174516506416,0.4340071512456112,2.1778417369797474,-0.514233234411475,1.5610398199129525,0.48110835730800955,-1.6822116936053115,-0.6059753776003679,-0.2749572780941841,0.8949224200773832,1.882153090683292,0.20791529164512448,1.431797500795984,0.095825828772025,-1.7294964501060335,-0.6197218200166174,-0.7611682538804797
Bearing1_2,acc_00814.csv,-0.4188169900013819,-0.01987941241258379,-0.007626264105473618,-0.2300827444681595,0.3178142509915952,1.0817756924191262,-0.7635209773490181,-1.1461334533441048,-0.07152297670549605,-0.16979330884889282,1.0441152028766052,0.6923423956782596,-0.375348397028496,1.6111764095381902,-0.8016585359620473,-1.2223708564127456,-0.25252615385517446,0.06990077805387186,0.7433486756249357,-0.22716986734243208,-0.043185055058454165,1.521600112046207,-0.3559120361833578,-0.20342279932668716,0.07045553119792147,-0.4233869640317921,-0.2975798962214158,-0.9514782846966922,-0.266893622858632,0.7509794628491963,2.011184791132548,-0.476544228415965,1.644691010694443,0.3939347510894572,-1.67556748813099,-0.6208336905529773,-0.17754580114454288,0.9705767855886025,2.0072842560205073,0.6215577403421493,1.0004826562076568,-0.26159924795983386,-1.6944761963802921,-0.6268105239225226,-0.7611682538804797
Bearing1_2,acc_00815.csv,-0.3728323426382804,0.02802326798626096,-0.2495570589248957,-0.13318154983232597,0.443467853557203,1.0960765655620535,-0.7838046597688191,-1.1882199739895465,0.0037086400114223895,-0.3800750213369732,0.9891537605517942,0.4906789260626675,-0.43074021121699524,1.6887091615847596,-0.8326988493075184,-1.3729105424911843,-0.1742470349167389,-0.023750475274649907,0.4481543403917926,-0.15298242164930828,-0.19759486335732152,1.6816630553536565,-0.1021196443296639,0.19705655499102315,-0.5887978109054072,0.6667823597065714,0.3239587696330438,-0.8596910478190609,-0.43721980061790283,0.26751491022006135,2.238131050699302,-0.7921891516601355,1.7225247154127448,1.1017336573740806,-1.7417527922887899,-0.6664957548348434,-0.49301415304817764,0.4971552810912084,2.084477240937231,0.10357354075371292,1.2845852908187805,0.9191280203382813,-1.7752102259789937,-0.682504521706321,-0.7611682538804797
Bearing1_2,acc_00816.csv,-0.3271398862186706,-0.02130201107828143,-0.5449067587293774,-0.22353536645222485,0.6616803367716755,1.1418937434589478,-0.8462038906397596,-1.235060919390802,-0.041646547512609086,-0.41140572255745717,0.5608995260200378,0.02618033823373308,-0.44357731554325924,1.9086187838309339,-0.8791363192251475,-1.1900524961151446,-0.3316669689400076,-0.3351203163205841,0.29339304419160084,-0.3563198088003599,-0.17457564291727315,1.817155445090351,-0.16938213111963707,0.02152263430036051,0.09850841279609193,0.3440145907365499,0.2260122895235172,-0.871309788510596,-0.47129979697330365,0.34922351835462706,1.9372630310006882,-0.7252031902056583,2.6551552367589304,0.23986115678252926,-1.774010013030205,-0.6381072260091519,-0.40219739501881213,0.7139492683958536,1.8791415911162814,0.547121276419923,1.8523439610144157,-0.18297785009735362,-1.8377375647635525,-0.6665406587497221,-0.7611682538804797
Bearing1_2,acc_00817.csv,-0.3118495487991878,0.21900112635691685,-0.1570521769666597,0.1870787691185368,0.8443469663952764,0.9592825190588254,-0.7553214696987124,-1.069008202472646,0.02496433774442059,-0.29940239051713907,1.4217030836148128,0.039363476774534674,-0.37639328594537763,1.4816720536195596,-0.6967842083314347,-1.1524952455765132,-0.16177582296062998,-0.10318577230745421,0.9237411034905137,-0.3493128942217788,-0.22185695469099595,1.4037132428023766,-0.023561672575612938,0.7046289657296039,-0.860551483637237,1.0870737552914007,0.7016415218963712,-0.8398114856497134,-0.5160189387364184,0.5038274246567551,1.9381754960830988,-0.8396554607986502,1.8335950893395043,1.2397564065416768,-1.6752855253573413,-0.6755796432578167,-0.5318586707117707,0.9300523058816286,1.5186313785338792,0.03160491782013041,1.0162213504286386,1.963286015424563,-1.7972894430061017,-0.7069373593669968,-0.7611682538804797
Bearing1_2,acc_00818.csv,-0.33444494107470985,0.3324703896130091,-0.7550198089838254,0.10869730087063294,1.0605047353412838,1.0904898879190053,-0.7716859466480848,-1.1684326852738114,-0.20199604978666671,-0.38690889771653414,0.9682763845842395,0.6884274304166111,-0.42046727763284114,1.7841872746097862,-0.8256678124730343,-1.2856861328976255,-0.3739462792040571,-0.09081237157102957,0.3567067423824889,-0.004796933436153484,-0.23567839892324752,1.760269476614364,-0.14550466105802803,0.000344728658270255,0.37548667010255943,0.3128933070458843,0.13526003220191676,-0.8504408722021461,-0.3177029244548536,0.3874246755290799,1.9026361956108329,-0.703675643362754,1.722158169855468,1.2128815603761778,-1.6871142056362305,-0.6704638889014057,-0.38555876098079456,0.5702496306619499,1.627029717947065,0.4185074620206097,1.0043136015942586,0.9900047399464298,-1.5516026986705718,-0.6865057898947595,-0.7611682538804797
Bearing1_2,acc_00819.csv,-0.3542403734355073,0.0837262805791618,-0.7300072469939295,-0.16909859494831062,0.6705288832545305,0.9829458060062497,-0.7210878199624651,-1.155577676339104,0.05882067342809843,-0.27870613343251865,0.8260759078603903,0.3332251764362396,-0.46645840370358277,1.5790338098245182,-0.7655785693577869,-1.2886161752412515,-0.01703934769744956,-0.061196525343594155,0.6443966428297057,-0.19189724318383797,-0.28509686484027097,1.501144838561917,-0.2319655658053008,-0.19226592961784203,-0.03242629467499406,-0.22371773797682903,-0.18275592636957888,-0.9702598472369457,-0.4580488769783386,0.6802459159973798,2.4596744688853303,-0.5771072561472975,1.2962547152329416,0.6068660438903919,-1.7058416908002845,-0.6389568871551364,-0.39047528944126925,1.1600072906043466,2.416010799933023,-0.07728474730605789,0.9371683624721313,0.05377840493081004,-1.6319775140909447,-0.660594423926256,-0.7611682538804797
Bearing1_2,acc_00820.csv,-0.3123472100270456,-0.003242262750173094,-0.0225295678903647,-0.17452356530437077,0.7983897619762848,1.1379140275006936,-0.8831542786816355,-1.1638812836104617,-0.09091285759377596,-0.1693088731045623,1.0883685597237904,0.6918853002211558,-0.39568352166199594,1.7747367703924968,-0.8692940476887426,-1.4026092873385703,-0.2613157885078027,0.05093208331505444,0.5203749671226786,0.2984536949345742,-0.26505865801089246,1.7428454063292924,-0.1602980619319682,-0.08221589248625956,-0.31690508537085194,0.1161513304469739,0.06560577245170846,-0.8250994090015366,-0.434061669397257,0.44142584562504794,2.108208879573468,-0.5589973774509462,1.5151220425039695,1.0084407245356073,-1.7277962312335298,-0.6338735122997562,-0.4642156332193269,0.5542017630266283,2.3714807364148456,0.36780327122262335,1.105388994592242,0.11227872494696652,-1.7193168466904498,-0.6543648430482173,-0.7611682538804797
Bearing1_2,acc_00821.csv,-0.35333722261366907,0.011911639795073526,-0.5429259959223056,-0.1503918006170687,0.5410683631767634,1.0206242642510621,-0.7394028036414207,-1.1512521367839974,-0.0688085759286642,-0.35214264486476915,0.5252997805597573,0.2779093087754378,-0.3789506121787535,1.7097302398742766,-0.7759936590246106,-1.246697448429981,-0.2639054908068611,-0.2256639187621212,0.21557131492452927,-0.14183573376696626,-0.23229782673137064,1.6827378184150623,-0.24904660680645188,-0.1747290267571881,-0.13904080664400284,-0.21924983091232755,-0.12709960975521722,-0.960852965127492,-0.3448385176714675,0.7267190076497939,2.4361461549596193,-0.6863859905542228,1.5442297191238965,0.33960168074970515,-1.7197955212484461,-0.6244578456675641,-0.3087772746503412,1.0363937965857766,2.29980247156891,0.16815282302166393,0.8706845312982698,0.18289659572478023,-1.7275797131040607,-0.6454913784105569,-0.7611682538804797
Bearing1_2,acc_00822.csv,-0.29805497931592445,0.08157140152248316,-1.1221618575703647,-0.17976146771711846,1.1040111387735796,1.1258561835556251,-0.8985002377375886,-1.163264655374301,-0.05385647913433277,-0.22722232391362093,0.6073969017611633,0.42907788042317424,-0.45693007619863146,1.8410105762263522,-0.9025787773322789,-1.2169048564246137,-0.3206505805239236,0.030284550254347703,0.31104915822004936,-0.3055574581143272,-0.26308813559857847,1.8016998575501024,-0.2270612497781483,-0.18627302734403198,-0.059871040991353854,-0.2506792461246829,-0.13824505380977958,-0.9441684838353677,-0.4889381814581544,0.6560273793383712,2.492858600637027,-0.5320379762485251,1.1306262958705169,0.8068221586810018,-1.7638467818368975,-0.6188945050035818,-0.4978956953107322,0.9418841603170007,2.642972443580894,0.07582343022247882,0.60197258458116,0.3757997172033955,-1.7507468762198684,-0.6412658179979448,-0.7611682538804797
Bearing1_2,acc_00823.csv,-0.30980357357600785,-0.06521128291866775,-0.21471346333251315,-0.18612177778974084,0.2957750361884819,0.9352564497920796,-0.7858152192793811,-1.139056774227644,0.03185091345447984,-0.17563721958119216,0.893963263456623,0.12100459809718343,-0.5481688617701514,1.416369288282955,-0.8326246482663098,-1.0767429697510826,-0.16135770988672427,0.08557884110877359,0.883908776409302,-0.41829248792148316,-0.46750626103487103,1.5713407643903212,-0.16201356798365926,-0.18505909647840466,-0.10334305380531247,-0.25899879721030633,-0.1376768611171755,-1.0128265724281,-0.41359890667592975,0.7544782498075354,2.5007504723889147,-0.6604084966978847,1.5402907108022146,0.3391409548828657,-1.7685874303202487,-0.6217542565880643,-0.4134212835938341,0.9046741064888648,2.5051225299698214,0.18790636707237524,1.0831462960764622,-0.11237386906178197,-1.778322270051644,-0.6428321217790642,-0.7611682538804797
Bearing1_2,acc_00824.csv,-0.3391737947453846,0.024986397927362725,-0.5891275183508042,-0.228960336808285,0.6373810382986128,0.862933310594921,-0.6643794777348248,-1.07438670795772,0.19055302459461984,-0.19081586753667074,0.6901242303776982,0.3585973386917003,-0.3974643016560938,1.3426718062755445,-0.718761218968292,-1.0279865413993134,0.025372395463221526,0.08367859089644017,0.2987539084314779,-0.13104803902862003,-0.20773653261594496,1.2897765317754029,-0.12671037493161716,-0.1502282970640433,-0.14628903419047176,-0.05501572985168657,-0.028697534559001543,-1.0955022468434301,-0.5165549858219869,1.1868578598587018,2.6316491135073448,-0.6587481273646054,1.2666177637834228,0.4301284491191888,-1.7898428344871866,-0.6690624194212637,-0.509241440948354,1.8653516307837565,2.3423416316445493,0.30441246390094584,0.8173433986315474,-0.21069411252550296,-1.7972231377662853,-0.696589331924846,-0.7611682538804797
Bearing1_2,acc_00825.csv,-0.2291962018408332,0.11684280528613013,-0.20937113950469843,0.02601326992654333,1.3340497777601628,0.9108289541360635,-0.9466833538252688,-0.9237963110757363,0.4673605267941231,-0.4663237993563864,0.49898518990149443,0.41309096965623193,-0.5362778152166114,1.546754229515205,-0.9393564096656734,-1.0084139434754131,0.37134417728179914,-0.3554906276226008,0.17947385271174443,-0.1987534892948042,-0.3195475943082246,1.4866351154789146,0.0065113397512064,-0.07902391758953439,-0.41546918283903256,0.1261656049018911,0.2508406477243786,-1.106883178227808,-0.5399782525184053,1.7496532416760495,2.642341875174202,-0.852682394212144,1.0709945907701897,0.487991852508522,-1.75992519374104,-0.6792622519833903,-0.5441600116355831,1.6732792531480978,2.769730669436043,-0.23569434335668138,0.6808557119043405,0.07188303520912921,-1.734206689478011,-0.7080899494351229,-0.7611682538804797
Bearing1_2,acc_00826.csv,-0.22580335210210303,0.2231238343816067,-0.47830713190367546,0.2014830007535931,1.53807199570231,0.8403848315123744,-1.0086675210615357,-0.9409732861228209,0.6560206667282108,-0.006537062532641977,1.5206781494338715,0.8032767303613394,-0.4722196495148337,1.1659832633687892,-1.038484964250814,-1.1070477498320357,0.765643637899261,0.44130091010659855,1.0577285126926255,0.10631685581269548,-0.3600583430336106,1.1693644153365979,0.2811660936044119,0.13907177368732299,-0.28111950896300336,0.7385770042602848,0.9686520045128445,-1.0824632623626604,-0.6876890590532616,0.9934852978150867,2.7775117370229174,-0.7765875839481556,1.2765263901850692,0.7168637794366637,-1.805169922941751,-0.6979929710702263,-0.7078266154075361,1.8568823579318043,2.6776364844143012,-0.22613170077853978,1.0697552254204123,-0.3015279547606397,-1.7019487268016447,-0.7219269193871474,-0.7611682538804797
Bearing1_2,acc_00827.csv,0.2773371071383957,0.9047206028222364,-1.4319115993981268,0.9574245596790817,2.4944107081120586,0.34261518896715193,-0.7216430670516424,-0.03258653395642688,1.0253752682910215,-0.29510575321043914,0.2709026644621244,-0.09638973720285188,-0.5445482006826027,0.4024303274260508,-0.8200817717527455,0.3655724904770508,1.0283926581532339,-0.18509225632181509,-0.005456259768951129,-0.03047199991214756,-0.4212585932533941,0.382718501992989,1.4760915846992226,0.16766513821022816,0.22475892708624426,1.7661956290956276,1.284098994120537,-1.7883041459170412,-0.7605004299572478,3.25634976216936,4.822187645072604,-1.051912526599282,-0.5882906693042558,-0.8350854347803955,-1.9094685949042325,-0.7401449212269275,-0.48005079637309195,4.26969736860359,4.521897133378439,-0.9666093399887754,-0.8170467030368066,-1.3522350995649168,-2.0364230994757504,-0.7708458615538274,-0.7611682538804797
Bearing1_2,acc_00828.csv,0.3608403450512762,0.6070369777773111,-1.0815631940491692,1.186021586406859,1.753072662439253,0.4915343966575112,-0.6908482879753399,-0.300314162931914,0.9076920181985277,-0.2577904716502275,0.7383746821147499,0.38272933238326673,-0.2980125158380914,0.43478631338793705,-0.7811446058616078,-0.12156530731306153,0.9976066811535048,-0.18517237628233832,0.5542047595407922,0.1963500030016372,-0.2180625440408869,0.4324616694729456,1.5437884815566147,0.028308554787103157,0.31150163000466735,1.5115249264190422,0.7995757432499936,-1.6450020604487712,-0.7556778481674349,3.1038642680667303,4.311535443793166,-1.0215996391558326,-0.0594399925739332,-0.7596900428188932,-1.8836604121087945,-0.7309299897755942,-0.43290044494831315,3.3691301714057453,4.367373753473209,-0.7147683080738778,-0.2094611346487495,-1.5190480215933,-2.0070435720463107,-0.7596308432570622,-0.7611682538804797
Bearing1_2,acc_00829.csv,1.1645911129861235,0.23945699486739455,0.38365668734537944,1.1383192608621917,2.013195976442222,0.08235419093949599,0.4724644321556132,-0.6010371778380954,0.23625691849535954,-0.5272891110266088,0.42842525614011384,0.03625013614932035,-0.4994417263000218,-0.12837198812837786,0.39809728839372216,-0.406277946761338,0.23687703421102055,-0.2958839229587173,-0.0008273556263073582,-0.5352242511842131,-0.4409492165650719,-0.136369889606387,2.029949740856965,-0.10586238938006105,0.27878850662983273,1.3166317389502709,0.2877465174337403,-1.5932875566621214,-0.57076960437213,2.875681440712853,3.3815039886777716,-0.8576142183301442,0.39995846131345036,-0.1765635123900325,-1.8546047013158447,-0.7384223898484316,-0.059359481240217955,3.7659896381225546,2.8805556033862625,-0.3447062107104518,0.081615638120206,-0.8328359049161125,-1.9473585491302294,-0.7678045154953066,-0.7611682538804797
Bearing1_2,acc_00830.csv,1.3418925295122226,0.056538116868346804,0.0755881589057552,1.1652570446991803,1.1688713819523828,0.2972566917034228,0.3466216766991541,-0.6857806519569385,0.03831671434158045,-0.5844260024484914,0.8446397841143387,0.22983186480658124,-0.4056839044986278,0.13429397346948457,0.30225922645492115,-0.5107556417160236,-0.09715064602815353,-0.43808075526727125,0.38998686615323674,-0.2210758409948063,-0.42174320388916864,0.14066664459508568,2.5704039040938045,-0.15231357555375746,0.428648237148327,1.195073853643661,0.008379125361596637,-1.6068883772997995,-0.5889443371300449,3.2076617125636644,3.4412800355080084,-0.988742034409093,0.5918959257084114,-0.4882040668531006,-1.9051347738668754,-0.7286768776050228,-0.11257129500569818,2.800349551682537,3.4160186711706215,-0.24154622662296757,0.08873267978800362,-0.8708245948992231,-1.9768685664341767,-0.7586941992088436,-0.7611682538804797
Bearing1_2,acc_00831.csv,1.38115961764428,0.03155514397637856,0.40303303588206196,1.1411252800118779,1.0821622245009153,0.3412278196371228,0.3222649581591698,-0.727169563784912,0.0055221984201582796,-0.41707995024362265,0.7899908688942252,0.7727042025663867,-0.4206102168457218,0.12619708481484063,0.2152757954144573,-0.31740960140881164,-0.2034988167110395,-0.26353126232568286,0.4859487383050377,0.046194373438119926,-0.3040085106122117,0.09851757717498609,2.6755062786700923,-0.1726790772054157,0.12948857004466827,1.1833648558194505,0.013995815011080446,-1.577405078108365,-0.6393479121502813,3.2458424722781296,3.279643542905361,-0.845330937521141,0.653192927809853,-0.5652319068261465,-1.869831808520948,-0.7301837507343563,-0.045032973568193455,3.45462235954907,3.0214075266664597,-0.33741085720128566,0.2400170405061514,-0.9223593340917875,-1.9957793241359327,-0.7598632849960626,-0.7611682538804797
Bearing1_2,acc_00832.csv,1.5257040043296062,0.025678553919530337,0.23655529636042116,1.298823556224248,0.9777315225184565,0.34890718391787084,0.3636840500622085,-0.7455420917126341,-0.019587103859537984,-0.3971223899801703,0.6731655944959485,0.31702725496062634,-0.38968132677172757,0.12777326106089254,0.06678666919964708,-0.001086018450064199,-0.15938808539560964,-0.0989450183821791,0.24907080399874004,-0.3991659845214323,-0.3265275201105375,0.1338625137915051,2.875780797627407,-0.1755401794145274,0.22695096436428303,1.111108013983202,-0.03841671093639613,-1.4806697075881083,-0.6254719785183799,2.7559474590252573,3.132508644700501,-0.8444758967389963,0.8725097910208118,-0.27208001597593157,-1.8865743261448609,-0.7234463293408543,-0.23668856201335645,3.6818501702745507,2.558477625347765,-0.07146981485830725,0.3901720932864031,-0.7519957584433427,-2.0150289425934718,-0.750690013302992,-0.7611682538804797
Bearing1_2,acc_00833.csv,1.5454410955033469,0.0851856844006197,0.09256031118765817,1.3729024617759662,1.2424430556437212,0.33915065665580857,0.31298070946302814,-0.7892396992459728,0.09323198820261616,-0.4570282740086228,1.1738926315456326,0.922799478349359,-0.41487076036533066,0.08971775432894027,0.17135092925611783,-0.2628593111432803,-0.1644563045565567,-0.22475749842055578,0.7921805982542012,0.049073917908588595,-0.316022319747048,0.061482763906489796,2.9811037889221277,-0.16324768390007038,0.05385926631342208,1.1872164998405725,0.05710808048193905,-1.469214522789481,-0.6172608616098049,2.17213177438312,3.4278886880013264,-0.9305992691818932,0.9298806906086388,-0.26815789438430243,-1.8681214623173947,-0.7331130575461188,-0.4103447686218239,3.3913556501165134,3.040603531379765,-0.2921773913328999,0.37164175731211946,-0.8633241835979379,-1.966867528306069,-0.7566722558890878,-0.7611682538804797
Bearing1_2,acc_00834.csv,1.5809517234680104,-0.014619976683009111,0.11526937941313203,1.1229796895105735,0.850157725043938,0.4275157086791315,0.35353018632510014,-0.784647043373234,-0.0076665015357472305,-0.44659388263067673,0.7349818403882208,0.6970159875449389,-0.3011678772598178,0.12748395818827346,0.37205000387839204,-0.8607665836359734,-0.08449107522436074,-0.2515287463781321,0.32085492533235604,-0.0393255051093133,-0.14745540261242104,0.09006147817950318,2.9935902815952056,-0.1756714612730804,0.003258235163088507,1.518611951417907,-0.04423269577072785,-1.4503595910583038,-0.6281691636893459,2.9518296998768943,2.881191551180309,-0.8533260862635155,0.9943311540999273,-0.185747089048419,-1.885089038805001,-0.723319247854843,-0.29244000518387586,3.2338009861951873,2.7105675827065925,-0.14213118801379943,0.4558903495667219,-0.6254239571678468,-1.9731171056130399,-0.7505008179615908,-0.7611682538804797
Bearing1_2,acc_00835.csv,1.5556975767886403,0.021362636326558604,0.2633641958504885,1.1366356493723802,1.1000006345970321,0.40013654511180585,0.41661295298076595,-0.7640335024972139,-0.0816159464098585,-0.4256442232408016,0.9164357053442096,0.5866097058115329,-0.35139833753331223,0.08566625438765339,0.44985013120299994,-0.7358941680320891,-0.30169050735311853,-0.17901701321294142,0.3311310131817769,0.143518987620653,-0.14806186760846773,0.02785987729549345,2.975869743560953,-0.17417550184804956,0.4001621790686177,1.3374306166643293,-0.11700126159107051,-1.424750467691616,-0.6319807147853094,2.4994320346766843,2.972209335971102,-0.8942844306179083,1.1619053577394098,-0.18719565884919828,-1.8633984721727062,-0.7253288441326925,-0.3377048333120057,2.876866598292201,2.678205206052738,-0.18854223357508818,0.5021833243494991,-0.3052265781203226,-1.944342031672064,-0.7456892664492853,-0.7611682538804797
Bearing1_2,acc_00836.csv,1.5517826993680337,0.036770886395478646,0.13404621120478047,1.1654441126424926,1.1057760424720655,0.4366293459263577,0.34978269512292454,-0.8144158681413426,-0.05414154562262587,-0.35956643495973273,0.9073448388239985,0.7925547761739168,-0.3862634769016974,0.1479255323152311,0.1181880979019485,-0.23885859162553583,-0.20800849546665678,-0.13179721971277497,0.5632671449880573,-0.05683388147697314,-0.19594993129841257,0.11204713125097583,2.941001625957705,-0.17050230608979353,0.11819922532300327,1.570994310105166,-0.13833794055083898,-1.4001841722883686,-0.6227025932583433,2.7632888405263576,2.9571551100258446,-0.9167022154850523,0.7887034431288447,0.10206137128930153,-1.8558873549832802,-0.7184903556752517,-0.39458844958817046,2.9777845342044134,2.9454739277338744,-0.2549474300153549,0.462857501784288,-0.6726323580728284,-1.9035563267497713,-0.7522935476097561,-0.7611682538804797
Bearing1_2,acc_00837.csv,1.630074004397996,-0.03100805505963769,0.3615401157893833,1.070413597439783,0.6747372959461875,0.570115686344981,0.1938766023901862,-0.9371280735411969,-0.09441518279515623,-0.23351552540528936,1.231966027798997,0.694748652473536,-0.2033289140888955,0.3110846942182918,0.20017614289197547,-1.0629087975882985,-0.1559325052063959,0.0595563226953153,0.7904649758073529,-0.22214185563630853,0.03262498591857027,0.25457305900779276,2.980577457317055,-0.1870680157870946,0.2434830267231678,0.9350108493375056,-0.1273001704721529,-1.2577132995548357,-0.6632998307913551,2.2693428735458165,2.2837634825408935,-0.8302602106126157,1.6184303501407902,0.2997794782830888,-1.8437427554640007,-0.717381184879289,-0.32807830658629394,2.9121613625265486,2.0683299139396194,-0.3986741021394965,1.4837478059871816,-0.4872300021822267,-1.8831190561196927,-0.7422363866921717,-0.7611682538804797
Bearing1_2,acc_00838.csv,1.6763463838574855,0.050666537332348105,0.4975652468953588,1.3906739163906463,1.0524716735365154,0.39326447210258264,0.4531622700626868,-0.9096418131073203,-0.1270164514302288,-0.3765753018104674,0.7830541983324485,0.7411194379667564,-0.3429884067781742,0.1498403890188335,0.3371542050734603,-0.4103079271570065,-0.36050835143255966,-0.20811280213024463,0.38994037375798785,0.014194428051219257,-0.26782892051535206,0.07926087435653806,2.826414181452384,-0.17749967752057466,0.11290965458111983,1.1497785199552666,-0.031833470574468226,-1.4210234561449735,-0.6329733462015122,2.9941931884117166,2.6556487624041574,-0.6906024961275602,0.9058669802602489,-0.095066900924751,-1.832639073360867,-0.7172180097588928,-0.35569910961653023,3.125138545682822,2.4037294353208556,-0.18056955433493194,0.7328332982953247,-0.4814943478362006,-1.8936644231765398,-0.7438164280422759,-0.7611682538804797
Bearing1_2,acc_00839.csv,1.5675205422044631,0.00877467665242447,0.3240600089510963,1.186956926123421,0.9436067117576239,0.5453137961434036,0.21546195570595808,-0.8747206887432663,-0.19870262149467044,-0.2824117203157356,1.1829932091357833,0.8693131686259246,-0.22681587670095674,0.3426740758506553,0.08851524123802806,-0.6175968619737484,-0.34560816860536286,-0.11545193696295218,0.7821574045509203,-0.0162088338097529,-0.12799085368124347,0.3383856667877717,2.8795581747421455,-0.18415088341269029,0.07548577427938391,0.9994103373706649,-0.07262201162049989,-1.3669473528033576,-0.5913011653934873,2.450479191052748,2.6756079551061345,-0.7205677295112394,1.2850388237021724,-0.2076633033273315,-1.8299252340168346,-0.7175424237150783,-0.34977739622706655,2.652480377369175,2.640225170734565,0.03113480543739134,0.722213701255338,-0.6247633374178782,-1.925217992566055,-0.7416896096954924,-0.7611682538804797
Bearing1_2,acc_00840.csv,1.6319198024521488,0.02735399745018045,-0.06641657404443581,1.409380710721888,0.9103973969574596,0.5814233574683976,0.2270673385302004,-1.0027656070912232,-0.18629361583840004,-0.3661194589089514,1.1245166259311765,1.0044325199730553,-0.25553118896132343,0.4247516976683682,0.10562755184159126,-0.7331181309672401,-0.3626934820275915,-0.06353943872918863,0.6371032792719563,-0.0289292327900134,0.08200211307478698,0.32378844988914385,2.893454837513428,-0.19040677547976334,0.11176263182059071,1.0397755667120232,-0.17377937297829654,-1.2551716236732906,-0.608130932220529,2.4019023576822263,2.2118442576703568,-0.6930815875428384,1.5427637047472131,0.16042007438596426,-1.8482906304628217,-0.702826267415009,-0.44625496322678254,2.6149654034239087,2.2572010964791898,0.08333384901625449,1.0535234772553466,-0.5164098694910677,-1.8962552297916935,-0.7227868690983608,-0.7611682538804797
Bearing1_2,acc_00841.csv,1.6914884663112413,-0.047162894129815065,0.1287125828407759,1.0833212855283405,0.5929957266992447,0.5998037620221993,0.10260676125606875,-1.0087650521121145,-0.025063438956227382,-0.32198090909657956,1.0308478180617677,1.0015473451374253,-0.09837280442259323,0.40041466263356607,0.11874477815017452,-1.0799063278771457,-0.20499720236593139,0.0288962027125493,0.5621064259722156,0.13232623875099495,-0.029535848622338424,0.40233099419828694,2.95558706585727,-0.18430105856623497,0.04906875565482874,1.2280439264644651,-0.1792883437364274,-1.2688301752210485,-0.6387201552913373,1.8106255118751104,2.977354775615005,-0.7385252330201869,1.0227720614624125,0.08040925888805307,-1.8002534870117848,-0.7011876905625944,-0.4535948199325071,2.2543748670501977,2.886986456859786,0.07263756683315051,0.6374919181313997,-0.7493009145358585,-1.8423527315905786,-0.7190840713165342,-0.7611682538804797
Bearing1_2,acc_00842.csv,1.7035524479227049,-0.007116116831843935,0.24669083318813176,1.4138703413613865,0.8821852067823044,0.5597273482645619,0.21374043293573458,-0.9456402211699277,-0.11574870018915995,-0.1273004187679077,1.1259061935432348,0.9296917411529864,-0.26528485593329987,0.3028143080931936,0.07709813840213275,-0.6480589303441491,-0.2600825118380226,0.031839742021703504,0.9047912540910669,-0.032666443579705697,-0.01890223678511102,0.2449654435430992,3.0639386560951323,-0.18218003694835053,0.06529227772720221,1.0973961612680077,-0.07032153896722784,-1.3104862062581237,-0.6598895780389925,2.570827376369785,2.5239245749154104,-0.6901920724174277,1.3385266815969565,-0.1937276242808865,-1.8014068600395334,-0.7139429501762592,-0.40637373485929545,2.3532779701678317,2.500973708909542,0.20973842268055062,0.7898402253225201,-0.5719960197959443,-1.8463402026749904,-0.7382177557566025,-0.7611682538804797
Bearing1_2,acc_00843.csv,1.7416543953327475,-0.07808943265317408,0.32350755853346413,1.3147243314058037,0.6081527264973349,0.5921052653094363,0.2765901848361851,-0.9842380576472497,-0.13526454459862125,-0.3290313232197136,0.8770110571480562,0.9563037078507945,-0.1426011429638247,0.30043254191556956,0.013047714681297987,-0.40540856022110133,-0.241046412840497,-0.12211486007882662,0.5174674920259721,-0.13444857147554357,0.035370521022645915,0.2603040608505745,3.070640009056175,-0.18813254055118017,0.08248945856361238,1.176277830820586,-0.1547054627789272,-1.3104039510135947,-0.6321701765129258,2.3550400280060164,2.332948183653075,-0.6320897911382489,1.584940169264916,-0.10317674450479022,-1.834149007488039,-0.7107011794066592,-0.3866820006577666,2.56367481640914,2.4741713749051892,0.141139347044917,0.8821325697863814,-0.7072847837344717,-1.8702291107683517,-0.7392325965179847,-0.7611682538804797
Bearing1_2,acc_00844.csv,1.7131414188344432,-0.09438277593955847,0.3654839258616507,1.059937792614288,0.3441559799314228,0.615792621208591,0.18019351149914162,-1.1098736294624025,-0.023128965475228486,-0.1977606690647434,1.1650220017790243,0.7504926124643216,-0.20470458117567666,0.3433207984746436,0.06346710007202308,-0.7449557039583551,-0.24374748770757873,-0.0046557148141688565,0.8862674622443572,-0.0384055352223421,0.026748895714655847,0.29198883086146793,3.0523129548690138,-0.1821445278263978,0.1981631724501307,1.108797027570529,-0.16399647172274154,-1.278018055802429,-0.5901679457069908,1.849890920302241,2.840593691622375,-0.7737963217109202,1.3725540939026848,-0.13466074236130549,-1.7997990397719859,-0.7159986455711632,-0.4126569511761181,2.336486796438521,2.5882364704477774,-0.0125510267142805,1.0919717293277678,-0.7185472175267733,-1.8737156388814942,-0.7405410744016244,-0.7611682538804797
Bearing1_2,acc_00845.csv,1.6226074948249174,-0.035050348646077395,0.4724496908372351,1.25953928812864,0.7910827802934478,0.5045598764159691,0.34950217621677376,-1.0548008088796283,-0.1290009207683398,-0.3295603984925336,1.1905446519079632,1.0466324940256508,-0.22533554075958664,0.23815188746639623,0.34721986318994214,-0.7388000249347977,-0.3855462189767329,-0.1726783690744117,0.6281058034505039,0.07284124970345861,-0.22242496230802186,0.17950417014670245,2.919158400532017,-0.18652872150182198,-0.015265064350742381,1.2232678878782741,-0.20469446513126313,-1.336583261894513,-0.6086415576258274,2.4478828309225213,2.6210340843811797,-0.7099263766526556,1.0827514336271653,0.15585958927286092,-1.8418990944350473,-0.7201852318763803,-0.3389662405505035,2.4044295577126484,2.806201106471813,-0.2540336715303037,0.8415793206550363,-0.5800011136447023,-1.8714219449070935,-0.7404970316610155,-0.7611682538804797
Bearing1_2,acc_00846.csv,1.7798605124203026,0.002903430340065864,0.24593071920237403,1.6579940073840942,0.6176840874459663,0.7568918558031668,0.170690008265812,-1.129536262008925,-0.1658718680211256,-0.4028892337385727,0.9020635175040977,0.9393394385816454,-0.13856287562804834,0.5254730934896124,0.16402752670292972,-1.1154141881459558,-0.3835360698752732,-0.1820570599247168,0.552201108748644,-0.1214832889462703,0.11468291970316068,0.47748590598922314,2.9351980848475847,-0.18007048369808626,0.3827949603587607,1.1667257536482032,-0.1341938543279491,-1.1979482610783794,-0.5802296787202155,2.2366202530393604,2.143901678283562,-0.7402008731261267,1.4838729851641894,0.36658419858925523,-1.7932225630643517,-0.6977627670855259,0.30512960195080885,1.9843641649874906,2.2371306700187796,-0.22187290509758728,0.8054716376695202,-0.09810957821396317,-1.8246608728893328,-0.7130328180077579,-0.7611682538804797
Bearing1_2,acc_00847.csv,1.8078734923777218,0.015808089865068313,0.4371159878533357,1.563898831897947,0.8714936060828962,0.7254132804093554,0.18321782951818677,-1.1276737303658042,-0.28281361275926054,-0.19301748179061695,1.0442497126615737,0.61993342632595,-0.20699491917923082,0.5710765387088634,0.06485243130651516,-0.9099044002304849,-0.46393347380617683,0.02822678659985317,0.7250258520384185,-0.3565657785484937,0.10676265769744446,0.494558923521931,2.9295353734772025,-0.19182194818768897,0.25373966316627106,0.9672105933540852,-0.16977850299953928,-1.2150388980092142,-0.5598838682584013,1.9410247741894995,2.473875188544493,-0.6929464954717067,1.4325403739932157,0.08679624457791969,-1.8018416078472597,-0.6943344093031328,-0.4139698090155789,1.7146423938950073,2.8345254117423444,0.14313010674573406,1.0342100740386229,-0.6942652955520652,-1.895822852291079,-0.7213926155662536,-0.7611682538804797
Bearing1_2,acc_00848.csv,1.7439400234755897,-0.05878817430860773,0.4499236013157805,1.2670220058611368,0.5305948211943818,0.6019617492683149,0.2743182769921655,-1.0598505999476093,-0.19152852754822408,-0.12814485848127738,0.5705393742805492,0.41711785962568393,-0.06580394583386899,0.34576937425048887,0.1950024498653257,-0.7400049928065578,-0.36069058391799524,-0.07661805869296488,0.4532460258990568,-0.2731079672189737,0.02146612424231432,0.28998508014803737,3.2056463218218103,-0.17026959551459858,0.16052465389413623,1.5432624731530877,-0.10748346476664623,-1.2028878144466044,-0.632250523113714,1.5826963901023332,2.576926527431641,-0.7398581875819182,1.512292439019393,0.2366796015501486,-1.7890211135802354,-0.715005644394247,-0.4520916682220232,2.4182973715832783,2.139314446927852,-0.08377475288645193,0.7894055824092745,0.3094762645227531,-1.844579868173796,-0.7403116379931504,-0.7611682538804797
Bearing1_2,acc_00849.csv,1.833495031721807,-0.05292132414783045,0.4940243307945108,1.294895129414687,0.6930896700398863,0.6161062239679991,0.2310888734922115,-1.1356999636989298,-0.1883938294346068,-0.27182571175839887,1.3837943386413052,0.5416551283629735,-0.3239252368971455,0.4555062334290556,-2.7614510994226144e-05,-0.6841977600858299,-0.3483520369005428,-0.0796901048115635,0.9670992410550568,-0.1592031708264816,-0.17710380097590653,0.4676390353261052,3.1234904650985893,-0.19799919625569998,0.10251956058113493,1.2271195318993962,-0.24994249983982267,-1.2369745872417073,-0.6072896664826791,1.6950230304323426,2.2884000019246455,-0.7055976673376357,1.6388591466886193,0.41276374081046296,-1.812584277762694,-0.7160210586452662,-0.45478479732774857,1.930663148668014,2.522532056980489,-0.024044446445019622,1.2631523266829345,-0.45686185699401377,-1.848557077151259,-0.7469409371646609,-0.7611682538804797
Bearing1_2,acc_00850.csv,1.7995006679495578,-0.013981416626217335,0.36490354469772934,1.3631749287237205,0.925435267689033,0.5190975088550035,0.3800782514991574,-1.1252315314215273,-0.2374988880639851,-0.13402307129489405,1.0540716667937022,0.762325409428342,-0.22236616782485846,0.29181043242545596,0.34784065647884116,-0.9032746012400932,-0.45975905071415035,0.00817813435216751,0.7005862886155435,-0.1210663439959848,0.019295433956081423,0.1896518325236807,2.997270674419597,-0.17066882963881275,0.0626571751030123,1.5216932666348046,-0.07886452876560601,-1.2864658361788246,-0.5904527183805379,2.1200738084581614,2.47132631390999,-0.5507623105100882,1.2497552221063875,0.09394125455683991,-1.8049625833142997,-0.7126618049858117,-0.43203766686393646,2.1702287450068396,2.6812318966452118,0.03686495993830886,1.0110039846683014,-0.6578175702131265,-1.874668616186452,-0.741048861591313,-0.7611682538804797
Bearing1_2,acc_00851.csv,1.8084164592138665,-0.018241695166561447,0.23782959782420282,1.3914221881638957,0.7976269981565353,0.5767553848118999,0.31125966354788653,-1.1094140475099612,-0.12474777679645721,-0.4528011064244569,1.014709012584428,0.9009599874067541,-0.280265351836616,0.3898234650147942,0.11506194919970175,-0.738395780339311,-0.2728053665133289,-0.19490229820864868,0.4855209428835396,0.06699599750002898,-0.09970773923087414,0.36223078846147383,3.2113491121574973,-0.18044985980464476,0.062404932253628066,1.2224975590740497,-0.10294681832257548,-1.265632940866355,-0.6287738399803315,2.1335027929849497,2.3927126022815863,-0.8049097015332481,1.4400659821011323,0.35738244040378414,-1.8303246765898893,-0.7108747909215467,-0.4709578435000899,2.6368752176503905,2.1810826305833437,-0.0361044616868442,1.0602126118985515,-0.3156231648036823,-1.8514622023542968,-0.7334417721541754,-0.7611682538804797
Bearing1_2,acc_00852.csv,2.1554245924367055,0.1647597588299792,0.18545628834133362,2.44461470901282,1.0422099398622058,0.48866582757148275,0.12227922536405483,-1.0154821634285291,0.21242365190517068,-0.23289000352718528,0.8748861746209661,1.17136281407752,-0.3268472420118646,0.2862026727645078,0.09289346757842024,-0.7253855087236006,0.020474059811055895,-0.05450444490057155,0.5742559341082255,-0.09542323230073538,-0.19786432211043997,0.23598928639284797,3.9377104513640853,-0.17773062462873299,0.12103707132926012,1.563445087823767,-0.08723590845957675,-1.3763440362009391,-0.5910059138133252,2.0754275447957546,3.2753006426362594,-0.8085557766187568,0.9066791462618199,-0.2402502385966728,-1.8314880370160564,-0.7165360969406539,-0.4514965360538539,1.8966246364026296,3.3876624040775103,0.11078945946451757,0.43710305739930255,-0.8276053610700846,-1.8927805794435795,-0.7416852800213708,-0.7611682538804797
Bearing1_2,acc_00853.csv,2.217558420808852,0.054484957997603,0.18839184296653494,2.082638238703287,0.8000372931159058,0.7440063551547414,-0.2131049085469171,-0.916728447413402,0.0734709786129037,-0.20860735628681218,1.288900650900723,0.987106263403597,-0.05129080710741182,0.5748131803015369,-0.28802254643186503,-0.895926513006876,0.10132809887756455,-0.033463586427501635,0.8725758635238197,0.10466038559977074,0.3007770177537496,0.4836423764756812,4.184962339897253,-0.17615836335189705,0.232701409864232,1.8632570584279011,-0.1410027876581957,-1.254135423234611,-0.5725889086022327,1.7815041416143778,2.7285093734646773,-0.8058030356573419,1.4496711688277617,0.017260289230072577,-1.8175525412781894,-0.7043655393187137,-0.5433014255934188,2.421719462824443,2.7377614080128243,0.15165295801027864,0.7391897110025081,-0.6739123568371189,-1.8894115588597133,-0.7322618058535072,-0.7611682538804797
Bearing1_2,acc_00854.csv,2.1504651104238803,0.015361406204775939,0.6582300167279436,2.1032157124676534,0.5304338231880837,0.6895809498782393,-0.11284794942768886,-1.012884499830664,0.03551422414077596,-0.2475102730077931,1.1263822113411353,1.3045414135981306,-0.1562749804450878,0.5660752494156556,-0.19752644049846535,-0.8706375287623208,-0.09105693524070757,0.10869808174413932,0.6765737980761628,0.5290663528845249,-0.043557061288237546,0.541141128080649,4.295475238753257,-0.18617916124540618,0.18018121256612987,1.719667769320474,-0.1747193771404571,-1.2970434324321196,-0.5924159793886535,1.819333495011556,2.7979225811420956,-0.8896557114929282,1.5692067711066773,-0.005859126989676831,-1.8635082476492313,-0.7192336644907723,-0.47967774913397326,1.70108891422084,3.0328598721090563,0.029261367707836647,0.9690431108445154,-0.5760663612912376,-1.9123205335365385,-0.7514881176182056,-0.7611682538804797
Bearing1_2,acc_00855.csv,2.0952874643324257,0.011198616517279303,0.26084481085620403,1.9840534325776418,0.505866327224566,0.638075487778239,-0.06741804154985674,-0.9907493324200954,0.056864870749609595,-0.07600706484206435,1.3832944956635338,1.384390302441607,-0.13423514994024388,0.4325909169507366,-0.13605225516384675,-0.9452942675577974,-0.05336334925164282,0.11064799899841454,1.2330979230197006,0.5994827743996963,0.0817085936349592,0.37590811592259943,4.3765670854589205,-0.1657875514961339,0.005518788630467695,2.441311793117887,-0.09499651036913252,-1.404677572643166,-0.5371220258467176,2.1436760909116157,2.8929703259728674,-0.7427557543494805,1.0677580405391731,0.011994457498644652,-1.855014173807917,-0.7209616788762603,-0.45998737845450455,2.812392581612505,2.7371761778237524,-0.2284479350027114,0.8947370997610136,-0.7387368142785251,-1.8955306554032985,-0.7496039113354039,-0.7611682538804797
Bearing1_2,acc_00856.csv,2.115640542405468,0.0014932364400625777,0.4337507776700525,1.7631261915256744,0.4986805713124671,0.6777972256041613,-0.13766119661986456,-1.065097253593228,0.04657570913679571,0.06999278938081982,1.4504079475521965,1.1094762841526056,-0.15744278683904392,0.5173961508095475,-0.22071933052621973,-1.0659918996005904,0.043603159091448795,0.33725058129199487,1.112668431042473,0.27527899090208136,0.14869522353317102,0.45221941607673616,4.483452556797587,-0.18691763405213407,0.12179141873996958,1.6323124829214277,-0.17228563522784485,-1.2915983365551156,-0.6084396518502381,2.152971370780868,2.671727901797997,-0.6187459689619074,1.1828224750404424,0.05037534070703817,-1.841554880454292,-0.71927829705317,-0.5407640358998266,2.0428492488567063,2.8024875510268146,-0.053921252840623275,1.1106786989115884,-0.5963498143568736,-1.9060820983990217,-0.7384748767896987,-0.7611682538804797
Bearing1_2,acc_00857.csv,2.2214548111361943,-0.0597824725928113,0.26721445412397354,1.6153425163088622,0.29784739577026853,0.6765781293536791,-0.1656967337713789,-0.9762705254941523,0.04881072678290814,0.04857125543607325,1.3897373368126607,1.1084276979113858,-0.04364763937196685,0.46619953877468834,-0.25777729571047275,-0.7321018867509868,-0.14398957989355998,0.2746389610155147,1.1490190496992179,0.12534354080668444,0.05616020461716687,0.4843477181560137,4.461694201652412,-0.18248374794689862,0.028179687780217136,1.586092754667964,-0.12141665061659829,-1.4183826300662108,-0.5457874298851785,2.2302700778308457,2.9612061473264872,-0.650094312409389,1.0233427072637113,-0.19299652476158535,-1.8604939493782335,-0.7218892623007525,-0.50646066200449,2.9983543497742664,2.784821733277094,0.055349301420531995,0.6069652643224547,-0.8305937841297051,-1.9424076654107274,-0.7503989759887724,-0.7611682538804797
Bearing1_2,acc_00858.csv,2.0857070051972406,-0.057331529124080495,0.2051377543817275,1.7361884076886855,0.223852426692466,0.744415771038261,-0.20556653370858702,-1.0725286436876342,0.07022330691639561,0.010587439017734117,1.5666085209485707,1.2329077075663646,-0.02160832398684574,0.541867440723058,-0.2832181743408425,-0.928033929143089,-0.07658476264410628,0.27949239079720445,1.3090776102262929,0.2941107736692351,0.24905083974769912,0.47412359196961096,4.327519573894264,-0.17955763852312953,0.14578643020311846,1.8627948611453664,-0.058050902158393244,-1.3722889576331088,-0.5329354603597066,2.2663478215684307,2.577931836190919,-0.6480473176772741,1.1275886081897744,0.2060093156105408,-1.8630864473951882,-0.7203456720072287,-0.4434954390721488,2.779025034424669,2.381666656306085,0.2675821789931956,0.6414687639937356,-0.4034973486701154,-1.939738126892151,-0.7478344774848464,-0.7611682538804797
Bearing1_2,acc_00859.csv,2.0852631340800727,-0.04383827565178063,0.23450695746254652,1.7795881705371668,0.4359616496455037,0.7177970801300411,-0.27496124856885706,-0.9944203863359078,0.056010668922196465,-0.01815532245537538,1.8071687013404074,1.4897761818250033,-0.009890060091293557,0.5312403700567817,-0.3731319314498699,-0.9109934437884819,0.04562210299696142,0.18986225109837815,1.5287440685772422,0.3992812438149642,-0.10122274720854975,0.5964128143067113,4.486889695288981,-0.1926892119569925,0.020259888318508175,1.704107127475141,-0.2090260929981049,-1.3550375099028267,-0.5639634689097046,1.9838351758475474,2.790531037415318,-0.7419472089648564,1.3256539683163242,-0.01695194727650626,-1.8513455195549722,-0.7272405216515637,-0.3991839283632433,2.2832082760235197,2.711406742139204,0.04196903562502967,0.8156072536274379,-0.47267612791789304,-1.9192522897766657,-0.7530556140664836,-0.7611682538804797
Bearing1_2,acc_00860.csv,2.04330387094744,-0.05188869735177779,0.36603724303381163,1.7316987770491876,0.244534930835119,0.7547192176510634,-0.2837974592274015,-1.1107135404871928,0.05713391551614395,0.010318383263618778,1.4092220898895849,1.9053207422605187,-0.06481044540079649,0.680551684690186,-0.3237614152731373,-1.165950381509141,0.007372457707268863,0.2693108830116528,1.141908075449692,0.6639218186599571,0.2706726698058357,0.5713693409514249,4.41278260476186,-0.19042732840857915,-0.06849783944409399,1.5233879900040983,-0.14684493398802503,-1.2729497175462066,-0.5545721824353286,1.1579601010922158,3.0385290519085064,-0.7607725784413045,1.4087957210012216,0.07048717090907167,-1.850614434854794,-0.7105572046073737,-0.4550711574291583,1.887697790627559,2.876773921758396,-0.023991800464878827,0.9261499507094859,-0.4648431739344047,-1.89815188079953,-0.7424382790940658,-0.7611682538804797
Bearing1_2,acc_00861.csv,2.1168654521628962,-0.01094102796617821,0.290921776660165,1.7032644496657,0.47762849962290793,0.7645838284483121,-0.34862469667534896,-0.9914691608294576,0.13030740177277156,0.08525370697466385,1.54830366673844,1.4185789268379487,-0.19634196597183753,0.6500704979742553,-0.37314897380008105,-1.1330954073456723,0.04231814857675454,0.3786011889484365,1.1926675268593496,0.04870621972373808,0.06549093502858495,0.6810817594302603,4.5431271959723905,-0.17732496025175215,0.2630921972775121,2.014703701338417,-0.0793035572050207,-1.331112189797797,-0.5119885708986955,1.6959545898510018,2.6654980261283394,-0.7597643919465428,1.7013761791977875,-0.17843022936484135,-1.8272601800936004,-0.7220797399698954,-0.5062117778947263,2.203951214067755,2.5331739649220877,0.18535987395986736,1.025391291969511,-0.5414118338831311,-1.886387293519973,-0.7508686696746497,-0.7611682538804797
Bearing1_2,acc_00862.csv,2.1055812333402435,-0.023276783387426028,0.28859301505879126,1.735814271802061,0.6071145333411676,0.7392603760882513,-0.350810470498377,-1.0823186502382691,0.35984543654319856,0.18717796854827295,1.0233933065849288,1.3635591231356352,-0.06266418805623053,0.5553820991398213,-0.4551236827972786,-0.7046371986643699,0.1645540177971546,0.40027720400059014,0.886145500555455,0.2826778717380977,0.16147995337729512,0.49264330005234325,4.688568234288892,-0.1836143090349363,0.12896557475721593,2.156906398598241,-0.1597678507194205,-1.3963422229229117,-0.52487773043644,1.1945403376992585,3.502995559218817,-0.6644551627964388,0.965866117185932,-0.11025874879917354,-1.8858887354211327,-0.7286959514199699,-0.6192034566129301,2.371483710437203,3.243618384426092,0.04961636563512138,0.5609819672950743,-0.790390919192292,-1.9421616694871544,-0.7606025209330057,-0.7611682538804797
Bearing1_2,acc_00863.csv,2.0376626856452065,-0.014247217301612939,0.4323684466770148,1.7625649876957372,0.5120861390464327,0.6601202940310236,-0.24968421406759475,-1.030019505544607,0.15711630721808104,0.42074843700792264,1.2156325133970638,1.6895544276117398,-0.09126883794614597,0.45668212908727057,-0.23552253716117902,-0.9978490102329688,0.058414094188174594,0.5224601821264788,1.3520971600296625,0.2947323612545379,0.11140706419682855,0.37549268765494587,4.653404072164265,-0.17232556990221412,0.17367392797446646,2.4302190583370558,-0.07386245844443796,-1.3656153461809977,-0.5621536407851835,1.8779983621197207,2.782884605889732,-0.6634116360323334,1.506309175433567,-0.18090695285238179,-1.8839202195930282,-0.7309691425184986,-0.46398382803253274,2.125505876227282,2.7013782131665196,0.31291990002171377,1.0289665670820616,-0.7625595029197356,-1.9566166145103907,-0.75733563083809,-0.7611682538804797
Bearing1_2,acc_00864.csv,2.597907258379896,0.024425841523455727,-0.2744042743513464,1.8781729766628124,0.8530490048022703,0.5137159368722061,-0.011018948585162176,-0.9602648539350602,0.06772845968755903,0.27191684890723145,1.3109507886311884,0.8673625820845818,-0.3157338127711691,0.3076434001879625,-0.12493439744246931,-0.6753632297791515,-0.14372450146265742,0.5974854247376509,1.1796077354653138,0.2612679124060874,-0.10657628259658797,0.28483026359886904,5.446833982501854,-0.16333416907374942,-0.11532218600579247,2.5882905289639018,-0.050167301810348515,-1.4976659901187184,-0.563934724057215,2.5763571421445097,2.995704882224522,-0.6170765879276767,1.0989453162584222,-0.5522687479146432,-1.8830786096576855,-0.7271966345177852,-0.47954526665648306,2.765421076255177,2.9331450255063176,0.2799006914066831,0.6227774554659957,-1.0436534610823094,-2.0050321761611203,-0.7506272041279833,-0.7611682538804797
Bearing1_2,acc_00865.csv,2.7026825548686535,0.03786382256201615,0.4220391307709525,2.438628534826822,0.7879685892429403,0.5440655007145961,-0.30371174967580195,-0.9198713060440064,0.5624289988640911,0.1492133409866937,1.2124899176856427,1.2507015571034246,-0.16813779078718685,0.30343711646744187,-0.34283300537554223,-0.971823407822833,0.6195811403503115,0.48998472578482777,0.8335545104979645,0.1926378853443265,0.07320008602288278,0.2810108687041626,6.3525844454413045,-0.16089489217726635,-0.05893923867575079,2.760844181110166,0.051378673319876486,-1.5356649359031846,-0.6057989880995033,2.4496153804488565,3.2719661673874274,-0.8302966696154547,1.0378348462880735,-0.40450395541260603,-1.9047620971740111,-0.7431745860646881,-0.48451046599359165,2.594740413939032,3.29937470632045,-0.14005799730747973,0.5266436388555945,-0.7644919143281761,-1.9968820008627135,-0.7727682116593897,-0.7611682538804797
Bearing1_2,acc_00866.csv,2.8189728106637273,0.0780640487210222,0.3437774066076192,2.4887627436345507,0.9291847765702176,0.5087386593384842,-0.4012442587923174,-0.8957755243137302,0.7751672885878845,0.13150612244322277,1.4856951135271022,0.750021862202054,-0.2866738120400844,0.2969011617204075,-0.498745851864946,-0.5291834444964761,0.6368910458242029,0.36699585115549305,1.5167736039852167,0.1474540787105995,-0.04000587942061397,0.22138627516805082,6.35093330837276,-0.15615269874434318,0.006702033223475233,3.0210612511771666,0.04561217204815858,-1.6658193248032722,-0.5623902342009836,2.463544994561484,3.8499512073817184,-0.7935727976026024,0.7076354449221327,-0.9112272942314505,-1.9184052745177742,-0.7402543976856774,-0.41152167046130217,3.378458258702695,3.5657623597243426,-0.2875593969616925,0.31652926195644865,-1.3847114194039118,-2.042702519104809,-0.7703739210930077,-0.7611682538804797
Bearing1_2,acc_00867.csv,2.74850538226035,0.054613088850736395,0.32488199038387927,2.6818168611329685,0.9002791285828105,0.5409094273927321,-0.29475639909599477,-1.0174419923895228,0.6750162549469488,0.14288089710976587,1.5645029492333173,1.1117093893399976,-0.1828802040329055,0.22113432668309785,-0.34908909748612654,-0.6749307609361089,0.42186238766147494,0.9078338442312992,0.9285996945830169,0.12510170401045756,-0.04607819777923644,0.20387047067143543,6.297463234426251,-0.14099974514604086,0.08900706251795239,3.2221170690797334,0.12185362548596343,-1.6056372090622337,-0.5451112542747981,2.231761558807717,3.6116746990969606,-0.7891261194734778,0.9345145930077798,-0.6940362177327998,-1.9187763985195874,-0.7411986420862128,-0.3017698338261211,3.0244522083924936,3.340757218996887,-0.0028801441202573903,0.22571618849324857,-1.1678322711606748,-1.9958547201026515,-0.7688186710225489,-0.7611682538804797
Bearing1_2,acc_00868.csv,2.7654052456768934,0.0034222690319634656,0.18382640919770457,2.2016134506499863,0.8292497174717581,0.5400864386934712,-0.2770484783785575,-1.0186085405241527,0.5857518215017904,0.17940817797086384,1.2999426260236784,0.9073074887765461,-0.16839623687247524,0.2970522355996565,-0.2882599650671042,-0.839865600261535,0.3982796320109006,0.3069251573907323,1.4063727596112594,0.3089278214756947,-0.037448845740404364,0.2657885374226298,6.128511576679848,-0.1616612435420482,0.022668361936679628,2.8412665082711923,0.009476372014786294,-1.5166384067893728,-0.5768792401330021,2.085417441360444,3.36958656372702,-0.7845925117009622,1.1839815443809865,-0.5654160554387319,-1.9059627452263492,-0.7370371429622111,-0.4090079708340241,2.911272211932472,3.2303644782908933,-0.1719676167637326,0.740354033549948,-1.1986210004628133,-2.011178821516904,-0.769208785916598,-0.7611682538804797
Bearing1_2,acc_00869.csv,3.098348022538412,0.20374609604601598,0.44506282564165967,3.193260618149124,1.2670394017074023,0.4662330123783623,-0.47222271502742086,-0.8511662686418862,0.8508073609988297,0.5949290335465485,1.5415621626026068,1.1648630071872523,-0.3070582782526266,0.14905154518386846,-0.46912647774997684,-0.6820696362082825,0.748056758465003,0.988434830654987,1.335080042775838,0.39186255199666054,-0.14187880423078722,0.11677653677234362,7.058523098075261,-0.14196164059175667,0.30037508273970737,3.843310216806285,0.17910868244090822,-1.5642447867065765,-0.6156249350623703,1.620053454319362,3.7238427454581227,-0.585211947974402,1.1061430623963378,-0.8289911835220677,-1.924144140646588,-0.7425073706951049,-0.6329882673376286,1.8122679671680233,3.855764111381584,0.24866260236329854,0.5980089725399355,-1.2816878604802415,-2.042026130322688,-0.7685949550173532,-0.7611682538804797
Bearing1_2,acc_00870.csv,3.975341317919024,0.9045224996023258,0.6679811287308238,5.576880351835978,2.7054199602406683,0.2211800418236763,-0.39586002113996127,-0.7466360707281819,1.3752294414841189,0.07310468884229708,0.8621880746786854,0.44900022775211706,-0.3974595711960354,-0.09103265539196408,-0.4142791843593972,-0.4464706131580887,1.3478004379445334,0.23243241139261153,0.919347802408604,0.17175746598133534,-0.35438307141658704,-0.08420112903563394,9.84752728690342,0.11219255618053424,0.37143639972729675,9.465015764275073,0.8858823814715462,-1.9613715398644906,-0.6443566491267654,3.431230706190192,4.570131690233499,-1.0065923008350288,-0.1351730059932673,-1.1853669660639694,-1.9392480275633797,-0.7585681186325904,-0.4784272682086458,3.8446442155099856,4.7629170884533645,-0.7828672684405966,-0.4643106248354211,-1.8911984993285587,-2.0595630372527163,-0.788834417426655,-0.7611682538804797
Bearing1_2,acc_00871.csv,4.21953587547865,0.4656369671743984,-0.3508417384368218,4.853301547103538,2.0938654204452427,0.2850934906496328,-0.6325821838509651,-0.13342599037770886,1.0032301994819912,0.2797769221162592,0.9055679328159243,0.7489168203582007,-0.13869395639425852,-0.02477273246595581,-0.570852267016054,0.5979915655175163,0.5111010730858415,0.4222826878435762,0.6509275087216047,0.1193161206514091,-0.020679688880505767,-0.06900853927733185,10.218685904359356,-0.06039941332271202,0.05080895948461864,6.9457324429396134,0.48463100322679925,-1.9496698901933416,-0.42892964882763884,4.237235017203661,3.569684521035051,-0.9397550573544134,0.20316114469098887,-0.9492960183685136,-1.9431701869872622,-0.7562440329712637,-0.3213566357607537,3.29528654392772,4.450974666945353,-0.6746326802780795,-0.049134940937841626,-1.6915094246400486,-2.0765983586239476,-0.7870360062391036,-0.7611682538804797
